Date,Asset,Daily Return,Asset Class
2023-01-03,BTC-INR,0.00036859555042689784,Crypto
2023-01-04,BTC-INR,0.009616437034168923,Crypto
2023-01-05,BTC-INR,-0.0018264547839235146,Crypto
2023-01-06,BTC-INR,0.002313993638246803,Crypto
2023-01-07,BTC-INR,0.0001840002093640436,Crypto
2023-01-08,BTC-INR,0.008027403012406564,Crypto
2023-01-09,BTC-INR,0.005024165205233633,Crypto
2023-01-10,BTC-INR,0.007823010415054288,Crypto
2023-01-11,BTC-INR,0.027935628624927045,Crypto
2023-01-12,BTC-INR,0.04546006791548063,Crypto
2023-01-13,BTC-INR,0.05731864972907208,Crypto
2023-01-14,BTC-INR,0.05357263956985858,Crypto
2023-01-15,BTC-INR,-0.004551183179331342,Crypto
2023-01-16,BTC-INR,0.018423327347569796,Crypto
2023-01-17,BTC-INR,-0.0019393300221491883,Crypto
2023-01-18,BTC-INR,-0.023412820579887805,Crypto
2023-01-19,BTC-INR,0.016782538574487305,Crypto
2023-01-20,BTC-INR,0.07189922725259157,Crypto
2023-01-21,BTC-INR,0.004457220398204287,Crypto
2023-01-22,BTC-INR,-0.0025387694168996777,Crypto
2023-01-23,BTC-INR,0.01582940693552226,Crypto
2023-01-24,BTC-INR,-0.01161219528312718,Crypto
2023-01-25,BTC-INR,0.020024595538196355,Crypto
2023-01-26,BTC-INR,-0.0043831546851770264,Crypto
2023-01-27,BTC-INR,0.002844944810602712,Crypto
2023-01-28,BTC-INR,-0.0020518250611826216,Crypto
2023-01-29,BTC-INR,0.03225405243017976,Crypto
2023-01-30,BTC-INR,-0.038517401547153884,Crypto
2023-01-31,BTC-INR,0.015438864643907868,Crypto
2023-02-01,BTC-INR,0.024530961325718748,Crypto
2023-02-02,BTC-INR,-0.006554612084105238,Crypto
2023-02-03,BTC-INR,0.004463459574842954,Crypto
2023-02-04,BTC-INR,-0.005021138643445999,Crypto
2023-02-05,BTC-INR,-0.017736711056775323,Crypto
2023-02-06,BTC-INR,-0.0037021518592383895,Crypto
2023-02-07,BTC-INR,0.021990173335408425,Crypto
2023-02-08,BTC-INR,-0.014949540366051228,Crypto
2023-02-09,BTC-INR,-0.05031293094793099,Crypto
2023-02-10,BTC-INR,-0.008135576937226885,Crypto
2023-02-11,BTC-INR,0.01007522899233848,Crypto
2023-02-12,BTC-INR,-0.0034997890232504325,Crypto
2023-02-13,BTC-INR,0.0019558684327005693,Crypto
2023-02-14,BTC-INR,0.02225011394478793,Crypto
2023-02-15,BTC-INR,0.0922492467139131,Crypto
2023-02-16,BTC-INR,-0.02878299133539486,Crypto
2023-02-17,BTC-INR,0.04148567044932272,Crypto
2023-02-18,BTC-INR,0.0030684048006197617,Crypto
2023-02-19,BTC-INR,-0.013307854478216474,Crypto
2023-02-20,BTC-INR,0.019779154574787405,Crypto
2023-02-21,BTC-INR,-0.01386702806601936,Crypto
2023-02-22,BTC-INR,-0.010443101348920347,Crypto
2023-02-23,BTC-INR,-0.01257962863251394,Crypto
2023-02-24,BTC-INR,-0.027590863007213695,Crypto
2023-02-25,BTC-INR,-0.0009921893755626687,Crypto
2023-02-26,BTC-INR,0.01664860381905653,Crypto
2023-02-27,BTC-INR,-0.005002900473210836,Crypto
2023-02-28,BTC-INR,-0.01616037108019186,Crypto
2023-03-01,BTC-INR,0.018901970302253046,Crypto
2023-03-02,BTC-INR,-0.00801911642524844,Crypto
2023-03-03,BTC-INR,-0.054831618637001145,Crypto
2023-03-04,BTC-INR,-0.0004172102405105571,Crypto
2023-03-05,BTC-INR,0.0036757062309280553,Crypto
2023-03-06,BTC-INR,0.0014795984847002508,Crypto
2023-03-07,BTC-INR,-0.006697172171185706,Crypto
2023-03-08,BTC-INR,-0.023889620695029867,Crypto
2023-03-09,BTC-INR,-0.061777817007406144,Crypto
2023-03-10,BTC-INR,-0.008632182692479673,Crypto
2023-03-11,BTC-INR,0.021390812366792966,Crypto
2023-03-12,BTC-INR,0.07448855310076019,Crypto
2023-03-13,BTC-INR,0.09752469124507268,Crypto
2023-03-14,BTC-INR,0.02125838721315243,Crypto
2023-03-15,BTC-INR,-0.010038533642276803,Crypto
2023-03-16,BTC-INR,0.026610564202112608,Crypto
2023-03-17,BTC-INR,0.09344947544558013,Crypto
2023-03-18,BTC-INR,-0.016702639946478026,Crypto
2023-03-19,BTC-INR,0.03982111512781805,Crypto
2023-03-20,BTC-INR,-0.009756329428439292,Crypto
2023-03-21,BTC-INR,0.01653541262657021,Crypto
2023-03-22,BTC-INR,-0.032597164697775405,Crypto
2023-03-23,BTC-INR,0.034319110193850255,Crypto
2023-03-24,BTC-INR,-0.028704668991938798,Crypto
2023-03-25,BTC-INR,5.167839957742615e-05,Crypto
2023-03-26,BTC-INR,0.01806773407228146,Crypto
2023-03-27,BTC-INR,-0.03197967572173244,Crypto
2023-03-28,BTC-INR,0.004105767345452538,Crypto
2023-03-29,BTC-INR,0.04076950243224231,Crypto
2023-03-30,BTC-INR,-0.012969608353658124,Crypto
2023-03-31,BTC-INR,0.01686085261651371,Crypto
2023-04-01,BTC-INR,-0.002368525118030984,Crypto
2023-04-02,BTC-INR,-0.007399123857562251,Crypto
2023-04-03,BTC-INR,-0.015045447553387437,Crypto
2023-04-04,BTC-INR,0.013287596414366387,Crypto
2023-04-05,BTC-INR,-0.0016540034113347035,Crypto
2023-04-06,BTC-INR,-0.006193923995706729,Crypto
2023-04-07,BTC-INR,-0.003686006617730553,Crypto
2023-04-08,BTC-INR,0.0003608234910525976,Crypto
2023-04-09,BTC-INR,0.014336686032620172,Crypto
2023-04-10,BTC-INR,0.04785278096526446,Crypto
2023-04-11,BTC-INR,0.020701753556066738,Crypto
2023-04-12,BTC-INR,-0.004502696913145976,Crypto
2023-04-13,BTC-INR,0.0051800870668354815,Crypto
2023-04-14,BTC-INR,0.004878727044504982,Crypto
2023-04-15,BTC-INR,-0.0055332594229479115,Crypto
2023-04-16,BTC-INR,-6.881383289014664e-05,Crypto
2023-04-17,BTC-INR,-0.02681213749970146,Crypto
2023-04-18,BTC-INR,0.03364906063500661,Crypto
2023-04-19,BTC-INR,-0.049120718317848366,Crypto
2023-04-20,BTC-INR,-0.022386251641710375,Crypto
2023-04-21,BTC-INR,-0.03548777712552331,Crypto
2023-04-22,BTC-INR,0.01981872319308864,Crypto
2023-04-23,BTC-INR,-0.007956895439277911,Crypto
2023-04-24,BTC-INR,-0.0048556489860369645,Crypto
2023-04-25,BTC-INR,0.03016973778630616,Crypto
2023-04-26,BTC-INR,0.0013145239929173158,Crypto
2023-04-27,BTC-INR,0.03694369715365675,Crypto
2023-04-28,BTC-INR,-0.0047566249581932896,Crypto
2023-04-29,BTC-INR,-0.0031371446178117823,Crypto
2023-04-30,BTC-INR,0.0006965953093893695,Crypto
2023-05-01,BTC-INR,-0.03987065846589677,Crypto
2023-05-02,BTC-INR,0.02101353111730364,Crypto
2023-05-03,BTC-INR,0.011377199809760041,Crypto
2023-05-04,BTC-INR,-0.006244880025689903,Crypto
2023-05-05,BTC-INR,0.023971404930876128,Crypto
2023-05-06,BTC-INR,-0.02132299267805049,Crypto
2023-05-07,BTC-INR,-0.015554627343689398,Crypto
2023-05-08,BTC-INR,-0.026024220617108074,Crypto
2023-05-09,BTC-INR,0.0025754939242184083,Crypto
2023-05-10,BTC-INR,-0.003591034655025638,Crypto
2023-05-11,BTC-INR,-0.020328328681787577,Crypto
2023-05-12,BTC-INR,-0.005368372748803751,Crypto
2023-05-13,BTC-INR,-0.0014581297365831025,Crypto
2023-05-14,BTC-INR,0.005472678225119987,Crypto
2023-05-15,BTC-INR,0.010550033975719408,Crypto
2023-05-16,BTC-INR,-0.005387967643361802,Crypto
2023-05-17,BTC-INR,0.015302258108625955,Crypto
2023-05-18,BTC-INR,-0.017422603402960313,Crypto
2023-05-19,BTC-INR,0.003533016511775511,Crypto
2023-05-20,BTC-INR,0.00891721203512752,Crypto
2023-05-21,BTC-INR,-0.013073941353367036,Crypto
2023-05-22,BTC-INR,0.0026764777885932567,Crypto
2023-05-23,BTC-INR,0.014749680019478628,Crypto
2023-05-24,BTC-INR,-0.03478960215751192,Crypto
2023-05-25,BTC-INR,0.005715241919073577,Crypto
2023-05-26,BTC-INR,0.007015668710987022,Crypto
2023-05-27,BTC-INR,0.005578918464950844,Crypto
2023-05-28,BTC-INR,0.04543562808945856,Crypto
2023-05-29,BTC-INR,-0.012038662476237527,Crypto
2023-05-30,BTC-INR,-0.00030823732331730636,Crypto
2023-05-31,BTC-INR,-0.017628425340619924,Crypto
2023-06-01,BTC-INR,-0.019335658788295462,Crypto
2023-06-02,BTC-INR,0.017568175983573298,Crypto
2023-06-03,BTC-INR,-0.006450553402414516,Crypto
2023-06-04,BTC-INR,0.0017661811881588552,Crypto
2023-06-05,BTC-INR,-0.0489376739324443,Crypto
2023-06-06,BTC-INR,0.05748552055773826,Crypto
2023-06-07,BTC-INR,-0.03160431013973286,Crypto
2023-06-08,BTC-INR,0.004576501343628081,Crypto
2023-06-09,BTC-INR,-0.0018229012140517087,Crypto
2023-06-10,BTC-INR,-0.02376149597854793,Crypto
2023-06-11,BTC-INR,0.0036902057490335594,Crypto
2023-06-12,BTC-INR,-0.002755257608988093,Crypto
2023-06-13,BTC-INR,5.6382710365010524e-05,Crypto
2023-06-14,BTC-INR,-0.03352806346858361,Crypto
2023-06-15,BTC-INR,0.016338825128588086,Crypto
2023-06-16,BTC-INR,0.02928900250138966,Crypto
2023-06-17,BTC-INR,0.006958945871284428,Crypto
2023-06-18,BTC-INR,-0.006480141355595714,Crypto
2023-06-19,BTC-INR,0.020406569270913222,Crypto
2023-06-20,BTC-INR,0.055088772556551424,Crypto
2023-06-21,BTC-INR,0.05935662909138184,Crypto
2023-06-22,BTC-INR,-0.004100302409368428,Crypto
2023-06-23,BTC-INR,0.026662070139146676,Crypto
2023-06-24,BTC-INR,-0.004445125491742807,Crypto
2023-06-25,BTC-INR,-0.0022458121726832703,Crypto
2023-06-26,BTC-INR,-0.0065996358635305175,Crypto
2023-06-27,BTC-INR,0.013676699327827002,Crypto
2023-06-28,BTC-INR,-0.019276956896802644,Crypto
2023-06-29,BTC-INR,0.012539218931899798,Crypto
2023-06-30,BTC-INR,0.0012989119174042774,Crypto
2023-07-01,BTC-INR,0.0037020376744356653,Crypto
2023-07-02,BTC-INR,0.001006936262776259,Crypto
2023-07-03,BTC-INR,0.01568176343984229,Crypto
2023-07-04,BTC-INR,-0.01147288415641634,Crypto
2023-07-05,BTC-INR,-0.003879971287499284,Crypto
2023-07-06,BTC-INR,-0.015368439537152057,Crypto
2023-07-07,BTC-INR,0.0131416968837903,Crypto
2023-07-08,BTC-INR,-0.0017595072901135378,Crypto
2023-07-09,BTC-INR,-0.004418503915543326,Crypto
2023-07-10,BTC-INR,0.006963776567000091,Crypto
2023-07-11,BTC-INR,0.005259024905068577,Crypto
2023-07-12,BTC-INR,-0.012283551134663506,Crypto
2023-07-13,BTC-INR,0.03604719166271253,Crypto
2023-07-14,BTC-INR,-0.035074468045964924,Crypto
2023-07-15,BTC-INR,-0.0014741411203893495,Crypto
2023-07-16,BTC-INR,-0.0020172619904187394,Crypto
2023-07-17,BTC-INR,-0.0036813875850640887,Crypto
2023-07-18,BTC-INR,-0.009348345612573028,Crypto
2023-07-19,BTC-INR,0.0017546453109835713,Crypto
2023-07-20,BTC-INR,-0.0038217040526805635,Crypto
2023-07-21,BTC-INR,0.0029421404600897816,Crypto
2023-07-22,BTC-INR,-0.004566465109134277,Crypto
2023-07-23,BTC-INR,0.0105043871191568,Crypto
2023-07-24,BTC-INR,-0.03241021477438277,Crypto
2023-07-25,BTC-INR,0.003408639262032276,Crypto
2023-07-26,BTC-INR,0.004660402557914001,Crypto
2023-07-27,BTC-INR,-6.690503837536443e-05,Crypto
2023-07-28,BTC-INR,0.002391911263021962,Crypto
2023-07-29,BTC-INR,0.001284934713148278,Crypto
2023-07-30,BTC-INR,-0.0029424375369939693,Crypto
2023-07-31,BTC-INR,-0.0016737035027133418,Crypto
2023-08-01,BTC-INR,0.015979825728706043,Crypto
2023-08-02,BTC-INR,-0.012497196624054685,Crypto
2023-08-03,BTC-INR,0.0015335769918880526,Crypto
2023-08-04,BTC-INR,-0.004883062043483988,Crypto
2023-08-05,BTC-INR,-0.0010994286631900163,Crypto
2023-08-06,BTC-INR,0.0002192739740847216,Crypto
2023-08-07,BTC-INR,0.006028191868259647,Crypto
2023-08-08,BTC-INR,0.020709220680062312,Crypto
2023-08-09,BTC-INR,-0.0066851286754978645,Crypto
2023-08-10,BTC-INR,-0.005259711657826682,Crypto
2023-08-11,BTC-INR,0.0008146014331651408,Crypto
2023-08-12,BTC-INR,0.0006208074227902483,Crypto
2023-08-13,BTC-INR,-0.005242035370215725,Crypto
2023-08-14,BTC-INR,0.008945588256800363,Crypto
2023-08-15,BTC-INR,-0.009067564702590736,Crypto
2023-08-16,BTC-INR,-0.015629039857420035,Crypto
2023-08-17,BTC-INR,-0.07252715192647141,Crypto
2023-08-18,BTC-INR,-0.022376940367197062,Crypto
2023-08-19,BTC-INR,0.0017906909001603744,Crypto
2023-08-20,BTC-INR,0.0037056203406138355,Crypto
2023-08-21,BTC-INR,-0.003144105465094138,Crypto
2023-08-22,BTC-INR,-0.0040642014410655625,Crypto
2023-08-23,BTC-INR,0.008947140183423796,Crypto
2023-08-24,BTC-INR,-0.009027758521238272,Crypto
2023-08-25,BTC-INR,-0.005509453937586395,Crypto
2023-08-26,BTC-INR,-0.0015052159931466802,Crypto
2023-08-27,BTC-INR,0.00453642854123637,Crypto
2023-08-28,BTC-INR,0.00096246903969055,Crypto
2023-08-29,BTC-INR,0.059644885498375544,Crypto
2023-08-30,BTC-INR,-0.013126178127655708,Crypto
2023-08-31,BTC-INR,-0.05024071966286625,Crypto
2023-09-01,BTC-INR,-0.004546349185176157,Crypto
2023-09-02,BTC-INR,0.002638409312688772,Crypto
2023-09-03,BTC-INR,0.0038972572701487795,Crypto
2023-09-04,BTC-INR,-0.00591372785959543,Crypto
2023-09-05,BTC-INR,0.0029973983916478097,Crypto
2023-09-06,BTC-INR,0.0010042001570258474,Crypto
2023-09-07,BTC-INR,0.01871378889834996,Crypto
2023-09-08,BTC-INR,-0.015082547814965985,Crypto
2023-09-09,BTC-INR,-0.00038510971094696256,Crypto
2023-09-10,BTC-INR,-0.0026118265627190773,Crypto
2023-09-11,BTC-INR,-0.026998124262564094,Crypto
2023-09-12,BTC-INR,0.025562873273808018,Crypto
2023-09-13,BTC-INR,0.01640307036621902,Crypto
2023-09-14,BTC-INR,0.012922334296663784,Crypto
2023-09-15,BTC-INR,0.0035122857960043774,Crypto
2023-09-16,BTC-INR,-0.0015187965487569732,Crypto
2023-09-17,BTC-INR,-0.0014995934543718947,Crypto
2023-09-18,BTC-INR,0.010183157352574135,Crypto
2023-09-19,BTC-INR,0.016596800977247694,Crypto
2023-09-20,BTC-INR,-0.00428836505474961,Crypto
2023-09-21,BTC-INR,-0.023225476905715414,Crypto
2023-09-22,BTC-INR,0.0030784985918834717,Crypto
2023-09-23,BTC-INR,-6.791186850430009e-06,Crypto
2023-09-24,BTC-INR,-0.013613479239200754,Crypto
2023-09-25,BTC-INR,0.00224426786813825,Crypto
2023-09-26,BTC-INR,0.00015662560663809444,Crypto
2023-09-27,BTC-INR,0.004398452671444897,Crypto
2023-09-28,BTC-INR,0.02494063422648396,Crypto
2023-09-29,BTC-INR,-0.004339015197005969,Crypto
2023-09-30,BTC-INR,0.002088162751831435,Crypto
2023-10-01,BTC-INR,0.035890550471936455,Crypto
2023-10-02,BTC-INR,-0.012324239345533283,Crypto
2023-10-03,BTC-INR,-0.0052573093560869255,Crypto
2023-10-04,BTC-INR,0.013802439606387384,Crypto
2023-10-05,BTC-INR,-0.014134522188361087,Crypto
2023-10-06,BTC-INR,0.017868050560403637,Crypto
2023-10-07,BTC-INR,0.0009789036257863426,Crypto
2023-10-08,BTC-INR,-0.0011482857603425378,Crypto
2023-10-09,BTC-INR,-0.010848799486585459,Crypto
2023-10-10,BTC-INR,-0.007223187952762111,Crypto
2023-10-11,BTC-INR,-0.02009051591395894,Crypto
2023-10-12,BTC-INR,-0.0029815334898631862,Crypto
2023-10-13,BTC-INR,0.004149418568572427,Crypto
2023-10-14,BTC-INR,-2.4920806593775602e-05,Crypto
2023-10-15,BTC-INR,0.011128367368217873,Crypto
2023-10-16,BTC-INR,0.04898559313575901,Crypto
2023-10-17,BTC-INR,-0.002951877733932351,Crypto
2023-10-18,BTC-INR,-0.002903446430541523,Crypto
2023-10-19,BTC-INR,0.012043664842793955,Crypto
2023-10-20,BTC-INR,0.035151021242523006,Crypto
2023-10-21,BTC-INR,0.007932552012385186,Crypto
2023-10-22,BTC-INR,0.0014104009947080165,Crypto
2023-10-23,BTC-INR,0.10136776177948548,Crypto
2023-10-24,BTC-INR,0.024481687285117015,Crypto
2023-10-25,BTC-INR,0.019394614711290004,Crypto
2023-10-26,BTC-INR,-0.008472368252965712,Crypto
2023-10-27,BTC-INR,-0.005634403892336715,Crypto
2023-10-28,BTC-INR,0.005301578833774689,Crypto
2023-10-29,BTC-INR,0.013112267670803979,Crypto
2023-10-30,BTC-INR,-0.00301422678596297,Crypto
2023-10-31,BTC-INR,0.005158695964383231,Crypto
2023-11-01,BTC-INR,0.021901127948918075,Crypto
2023-11-02,BTC-INR,-0.014273200963602073,Crypto
2023-11-03,BTC-INR,-0.006835130322744631,Crypto
2023-11-04,BTC-INR,0.010073411784420339,Crypto
2023-11-05,BTC-INR,-0.0009262555265551198,Crypto
2023-11-06,BTC-INR,0.0004209711206777378,Crypto
2023-11-07,BTC-INR,0.011713556587916507,Crypto
2023-11-08,BTC-INR,0.005804095628852535,Crypto
2023-11-09,BTC-INR,0.03032460460546149,Crypto
2023-11-10,BTC-INR,0.016638080894002316,Crypto
2023-11-11,BTC-INR,-0.0047145483052175585,Crypto
2023-11-12,BTC-INR,-0.0021686591973972824,Crypto
2023-11-13,BTC-INR,-0.016254532583983905,Crypto
2023-11-14,BTC-INR,-0.028339406653372867,Crypto
2023-11-15,BTC-INR,0.06802177530580278,Crypto
2023-11-16,BTC-INR,-0.04631424316969002,Crypto
2023-11-17,BTC-INR,0.014307679752549207,Crypto
2023-11-18,BTC-INR,-0.0003000129502582771,Crypto
2023-11-19,BTC-INR,0.02189562208157425,Crypto
2023-11-20,BTC-INR,0.002781783421020423,Crypto
2023-11-21,BTC-INR,-0.04410837897800346,Crypto
2023-11-22,BTC-INR,0.045426183341954474,Crypto
2023-11-23,BTC-INR,-0.004055160176703931,Crypto
2023-11-24,BTC-INR,0.011201782181785802,Crypto
2023-11-25,BTC-INR,0.002028358033114852,Crypto
2023-11-26,BTC-INR,-0.008362404800092649,Crypto
2023-11-27,BTC-INR,-0.0054825416410413386,Crypto
2023-11-28,BTC-INR,0.015723561554734866,Crypto
2023-11-29,BTC-INR,9.787787298298767e-05,Crypto
2023-11-30,BTC-INR,-0.003572470084792778,Crypto
2023-12-01,BTC-INR,0.024617225544398602,Crypto
2023-12-02,BTC-INR,0.020356963280188767,Crypto
2023-12-03,BTC-INR,0.012532061761233004,Crypto
2023-12-04,BTC-INR,0.05254850224992147,Crypto
2023-12-05,BTC-INR,0.04861822809711125,Crypto
2023-12-06,BTC-INR,-0.007425474848729352,Crypto
2023-12-07,BTC-INR,-0.010105706647508761,Crypto
2023-12-08,BTC-INR,0.02111191458189543,Crypto
2023-12-09,BTC-INR,-0.009976159041042543,Crypto
2023-12-10,BTC-INR,0.0013004120392825502,Crypto
2023-12-11,BTC-INR,-0.05898123599625882,Crypto
2023-12-12,BTC-INR,0.005591119316995519,Crypto
2023-12-13,BTC-INR,0.03341537952366047,Crypto
2023-12-14,BTC-INR,0.003295477140116354,Crypto
2023-12-15,BTC-INR,-0.028444085985951717,Crypto
2023-12-16,BTC-INR,0.007401940550266106,Crypto
2023-12-17,BTC-INR,-0.020725346133371958,Crypto
2023-12-18,BTC-INR,0.03150888377130778,Crypto
2023-12-19,BTC-INR,-0.008767559001561454,Crypto
2023-12-20,BTC-INR,0.03491989418498598,Crypto
2023-12-21,BTC-INR,0.003332222317443456,Crypto
2023-12-22,BTC-INR,0.005388788659811405,Crypto
2023-12-23,BTC-INR,-0.005883963676192705,Crypto
2023-12-24,BTC-INR,-0.01844827519984904,Crypto
2023-12-25,BTC-INR,0.013879082934060927,Crypto
2023-12-26,BTC-INR,-0.0249316041675971,Crypto
2023-12-27,BTC-INR,0.022743293407286425,Crypto
2023-12-28,BTC-INR,-0.023207705327492834,Crypto
2023-12-29,BTC-INR,-0.008490031993362845,Crypto
2023-12-30,BTC-INR,0.0013657895548069288,Crypto
2023-12-31,BTC-INR,0.002720157297663617,Crypto
2024-01-01,BTC-INR,0.04464492824484423,Crypto
2024-01-02,BTC-INR,0.01856906860971308,Crypto
2024-01-03,BTC-INR,-0.046232370413585855,Crypto
2024-01-04,BTC-INR,0.030230660235916584,Crypto
2024-01-05,BTC-INR,-0.001107543613183326,Crypto
2024-01-06,BTC-INR,-0.003928606376001675,Crypto
2024-01-07,BTC-INR,-0.001241579255474634,Crypto
2024-01-08,BTC-INR,0.06728519556062795,Crypto
2024-01-09,BTC-INR,-0.01670714950407992,Crypto
2024-01-10,BTC-INR,0.00915279665491564,Crypto
2024-01-11,BTC-INR,-0.004843680458276323,Crypto
2024-01-12,BTC-INR,-0.07797721011838865,Crypto
2024-01-13,BTC-INR,-0.0002517142047055998,Crypto
2024-01-14,BTC-INR,-0.02447523102846072,Crypto
2024-01-15,BTC-INR,0.016940483089974423,Crypto
2024-01-16,BTC-INR,0.01793982118091786,Crypto
2024-01-17,BTC-INR,-0.009024407300039616,Crypto
2024-01-18,BTC-INR,-0.03428493232991725,Crypto
2024-01-19,BTC-INR,0.008126175039184336,Crypto
2024-01-20,BTC-INR,0.0011335716054694522,Crypto
2024-01-21,BTC-INR,-0.0028270387736120117,Crypto
2024-01-22,BTC-INR,-0.04941907244581134,Crypto
2024-01-23,BTC-INR,0.010092741767210978,Crypto
2024-01-24,BTC-INR,0.004408683954650661,Crypto
2024-01-25,BTC-INR,-0.00305565175853284,Crypto
2024-01-26,BTC-INR,0.04676107192261414,Crypto
2024-01-27,BTC-INR,0.007250291648016383,Crypto
2024-01-28,BTC-INR,-0.0019958312413250745,Crypto
2024-01-29,BTC-INR,0.030231672884584393,Crypto
2024-01-30,BTC-INR,-0.008259475977983488,Crypto
2024-01-31,BTC-INR,-0.009295255350952103,Crypto
2024-02-01,BTC-INR,0.010207542477703724,Crypto
2024-02-02,BTC-INR,0.003279616541879582,Crypto
2024-02-03,BTC-INR,-0.004483162734992163,Crypto
2024-02-04,BTC-INR,-0.00953278047078554,Crypto
2024-02-05,BTC-INR,0.002327776938011006,Crypto
2024-02-06,BTC-INR,0.010292911324086607,Crypto
2024-02-07,BTC-INR,0.027614282949203206,Crypto
2024-02-08,BTC-INR,0.022116869378296267,Crypto
2024-02-09,BTC-INR,0.041142127057824496,Crypto
2024-02-10,BTC-INR,0.013236818656523264,Crypto
2024-02-11,BTC-INR,0.01091081752425671,Crypto
2024-02-12,BTC-INR,0.03418960064624765,Crypto
2024-02-13,BTC-INR,-0.0034230127541112765,Crypto
2024-02-14,BTC-INR,0.04127635395484108,Crypto
2024-02-15,BTC-INR,0.0020918501170796855,Crypto
2024-02-16,BTC-INR,0.004321322610936207,Crypto
2024-02-17,BTC-INR,-0.009532239002273069,Crypto
2024-02-18,BTC-INR,0.00889253147903224,Crypto
2024-02-19,BTC-INR,-0.006509733110649174,Crypto
2024-02-20,BTC-INR,0.007896153720446053,Crypto
2024-02-21,BTC-INR,-0.007674576624824958,Crypto
2024-02-22,BTC-INR,-0.011084491306464939,Crypto
2024-02-23,BTC-INR,-0.011056680230026372,Crypto
2024-02-24,BTC-INR,0.016540884706224723,Crypto
2024-02-25,BTC-INR,0.0031593377509628873,Crypto
2024-02-26,BTC-INR,0.053520584773022684,Crypto
2024-02-27,BTC-INR,0.0481725383104612,Crypto
2024-02-28,BTC-INR,0.09450921389490907,Crypto
2024-02-29,BTC-INR,-0.020876303231297744,Crypto
2024-03-01,BTC-INR,0.019463296557548082,Crypto
2024-03-02,BTC-INR,-0.006578801748354457,Crypto
2024-03-03,BTC-INR,0.018339945745689423,Crypto
2024-03-04,BTC-INR,0.08258817821504638,Crypto
2024-03-05,BTC-INR,-0.06658494832089801,Crypto
2024-03-06,BTC-INR,0.03531612906519843,Crypto
2024-03-07,BTC-INR,0.011207100302068174,Crypto
2024-03-08,BTC-INR,0.020900857615583135,Crypto
2024-03-09,BTC-INR,0.002910477773061748,Crypto
2024-03-10,BTC-INR,0.007645838548610229,Crypto
2024-03-11,BTC-INR,0.04526161095405756,Crypto
2024-03-12,BTC-INR,-0.00822897313078097,Crypto
2024-03-13,BTC-INR,0.022388534848977626,Crypto
2024-03-14,BTC-INR,-0.02151932576606097,Crypto
2024-03-15,BTC-INR,-0.028797806421639205,Crypto
2024-03-16,BTC-INR,-0.05891109666812622,Crypto
2024-03-17,BTC-INR,0.04707950528077309,Crypto
2024-03-18,BTC-INR,-0.012117764262438713,Crypto
2024-03-19,BTC-INR,-0.08218825720310274,Crypto
2024-03-20,BTC-INR,0.09740549679420152,Crypto
2024-03-21,BTC-INR,-0.03380462223609004,Crypto
2024-03-22,BTC-INR,-0.02172000756713488,Crypto
2024-03-23,BTC-INR,0.004444143091504094,Crypto
2024-03-24,BTC-INR,0.04963077514018832,Crypto
2024-03-25,BTC-INR,0.03821827779935849,Crypto
2024-03-26,BTC-INR,-0.0005814956716398978,Crypto
2024-03-27,BTC-INR,-0.007303658455980355,Crypto
2024-03-28,BTC-INR,0.018984177664199242,Crypto
2024-03-29,BTC-INR,-0.012176645516287055,Crypto
2024-03-30,BTC-INR,-0.0035415001722318706,Crypto
2024-03-31,BTC-INR,0.024158475480166475,Crypto
2024-04-01,BTC-INR,-0.022444610619242078,Crypto
2024-04-02,BTC-INR,-0.06175269544769213,Crypto
2024-04-03,BTC-INR,0.008437261916895755,Crypto
2024-04-04,BTC-INR,0.039659766988268785,Crypto
2024-04-05,BTC-INR,-0.01198545467007417,Crypto
2024-04-06,BTC-INR,0.015602910554161076,Crypto
2024-04-07,BTC-INR,0.006770179392415976,Crypto
2024-04-08,BTC-INR,0.03237934010552479,Crypto
2024-04-09,BTC-INR,-0.03532589538799835,Crypto
2024-04-10,BTC-INR,0.023268078289368832,Crypto
2024-04-11,BTC-INR,-0.008225189431397162,Crypto
2024-04-12,BTC-INR,-0.037876743293969395,Crypto
2024-04-13,BTC-INR,-0.05021725286018752,Crypto
2024-04-14,BTC-INR,0.030040850226673355,Crypto
2024-04-15,BTC-INR,-0.03639030951398292,Crypto
2024-04-16,BTC-INR,0.008026172074498517,Crypto
2024-04-17,BTC-INR,-0.040551822903765355,Crypto
2024-04-18,BTC-INR,0.03586117648459797,Crypto
2024-04-19,BTC-INR,0.0031050539483334916,Crypto
2024-04-20,BTC-INR,0.018026405574351534,Crypto
2024-04-21,BTC-INR,-0.000861567421549303,Crypto
2024-04-22,BTC-INR,0.029491716205413354,Crypto
2024-04-23,BTC-INR,-0.007627461588856965,Crypto
2024-04-24,BTC-INR,-0.031501701832077456,Crypto
2024-04-25,BTC-INR,0.0025183601061742333,Crypto
2024-04-26,BTC-INR,-0.009868910766422156,Crypto
2024-04-27,BTC-INR,-0.0052729273040141855,Crypto
2024-04-28,BTC-INR,-0.00482264990229353,Crypto
2024-04-29,BTC-INR,0.012041482931496317,Crypto
2024-04-30,BTC-INR,-0.04957447058133391,Crypto
2024-05-01,BTC-INR,-0.040355553273244915,Crypto
2024-05-02,BTC-INR,0.014898211914082804,Crypto
2024-05-03,BTC-INR,0.06339464279992657,Crypto
2024-05-04,BTC-INR,0.015926909033143533,Crypto
2024-05-05,BTC-INR,0.002186573871413744,Crypto
2024-05-06,BTC-INR,-0.011937217786514465,Crypto
2024-05-07,BTC-INR,-0.013740520384011967,Crypto
2024-05-08,BTC-INR,-0.018390392788075194,Crypto
2024-05-09,BTC-INR,0.03039766800178545,Crypto
2024-05-10,BTC-INR,-0.03482246331128236,Crypto
2024-05-11,BTC-INR,1.5357254028458556e-05,Crypto
2024-05-12,BTC-INR,0.010507645924650921,Crypto
2024-05-13,BTC-INR,0.02340905143234351,Crypto
2024-05-14,BTC-INR,-0.021231376223744824,Crypto
2024-05-15,BTC-INR,0.07505971720290172,Crypto
2024-05-16,BTC-INR,-0.014795196631660623,Crypto
2024-05-17,BTC-INR,0.02575367200262768,Crypto
2024-05-18,BTC-INR,-0.0016564442880064867,Crypto
2024-05-19,BTC-INR,-0.009894541198800733,Crypto
2024-05-20,BTC-INR,0.07812905268435322,Crypto
2024-05-21,BTC-INR,-0.018275279572809944,Crypto
2024-05-22,BTC-INR,-0.014962770831388528,Crypto
2024-05-23,BTC-INR,-0.017118162138103354,Crypto
2024-05-24,BTC-INR,0.006020186537406547,Crypto
2024-05-25,BTC-INR,0.010796613731031135,Crypto
2024-05-26,BTC-INR,-0.010871970329957015,Crypto
2024-05-27,BTC-INR,0.013941863724267867,Crypto
2024-05-28,BTC-INR,-0.01511629468802278,Crypto
2024-05-29,BTC-INR,-0.008622730782174903,Crypto
2024-05-30,BTC-INR,0.011100585191433199,Crypto
2024-05-31,BTC-INR,-0.011149265845886824,Crypto
2024-06-01,BTC-INR,0.0032201021864934898,Crypto
2024-06-02,BTC-INR,0.0005421280956581231,Crypto
2024-06-03,BTC-INR,0.01125259155470637,Crypto
2024-06-04,BTC-INR,0.03275940879362338,Crypto
2024-06-05,BTC-INR,0.0037004217283453933,Crypto
2024-06-06,BTC-INR,-0.003480594150084393,Crypto
2024-06-07,BTC-INR,-0.019321583257415953,Crypto
2024-06-08,BTC-INR,-0.0005309070335167698,Crypto
2024-06-09,BTC-INR,0.004948695343562237,Crypto
2024-06-10,BTC-INR,-0.001905356329738317,Crypto
2024-06-11,BTC-INR,-0.030604434283352355,Crypto
2024-06-12,BTC-INR,0.011773732007357207,Crypto
2024-06-13,BTC-INR,-0.020903312106932526,Crypto
2024-06-14,BTC-INR,-0.010878166738417794,Crypto
2024-06-15,BTC-INR,0.002725404051145519,Crypto
2024-06-16,BTC-INR,0.006775146032523605,Crypto
2024-06-17,BTC-INR,-0.0028485965671183333,Crypto
2024-06-18,BTC-INR,-0.021715899350302603,Crypto
2024-06-19,BTC-INR,-0.0022886351832114293,Crypto
2024-06-20,BTC-INR,0.00015196607844014665,Crypto
2024-06-21,BTC-INR,-0.011729500519945812,Crypto
2024-06-22,BTC-INR,0.002439778243051638,Crypto
2024-06-23,BTC-INR,-0.016711978347240364,Crypto
2024-06-24,BTC-INR,-0.0472791203662577,Crypto
2024-06-25,BTC-INR,0.024959502563445923,Crypto
2024-06-26,BTC-INR,-0.01412183083169738,Crypto
2024-06-27,BTC-INR,0.011471193982396821,Crypto
2024-06-28,BTC-INR,-0.021833235508513238,Crypto
2024-06-29,BTC-INR,0.009403931157417222,Crypto
2024-06-30,BTC-INR,0.029414771914631155,Crypto
2024-07-01,BTC-INR,0.0036587990255578795,Crypto
2024-07-02,BTC-INR,-0.01262311308279751,Crypto
2024-07-03,BTC-INR,-0.02978941500778587,Crypto
2024-07-04,BTC-INR,-0.053103816713667706,Crypto
2024-07-05,BTC-INR,-0.00577606977529288,Crypto
2024-07-06,BTC-INR,0.02896387874502926,Crypto
2024-07-07,BTC-INR,-0.04209625461873512,Crypto
2024-07-08,BTC-INR,0.01515050924454675,Crypto
2024-07-09,BTC-INR,0.023407676219221685,Crypto
2024-07-10,BTC-INR,-0.004557465138426808,Crypto
2024-07-11,BTC-INR,-0.006524945762866219,Crypto
2024-07-12,BTC-INR,0.009589159642873435,Crypto
2024-07-13,BTC-INR,0.02301381341661468,Crypto
2024-07-14,BTC-INR,0.02629520261785645,Crypto
2024-07-15,BTC-INR,0.06802531559303682,Crypto
2024-07-16,BTC-INR,0.002793414829294516,Crypto
2024-07-17,BTC-INR,-0.014527978402007924,Crypto
2024-07-18,BTC-INR,-0.0008586284413719669,Crypto
2024-07-19,BTC-INR,0.04328200980772112,Crypto
2024-07-20,BTC-INR,0.006797925657859194,Crypto
2024-07-21,BTC-INR,0.014753686020927193,Crypto
2024-07-22,BTC-INR,-0.009056244376044242,Crypto
2024-07-23,BTC-INR,-0.02410699894048285,Crypto
2024-07-24,BTC-INR,-0.008000110897470436,Crypto
2024-07-25,BTC-INR,0.006217232507708781,Crypto
2024-07-26,BTC-INR,0.03239077443531557,Crypto
2024-07-27,BTC-INR,-0.0016563441524255484,Crypto
2024-07-28,BTC-INR,0.006592511407965018,Crypto
2024-07-29,BTC-INR,-0.020772602436267218,Crypto
2024-07-30,BTC-INR,-0.008988660644444257,Crypto
2024-07-31,BTC-INR,-0.024543740753329213,Crypto
2024-08-01,BTC-INR,0.011739903388250594,Crypto
2024-08-02,BTC-INR,-0.06006066166932322,Crypto
2024-08-03,BTC-INR,-0.011967260673981461,Crypto
2024-08-04,BTC-INR,-0.042603291631672646,Crypto
2024-08-05,BTC-INR,-0.06802093021248723,Crypto
2024-08-06,BTC-INR,0.037000072980839516,Crypto
2024-08-07,BTC-INR,-0.017882427432869052,Crypto
2024-08-08,BTC-INR,0.12206571651927645,Crypto
2024-08-09,BTC-INR,-0.013864991234775692,Crypto
2024-08-10,BTC-INR,0.0010791176884910048,Crypto
2024-08-11,BTC-INR,-0.0365732520911447,Crypto
2024-08-12,BTC-INR,0.010181958487299969,Crypto
2024-08-13,BTC-INR,0.02095680348326523,Crypto
2024-08-14,BTC-INR,-0.02985452160814972,Crypto
2024-08-15,BTC-INR,-0.02031102502051796,Crypto
2024-08-16,BTC-INR,0.02215210077207752,Crypto
2024-08-17,BTC-INR,0.009930790491895047,Crypto
2024-08-18,BTC-INR,-0.016591412143459827,Crypto
2024-08-19,BTC-INR,0.0172667101831403,Crypto
2024-08-20,BTC-INR,-0.009090157606351346,Crypto
2024-08-21,BTC-INR,0.03788494146785437,Crypto
2024-08-22,BTC-INR,-0.012373215725707265,Crypto
2024-08-23,BTC-INR,0.05985852484111476,Crypto
2024-08-24,BTC-INR,0.0013204600193428284,Crypto
2024-08-25,BTC-INR,0.002411097798231454,Crypto
2024-08-26,BTC-INR,-0.02174978016264484,Crypto
2024-08-27,BTC-INR,-0.05328441753525759,Crypto
2024-08-28,BTC-INR,-0.0077690657156045395,Crypto
2024-08-29,BTC-INR,0.005544591702164148,Crypto
2024-08-30,BTC-INR,-0.004639539064724252,Crypto
2024-08-31,BTC-INR,-0.002530006651173089,Crypto
2024-09-01,BTC-INR,-0.028170638433057338,Crypto
2024-09-02,BTC-INR,0.03198792854979504,Crypto
2024-09-03,BTC-INR,-0.02816844629293913,Crypto
2024-09-04,BTC-INR,0.009786771742516631,Crypto
2024-09-05,BTC-INR,-0.031230076375264093,Crypto
2024-09-06,BTC-INR,-0.03935602868667332,Crypto
2024-09-07,BTC-INR,0.0035392362833075452,Crypto
2024-09-08,BTC-INR,0.012930296019953547,Crypto
2024-09-09,BTC-INR,0.03969287958607404,Crypto
2024-09-10,BTC-INR,0.011047775054160214,Crypto
2024-09-11,BTC-INR,-0.0051705381156008645,Crypto
2024-09-12,BTC-INR,0.01282639279334341,Crypto
2024-09-13,BTC-INR,0.0415299576371555,Crypto
2024-09-14,BTC-INR,-0.00934733675595334,Crypto
2024-09-15,BTC-INR,-0.01366068296759182,Crypto
2024-09-16,BTC-INR,-0.016742588207805165,Crypto
2024-09-17,BTC-INR,0.03496153948976688,Crypto
2024-09-18,BTC-INR,0.021309265972275337,Crypto
2024-09-19,BTC-INR,0.019961317927044808,Crypto
2024-09-20,BTC-INR,0.002481117286589729,Crypto
2024-09-21,BTC-INR,0.0031944872893865384,Crypto
2024-09-22,BTC-INR,0.003933371134104302,Crypto
2024-09-23,BTC-INR,-0.0042056249775335175,Crypto
2024-09-24,BTC-INR,0.01586730251037949,Crypto
2024-09-25,BTC-INR,-0.016858513120295626,Crypto
2024-09-26,BTC-INR,0.03130671982870581,Crypto
2024-09-27,BTC-INR,0.010615767740836946,Crypto
2024-09-28,BTC-INR,0.0012076582034061811,Crypto
2024-09-29,BTC-INR,-0.0035634763665470803,Crypto
2024-09-30,BTC-INR,-0.033823539046598516,Crypto
2024-10-01,BTC-INR,-0.03880962128705945,Crypto
2024-10-02,BTC-INR,-0.002893562917478776,Crypto
2024-10-03,BTC-INR,0.003196273353205825,Crypto
2024-10-04,BTC-INR,0.021739190059666402,Crypto
2024-10-05,BTC-INR,0.0003620089271247906,Crypto
2024-10-06,BTC-INR,0.011754515663391363,Crypto
2024-10-07,BTC-INR,-0.010020545395472813,Crypto
2024-10-08,BTC-INR,-0.002140016353911922,Crypto
2024-10-09,BTC-INR,-0.02475195024314991,Crypto
2024-10-10,BTC-INR,-0.005023980861324939,Crypto
2024-10-11,BTC-INR,0.03801596901732762,Crypto
2024-10-12,BTC-INR,0.011977420578285436,Crypto
2024-10-13,BTC-INR,-0.005283507967076551,Crypto
2024-10-14,BTC-INR,0.04996471088793242,Crypto
2024-10-15,BTC-INR,0.015222995647613313,Crypto
2024-10-16,BTC-INR,0.008238620383969053,Crypto
2024-10-17,BTC-INR,-0.0030360901656214523,Crypto
2024-10-18,BTC-INR,0.01521511795811814,Crypto
2024-10-19,BTC-INR,-0.0006722210977965215,Crypto
2024-10-20,BTC-INR,0.009346783087051946,Crypto
2024-10-21,BTC-INR,-0.023620498485072083,Crypto
2024-10-22,BTC-INR,8.280491497481002e-05,Crypto
2024-10-23,BTC-INR,-0.014046364088310392,Crypto
2024-10-24,BTC-INR,0.026196188955060373,Crypto
2024-10-25,BTC-INR,-0.022045338076093657,Crypto
2024-10-26,BTC-INR,0.005586395817924306,Crypto
2024-10-27,BTC-INR,0.013640758206890702,Crypto
2024-10-28,BTC-INR,0.02914212272343586,Crypto
2024-10-29,BTC-INR,0.04003721092880119,Crypto
2024-10-30,BTC-INR,-0.005205685664535609,Crypto
2024-10-31,BTC-INR,-0.02934446793332357,Crypto
2024-11-01,BTC-INR,-0.010502128243332298,Crypto
2024-11-02,BTC-INR,-0.0027804842355786397,Crypto
2024-11-03,BTC-INR,-0.007642463757855045,Crypto
2024-11-04,BTC-INR,-0.013047034060966634,Crypto
2024-11-05,BTC-INR,0.022429065694221206,Crypto
2024-11-06,BTC-INR,0.0922842684488665,Crypto
2024-11-07,BTC-INR,0.004171229750148386,Crypto
2024-11-08,BTC-INR,0.009502158288670737,Crypto
2024-11-09,BTC-INR,0.0030490287287019413,Crypto
2024-11-10,BTC-INR,0.04800242662297394,Crypto
2024-11-11,BTC-INR,0.10259242883696507,Crypto
2024-11-12,BTC-INR,-0.008606520676637919,Crypto
2024-11-13,BTC-INR,0.03022445268331375,Crypto
2024-11-14,BTC-INR,-0.03620944924361924,Crypto
2024-11-15,BTC-INR,0.0431727550590677,Crypto
2024-11-16,BTC-INR,-0.005573219206178814,Crypto
2024-11-17,BTC-INR,-0.007536212625801397,Crypto
2024-11-18,BTC-INR,0.007040413206607754,Crypto
2024-11-19,BTC-INR,0.01988180226969538,Crypto
2024-11-20,BTC-INR,0.021453068581635426,Crypto
2024-11-21,BTC-INR,0.04543593155172321,Crypto
2024-11-22,BTC-INR,0.004407078095687522,Crypto
2024-11-23,BTC-INR,-0.012327377300145659,Crypto
2024-11-24,BTC-INR,0.002384282653710823,Crypto
2024-11-25,BTC-INR,-0.052190189342781856,Crypto
2024-11-26,BTC-INR,-0.010953643774646027,Crypto
2024-11-27,BTC-INR,0.04423949471513278,Crypto
2024-11-28,BTC-INR,-0.002626521223372813,Crypto
2024-11-29,BTC-INR,0.01998141816044985,Crypto
2024-11-30,BTC-INR,-0.01037665958998013,Crypto
2024-12-01,BTC-INR,0.0086849183639377,Crypto
2024-12-02,BTC-INR,-0.012643533481943026,Crypto
2024-12-03,BTC-INR,0.0008460260842448886,Crypto
2024-12-04,BTC-INR,0.02913653432113672,Crypto
2024-12-05,BTC-INR,-0.022289700971263704,Crypto
2024-12-06,BTC-INR,0.034295749293851374,Crypto
2024-12-07,BTC-INR,2.092081860216588e-05,Crypto
2024-12-08,BTC-INR,0.013156910303216751,Crypto
2024-12-09,BTC-INR,-0.03558215648337337,Crypto
2024-12-10,BTC-INR,-0.007368975956809298,Crypto
2024-12-11,BTC-INR,0.0461504134090549,Crypto
2024-12-12,BTC-INR,-0.01131704607787598,Crypto
2024-12-13,BTC-INR,0.013917723454052622,Crypto
2024-12-14,BTC-INR,-0.000882203621938582,Crypto
2024-12-15,BTC-INR,0.028792769033177068,Crypto
2024-12-16,BTC-INR,0.017871970489599764,Crypto
2024-12-17,BTC-INR,0.0011234164298681293,Crypto
2024-12-18,BTC-INR,-0.05478039472370455,Crypto
2024-12-19,BTC-INR,-0.026070011965800943,Crypto
2024-12-20,BTC-INR,0.0007235482352334621,Crypto
2024-12-21,BTC-INR,-0.005404082695332546,Crypto
2024-12-22,BTC-INR,-0.02179026492397984,Crypto
2024-12-23,BTC-INR,-0.0026532476073768407,Crypto
2024-12-24,BTC-INR,0.04336655054820415,Crypto
2024-12-25,BTC-INR,0.008972000635173227,Crypto
2024-12-26,BTC-INR,-0.032021433563169,Crypto
2024-12-27,BTC-INR,-0.020788983309441456,Crypto
2024-12-28,BTC-INR,0.01073764760402085,Crypto
2024-12-29,BTC-INR,-0.017273777192429507,Crypto
2024-12-30,BTC-INR,-0.004840776645417377,Crypto
2024-12-31,BTC-INR,0.0060289580737935555,Crypto
2025-01-01,BTC-INR,0.010602247558916034,Crypto
2025-01-02,BTC-INR,0.02884454795891389,Crypto
2025-01-03,BTC-INR,0.012376470013678587,Crypto
2025-01-04,BTC-INR,0.001177965603261777,Crypto
2025-01-05,BTC-INR,0.0007137330958653099,Crypto
2025-01-06,BTC-INR,0.03724028072137853,Crypto
2025-01-07,BTC-INR,-0.049124826152038614,Crypto
2025-01-08,BTC-INR,-0.01822264066773327,Crypto
2025-01-09,BTC-INR,-0.026784621307683998,Crypto
2025-01-10,BTC-INR,0.027256059036137925,Crypto
2025-01-11,BTC-INR,-0.0016651077719934682,Crypto
2025-01-12,BTC-INR,-0.0006187077744521652,Crypto
2025-01-13,BTC-INR,0.0056158977412270605,Crypto
2025-01-14,BTC-INR,0.020028417797546272,Crypto
2025-01-15,BTC-INR,0.039986559682795075,Crypto
2025-01-16,BTC-INR,-0.005572503549717167,Crypto
2025-01-17,BTC-INR,0.04687009887723992,Crypto
2025-01-18,BTC-INR,-0.0004859284733188529,Crypto
2025-01-19,BTC-INR,-0.03187813559648267,Crypto
2025-01-20,BTC-INR,0.005320063624583371,Crypto
2025-01-21,BTC-INR,0.04296720677240873,Crypto
2025-01-22,BTC-INR,-0.023254435316368727,Crypto
2025-01-23,BTC-INR,0.0029054433383881584,Crypto
2025-01-24,BTC-INR,0.0049640580526582045,Crypto
2025-01-25,BTC-INR,-0.0011185718234358877,Crypto
2025-01-26,BTC-INR,-0.019036128716531597,Crypto
2025-01-27,BTC-INR,-0.0031388532188185714,Crypto
2025-01-28,BTC-INR,-0.005702176770313039,Crypto
2025-01-29,BTC-INR,0.024057492616986975,Crypto
2025-01-30,BTC-INR,0.010027118730087548,Crypto
2025-01-31,BTC-INR,-0.021684012620568516,Crypto
2025-02-01,BTC-INR,-0.018620574068475726,Crypto
2025-02-02,BTC-INR,-0.02913257842428596,Crypto
2025-02-03,BTC-INR,0.042257706970106446,Crypto
2025-02-04,BTC-INR,-0.033053488674378406,Crypto
2025-02-05,BTC-INR,-0.010236078234492352,Crypto
2025-02-06,BTC-INR,0.0027012722158987756,Crypto
2025-02-07,BTC-INR,0.0016011736187764303,Crypto
2025-02-08,BTC-INR,-0.00048311253808019927,Crypto
2025-02-09,BTC-INR,-0.0007342279131280494,Crypto
2025-02-10,BTC-INR,0.007211921025087387,Crypto
2025-02-11,BTC-INR,-0.02498204093774692,Crypto
2025-02-12,BTC-INR,0.02434024843799132,Crypto
2025-02-13,BTC-INR,-0.015575874861659011,Crypto
2025-02-14,BTC-INR,0.00826452098486552,Crypto
2025-02-15,BTC-INR,0.0002948783697722668,Crypto
2025-02-16,BTC-INR,-0.014186897301144086,Crypto
2025-02-17,BTC-INR,-0.001813642421328976,Crypto
2025-02-18,BTC-INR,-0.0020682482864476937,Crypto
2025-02-19,BTC-INR,0.011421197268463024,Crypto
2025-02-20,BTC-INR,0.012729280393978248,Crypto
2025-02-21,BTC-INR,-0.020285557632762186,Crypto
2025-02-22,BTC-INR,0.003985349299219232,Crypto
2025-02-23,BTC-INR,-0.0031403395624794994,Crypto
2025-02-24,BTC-INR,-0.049470324492104534,Crypto
2025-02-25,BTC-INR,-0.024895671809946673,Crypto
2025-02-26,BTC-INR,-0.04843808404873118,Crypto
2025-02-27,BTC-INR,0.0059467440834974905,Crypto
2025-02-28,BTC-INR,-0.002265987589150198,Crypto
2025-03-01,BTC-INR,0.019661503957733695,Crypto
2025-03-02,BTC-INR,0.09540817455369632,Crypto
2025-03-03,BTC-INR,-0.08824193942743574,Crypto
2025-03-04,BTC-INR,0.012156407345321751,Crypto
2025-03-05,BTC-INR,0.03468289813723824,Crypto
2025-03-06,BTC-INR,-0.004171323986593034,Crypto
2025-03-07,BTC-INR,-0.035560056537848994,Crypto
2025-03-08,BTC-INR,-0.007221254573183455,Crypto
2025-03-09,BTC-INR,-0.06428267296755841,Crypto
2025-03-10,BTC-INR,-0.023128060684681984,Crypto
2025-03-11,BTC-INR,0.053279155407436773,Crypto
2025-03-12,BTC-INR,0.00991943452275712,Crypto
2025-03-13,BTC-INR,-0.03436824984626141,Crypto
2025-03-14,BTC-INR,0.03611534391046334,Crypto
2025-03-15,BTC-INR,0.0044321453328382,Crypto
2025-03-16,BTC-INR,-0.0209062366960312,Crypto
2025-03-17,BTC-INR,0.017777652739534133,Crypto
2025-03-18,BTC-INR,-0.020013699305914123,Crypto
2025-03-19,BTC-INR,0.04710618682115375,Crypto
2025-03-20,BTC-INR,-0.03096177329514216,Crypto
2025-03-21,BTC-INR,-0.005461710502920991,Crypto
2025-03-22,BTC-INR,-0.0024584538322102167,Crypto
2025-03-23,BTC-INR,0.026545217018468126,Crypto
2025-03-24,BTC-INR,0.01128119569202135,Crypto
2025-03-25,BTC-INR,0.0004019915853681333,Crypto
2025-03-26,BTC-INR,-0.005839057480463428,Crypto
2025-03-27,BTC-INR,0.0037013257194846716,Crypto
2025-03-28,BTC-INR,-0.03414339961468804,Crypto
2025-03-29,BTC-INR,-0.020848700471101433,Crypto
2025-03-30,BTC-INR,-0.0031848564900297527,Crypto
2025-03-31,BTC-INR,0.0013170882042299326,Crypto
2025-04-01,BTC-INR,0.03364132973732792,Crypto
2025-04-02,BTC-INR,-0.030771775058489603,Crypto
2025-04-03,BTC-INR,0.003131625732720744,Crypto
2025-04-04,BTC-INR,0.012640843905349586,Crypto
2025-04-05,BTC-INR,-0.00501411993451617,Crypto
2025-04-06,BTC-INR,-0.06317300372453982,Crypto
2025-04-07,BTC-INR,0.01884800921065244,Crypto
2025-04-08,BTC-INR,-0.03274446530468045,Crypto
2025-04-09,BTC-INR,0.07979221104656786,Crypto
2025-04-10,BTC-INR,-0.0351184764284046,Crypto
2025-04-11,BTC-INR,0.045309848666284624,Crypto
2025-04-12,BTC-INR,0.021252930091464783,Crypto
2025-04-13,BTC-INR,-0.018785181172554344,Crypto
2025-04-14,BTC-INR,0.010920319183883809,Crypto
2025-04-15,BTC-INR,-0.013829482487799916,Crypto
2025-04-16,BTC-INR,0.003120954900246442,Crypto
2025-04-17,BTC-INR,0.007459524143749174,Crypto
2025-04-18,BTC-INR,-0.005241076625930874,Crypto
2025-04-19,BTC-INR,0.007254000836672159,Crypto
2025-04-20,BTC-INR,0.0013035905051579366,Crypto
2025-04-21,BTC-INR,0.024826520783473693,Crypto
2025-04-22,BTC-INR,0.06859694952479423,Crypto
2025-04-23,BTC-INR,0.005902031957395915,Crypto
2025-04-24,BTC-INR,-0.0006337925453140381,Crypto
2025-04-25,BTC-INR,0.010175464848013682,Crypto
2025-04-26,BTC-INR,-0.0007766745642696637,Crypto
2025-04-27,BTC-INR,-0.010567346307192027,Crypto
2025-04-28,BTC-INR,0.011559771938626007,Crypto
2025-04-29,BTC-INR,-0.007210230653324601,Crypto
2025-04-30,BTC-INR,-0.007949385052623104,Crypto
2025-05-01,BTC-INR,0.025898337662725757,Crypto
2025-05-02,BTC-INR,0.003542386832484201,Crypto
2025-05-03,BTC-INR,-0.010507346327019329,Crypto
2025-05-04,BTC-INR,-0.017330261302902827,Crypto
2025-05-05,BTC-INR,0.0006334384131774229,Crypto
2025-05-06,BTC-INR,0.027989865887297016,Crypto
2025-05-07,BTC-INR,0.0032792344974494902,Crypto
2025-05-08,BTC-INR,0.07926322054076573,Crypto
2025-05-09,BTC-INR,-0.00994272589093026,Crypto
2025-05-10,BTC-INR,0.01683489010420436,Crypto
2025-05-11,BTC-INR,-0.006132448679589397,Crypto
2025-05-12,BTC-INR,-0.017210463327987813,Crypto
2025-05-13,BTC-INR,0.014353044784055191,Crypto
2025-05-14,BTC-INR,-0.0013683341539049154,Crypto
2025-05-15,BTC-INR,0.0019125057713684779,Crypto
2025-05-16,BTC-INR,-0.0008490067546012003,Crypto
2025-05-17,BTC-INR,-0.002881578873088375,Crypto
2025-05-18,BTC-INR,0.03054579621778042,Crypto
2025-05-19,BTC-INR,-0.009410856227498154,Crypto
2025-05-20,BTC-INR,0.013193661922229705,Crypto
2025-05-21,BTC-INR,0.027808452120310134,Crypto
2025-05-22,BTC-INR,0.02264705616069862,Crypto
2025-05-23,BTC-INR,-0.0493176478136369,Crypto
2025-05-24,BTC-INR,0.004691692973262995,Crypto
2025-05-25,BTC-INR,0.013011144714226486,Crypto
2025-05-26,BTC-INR,0.0032302219948752153,Crypto
2025-05-27,BTC-INR,-0.0017058357221614306,Crypto
2025-05-28,BTC-INR,-0.010116968480011646,Crypto
2025-05-29,BTC-INR,-0.020848889768633194,Crypto
2025-05-30,BTC-INR,-0.013164837197459978,Crypto
2025-05-31,BTC-INR,0.0061493308755338205,Crypto
2025-06-01,BTC-INR,0.009349277508616582,Crypto
2025-06-02,BTC-INR,0.0001370961789999292,Crypto
2025-06-03,BTC-INR,-0.00024041094450633071,Crypto
2025-06-04,BTC-INR,-0.00439549884098045,Crypto
2025-06-05,BTC-INR,-0.0304200483794399,Crypto
2025-06-06,BTC-INR,0.026644040190234808,Crypto
2025-06-07,BTC-INR,0.011737436509920762,Crypto
2025-06-08,BTC-INR,0.0016464606063495424,Crypto
2025-06-09,BTC-INR,0.04218381531245541,Crypto
2025-06-10,BTC-INR,-0.0015371508609060003,Crypto
2025-06-11,BTC-INR,-0.016351137441656616,Crypto
2025-06-12,BTC-INR,-0.02350935485853789,Crypto
2025-06-13,BTC-INR,0.0072263865024844165,Crypto
2025-06-14,BTC-INR,-0.005830497581543637,Crypto
2025-06-15,BTC-INR,0.0007548983622989169,Crypto
2025-06-16,BTC-INR,0.011603376339725857,Crypto
2025-06-17,BTC-INR,-0.017707344190900143,Crypto
2025-06-18,BTC-INR,0.0057029651233913015,Crypto
2025-06-19,BTC-INR,-0.00047631318841534487,Crypto
2025-06-20,BTC-INR,-0.014675609072743345,Crypto
2025-06-21,BTC-INR,-0.010184896751087025,Crypto
2025-06-22,BTC-INR,-0.012662191560082192,Crypto
2025-06-23,BTC-INR,0.042730944952051875,Crypto
2025-06-24,BTC-INR,4.3873398047900025e-07,Crypto
2025-06-25,BTC-INR,0.012589466045624276,Crypto
2025-06-26,BTC-INR,-0.007398131224188753,Crypto
2025-06-27,BTC-INR,-0.0007198023228138783,Crypto
2025-06-28,BTC-INR,0.002234348666068753,Crypto
2025-06-29,BTC-INR,0.009476228306843248,Crypto
2025-06-30,BTC-INR,-0.008907913565163406,Crypto
2025-07-01,BTC-INR,-0.013105520711763075,Crypto
2025-07-02,BTC-INR,0.02949843945847075,Crypto
2025-07-03,BTC-INR,0.003809773519946269,Crypto
2025-07-04,BTC-INR,-0.01222742369486618,Crypto
2025-07-05,BTC-INR,0.003944458444536725,Crypto
2025-07-06,BTC-INR,0.005657828496972828,Crypto
2025-07-07,BTC-INR,-0.003944440958453033,Crypto
2025-07-08,BTC-INR,0.003842453700652726,Crypto
2025-07-09,BTC-INR,0.021823815961495185,Crypto
2025-07-10,BTC-INR,0.0421843788187799,Crypto
2025-07-11,BTC-INR,0.014135117776055584,Crypto
2025-07-12,BTC-INR,-0.000500459556134869,Crypto
2025-07-13,BTC-INR,0.014238144767236838,Crypto
2025-07-14,BTC-INR,0.007839130604898603,Crypto
2025-07-15,BTC-INR,-0.017012539913024316,Crypto
2025-07-16,BTC-INR,0.006897178184755104,Crypto
2025-07-17,BTC-INR,0.006530063513013884,Crypto
2025-07-18,BTC-INR,-0.009664666667251187,Crypto
2025-07-19,BTC-INR,-0.0005360392708527728,Crypto
2025-07-20,BTC-INR,-0.005351161153839712,Crypto
2025-07-21,BTC-INR,0.002705956488575856,Crypto
2025-07-22,BTC-INR,0.022495297216601706,Crypto
2025-07-23,BTC-INR,-0.009671578463762875,Crypto
2025-07-24,BTC-INR,-0.0029193324149303645,Crypto
2025-07-25,BTC-INR,-0.005314052112820988,Crypto
2025-07-26,BTC-INR,0.0026038091653650675,Crypto
2025-07-27,BTC-INR,0.012772154779568057,Crypto
2025-07-28,BTC-INR,-0.009660358850380413,Crypto
2025-07-29,BTC-INR,0.0032714004724998524,Crypto
2025-07-30,BTC-INR,0.006196922499702717,Crypto
2025-07-31,BTC-INR,-0.019620474890882034,Crypto
2025-08-01,BTC-INR,-0.024673455675035982,Crypto
2025-08-02,BTC-INR,-0.0069880208682918665,Crypto
2025-08-03,BTC-INR,0.015929475105607382,Crypto
2025-08-04,BTC-INR,0.014961691354616447,Crypto
2025-08-05,BTC-INR,-0.010006450416231827,Crypto
2025-08-06,BTC-INR,0.008219721218791332,Crypto
2025-08-07,BTC-INR,0.017630802364654974,Crypto
2025-08-08,BTC-INR,-0.0035354266394591605,Crypto
2025-08-09,BTC-INR,-0.0016540262086763846,Crypto
2025-08-10,BTC-INR,0.021337767555027698,Crypto
2025-08-11,BTC-INR,-0.0028179790011033656,Crypto
2025-08-12,BTC-INR,0.011353056132724637,Crypto
2025-08-13,BTC-INR,0.02467403938848256,Crypto
2025-08-14,BTC-INR,-0.037757768552433624,Crypto
2025-08-15,BTC-INR,-0.010137105032027582,Crypto
2025-08-16,BTC-INR,0.0007921953525122927,Crypto
2025-08-17,BTC-INR,-0.00033485312367487197,Crypto
2025-08-18,BTC-INR,-0.012685582006322416,Crypto
2025-08-19,BTC-INR,-0.0318500089571776,Crypto
2025-08-20,BTC-INR,0.012106589036630089,Crypto
2025-08-21,BTC-INR,-0.0131279018094409,Crypto
2025-08-22,BTC-INR,0.04006494340888911,Crypto
2025-08-23,BTC-INR,-0.012770506424100492,Crypto
2025-08-24,BTC-INR,-0.01666633751142166,Crypto
2025-08-25,BTC-INR,-0.026290515770312828,Crypto
2025-08-26,BTC-INR,0.015588832683034237,Crypto
2025-08-27,BTC-INR,-0.004970470798560611,Crypto
2025-08-28,BTC-INR,0.011123880911609874,Crypto
2025-08-29,BTC-INR,-0.030402764531369253,Crypto
2025-08-30,BTC-INR,0.003744386950534251,Crypto
2025-08-31,BTC-INR,-0.005007662524154188,Crypto
2025-09-01,BTC-INR,0.007143371192261272,Crypto
2025-09-02,BTC-INR,0.01781398516617627,Crypto
2025-09-03,BTC-INR,0.005550450502743276,Crypto
2025-09-04,BTC-INR,-0.00759800020854029,Crypto
2025-09-05,BTC-INR,-0.000719196588900628,Crypto
2025-09-06,BTC-INR,-0.0035073641837910507,Crypto
2025-09-07,BTC-INR,0.008193594797926584,Crypto
2025-09-08,BTC-INR,0.005777637510241185,Crypto
2025-09-09,BTC-INR,-0.0021308037653462453,Crypto
2025-09-10,BTC-INR,0.01982677514114828,Crypto
2025-09-11,BTC-INR,0.016085392782302366,Crypto
2025-09-12,BTC-INR,0.005255894184168275,Crypto
2025-09-13,BTC-INR,-0.0012723934813176907,Crypto
2025-09-14,BTC-INR,-0.00471300382849138,Crypto
2025-09-15,BTC-INR,-0.0014202136180316849,Crypto
2025-09-16,BTC-INR,0.009368615418489323,Crypto
2025-09-17,BTC-INR,-0.0029106767272264467,Crypto
2025-09-18,BTC-INR,0.009130120676555942,Crypto
2025-09-19,BTC-INR,-0.013571467215700128,Crypto
2025-09-20,BTC-INR,0.00028600543518253474,Crypto
2025-09-21,BTC-INR,-0.0036501122262624364,Crypto
2025-09-22,BTC-INR,-0.019846687516292927,Crypto
2025-09-23,BTC-INR,-0.0008441961439771273,Crypto
2025-09-24,BTC-INR,0.011395671731633028,Crypto
2025-09-25,BTC-INR,-0.03781894637743066,Crypto
2025-09-26,BTC-INR,0.00493901714044398,Crypto
2025-09-27,BTC-INR,-0.000222234008916522,Crypto
2025-09-28,BTC-INR,0.022247155707985078,Crypto
2025-09-29,BTC-INR,0.020631105921376625,Crypto
2025-09-30,BTC-INR,-0.0014810057003297183,Crypto
2025-10-01,BTC-INR,0.03842647716994452,Crypto
2025-10-02,BTC-INR,0.017555594267457897,Crypto
2025-10-03,BTC-INR,0.013306190701768195,Crypto
2025-10-04,BTC-INR,0.0013012744341511784,Crypto
2025-10-05,BTC-INR,0.008885732953761938,Crypto
2025-10-06,BTC-INR,0.009889313989802195,Crypto
2025-10-07,BTC-INR,-0.02627453166442595,Crypto
2025-10-08,BTC-INR,0.015916186023915202,Crypto
2025-10-09,BTC-INR,-0.012208652384849139,Crypto
2025-10-10,BTC-INR,-0.07092310386460254,Crypto
2025-10-11,BTC-INR,-0.021300744866262544,Crypto
2025-10-12,BTC-INR,0.039437509958723194,Crypto
2025-10-13,BTC-INR,-0.00015994623458681634,Crypto
2025-10-14,BTC-INR,-0.017375385864752846,Crypto
2025-10-15,BTC-INR,-0.03137300900411477,Crypto
2025-10-16,BTC-INR,-0.021432611360782783,Crypto
2025-10-17,BTC-INR,-0.015494266860740735,Crypto
2025-10-18,BTC-INR,0.00686104497958584,Crypto
2025-10-19,BTC-INR,0.013432424100514151,Crypto
2025-10-20,BTC-INR,0.016274793086817896,Crypto
2025-10-21,BTC-INR,-0.017779958251115446,Crypto
2025-10-22,BTC-INR,-0.010175274181164928,Crypto
2025-10-23,BTC-INR,0.022562150638143708,Crypto
2025-10-24,BTC-INR,0.00922878234969371,Crypto
2025-10-25,BTC-INR,0.005473999859501699,Crypto
2025-10-26,BTC-INR,0.02554745418936144,Crypto
2025-10-27,BTC-INR,0.0012944985106206897,Crypto
2025-10-28,BTC-INR,-0.010154377164992567,Crypto
2025-10-29,BTC-INR,-0.02434283711977614,Crypto
2025-10-30,BTC-INR,-0.012693033564570744,Crypto
2025-10-31,BTC-INR,0.012915595228360166,Crypto
2025-11-01,BTC-INR,0.0047920424697798225,Crypto
2025-11-02,BTC-INR,0.005451773021190043,Crypto
2025-11-03,BTC-INR,-0.037684706673734136,Crypto
2025-11-04,BTC-INR,-0.04643263728612468,Crypto
2025-11-05,BTC-INR,0.020634777124682868,Crypto
2025-11-06,BTC-INR,-0.0236555028208697,Crypto
2025-11-07,BTC-INR,0.020354313812694702,Crypto
2025-11-08,BTC-INR,-0.010547209813440594,Crypto
2025-11-09,BTC-INR,0.02377261318127344,Crypto
2025-11-10,BTC-INR,0.01273147250592177,Crypto
2025-11-11,BTC-INR,-0.03093002131201572,Crypto
2025-11-12,BTC-INR,-0.011533330436007905,Crypto
2025-11-13,BTC-INR,-0.016874543814969223,Crypto
2025-11-14,BTC-INR,-0.05455117616174865,Crypto
2025-11-15,BTC-INR,0.012239453012059531,Crypto
2025-11-16,BTC-INR,-0.01438412386579313,Crypto
2025-11-17,BTC-INR,-0.022684023940682252,Crypto
2025-11-18,BTC-INR,0.008384636926875855,Crypto
2025-11-19,BTC-INR,-0.016727332543380102,Crypto
2025-11-20,BTC-INR,-0.05065798276935074,Crypto
2025-11-21,BTC-INR,-0.007511066921729537,Crypto
2025-11-22,BTC-INR,-0.004966834334670822,Crypto
2025-11-23,BTC-INR,0.025357119464966216,Crypto
2025-11-24,BTC-INR,0.01140446585317978,Crypto
2025-11-25,BTC-INR,-0.01045951795165645,Crypto
2025-11-26,BTC-INR,0.036476409368060736,Crypto
2025-11-27,BTC-INR,0.010761407960993674,Crypto
2025-11-28,BTC-INR,-0.004203374688378392,Crypto
2025-11-29,BTC-INR,-0.0007425424767657507,Crypto
2025-11-30,BTC-INR,-0.004956384481797138,Crypto
2025-12-01,BTC-INR,-0.04229764214621545,Crypto
2025-12-02,BTC-INR,0.06185057379064052,Crypto
2025-12-03,BTC-INR,0.0267231679171267,Crypto
2025-12-04,BTC-INR,-0.0184723840606269,Crypto
2025-12-05,BTC-INR,-0.02864336198925921,Crypto
2025-12-06,BTC-INR,-0.0012168877832214875,Crypto
2025-12-07,BTC-INR,0.012602528587094985,Crypto
2025-12-08,BTC-INR,0.004598674314215456,Crypto
2025-12-09,BTC-INR,0.02021785161089884,Crypto
2025-12-10,BTC-INR,-0.008605350574269921,Crypto
2025-12-11,BTC-INR,0.010456851501780218,Crypto
2025-12-12,BTC-INR,-0.021232950666846273,Crypto
2025-12-13,BTC-INR,0.0009397962600024012,Crypto
2025-12-14,BTC-INR,-0.023515880358899843,Crypto
2025-12-15,BTC-INR,-0.01782458228750794,Crypto
2025-12-16,BTC-INR,0.01840727556731947,Crypto
2025-12-17,BTC-INR,-0.025098864481452154,Crypto
2025-12-18,BTC-INR,-0.009669498160312262,Crypto
2025-12-19,BTC-INR,0.023148935607508303,Crypto
2025-12-20,BTC-INR,0.002731096762667029,Crypto
2025-12-21,BTC-INR,0.003076846675065248,Crypto
2025-12-22,BTC-INR,-0.0011197446500966768,Crypto
2025-12-23,BTC-INR,-0.013593503005770446,Crypto
2025-12-24,BTC-INR,0.006251583816394568,Crypto
2025-12-25,BTC-INR,-0.001216170860347976,Crypto
2025-12-26,BTC-INR,-0.0028194333730842125,Crypto
2025-12-27,BTC-INR,0.0060531026536527754,Crypto
2025-12-28,BTC-INR,0.00038359572231794203,Crypto
2025-12-29,BTC-INR,-0.006993786167366234,Crypto
2025-12-30,BTC-INR,0.013353871794354655,Crypto
2025-12-31,BTC-INR,-0.008098263005914652,Crypto
2026-01-01,BTC-INR,0.013832406114135054,Crypto
2026-01-02,BTC-INR,0.014195478779624127,Crypto
2026-01-03,BTC-INR,0.0073211021004351284,Crypto
2026-01-04,BTC-INR,0.008815971266845413,Crypto
2026-01-05,BTC-INR,0.02963520308215295,Crypto
2026-01-06,BTC-INR,-0.002582478596308335,Crypto
2026-01-07,BTC-INR,-0.02895895373919366,Crypto
2026-01-08,BTC-INR,-0.0025475471235887337,Crypto
2026-01-09,BTC-INR,-0.0016355376862219329,Crypto
2026-01-10,BTC-INR,-0.0013969824005185538,Crypto
2026-01-11,BTC-INR,0.0046622439317107744,Crypto
2026-01-12,BTC-INR,0.0027327369146148417,Crypto
2026-01-13,BTC-INR,0.04701931773415735,Crypto
2026-01-14,BTC-INR,0.01614054152414446,Crypto
2026-01-15,BTC-INR,-0.012658044015271153,Crypto
2026-01-16,BTC-INR,0.0037652673716244145,Crypto
2026-01-17,BTC-INR,-0.0028801072981602394,Crypto
2026-01-18,BTC-INR,-0.017067300181792255,Crypto
2026-01-19,BTC-INR,-0.009497849071588349,Crypto
2026-01-20,BTC-INR,-0.04359633886337322,Crypto
2026-01-21,BTC-INR,0.01672107468327466,Crypto
2026-01-22,BTC-INR,0.0011905180978306618,Crypto
2026-01-23,BTC-INR,0.000987052700922808,Crypto
2026-01-24,BTC-INR,-0.004539136252998288,Crypto
2026-01-25,BTC-INR,-0.028497767682113984,Crypto
2026-01-26,BTC-INR,0.02092870848313866,Crypto
2026-01-27,BTC-INR,0.0075077755243369015,Crypto
2026-01-28,BTC-INR,0.006447973017335684,Crypto
2026-01-29,BTC-INR,-0.054502075647961945,Crypto
2026-01-30,BTC-INR,-0.00612575017682393,Crypto
2026-01-31,BTC-INR,-0.06553603907847194,Crypto
2026-02-01,BTC-INR,-0.020752244948242127,Crypto
2026-02-02,BTC-INR,0.008304765337252551,Crypto
2026-02-03,BTC-INR,-0.03908746366909088,Crypto
2026-02-04,BTC-INR,-0.03435885003474182,Crypto
2026-02-05,BTC-INR,-0.14250361483109664,Crypto
2026-02-06,BTC-INR,0.12875425375109728,Crypto
2026-02-07,BTC-INR,-0.01804845409257816,Crypto
2026-02-08,BTC-INR,0.013882047010660425,Crypto
2026-02-09,BTC-INR,0.00023554969780414936,Crypto
2026-02-10,BTC-INR,-0.0209582007172755,Crypto
2026-02-11,BTC-INR,-0.024606259649397555,Crypto
2026-02-12,BTC-INR,-0.013365114847433301,Crypto
2026-02-13,BTC-INR,0.03976592975725102,Crypto
2026-02-14,BTC-INR,0.013150764893554712,Crypto
2026-02-15,BTC-INR,-0.013987848063919284,Crypto
2026-02-16,BTC-INR,0.003263601321974896,Crypto
2026-02-17,BTC-INR,-0.021286686282765754,Crypto
2026-02-18,BTC-INR,-0.014021227901498845,Crypto
2026-02-19,BTC-INR,0.010762234731855669,Crypto
2026-02-20,BTC-INR,0.01214159640158341,Crypto
2026-02-21,BTC-INR,-2.4311508217134126e-05,Crypto
2026-02-22,BTC-INR,-0.0050219072274603205,Crypto
2026-02-23,BTC-INR,-0.041910583750021435,Crypto
2026-02-24,BTC-INR,-0.009428201479434684,Crypto
2026-02-25,BTC-INR,0.060935438006340936,Crypto
2026-02-26,BTC-INR,-0.006836362895096815,Crypto
2026-02-27,BTC-INR,-0.02251878357176318,Crypto
2026-02-28,BTC-INR,0.01686148149259159,Crypto
2026-03-01,BTC-INR,-0.018885242484182996,Crypto
2026-03-02,BTC-INR,0.05192093798136832,Crypto
2026-03-03,BTC-INR,-0.002178856123560724,Crypto
2026-03-04,BTC-INR,0.0660005697352799,Crypto
2026-03-05,BTC-INR,-0.029266568557818617,Crypto
2026-03-06,BTC-INR,-0.03657241547420487,Crypto
2026-03-07,BTC-INR,-0.012678904940537916,Crypto
2026-03-08,BTC-INR,-0.019403651339280903,Crypto
2026-03-09,BTC-INR,0.041092668497920926,Crypto
2026-03-10,BTC-INR,0.019898834223549544,Crypto
2026-03-11,BTC-INR,0.005433826870808511,Crypto
2026-03-12,BTC-INR,0.005863229409429849,Crypto
2026-03-13,BTC-INR,0.009076149558091995,Crypto
2026-03-14,BTC-INR,0.0032546379294235983,Crypto
2026-03-15,BTC-INR,0.021862786784138777,Crypto
2026-03-16,BTC-INR,0.02509957075614544,Crypto
2026-03-17,BTC-INR,-0.01116980651270405,Crypto
2026-03-18,BTC-INR,-0.027978146013132088,Crypto
2026-03-19,BTC-INR,-0.01966533663371106,Crypto
2026-03-20,BTC-INR,0.019155532096833294,Crypto
2026-03-21,BTC-INR,-0.02607422156224448,Crypto
2026-03-22,BTC-INR,-0.014743153551798116,Crypto
2026-03-23,BTC-INR,0.03959164244524627,Crypto
2026-03-24,BTC-INR,0.004899302855751575,Crypto
2026-03-25,BTC-INR,0.009545607342115403,Crypto
2026-03-26,BTC-INR,-0.03337429586568941,Crypto
2026-03-27,BTC-INR,-0.030066664709271773,Crypto
2026-03-28,BTC-INR,-0.0011427529023086969,Crypto
2026-03-29,BTC-INR,-0.005504741132797086,Crypto
2026-03-30,BTC-INR,0.006582905991793009,Crypto
2026-03-31,BTC-INR,0.013710460930875579,Crypto
2026-04-01,BTC-INR,-0.011252408870522368,Crypto
2026-04-02,BTC-INR,-0.013969101906122883,Crypto
2026-04-03,BTC-INR,-0.0016264965698047362,Crypto
2026-04-04,BTC-INR,0.007698542046874701,Crypto
2026-04-05,BTC-INR,0.025135491538776478,Crypto
2026-04-06,BTC-INR,-0.001929579244612456,Crypto
2026-04-07,BTC-INR,0.04358202799909239,Crypto
2026-04-08,BTC-INR,-0.017505418051429467,Crypto
2026-04-09,BTC-INR,0.011102761909724368,Crypto
2026-04-10,BTC-INR,0.023870863234823236,Crypto
2026-04-11,BTC-INR,0.0010221064930473478,Crypto
2026-04-12,BTC-INR,-0.016892672694147515,Crypto
2026-04-13,BTC-INR,0.057614762974988354,Crypto
2026-04-14,BTC-INR,-0.022754071387878327,Crypto
2026-04-15,BTC-INR,0.010802065870680888,Crypto
2026-04-16,BTC-INR,0.0009924371223875017,Crypto
2026-04-17,BTC-INR,0.021360932140443323,Crypto
2026-04-18,BTC-INR,-0.018160598409047823,Crypto
2026-04-19,BTC-INR,-0.024680594073454576,Crypto
2026-04-20,BTC-INR,0.033070265404160804,Crypto
2026-04-21,BTC-INR,0.011724367603273445,Crypto
2026-04-22,BTC-INR,0.026177889256027154,Crypto
2026-04-23,BTC-INR,0.004175238270770487,Crypto
2026-04-24,BTC-INR,-0.010895330890533295,Crypto
2026-04-25,BTC-INR,0.0020337967387744627,Crypto
2026-04-26,BTC-INR,0.015452904951491986,Crypto
2026-04-27,BTC-INR,-0.016326195042014824,Crypto
2026-04-28,BTC-INR,-0.00907983167868387,Crypto
2026-04-29,BTC-INR,-0.004682016640266462,Crypto
2026-04-30,BTC-INR,0.005299180402514647,Crypto
2026-05-01,BTC-INR,0.025999070333129648,Crypto
2026-05-02,BTC-INR,0.006317352841049617,Crypto
2026-05-03,BTC-INR,-0.0015133817344014089,Crypto
2026-05-04,BTC-INR,0.020159168736891386,Crypto
2026-05-05,BTC-INR,0.012291812977813121,Crypto
2026-05-06,BTC-INR,0.00011574672486136528,Crypto
2026-05-07,BTC-INR,-0.020386471384317373,Crypto
2026-05-08,BTC-INR,0.003963518971574764,Crypto
2026-05-09,BTC-INR,0.0065117691924176935,Crypto
2026-05-10,BTC-INR,0.01771865298163755,Crypto
2026-05-11,BTC-INR,0.005180883194698005,Crypto
2026-05-12,BTC-INR,-0.01273537679559511,Crypto
2026-05-13,BTC-INR,-0.01434361507976778,Crypto
2026-05-14,BTC-INR,0.02252894365424396,Crypto
2026-05-15,BTC-INR,-0.021512361675239178,Crypto
2026-05-16,BTC-INR,-0.011569132801171111,Crypto
2026-05-17,BTC-INR,-0.009568520885805953,Crypto
2026-05-18,BTC-INR,-0.0030315826927344025,Crypto
2026-05-19,BTC-INR,0.0004214804810667161,Crypto
2026-05-20,BTC-INR,0.008817407790993714,Crypto
2026-05-21,BTC-INR,-0.002623954569300757,Crypto
2026-05-22,BTC-INR,-0.031049995752463366,Crypto
2026-05-23,BTC-INR,0.015494936107019353,Crypto
2026-05-24,BTC-INR,0.00421611606669825,Crypto
2026-05-25,BTC-INR,-0.0010136234575457426,Crypto
2026-05-26,BTC-INR,-0.010481317784121869,Crypto
2026-05-27,BTC-INR,-0.018733412680864925,Crypto
2026-05-28,BTC-INR,-0.01400041818604214,Crypto
2026-05-29,BTC-INR,-0.010764646253094035,Crypto
2026-05-30,BTC-INR,0.0057183393005153516,Crypto
2026-05-31,BTC-INR,-0.002895897515364343,Crypto
2026-06-01,BTC-INR,-0.025238207761051568,Crypto
2026-06-02,BTC-INR,0.0,Crypto
2023-01-03,ETH-INR,0.000985782061286189,Crypto
2023-01-04,ETH-INR,0.032957070588964577,Crypto
2023-01-05,ETH-INR,-0.005099239160544222,Crypto
2023-01-06,ETH-INR,0.01057959945451703,Crypto
2023-01-07,ETH-INR,-0.004023980807095762,Crypto
2023-01-08,ETH-INR,0.01826512038209227,Crypto
2023-01-09,ETH-INR,0.02538361767816011,Crypto
2023-01-10,ETH-INR,0.004707158569868586,Crypto
2023-01-11,ETH-INR,0.038345031537610375,Crypto
2023-01-12,ETH-INR,0.01515620821804764,Crypto
2023-01-13,ETH-INR,0.02588890568139557,Crypto
2023-01-14,ETH-INR,0.06825739460129143,Crypto
2023-01-15,ETH-INR,0.0011447091769924977,Crypto
2023-01-16,ETH-INR,0.02028639426057488,Crypto
2023-01-17,ETH-INR,-0.007247527938982978,Crypto
2023-01-18,ETH-INR,-0.034443872893335725,Crypto
2023-01-19,ETH-INR,0.021978867158030102,Crypto
2023-01-20,ETH-INR,0.06557451275846793,Crypto
2023-01-21,ETH-INR,-0.019663103897708867,Crypto
2023-01-22,ETH-INR,0.0007494804629892826,Crypto
2023-01-23,ETH-INR,0.00626911699112731,Crypto
2023-01-24,ETH-INR,-0.04266597203020539,Crypto
2023-01-25,ETH-INR,0.03414325541391361,Crypto
2023-01-26,ETH-INR,-0.00604074776355723,Crypto
2023-01-27,ETH-INR,-0.002241747434496122,Crypto
2023-01-28,ETH-INR,-0.01608233287020333,Crypto
2023-01-29,ETH-INR,0.04685528634151792,Crypto
2023-01-30,ETH-INR,-0.04710758034867768,Crypto
2023-01-31,ETH-INR,0.014595434712993738,Crypto
2023-02-01,ETH-INR,0.034093705296636134,Crypto
2023-02-02,ETH-INR,0.004993061148663713,Crypto
2023-02-03,ETH-INR,0.018586827224490232,Crypto
2023-02-04,ETH-INR,0.0013782059815481418,Crypto
2023-02-05,ETH-INR,-0.02284823160807059,Crypto
2023-02-06,ETH-INR,-0.004625240087600124,Crypto
2023-02-07,ETH-INR,0.03433362433090137,Crypto
2023-02-08,ETH-INR,-0.013716790571431714,Crypto
2023-02-09,ETH-INR,-0.06462239120213287,Crypto
2023-02-10,ETH-INR,-0.02085094070255311,Crypto
2023-02-11,ETH-INR,0.016469078155478156,Crypto
2023-02-12,ETH-INR,-0.015888455951660885,Crypto
2023-02-13,ETH-INR,-0.004156828825946146,Crypto
2023-02-14,ETH-INR,0.03635366151674968,Crypto
2023-02-15,ETH-INR,0.07342295960471623,Crypto
2023-02-16,ETH-INR,-0.020755586805854875,Crypto
2023-02-17,ETH-INR,0.03495650484725443,Crypto
2023-02-18,ETH-INR,-0.0017608411069397478,Crypto
2023-02-19,ETH-INR,-0.006721110333181568,Crypto
2023-02-20,ETH-INR,0.011802543183082603,Crypto
2023-02-21,ETH-INR,-0.024284608577206823,Crypto
2023-02-22,ETH-INR,-0.009243781581129151,Crypto
2023-02-23,ETH-INR,0.0021317673511869195,Crypto
2023-02-24,ETH-INR,-0.02214046951462989,Crypto
2023-02-25,ETH-INR,-0.008378985509028936,Crypto
2023-02-26,ETH-INR,0.028780422862595634,Crypto
2023-02-27,ETH-INR,-0.007323625452380078,Crypto
2023-02-28,ETH-INR,-0.01759239305891147,Crypto
2023-03-01,ETH-INR,0.033128311229817076,Crypto
2023-03-02,ETH-INR,-0.010469627140409887,Crypto
2023-03-03,ETH-INR,-0.054870773195567546,Crypto
2023-03-04,ETH-INR,-0.0014299649835580741,Crypto
2023-03-05,ETH-INR,-0.0015669217450113848,Crypto
2023-03-06,ETH-INR,0.003612753810530611,Crypto
2023-03-07,ETH-INR,-0.0008063447064553531,Crypto
2023-03-08,ETH-INR,-0.01914472014316515,Crypto
2023-03-09,ETH-INR,-0.06158925555715922,Crypto
2023-03-10,ETH-INR,-0.006605181096583701,Crypto
2023-03-11,ETH-INR,0.03673467238644834,Crypto
2023-03-12,ETH-INR,0.07288416706219869,Crypto
2023-03-13,ETH-INR,0.06219042694132737,Crypto
2023-03-14,ETH-INR,0.012407125387017492,Crypto
2023-03-15,ETH-INR,-0.02292789400331785,Crypto
2023-03-16,ETH-INR,0.011562215284497634,Crypto
2023-03-17,ETH-INR,0.06755880326029295,Crypto
2023-03-18,ETH-INR,-0.017197172643880432,Crypto
2023-03-19,ETH-INR,0.013613076669456436,Crypto
2023-03-20,ETH-INR,-0.02821918386262301,Crypto
2023-03-21,ETH-INR,0.04303627545834732,Crypto
2023-03-22,ETH-INR,-0.039977653224571474,Crypto
2023-03-23,ETH-INR,0.041985521715411256,Crypto
2023-03-24,ETH-INR,-0.034472489547350715,Crypto
2023-03-25,ETH-INR,-0.004726061904598899,Crypto
2023-03-26,ETH-INR,0.018196848266272214,Crypto
2023-03-27,ETH-INR,-0.03536421843819404,Crypto
2023-03-28,ETH-INR,0.032779290013593476,Crypto
2023-03-29,ETH-INR,0.012523910541749173,Crypto
2023-03-30,ETH-INR,-0.0020305119218679835,Crypto
2023-03-31,ETH-INR,0.017325678703645764,Crypto
2023-04-01,ETH-INR,-0.004479477176235758,Crypto
2023-04-02,ETH-INR,-0.00995470597773962,Crypto
2023-04-03,ETH-INR,0.00757373473051004,Crypto
2023-04-04,ETH-INR,0.03321905324726271,Crypto
2023-04-05,ETH-INR,0.018322835827635053,Crypto
2023-04-06,ETH-INR,-0.02038055215746526,Crypto
2023-04-07,ETH-INR,-0.0033586820631493763,Crypto
2023-04-08,ETH-INR,-0.009070718564577085,Crypto
2023-04-09,ETH-INR,0.005894426375516737,Crypto
2023-04-10,ETH-INR,0.02911316749702486,Crypto
2023-04-11,ETH-INR,-0.008909783110981007,Crypto
2023-04-12,ETH-INR,0.013706278367558111,Crypto
2023-04-13,ETH-INR,0.044293804646036605,Crypto
2023-04-14,ETH-INR,0.0463335446841624,Crypto
2023-04-15,ETH-INR,-0.004411239987006654,Crypto
2023-04-16,ETH-INR,0.013196280264456517,Crypto
2023-04-17,ETH-INR,-0.018730604613316104,Crypto
2023-04-18,ETH-INR,0.014904419365448618,Crypto
2023-04-19,ETH-INR,-0.07728223562366032,Crypto
2023-04-20,ETH-INR,0.00102209809397813,Crypto
2023-04-21,ETH-INR,-0.049074638788518365,Crypto
2023-04-22,ETH-INR,0.013096537691962062,Crypto
2023-04-23,ETH-INR,-0.0063194737934757494,Crypto
2023-04-24,ETH-INR,-0.012809625693167459,Crypto
2023-04-25,ETH-INR,0.014745891111329623,Crypto
2023-04-26,ETH-INR,-0.002841640797452083,Crypto
2023-04-27,ETH-INR,0.0225839439806641,Crypto
2023-04-28,ETH-INR,-0.00875105408603949,Crypto
2023-04-29,ETH-INR,0.00865863301465164,Crypto
2023-04-30,ETH-INR,-0.01675776830508091,Crypto
2023-05-01,ETH-INR,-0.023602282566255628,Crypto
2023-05-02,ETH-INR,0.021245944809356043,Crypto
2023-05-03,ETH-INR,0.01811944998331194,Crypto
2023-05-04,ETH-INR,-0.014918806395175732,Crypto
2023-05-05,ETH-INR,0.06267448898708206,Crypto
2023-05-06,ETH-INR,-0.047537011380495264,Crypto
2023-05-07,ETH-INR,-0.014283819967567779,Crypto
2023-05-08,ETH-INR,-0.012111529402734855,Crypto
2023-05-09,ETH-INR,0.0036235668639108543,Crypto
2023-05-10,ETH-INR,-0.005602879904565983,Crypto
2023-05-11,ETH-INR,-0.022771659050508486,Crypto
2023-05-12,ETH-INR,0.008326779344425939,Crypto
2023-05-13,ETH-INR,-0.0072585572083636585,Crypto
2023-05-14,ETH-INR,0.0024427834438929263,Crypto
2023-05-15,ETH-INR,0.010288066929761142,Crypto
2023-05-16,ETH-INR,0.003969344973958622,Crypto
2023-05-17,ETH-INR,0.0006399118029172257,Crypto
2023-05-18,ETH-INR,-0.007760885950311436,Crypto
2023-05-19,ETH-INR,0.007407818191862869,Crypto
2023-05-20,ETH-INR,0.0043642020754908195,Crypto
2023-05-21,ETH-INR,-0.007978893697015876,Crypto
2023-05-22,ETH-INR,0.006236537442828594,Crypto
2023-05-23,ETH-INR,0.02108171153480276,Crypto
2023-05-24,ETH-INR,-0.0313454794075787,Crypto
2023-05-25,ETH-INR,0.0035974820459085954,Crypto
2023-05-26,ETH-INR,0.01041664270389564,Crypto
2023-05-27,ETH-INR,0.0013280465359593041,Crypto
2023-05-28,ETH-INR,0.04370736442240286,Crypto
2023-05-29,ETH-INR,-0.009274957851452936,Crypto
2023-05-30,ETH-INR,0.005466790069904137,Crypto
2023-05-31,ETH-INR,-0.01435321609616702,Crypto
2023-06-01,ETH-INR,-0.01105628642990808,Crypto
2023-06-02,ETH-INR,0.02575675234404229,Crypto
2023-06-03,ETH-INR,-0.007831079806764119,Crypto
2023-06-04,ETH-INR,-0.0008605542398179011,Crypto
2023-06-05,ETH-INR,-0.0404370582889807,Crypto
2023-06-06,ETH-INR,0.04018874503178771,Crypto
2023-06-07,ETH-INR,-0.026467927615466014,Crypto
2023-06-08,ETH-INR,0.006006030181457511,Crypto
2023-06-09,ETH-INR,-0.00406222514319865,Crypto
2023-06-10,ETH-INR,-0.047736364548495724,Crypto
2023-06-11,ETH-INR,0.0008375049923605715,Crypto
2023-06-12,ETH-INR,-0.007505729114537507,Crypto
2023-06-13,ETH-INR,-0.0025720877188855074,Crypto
2023-06-14,ETH-INR,-0.053732113116054636,Crypto
2023-06-15,ETH-INR,0.007462485075029779,Crypto
2023-06-16,ETH-INR,0.03063371921827973,Crypto
2023-06-17,ETH-INR,0.006137017988888216,Crypto
2023-06-18,ETH-INR,-0.0037356725861847906,Crypto
2023-06-19,ETH-INR,0.010778764546736985,Crypto
2023-06-20,ETH-INR,0.03144065405036467,Crypto
2023-06-21,ETH-INR,0.05453289525593141,Crypto
2023-06-22,ETH-INR,-0.009821057994005455,Crypto
2023-06-23,ETH-INR,0.011107115684703128,Crypto
2023-06-24,ETH-INR,-0.008541562842318218,Crypto
2023-06-25,ETH-INR,0.013025022191583746,Crypto
2023-06-26,ETH-INR,-0.021354110363398182,Crypto
2023-06-27,ETH-INR,0.0161792682804367,Crypto
2023-06-28,ETH-INR,-0.0323351170400612,Crypto
2023-06-29,ETH-INR,0.013873544468391064,Crypto
2023-06-30,ETH-INR,0.043972340902477924,Crypto
2023-07-01,ETH-INR,-0.004460542798645828,Crypto
2023-07-02,ETH-INR,0.006692163164532472,Crypto
2023-07-03,ETH-INR,0.0074679399523440715,Crypto
2023-07-04,ETH-INR,-0.008902880933462254,Crypto
2023-07-05,ETH-INR,-0.008793270292169808,Crypto
2023-07-06,ETH-INR,-0.028029914880278728,Crypto
2023-07-07,ETH-INR,0.010552882614753845,Crypto
2023-07-08,ETH-INR,-0.0028273253889858907,Crypto
2023-07-09,ETH-INR,-0.0017710879244778877,Crypto
2023-07-10,ETH-INR,0.0083187917245362,Crypto
2023-07-11,ETH-INR,-0.0026984379324540564,Crypto
2023-07-12,ETH-INR,-0.008127817658093006,Crypto
2023-07-13,ETH-INR,0.07216822220638974,Crypto
2023-07-14,ETH-INR,-0.03226322744290955,Crypto
2023-07-15,ETH-INR,-0.004275627130235771,Crypto
2023-07-16,ETH-INR,-0.004505991553100719,Crypto
2023-07-17,ETH-INR,-0.006524117641936167,Crypto
2023-07-18,ETH-INR,-0.00709828686840841,Crypto
2023-07-19,ETH-INR,-0.004692919648523586,Crypto
2023-07-20,ETH-INR,0.001293014295730588,Crypto
2023-07-21,ETH-INR,-0.0003851484502657154,Crypto
2023-07-22,ETH-INR,-0.014346718420915394,Crypto
2023-07-23,ETH-INR,0.013019099890544616,Crypto
2023-07-24,ETH-INR,-0.023007134264074303,Crypto
2023-07-25,ETH-INR,0.005866611168766633,Crypto
2023-07-26,ETH-INR,0.008057323709866449,Crypto
2023-07-27,ETH-INR,-0.0014630138492536249,Crypto
2023-07-28,ETH-INR,0.006404175443676552,Crypto
2023-07-29,ETH-INR,0.003373239258969374,Crypto
2023-07-30,ETH-INR,-0.010487860017546535,Crypto
2023-07-31,ETH-INR,-0.003074064066572735,Crypto
2023-08-01,ETH-INR,0.009150014380860494,Crypto
2023-08-02,ETH-INR,-0.012317476094965918,Crypto
2023-08-03,ETH-INR,-0.0015345224418901182,Crypto
2023-08-04,ETH-INR,-0.005343239801952948,Crypto
2023-08-05,ETH-INR,0.0039803585734983216,Crypto
2023-08-06,ETH-INR,-0.0038737390933935023,Crypto
2023-08-07,ETH-INR,0.0009589665700635575,Crypto
2023-08-08,ETH-INR,0.01646344518132925,Crypto
2023-08-09,ETH-INR,-0.0006440710002408867,Crypto
2023-08-10,ETH-INR,-0.002711153087106677,Crypto
2023-08-11,ETH-INR,-6.474616952489853e-05,Crypto
2023-08-12,ETH-INR,0.0009557561287236727,Crypto
2023-08-13,ETH-INR,-0.005915893901837221,Crypto
2023-08-14,ETH-INR,0.00731836089375526,Crypto
2023-08-15,ETH-INR,-0.010325435088472501,Crypto
2023-08-16,ETH-INR,-0.011208543484529154,Crypto
2023-08-17,ETH-INR,-0.06841436033831516,Crypto
2023-08-18,ETH-INR,-0.013543586794054319,Crypto
2023-08-19,ETH-INR,0.005133585908007499,Crypto
2023-08-20,ETH-INR,0.009340677088790716,Crypto
2023-08-21,ETH-INR,-0.011076046936212447,Crypto
2023-08-22,ETH-INR,-0.020533967265219277,Crypto
2023-08-23,ETH-INR,0.02127872914508644,Crypto
2023-08-24,ETH-INR,-0.010352930726499676,Crypto
2023-08-25,ETH-INR,-0.005348106441829148,Crypto
2023-08-26,ETH-INR,-0.0040099159448695465,Crypto
2023-08-27,ETH-INR,0.00822527172772669,Crypto
2023-08-28,ETH-INR,-0.0027196556098812996,Crypto
2023-08-29,ETH-INR,0.044337994592737795,Crypto
2023-08-30,ETH-INR,-0.01184010903726962,Crypto
2023-08-31,ETH-INR,-0.03508918891846635,Crypto
2023-09-01,ETH-INR,-0.009927181377761607,Crypto
2023-09-02,ETH-INR,0.0052404589130483625,Crypto
2023-09-03,ETH-INR,-0.0005525591136716912,Crypto
2023-09-04,ETH-INR,-0.0038119835509792255,Crypto
2023-09-05,ETH-INR,0.006708318572297589,Crypto
2023-09-06,ETH-INR,0.0011990297252546522,Crypto
2023-09-07,ETH-INR,0.009208686694015755,Crypto
2023-09-08,ETH-INR,-0.009302842758078245,Crypto
2023-09-09,ETH-INR,-0.0005962596522764985,Crypto
2023-09-10,ETH-INR,-0.011372053154346418,Crypto
2023-09-11,ETH-INR,-0.041382657538647005,Crypto
2023-09-12,ETH-INR,0.025198675231347556,Crypto
2023-09-13,ETH-INR,0.010878094707982733,Crypto
2023-09-14,ETH-INR,0.012858577670755489,Crypto
2023-09-15,ETH-INR,0.009931918024026487,Crypto
2023-09-16,ETH-INR,-0.003909944491821693,Crypto
2023-09-17,ETH-INR,-0.007752161704698279,Crypto
2023-09-18,ETH-INR,0.010793457295766418,Crypto
2023-09-19,ETH-INR,0.003312999904848235,Crypto
2023-09-20,ETH-INR,-0.01393449057217766,Crypto
2023-09-21,ETH-INR,-0.0261915116322321,Crypto
2023-09-22,ETH-INR,0.00829907513575967,Crypto
2023-09-23,ETH-INR,0.0003699738433804445,Crypto
2023-09-24,ETH-INR,-0.009642659584671254,Crypto
2023-09-25,ETH-INR,0.005384891832239003,Crypto
2023-09-26,ETH-INR,0.006473207012887672,Crypto
2023-09-27,ETH-INR,0.0017901518692000629,Crypto
2023-09-28,ETH-INR,0.03423083643663705,Crypto
2023-09-29,ETH-INR,0.008833786560700663,Crypto
2023-09-30,ETH-INR,0.001929255887243242,Crypto
2023-10-01,ETH-INR,0.035710748891577326,Crypto
2023-10-02,ETH-INR,-0.036711960234823704,Crypto
2023-10-03,ETH-INR,-0.005767589932479167,Crypto
2023-10-04,ETH-INR,-0.005011876107719027,Crypto
2023-10-05,ETH-INR,-0.022403215047288705,Crypto
2023-10-06,ETH-INR,0.019827324678907576,Crypto
2023-10-07,ETH-INR,-0.006696485690158793,Crypto
2023-10-08,ETH-INR,-0.0005306450995200551,Crypto
2023-10-09,ETH-INR,-0.031203745991439158,Crypto
2023-10-10,ETH-INR,-0.007893660366529831,Crypto
2023-10-11,ETH-INR,-0.0021421484864588836,Crypto
2023-10-12,ETH-INR,-0.01567306575599381,Crypto
2023-10-13,ETH-INR,0.008308567870856098,Crypto
2023-10-14,ETH-INR,0.002040684835529216,Crypto
2023-10-15,ETH-INR,0.0018448974795910456,Crypto
2023-10-16,ETH-INR,0.026196130658243222,Crypto
2023-10-17,ETH-INR,-0.021254566900159033,Crypto
2023-10-18,ETH-INR,-0.0009064199481204627,Crypto
2023-10-19,ETH-INR,0.0006155879837226319,Crypto
2023-10-20,ETH-INR,0.02533882680431998,Crypto
2023-10-21,ETH-INR,0.015353716299234321,Crypto
2023-10-22,ETH-INR,0.019811684803580976,Crypto
2023-10-23,ETH-INR,0.0596251357845583,Crypto
2023-10-24,ETH-INR,0.010636015090420115,Crypto
2023-10-25,ETH-INR,0.003290746335657513,Crypto
2023-10-26,ETH-INR,0.010901882427373222,Crypto
2023-10-27,ETH-INR,-0.011717367986566973,Crypto
2023-10-28,ETH-INR,-0.0019252756087384526,Crypto
2023-10-29,ETH-INR,0.010597738962054848,Crypto
2023-10-30,ETH-INR,0.006112708700302338,Crypto
2023-10-31,ETH-INR,0.00388340031199097,Crypto
2023-11-01,ETH-INR,0.01656995291653951,Crypto
2023-11-02,ETH-INR,-0.025347453874508763,Crypto
2023-11-03,ETH-INR,0.016904540372330912,Crypto
2023-11-04,ETH-INR,0.01358767525886706,Crypto
2023-11-05,ETH-INR,0.019636151345892916,Crypto
2023-11-06,ETH-INR,0.0037639704357952386,Crypto
2023-11-07,ETH-INR,-0.006047007353947587,Crypto
2023-11-08,ETH-INR,0.00046630174495287946,Crypto
2023-11-09,ETH-INR,0.12371937345932515,Crypto
2023-11-10,ETH-INR,-0.020205637184846026,Crypto
2023-11-11,ETH-INR,-0.012306150376391822,Crypto
2023-11-12,ETH-INR,-0.003586326668081896,Crypto
2023-11-13,ETH-INR,0.003547324424270526,Crypto
2023-11-14,ETH-INR,-0.03897128770537517,Crypto
2023-11-15,ETH-INR,0.043152990881520914,Crypto
2023-11-16,ETH-INR,-0.04905719168360312,Crypto
2023-11-17,ETH-INR,0.0022637571370327514,Crypto
2023-11-18,ETH-INR,0.0010219087713996267,Crypto
2023-11-19,ETH-INR,0.025432489533118385,Crypto
2023-11-20,ETH-INR,0.004852123540179054,Crypto
2023-11-21,ETH-INR,-0.041847878701779306,Crypto
2023-11-22,ETH-INR,0.0659860948653126,Crypto
2023-11-23,ETH-INR,-0.001315914549262942,Crypto
2023-11-24,ETH-INR,0.00883853569928239,Crypto
2023-11-25,ETH-INR,0.0015669828627637994,Crypto
2023-11-26,ETH-INR,-0.010093471498656137,Crypto
2023-11-27,ETH-INR,-0.016870794696431046,Crypto
2023-11-28,ETH-INR,0.011048647051520089,Crypto
2023-11-29,ETH-INR,-0.010091056150210553,Crypto
2023-11-30,ETH-INR,0.011428190330542654,Crypto
2023-12-01,ETH-INR,0.01559767446809146,Crypto
2023-12-02,ETH-INR,0.037641916378853946,Crypto
2023-12-03,ETH-INR,0.012737195315938754,Crypto
2023-12-04,ETH-INR,0.024989613582481862,Crypto
2023-12-05,ETH-INR,0.021186993246430363,Crypto
2023-12-06,ETH-INR,-0.026954384818054122,Crypto
2023-12-07,ETH-INR,0.056708765892233615,Crypto
2023-12-08,ETH-INR,0.0013962005217464935,Crypto
2023-12-09,ETH-INR,-0.007443298887217065,Crypto
2023-12-10,ETH-INR,0.004893604851847533,Crypto
2023-12-11,ETH-INR,-0.055423671700135735,Crypto
2023-12-12,ETH-INR,-0.00955447562176448,Crypto
2023-12-13,ETH-INR,0.025289607370492018,Crypto
2023-12-14,ETH-INR,0.024934043398987082,Crypto
2023-12-15,ETH-INR,-0.0449367957256801,Crypto
2023-12-16,ETH-INR,0.003419566015071984,Crypto
2023-12-17,ETH-INR,-0.013671107638289826,Crypto
2023-12-18,ETH-INR,0.01051955288837747,Crypto
2023-12-19,ETH-INR,-0.018250658930066388,Crypto
2023-12-20,ETH-INR,0.013223178032077065,Crypto
2023-12-21,ETH-INR,0.01543380344177292,Crypto
2023-12-22,ETH-INR,0.04138117001544317,Crypto
2023-12-23,ETH-INR,-0.007524649798225647,Crypto
2023-12-24,ETH-INR,-0.020680307483957217,Crypto
2023-12-25,ETH-INR,0.0030319965307863406,Crypto
2023-12-26,ETH-INR,-0.017959174293459612,Crypto
2023-12-27,ETH-INR,0.0670935241891073,Crypto
2023-12-28,ETH-INR,-0.017578263048153686,Crypto
2023-12-29,ETH-INR,-0.01609078151496468,Crypto
2023-12-30,ETH-INR,-0.0037490488438086667,Crypto
2023-12-31,ETH-INR,-0.004471570056249541,Crypto
2024-01-01,ETH-INR,0.03070217663450836,Crypto
2024-01-02,ETH-INR,0.002148792461822646,Crypto
2024-01-03,ETH-INR,-0.06089577958963022,Crypto
2024-01-04,ETH-INR,0.025514151601611523,Crypto
2024-01-05,ETH-INR,-0.0008899553169474661,Crypto
2024-01-06,ETH-INR,-0.011911302391367506,Crypto
2024-01-07,ETH-INR,-0.00856063894144321,Crypto
2024-01-08,ETH-INR,0.0479812882593309,Crypto
2024-01-09,ETH-INR,0.006057992245840804,Crypto
2024-01-10,ETH-INR,0.09963885825535201,Crypto
2024-01-11,ETH-INR,0.015258550660744108,Crypto
2024-01-12,ETH-INR,-0.038580404250607936,Crypto
2024-01-13,ETH-INR,0.020652993445480883,Crypto
2024-01-14,ETH-INR,-0.04055832552682159,Crypto
2024-01-15,ETH-INR,0.01564193730382568,Crypto
2024-01-16,ETH-INR,0.03325037172038692,Crypto
2024-01-17,ETH-INR,-0.02240239326286564,Crypto
2024-01-18,ETH-INR,-0.023906219556914854,Crypto
2024-01-19,ETH-INR,0.008601785638944648,Crypto
2024-01-20,ETH-INR,-0.007997381398414771,Crypto
2024-01-21,ETH-INR,-0.006299535043742144,Crypto
2024-01-22,ETH-INR,-0.05866090112525946,Crypto
2024-01-23,ETH-INR,-0.02887931066049554,Crypto
2024-01-24,ETH-INR,-0.004568844329403521,Crypto
2024-01-25,ETH-INR,-0.006579665638673737,Crypto
2024-01-26,ETH-INR,0.021931399575888744,Crypto
2024-01-27,ETH-INR,0.00030264225761511554,Crypto
2024-01-28,ETH-INR,-0.004698570816838776,Crypto
2024-01-29,ETH-INR,0.026947859696637266,Crypto
2024-01-30,ETH-INR,0.0113222107822053,Crypto
2024-01-31,ETH-INR,-0.027092044824153616,Crypto
2024-02-01,ETH-INR,0.007952199436500162,Crypto
2024-02-02,ETH-INR,0.0025523283321446932,Crypto
2024-02-03,ETH-INR,-0.005199161302462341,Crypto
2024-02-04,ETH-INR,-0.002854953739517163,Crypto
2024-02-05,ETH-INR,0.004646487868563698,Crypto
2024-02-06,ETH-INR,0.03220384954344202,Crypto
2024-02-07,ETH-INR,0.020718192070434016,Crypto
2024-02-08,ETH-INR,-0.001653440437847542,Crypto
2024-02-09,ETH-INR,0.02833493608285731,Crypto
2024-02-10,ETH-INR,0.0055125480193372045,Crypto
2024-02-11,ETH-INR,0.002506305269878162,Crypto
2024-02-12,ETH-INR,0.059757217094186466,Crypto
2024-02-13,ETH-INR,-0.005098493889520772,Crypto
2024-02-14,ETH-INR,0.05073512215490128,Crypto
2024-02-15,ETH-INR,0.016663385041181034,Crypto
2024-02-16,ETH-INR,-0.0072713010700519165,Crypto
2024-02-17,ETH-INR,-0.006070110484348801,Crypto
2024-02-18,ETH-INR,0.03312834895695849,Crypto
2024-02-19,ETH-INR,0.02251116366137107,Crypto
2024-02-20,ETH-INR,0.021859686857423455,Crypto
2024-02-21,ETH-INR,-0.013473491415274763,Crypto
2024-02-22,ETH-INR,-0.0005682857843247735,Crypto
2024-02-23,ETH-INR,-0.01649854309830301,Crypto
2024-02-24,ETH-INR,0.02420812019789942,Crypto
2024-02-25,ETH-INR,0.040221768522253676,Crypto
2024-02-26,ETH-INR,0.020917142928954746,Crypto
2024-02-27,ETH-INR,0.021747600783923016,Crypto
2024-02-28,ETH-INR,0.04310868675373847,Crypto
2024-02-29,ETH-INR,-0.012907394294033536,Crypto
2024-03-01,ETH-INR,0.02702694168141151,Crypto
2024-03-02,ETH-INR,-0.003785710034487022,Crypto
2024-03-03,ETH-INR,0.020148611038697695,Crypto
2024-03-04,ETH-INR,0.04076216675868971,Crypto
2024-03-05,ETH-INR,-0.021103527851065063,Crypto
2024-03-06,ETH-INR,0.07348443743432442,Crypto
2024-03-07,ETH-INR,0.013253095846918805,Crypto
2024-03-08,ETH-INR,0.004927782762969013,Crypto
2024-03-09,ETH-INR,0.006001375834791212,Crypto
2024-03-10,ETH-INR,-0.00870063558012224,Crypto
2024-03-11,ETH-INR,0.048018643891018176,Crypto
2024-03-12,ETH-INR,-0.020518484953052196,Crypto
2024-03-13,ETH-INR,0.006552875727385166,Crypto
2024-03-14,ETH-INR,-0.029229158592105398,Crypto
2024-03-15,ETH-INR,-0.03896942246200419,Crypto
2024-03-16,ETH-INR,-0.056853440510153064,Crypto
2024-03-17,ETH-INR,0.03392869239570118,Crypto
2024-03-18,ETH-INR,-0.0339707374955156,Crypto
2024-03-19,ETH-INR,-0.10121614628255993,Crypto
2024-03-20,ETH-INR,0.11315923193680866,Crypto
2024-03-21,ETH-INR,-0.0038867010525781565,Crypto
2024-03-22,ETH-INR,-0.04126465927985823,Crypto
2024-03-23,ETH-INR,0.0008717567738045773,Crypto
2024-03-24,ETH-INR,0.03549331520081056,Crypto
2024-03-25,ETH-INR,0.03713502566653304,Crypto
2024-03-26,ETH-INR,-0.0019359651136102718,Crypto
2024-03-27,ETH-INR,-0.024059765588292814,Crypto
2024-03-28,ETH-INR,0.017895251056935013,Crypto
2024-03-29,ETH-INR,-0.01402741170878985,Crypto
2024-03-30,ETH-INR,-0.0010996286618893958,Crypto
2024-03-31,ETH-INR,0.03979943872586422,Crypto
2024-04-01,ETH-INR,-0.03873380966765505,Crypto
2024-04-02,ETH-INR,-0.06569273394111408,Crypto
2024-04-03,ETH-INR,0.010718930859435316,Crypto
2024-04-04,ETH-INR,0.006919250434533009,Crypto
2024-04-05,ETH-INR,-0.0055524442602897794,Crypto
2024-04-06,ETH-INR,0.010635722027267702,Crypto
2024-04-07,ETH-INR,0.029607978080210984,Crypto
2024-04-08,ETH-INR,0.06967359056892164,Crypto
2024-04-09,ETH-INR,-0.051974488449250456,Crypto
2024-04-10,ETH-INR,0.013294516995948857,Crypto
2024-04-11,ETH-INR,-0.011614013483872032,Crypto
2024-04-12,ETH-INR,-0.07189971448732169,Crypto
2024-04-13,ETH-INR,-0.07342946469875455,Crypto
2024-04-14,ETH-INR,0.05059782252113787,Crypto
2024-04-15,ETH-INR,-0.018765245041229006,Crypto
2024-04-16,ETH-INR,-0.0034542913442188183,Crypto
2024-04-17,ETH-INR,-0.0333073550629841,Crypto
2024-04-18,ETH-INR,0.026614260919401778,Crypto
2024-04-19,ETH-INR,-0.004289384330397605,Crypto
2024-04-20,ETH-INR,0.03214775786111845,Crypto
2024-04-21,ETH-INR,-0.0030931549242440015,Crypto
2024-04-22,ETH-INR,0.017330497111941012,Crypto
2024-04-23,ETH-INR,0.004500694674474559,Crypto
2024-04-24,ETH-INR,-0.024295323409797787,Crypto
2024-04-25,ETH-INR,0.004650732863924922,Crypto
2024-04-26,ETH-INR,-0.006946004629797997,Crypto
2024-04-27,ETH-INR,0.03897664228840969,Crypto
2024-04-28,ETH-INR,0.0032624621225694206,Crypto
2024-04-29,ETH-INR,-0.014015570584975268,Crypto
2024-04-30,ETH-INR,-0.06256901568162077,Crypto
2024-05-01,ETH-INR,-0.015195809906669355,Crypto
2024-05-02,ETH-INR,0.006163964249814802,Crypto
2024-05-03,ETH-INR,0.03830807571498851,Crypto
2024-05-04,ETH-INR,0.004522044878209952,Crypto
2024-05-05,ETH-INR,0.006310850659871248,Crypto
2024-05-06,ETH-INR,-0.02213307404821674,Crypto
2024-05-07,ETH-INR,-0.018975525868284326,Crypto
2024-05-08,ETH-INR,-0.010941000786352295,Crypto
2024-05-09,ETH-INR,0.02093881865837144,Crypto
2024-05-10,ETH-INR,-0.04060573274451518,Crypto
2024-05-11,ETH-INR,0.000622356327309781,Crypto
2024-05-12,ETH-INR,0.005613074881550828,Crypto
2024-05-13,ETH-INR,0.0068196335132042485,Crypto
2024-05-14,ETH-INR,-0.022915034887351915,Crypto
2024-05-15,ETH-INR,0.05260534389126503,Crypto
2024-05-16,ETH-INR,-0.029443349161459298,Crypto
2024-05-17,ETH-INR,0.048388921450824185,Crypto
2024-05-18,ETH-INR,0.009317767448345782,Crypto
2024-05-19,ETH-INR,-0.016363392398518695,Crypto
2024-05-20,ETH-INR,0.1928631212844023,Crypto
2024-05-21,ETH-INR,0.03432940156050557,Crypto
2024-05-22,ETH-INR,-0.014250731471693312,Crypto
2024-05-23,ETH-INR,0.010767103265747258,Crypto
2024-05-24,ETH-INR,-0.015937533372904822,Crypto
2024-05-25,ETH-INR,0.00598400221285722,Crypto
2024-05-26,ETH-INR,0.02036965100224064,Crypto
2024-05-27,ETH-INR,0.018434589676145974,Crypto
2024-05-28,ETH-INR,-0.012583617821266602,Crypto
2024-05-29,ETH-INR,-0.01819251552472778,Crypto
2024-05-30,ETH-INR,-0.004878914661626599,Crypto
2024-05-31,ETH-INR,0.005199427675573576,Crypto
2024-06-01,ETH-INR,0.014141391609966192,Crypto
2024-06-02,ETH-INR,-0.00858790525221198,Crypto
2024-06-03,ETH-INR,-0.008047041438579039,Crypto
2024-06-04,ETH-INR,0.019290227771641577,Crypto
2024-06-05,ETH-INR,0.009951823862689668,Crypto
2024-06-06,ETH-INR,-0.012535383734999628,Crypto
2024-06-07,ETH-INR,-0.03422711847725546,Crypto
2024-06-08,ETH-INR,0.0006308690116387794,Crypto
2024-06-09,ETH-INR,0.006790144035699219,Crypto
2024-06-10,ETH-INR,-0.010531243419045544,Crypto
2024-06-11,ETH-INR,-0.045173933985983905,Crypto
2024-06-12,ETH-INR,0.015783246801484463,Crypto
2024-06-13,ETH-INR,-0.024526751741774544,Crypto
2024-06-14,ETH-INR,0.0034586597844312728,Crypto
2024-06-15,ETH-INR,0.024503096605405172,Crypto
2024-06-16,ETH-INR,0.015435491129263124,Crypto
2024-06-17,ETH-INR,-0.03075584258428332,Crypto
2024-06-18,ETH-INR,-0.009324958126631033,Crypto
2024-06-19,ETH-INR,0.022213426539360537,Crypto
2024-06-20,ETH-INR,-0.011405432672973559,Crypto
2024-06-21,ETH-INR,0.0009840234325968478,Crypto
2024-06-22,ETH-INR,-0.006047129684698782,Crypto
2024-06-23,ETH-INR,-0.021835212945758076,Crypto
2024-06-24,ETH-INR,-0.021356696652972573,Crypto
2024-06-25,ETH-INR,0.012991153192457361,Crypto
2024-06-26,ETH-INR,-0.005558469921718157,Crypto
2024-06-27,ETH-INR,0.020762286960748888,Crypto
2024-06-28,ETH-INR,-0.021638584460714316,Crypto
2024-06-29,ETH-INR,-0.00019799852601098955,Crypto
2024-06-30,ETH-INR,0.017766385483455993,Crypto
2024-07-01,ETH-INR,0.0030581497227823995,Crypto
2024-07-02,ETH-INR,-0.006498798899518321,Crypto
2024-07-03,ETH-INR,-0.03601473079375794,Crypto
2024-07-04,ETH-INR,-0.07238399990543065,Crypto
2024-07-05,ETH-INR,-0.024111271291166303,Crypto
2024-07-06,ETH-INR,0.029440304242091875,Crypto
2024-07-07,ETH-INR,-0.04560761939889635,Crypto
2024-07-08,ETH-INR,0.03032053114669364,Crypto
2024-07-09,ETH-INR,0.015412589039840219,Crypto
2024-07-10,ETH-INR,0.012503974658930606,Crypto
2024-07-11,ETH-INR,-0.000245879957375128,Crypto
2024-07-12,ETH-INR,0.01082976596016727,Crypto
2024-07-13,ETH-INR,0.013732553307241435,Crypto
2024-07-14,ETH-INR,0.02107820813443917,Crypto
2024-07-15,ETH-INR,0.07654292908293603,Crypto
2024-07-16,ETH-INR,-0.01388756457332907,Crypto
2024-07-17,ETH-INR,-0.01540187146579608,Crypto
2024-07-18,ETH-INR,0.012484976671081949,Crypto
2024-07-19,ETH-INR,0.023699943699228676,Crypto
2024-07-20,ETH-INR,0.0038680183137087543,Crypto
2024-07-21,ETH-INR,0.004919128926567318,Crypto
2024-07-22,ETH-INR,-0.027887271921400614,Crypto
2024-07-23,ETH-INR,0.012519047904917757,Crypto
2024-07-24,ETH-INR,-0.041419372906339125,Crypto
2024-07-25,ETH-INR,-0.04851035948516924,Crypto
2024-07-26,ETH-INR,0.03191702579531297,Crypto
2024-07-27,ETH-INR,-0.008853158456579302,Crypto
2024-07-28,ETH-INR,0.007412824576139121,Crypto
2024-07-29,ETH-INR,0.015275699014823285,Crypto
2024-07-30,ETH-INR,-0.012337169366333112,Crypto
2024-07-31,ETH-INR,-0.015105240055731217,Crypto
2024-08-01,ETH-INR,-0.008892206600559671,Crypto
2024-08-02,ETH-INR,-0.06706844951736057,Crypto
2024-08-03,ETH-INR,-0.02767150335206403,Crypto
2024-08-04,ETH-INR,-0.07508687072090992,Crypto
2024-08-05,ETH-INR,-0.09733349837211747,Crypto
2024-08-06,ETH-INR,0.016356013073298703,Crypto
2024-08-07,ETH-INR,-0.04959064256643475,Crypto
2024-08-08,ETH-INR,0.14904388282331738,Crypto
2024-08-09,ETH-INR,-0.03161966358336865,Crypto
2024-08-10,ETH-INR,0.00400994747620298,Crypto
2024-08-11,ETH-INR,-0.021795274225041017,Crypto
2024-08-12,ETH-INR,0.06637584940562569,Crypto
2024-08-13,ETH-INR,-0.007802894507048297,Crypto
2024-08-14,ETH-INR,-0.014021193110792196,Crypto
2024-08-15,ETH-INR,-0.035124827257210334,Crypto
2024-08-16,ETH-INR,0.007977929288412122,Crypto
2024-08-17,ETH-INR,0.008237090371833622,Crypto
2024-08-18,ETH-INR,-0.0003154671918039753,Crypto
2024-08-19,ETH-INR,0.009169897655724846,Crypto
2024-08-20,ETH-INR,-0.02533712123085008,Crypto
2024-08-21,ETH-INR,0.02387825545127087,Crypto
2024-08-22,ETH-INR,-0.002609046293460482,Crypto
2024-08-23,ETH-INR,0.05233261113780219,Crypto
2024-08-24,ETH-INR,0.001787948848464671,Crypto
2024-08-25,ETH-INR,-0.007302677163615767,Crypto
2024-08-26,ETH-INR,-0.023836296448696448,Crypto
2024-08-27,ETH-INR,-0.08262331883734397,Crypto
2024-08-28,ETH-INR,0.02859124011812031,Crypto
2024-08-29,ETH-INR,-0.000411088947677829,Crypto
2024-08-30,ETH-INR,-0.0012901157922561302,Crypto
2024-08-31,ETH-INR,-0.004920454024215037,Crypto
2024-09-01,ETH-INR,-0.034297564973527095,Crypto
2024-09-02,ETH-INR,0.0462505294182336,Crypto
2024-09-03,ETH-INR,-0.04605436830394549,Crypto
2024-09-04,ETH-INR,0.012097545882689298,Crypto
2024-09-05,ETH-INR,-0.03316247749649415,Crypto
2024-09-06,ETH-INR,-0.06073304279368774,Crypto
2024-09-07,ETH-INR,0.022586907051129312,Crypto
2024-09-08,ETH-INR,0.01016181030147556,Crypto
2024-09-09,ETH-INR,0.026614621447645037,Crypto
2024-09-10,ETH-INR,0.013199378938139494,Crypto
2024-09-11,ETH-INR,-0.020687616331588554,Crypto
2024-09-12,ETH-INR,0.008537387872398217,Crypto
2024-09-13,ETH-INR,0.033282166706922967,Crypto
2024-09-14,ETH-INR,-0.009424722305041322,Crypto
2024-09-15,ETH-INR,-0.04035300950484266,Crypto
2024-09-16,ETH-INR,-0.011045283938636241,Crypto
2024-09-17,ETH-INR,0.018846504800508646,Crypto
2024-09-18,ETH-INR,0.011046797771571804,Crypto
2024-09-19,ETH-INR,0.039104436269396636,Crypto
2024-09-20,ETH-INR,0.03749461228750994,Crypto
2024-09-21,ETH-INR,0.021391481421856318,Crypto
2024-09-22,ETH-INR,-0.012683331465980663,Crypto
2024-09-23,ETH-INR,0.02626007709860434,Crypto
2024-09-24,ETH-INR,0.0027028452604493935,Crypto
2024-09-25,ETH-INR,-0.027091859653723627,Crypto
2024-09-26,ETH-INR,0.019518263167144445,Crypto
2024-09-27,ETH-INR,0.025481965851857025,Crypto
2024-09-28,ETH-INR,-0.007075269228127734,Crypto
2024-09-29,ETH-INR,-0.0065287696836277,Crypto
2024-09-30,ETH-INR,-0.019838686709399367,Crypto
2024-10-01,ETH-INR,-0.05867889830215389,Crypto
2024-10-02,ETH-INR,-0.03372503415040229,Crypto
2024-10-03,ETH-INR,-0.005429626305804236,Crypto
2024-10-04,ETH-INR,0.027874862038156367,Crypto
2024-10-05,ETH-INR,0.0003469864733030015,Crypto
2024-10-06,ETH-INR,0.010083596581313525,Crypto
2024-10-07,ETH-INR,-0.008195649995293985,Crypto
2024-10-08,ETH-INR,0.006988674936443617,Crypto
2024-10-09,ETH-INR,-0.02913672836166581,Crypto
2024-10-10,ETH-INR,0.006630187809342214,Crypto
2024-10-11,ETH-INR,0.024065693874054883,Crypto
2024-10-12,ETH-INR,0.01642087054432584,Crypto
2024-10-13,ETH-INR,-0.003448847508686459,Crypto
2024-10-14,ETH-INR,0.0644563630214594,Crypto
2024-10-15,ETH-INR,-0.008548201016090662,Crypto
2024-10-16,ETH-INR,0.0016636269664052072,Crypto
2024-10-17,ETH-INR,-0.002502653109934694,Crypto
2024-10-18,ETH-INR,0.01441142246177729,Crypto
2024-10-19,ETH-INR,0.0028372412633215216,Crypto
2024-10-20,ETH-INR,0.03688924966005791,Crypto
2024-10-21,ETH-INR,-0.029309124706860312,Crypto
2024-10-22,ETH-INR,-0.01689858243101261,Crypto
2024-10-23,ETH-INR,-0.04264570975033022,Crypto
2024-10-24,ETH-INR,0.01029235259202177,Crypto
2024-10-25,ETH-INR,-0.03865831342318593,Crypto
2024-10-26,ETH-INR,0.017927056828337617,Crypto
2024-10-27,ETH-INR,0.010614709858478344,Crypto
2024-10-28,ETH-INR,0.023723401187241366,Crypto
2024-10-29,ETH-INR,0.028108454161033025,Crypto
2024-10-30,ETH-INR,0.007393163795953894,Crypto
2024-10-31,ETH-INR,-0.05325426740507899,Crypto
2024-11-01,ETH-INR,-0.0016230778389016987,Crypto
2024-11-02,ETH-INR,-0.008287336958596292,Crypto
2024-11-03,ETH-INR,-0.013640012693102443,Crypto
2024-11-04,ETH-INR,-0.023709786663270505,Crypto
2024-11-05,ETH-INR,0.010294948440822793,Crypto
2024-11-06,ETH-INR,0.12626119036895656,Crypto
2024-11-07,ETH-INR,0.06362058989700503,Crypto
2024-11-08,ETH-INR,0.024116695550520983,Crypto
2024-11-09,ETH-INR,0.05699894358092128,Crypto
2024-11-10,ETH-INR,0.019098550768855693,Crypto
2024-11-11,ETH-INR,0.05783637490500593,Crypto
2024-11-12,ETH-INR,-0.03828653017775674,Crypto
2024-11-13,ETH-INR,-0.016203891169529472,Crypto
2024-11-14,ETH-INR,-0.041271563843120584,Crypto
2024-11-15,ETH-INR,0.013871078064540798,Crypto
2024-11-16,ETH-INR,0.009743187498031824,Crypto
2024-11-17,ETH-INR,-0.01805776651938462,Crypto
2024-11-18,ETH-INR,0.04224097091111467,Crypto
2024-11-19,ETH-INR,-0.030084314338146845,Crypto
2024-11-20,ETH-INR,-0.012750905598005291,Crypto
2024-11-21,ETH-INR,0.09537197145806986,Crypto
2024-11-22,ETH-INR,-0.009351981686481992,Crypto
2024-11-23,ETH-INR,0.01939685912449529,Crypto
2024-11-24,ETH-INR,-0.009622643812233767,Crypto
2024-11-25,ETH-INR,0.0126084021097701,Crypto
2024-11-26,ETH-INR,-0.024465026196966333,Crypto
2024-11-27,ETH-INR,0.10047892456779328,Crypto
2024-11-28,ETH-INR,-0.020580157400298837,Crypto
2024-11-29,ETH-INR,0.004874968674350111,Crypto
2024-11-30,ETH-INR,0.031238366111503435,Crypto
2024-12-01,ETH-INR,0.0015445521726149547,Crypto
2024-12-02,ETH-INR,-0.016154352438865316,Crypto
2024-12-03,ETH-INR,-0.007022137586289001,Crypto
2024-12-04,ETH-INR,0.061263526146404956,Crypto
2024-12-05,ETH-INR,-0.00816666821929557,Crypto
2024-12-06,ETH-INR,0.050964171856414664,Crypto
2024-12-07,ETH-INR,-0.0007836008601643796,Crypto
2024-12-08,ETH-INR,0.0007722285409215157,Crypto
2024-12-09,ETH-INR,-0.06973523095080802,Crypto
2024-12-10,ETH-INR,-0.022959708444247995,Crypto
2024-12-11,ETH-INR,0.05496541125096588,Crypto
2024-12-12,ETH-INR,0.012966672310226857,Crypto
2024-12-13,ETH-INR,0.007000415856896591,Crypto
2024-12-14,ETH-INR,-0.010974400914403049,Crypto
2024-12-15,ETH-INR,0.021526691470661552,Crypto
2024-12-16,ETH-INR,0.010258730652588088,Crypto
2024-12-17,ETH-INR,-0.025182295488042516,Crypto
2024-12-18,ETH-INR,-0.06629646632367558,Crypto
2024-12-19,ETH-INR,-0.05606253627447044,Crypto
2024-12-20,ETH-INR,0.013961154540323761,Crypto
2024-12-21,ETH-INR,-0.038942738987297054,Crypto
2024-12-22,ETH-INR,-0.017872463134841143,Crypto
2024-12-23,ETH-INR,0.04401220610210821,Crypto
2024-12-24,ETH-INR,0.023532497829715338,Crypto
2024-12-25,ETH-INR,0.0029813030996035383,Crypto
2024-12-26,ETH-INR,-0.04315307496984255,Crypto
2024-12-27,ETH-INR,-0.004522390434828494,Crypto
2024-12-28,ETH-INR,0.02085214037770311,Crypto
2024-12-29,ETH-INR,-0.014347586110340815,Crypto
2024-12-30,ETH-INR,0.0067507981498897696,Crypto
2024-12-31,ETH-INR,-0.009526164147661054,Crypto
2025-01-01,ETH-INR,0.006293259102395643,Crypto
2025-01-02,ETH-INR,0.031913268370053594,Crypto
2025-01-03,ETH-INR,0.044280431512319085,Crypto
2025-01-04,ETH-INR,0.014481137456772819,Crypto
2025-01-05,ETH-INR,-0.006540026347762962,Crypto
2025-01-06,ETH-INR,0.013986199785580355,Crypto
2025-01-07,ETH-INR,-0.08190648051100524,Crypto
2025-01-08,ETH-INR,-0.015168582345355897,Crypto
2025-01-09,ETH-INR,-0.03199282693325145,Crypto
2025-01-10,ETH-INR,0.018178743256771046,Crypto
2025-01-11,ETH-INR,0.0042649326734696125,Crypto
2025-01-12,ETH-INR,-0.004749084825589001,Crypto
2025-01-13,ETH-INR,-0.0348381659327468,Crypto
2025-01-14,ETH-INR,0.026798670377953027,Crypto
2025-01-15,ETH-INR,0.06919509861610473,Crypto
2025-01-16,ETH-INR,-0.039406443915506406,Crypto
2025-01-17,ETH-INR,0.04980749892570224,Crypto
2025-01-18,ETH-INR,-0.04841984596259041,Crypto
2025-01-19,ETH-INR,-0.029384486370327423,Crypto
2025-01-20,ETH-INR,0.017626731855706623,Crypto
2025-01-21,ETH-INR,0.01748787685754527,Crypto
2025-01-22,ETH-INR,-0.025967921270286798,Crypto
2025-01-23,ETH-INR,0.029102535476302593,Crypto
2025-01-24,ETH-INR,-0.010794550768754907,Crypto
2025-01-25,ETH-INR,0.002212225283679592,Crypto
2025-01-26,ETH-INR,-0.024090004288531697,Crypto
2025-01-27,ETH-INR,-0.015057431788339737,Crypto
2025-01-28,ETH-INR,-0.030372470221306735,Crypto
2025-01-29,ETH-INR,0.012316611115692044,Crypto
2025-01-30,ETH-INR,0.043373323390661245,Crypto
2025-01-31,ETH-INR,0.016131641873286195,Crypto
2025-02-01,ETH-INR,-0.05603629207686156,Crypto
2025-02-02,ETH-INR,-0.07972895703019944,Crypto
2025-02-03,ETH-INR,0.009615488039153686,Crypto
2025-02-04,ETH-INR,-0.05007151016917222,Crypto
2025-02-05,ETH-INR,0.021963874877001688,Crypto
2025-02-06,ETH-INR,-0.032821013396174825,Crypto
2025-02-07,ETH-INR,-0.022408867678554656,Crypto
2025-02-08,ETH-INR,0.003850627081859237,Crypto
2025-02-09,ETH-INR,-0.0022784167528980825,Crypto
2025-02-10,ETH-INR,0.009833518783834982,Crypto
2025-02-11,ETH-INR,-0.02954017639816542,Crypto
2025-02-12,ETH-INR,0.05359285830559979,Crypto
2025-02-13,ETH-INR,-0.02494552005587858,Crypto
2025-02-14,ETH-INR,0.017851595486346516,Crypto
2025-02-15,ETH-INR,-0.012364976821992446,Crypto
2025-02-16,ETH-INR,-0.011012891082951115,Crypto
2025-02-17,ETH-INR,0.03243782811112328,Crypto
2025-02-18,ETH-INR,-0.026561004992566528,Crypto
2025-02-19,ETH-INR,0.017343106311453083,Crypto
2025-02-20,ETH-INR,0.004259230379803913,Crypto
2025-02-21,ETH-INR,-0.02730266862656605,Crypto
2025-02-22,ETH-INR,0.03849953238171855,Crypto
2025-02-23,ETH-INR,0.020729580551759996,Crypto
2025-02-24,ETH-INR,-0.10808117757883151,Crypto
2025-02-25,ETH-INR,-0.00350754722433122,Crypto
2025-02-26,ETH-INR,-0.0640144413558803,Crypto
2025-02-27,ETH-INR,-0.009452652941990491,Crypto
2025-02-28,ETH-INR,-0.027710004270002586,Crypto
2025-03-01,ETH-INR,-0.00950081528150759,Crypto
2025-03-02,ETH-INR,0.13661625766772278,Crypto
2025-03-03,ETH-INR,-0.14980410796505184,Crypto
2025-03-04,ETH-INR,0.01011278944136329,Crypto
2025-03-05,ETH-INR,0.028872559444476087,Crypto
2025-03-06,ETH-INR,-0.014519346932696853,Crypto
2025-03-07,ETH-INR,-0.02860230869017344,Crypto
2025-03-08,ETH-INR,0.028772419569174756,Crypto
2025-03-09,ETH-INR,-0.08431412584007691,Crypto
2025-03-10,ETH-INR,-0.07417573959790158,Crypto
2025-03-11,ETH-INR,0.029717542359035454,Crypto
2025-03-12,ETH-INR,-0.006111730531698112,Crypto
2025-03-13,ETH-INR,-0.026772610063959146,Crypto
2025-03-14,ETH-INR,0.025268402295929304,Crypto
2025-03-15,ETH-INR,0.014603492373943094,Crypto
2025-03-16,ETH-INR,-0.025785611059682134,Crypto
2025-03-17,ETH-INR,0.020624708232316546,Crypto
2025-03-18,ETH-INR,-0.0010708613759267127,Crypto
2025-03-19,ETH-INR,0.061855938716067316,Crypto
2025-03-20,ETH-INR,-0.036787491035839226,Crypto
2025-03-21,ETH-INR,-0.012664269173266574,Crypto
2025-03-22,ETH-INR,0.007780792071241827,Crypto
2025-03-23,ETH-INR,0.012798888104912143,Crypto
2025-03-24,ETH-INR,0.03038541779734283,Crypto
2025-03-25,ETH-INR,-0.003966403532382756,Crypto
2025-03-26,ETH-INR,-0.027656093848766994,Crypto
2025-03-27,ETH-INR,-0.0028809063460292217,Crypto
2025-03-28,ETH-INR,-0.05507666293485847,Crypto
2025-03-29,ETH-INR,-0.036006654522214965,Crypto
2025-03-30,ETH-INR,-0.011547882713233149,Crypto
2025-03-31,ETH-INR,0.0082609140190395,Crypto
2025-04-01,ETH-INR,0.04689906012307543,Crypto
2025-04-02,ETH-INR,-0.0571058418717858,Crypto
2025-04-03,ETH-INR,0.006954123695365189,Crypto
2025-04-04,ETH-INR,0.003524594307872997,Crypto
2025-04-05,ETH-INR,-0.006126868717583944,Crypto
2025-04-06,ETH-INR,-0.1267689695178702,Crypto
2025-04-07,ETH-INR,-0.007984281470861498,Crypto
2025-04-08,ETH-INR,-0.04858815579025366,Crypto
2025-04-09,ETH-INR,0.1297893643365251,Crypto
2025-04-10,ETH-INR,-0.08669135309616782,Crypto
2025-04-11,ETH-INR,0.027205469099852442,Crypto
2025-04-12,ETH-INR,0.04738867938776492,Crypto
2025-04-13,ETH-INR,-0.02850132979002795,Crypto
2025-04-14,ETH-INR,0.01701501864169197,Crypto
2025-04-15,ETH-INR,-0.02449719912894366,Crypto
2025-04-16,ETH-INR,-0.007852897062294195,Crypto
2025-04-17,ETH-INR,3.908611121294925e-05,Crypto
2025-04-18,ETH-INR,0.004029181151378625,Crypto
2025-04-19,ETH-INR,0.0151033859644778,Crypto
2025-04-20,ETH-INR,-0.015753196033444494,Crypto
2025-04-21,ETH-INR,-0.007515809424433084,Crypto
2025-04-22,ETH-INR,0.11338087657074514,Crypto
2025-04-23,ETH-INR,0.025273316747407293,Crypto
2025-04-24,ETH-INR,-0.01781689832738287,Crypto
2025-04-25,ETH-INR,0.011404093979198615,Crypto
2025-04-26,ETH-INR,0.0197278866971633,Crypto
2025-04-27,ETH-INR,-0.01706094730810237,Crypto
2025-04-28,ETH-INR,0.0018590771873152612,Crypto
2025-04-29,ETH-INR,0.0002770232565920683,Crypto
2025-04-30,ETH-INR,-0.010113646989221015,Crypto
2025-05-01,ETH-INR,0.026980366125543,Crypto
2025-05-02,ETH-INR,0.0011105670170823423,Crypto
2025-05-03,ETH-INR,-0.004812562257320407,Crypto
2025-05-04,ETH-INR,-0.0146657698328585,Crypto
2025-05-05,ETH-INR,0.0021853367460062945,Crypto
2025-05-06,ETH-INR,0.003623920546778292,Crypto
2025-05-07,ETH-INR,-0.0010166616500658643,Crypto
2025-05-08,ETH-INR,0.23547100740036453,Crypto
2025-05-09,ETH-INR,0.05518868906780483,Crypto
2025-05-10,ETH-INR,0.10109265044585025,Crypto
2025-05-11,ETH-INR,-0.02843867263903066,Crypto
2025-05-12,ETH-INR,-0.010333521307013482,Crypto
2025-05-13,ETH-INR,0.07482329763614648,Crypto
2025-05-14,ETH-INR,-0.02155424885247248,Crypto
2025-05-15,ETH-INR,-0.02428413319962719,Crypto
2025-05-16,ETH-INR,-0.0025364280349755575,Crypto
2025-05-17,ETH-INR,-0.023870702658065346,Crypto
2025-05-18,ETH-INR,0.008104483316604627,Crypto
2025-05-19,ETH-INR,0.010829733102567518,Crypto
2025-05-20,ETH-INR,-2.6486295476968458e-05,Crypto
2025-05-21,ETH-INR,0.011924214477807116,Crypto
2025-05-22,ETH-INR,0.04837432884848902,Crypto
2025-05-23,ETH-INR,-0.061608879506589775,Crypto
2025-05-24,ETH-INR,0.0016641294967825182,Crypto
2025-05-25,ETH-INR,0.009808308028582235,Crypto
2025-05-26,ETH-INR,0.004364827195734611,Crypto
2025-05-27,ETH-INR,0.041051054693356015,Crypto
2025-05-28,ETH-INR,0.008025720687901305,Crypto
2025-05-29,ETH-INR,-0.01928489598245875,Crypto
2025-05-30,ETH-INR,-0.03668169113069919,Crypto
2025-05-31,ETH-INR,-0.0003384345845067749,Crypto
2025-06-01,ETH-INR,0.0024995166162007365,Crypto
2025-06-02,ETH-INR,0.0258405229797527,Crypto
2025-06-03,ETH-INR,-0.0013033139586722253,Crypto
2025-06-04,ETH-INR,0.008200911542013856,Crypto
2025-06-05,ETH-INR,-0.07401128938970991,Crypto
2025-06-06,ETH-INR,0.024147063804358382,Crypto
2025-06-07,ETH-INR,0.01990587171013458,Crypto
2025-06-08,ETH-INR,-0.0062602762794490285,Crypto
2025-06-09,ETH-INR,0.0676339513544919,Crypto
2025-06-10,ETH-INR,0.04796334421150594,Crypto
2025-06-11,ETH-INR,-0.016319064220893686,Crypto
2025-06-12,ETH-INR,-0.042064376766971834,Crypto
2025-06-13,ETH-INR,-0.021734010245052393,Crypto
2025-06-14,ETH-INR,-0.017849263926234538,Crypto
2025-06-15,ETH-INR,0.005286450371798201,Crypto
2025-06-16,ETH-INR,-0.0026334571949403474,Crypto
2025-06-17,ETH-INR,-0.008869271140391377,Crypto
2025-06-18,ETH-INR,0.008405843056146,Crypto
2025-06-19,ETH-INR,0.0003737598569335532,Crypto
2025-06-20,ETH-INR,-0.046840544608253154,Crypto
2025-06-21,ETH-INR,-0.04436855489492586,Crypto
2025-06-22,ETH-INR,-0.031655692328373286,Crypto
2025-06-23,ETH-INR,0.084056235435082,Crypto
2025-06-24,ETH-INR,0.0063525475226993144,Crypto
2025-06-25,ETH-INR,-0.01154439849452138,Crypto
2025-06-26,ETH-INR,-0.004977228884931906,Crypto
2025-06-27,ETH-INR,0.0012709118862606061,Crypto
2025-06-28,ETH-INR,0.005463480239626506,Crypto
2025-06-29,ETH-INR,0.025812915185011054,Crypto
2025-06-30,ETH-INR,-0.003153662914387456,Crypto
2025-07-01,ETH-INR,-0.03214225066217424,Crypto
2025-07-02,ETH-INR,0.0683867883683642,Crypto
2025-07-03,ETH-INR,0.004214002907094061,Crypto
2025-07-04,ETH-INR,-0.029390760117868897,Crypto
2025-07-05,ETH-INR,0.005618752016505191,Crypto
2025-07-06,ETH-INR,0.017801271343693248,Crypto
2025-07-07,ETH-INR,-0.006398000176271124,Crypto
2025-07-08,ETH-INR,0.026294876861914673,Crypto
2025-07-09,ETH-INR,0.05937948422948747,Crypto
2025-07-10,ETH-INR,0.0667589420235779,Crypto
2025-07-11,ETH-INR,0.001963688841112088,Crypto
2025-07-12,ETH-INR,-0.0048681453679766395,Crypto
2025-07-13,ETH-INR,0.010271112104409452,Crypto
2025-07-14,ETH-INR,0.015142821577622145,Crypto
2025-07-15,ETH-INR,0.042289635691743266,Crypto
2025-07-16,ETH-INR,0.0724187147032258,Crypto
2025-07-17,ETH-INR,0.033162429468160504,Crypto
2025-07-18,ETH-INR,0.021932117118923955,Crypto
2025-07-19,ETH-INR,0.013033876692620794,Crypto
2025-07-20,ETH-INR,0.04574247317746338,Crypto
2025-07-21,ETH-INR,0.0025601755593063213,Crypto
2025-07-22,ETH-INR,-0.003066405650378412,Crypto
2025-07-23,ETH-INR,-0.031206978024974852,Crypto
2025-07-24,ETH-INR,0.02192010034738545,Crypto
2025-07-25,ETH-INR,0.006075558543215509,Crypto
2025-07-26,ETH-INR,0.0037467195124243347,Crypto
2025-07-27,ETH-INR,0.035821616679946544,Crypto
2025-07-28,ETH-INR,-0.01959464813231826,Crypto
2025-07-29,ETH-INR,0.004888341260454565,Crypto
2025-07-30,ETH-INR,0.010888113663379606,Crypto
2025-07-31,ETH-INR,-0.0312808587693052,Crypto
2025-08-01,ETH-INR,-0.05983985594745744,Crypto
2025-08-02,ETH-INR,-0.02740127402805337,Crypto
2025-08-03,ETH-INR,0.03175983397473692,Crypto
2025-08-04,ETH-INR,0.07126177377052434,Crypto
2025-08-05,ETH-INR,-0.03067525073623356,Crypto
2025-08-06,ETH-INR,0.02039809518230018,Crypto
2025-08-07,ETH-INR,0.05855671860839862,Crypto
2025-08-08,ETH-INR,0.027851553222824066,Crypto
2025-08-09,ETH-INR,0.06323928085785657,Crypto
2025-08-10,ETH-INR,-0.004881159339886754,Crypto
2025-08-11,ETH-INR,-0.0044046087353987184,Crypto
2025-08-12,ETH-INR,0.08525887450209946,Crypto
2025-08-13,ETH-INR,0.03428656063118374,Crypto
2025-08-14,ETH-INR,-0.041110443275732544,Crypto
2025-08-15,ETH-INR,-0.02576891313988605,Crypto
2025-08-16,ETH-INR,-0.003109956493261623,Crypto
2025-08-17,ETH-INR,0.010630105829910752,Crypto
2025-08-18,ETH-INR,-0.03833773847432309,Crypto
2025-08-19,ETH-INR,-0.05778626838791334,Crypto
2025-08-20,ETH-INR,0.0633598088001075,Crypto
2025-08-21,ETH-INR,-0.02259414565666662,Crypto
2025-08-22,ETH-INR,0.14447888510914675,Crypto
2025-08-23,ETH-INR,-0.011375671192300874,Crypto
2025-08-24,ETH-INR,0.0006832512932328783,Crypto
2025-08-25,ETH-INR,-0.08216371502000741,Crypto
2025-08-26,ETH-INR,0.05237137465681996,Crypto
2025-08-27,ETH-INR,-0.020873376661124765,Crypto
2025-08-28,ETH-INR,7.995345917066743e-05,Crypto
2025-08-29,ETH-INR,-0.026264194661134832,Crypto
2025-08-30,ETH-INR,0.003291210199947159,Crypto
2025-08-31,ETH-INR,0.0038727792267096994,Crypto
2025-09-01,ETH-INR,-0.01937466661189058,Crypto
2025-09-02,ETH-INR,0.002491071862147365,Crypto
2025-09-03,ETH-INR,0.029775807270508547,Crypto
2025-09-04,ETH-INR,-0.03275954264172376,Crypto
2025-09-05,ETH-INR,0.0018543776525772326,Crypto
2025-09-06,ETH-INR,-0.0072593059428204265,Crypto
2025-09-07,ETH-INR,0.006916983435738766,Crypto
2025-09-08,ETH-INR,-0.0017022017013127444,Crypto
2025-09-09,ETH-INR,0.0029341543381011803,Crypto
2025-09-10,ETH-INR,0.007415861904665588,Crypto
2025-09-11,ETH-INR,0.02826627158482209,Crypto
2025-09-12,ETH-INR,0.057056583290149065,Crypto
2025-09-13,ETH-INR,-0.009953120274978078,Crypto
2025-09-14,ETH-INR,-0.012580201142478598,Crypto
2025-09-15,ETH-INR,-0.01966852376522732,Crypto
2025-09-16,ETH-INR,-0.007834348521305823,Crypto
2025-09-17,ETH-INR,0.020102494638363666,Crypto
2025-09-18,ETH-INR,0.0027544785043400744,Crypto
2025-09-19,ETH-INR,-0.027117305994502128,Crypto
2025-09-20,ETH-INR,0.002538336868101343,Crypto
2025-09-21,ETH-INR,-0.006958281333712124,Crypto
2025-09-22,ETH-INR,-0.05356132339919817,Crypto
2025-09-23,ETH-INR,-0.003239988969605423,Crypto
2025-09-24,ETH-INR,-0.0032203629797303845,Crypto
2025-09-25,ETH-INR,-0.06870647443310718,Crypto
2025-09-26,ETH-INR,0.04212591546424771,Crypto
2025-09-27,ETH-INR,-0.004209963778872949,Crypto
2025-09-28,ETH-INR,0.030556571797776044,Crypto
2025-09-29,ETH-INR,0.01863416190688927,Crypto
2025-09-30,ETH-INR,-0.015419030272532663,Crypto
2025-10-01,ETH-INR,0.04762486135660082,Crypto
2025-10-02,ETH-INR,0.03187555095557015,Crypto
2025-10-03,ETH-INR,0.006173232894817415,Crypto
2025-10-04,ETH-INR,-0.005684737954009145,Crypto
2025-10-05,ETH-INR,0.005840324456193979,Crypto
2025-10-06,ETH-INR,0.03802245960651818,Crypto
2025-10-07,ETH-INR,-0.050293492537528794,Crypto
2025-10-08,ETH-INR,0.017429426073813703,Crypto
2025-10-09,ETH-INR,-0.033871959052377054,Crypto
2025-10-10,ETH-INR,-0.12151236528875364,Crypto
2025-10-11,ETH-INR,-0.02408747093282393,Crypto
2025-10-12,ETH-INR,0.11041107904482339,Crypto
2025-10-13,ETH-INR,0.01840119783766969,Crypto
2025-10-14,ETH-INR,-0.02699419017470983,Crypto
2025-10-15,ETH-INR,-0.04402597609805137,Crypto
2025-10-16,ETH-INR,-0.02123814601718499,Crypto
2025-10-17,ETH-INR,-0.015580905484885776,Crypto
2025-10-18,ETH-INR,0.015077950044981137,Crypto
2025-10-19,ETH-INR,0.02397163894609511,Crypto
2025-10-20,ETH-INR,-0.002364474281886242,Crypto
2025-10-21,ETH-INR,-0.02481596653090734,Crypto
2025-10-22,ETH-INR,-0.02058366568917913,Crypto
2025-10-23,ETH-INR,0.013026026051490947,Crypto
2025-10-24,ETH-INR,0.020842683138388107,Crypto
2025-10-25,ETH-INR,0.004804521263967798,Crypto
2025-10-26,ETH-INR,0.051928276056733,Crypto
2025-10-27,ETH-INR,-0.004754284259206876,Crypto
2025-10-28,ETH-INR,-0.03342280527862984,Crypto
2025-10-29,ETH-INR,-0.0184686776510411,Crypto
2025-10-30,ETH-INR,-0.022182150375630538,Crypto
2025-10-31,ETH-INR,0.012593329530568687,Crypto
2025-11-01,ETH-INR,0.007203182198665559,Crypto
2025-11-02,ETH-INR,0.009741130065953785,Crypto
2025-11-03,ETH-INR,-0.07961250112151641,Crypto
2025-11-04,ETH-INR,-0.08589444672695756,Crypto
2025-11-05,ETH-INR,0.03821861324451703,Crypto
2025-11-06,ETH-INR,-0.03169691803438124,Crypto
2025-11-07,ETH-INR,0.03705564091626945,Crypto
2025-11-08,ETH-INR,-0.010166563882387458,Crypto
2025-11-09,ETH-INR,0.053535199212094486,Crypto
2025-11-10,ETH-INR,-0.003423925052620125,Crypto
2025-11-11,ETH-INR,-0.0455212449588116,Crypto
2025-11-12,ETH-INR,0.0007983702861866782,Crypto
2025-11-13,ETH-INR,-0.05046017714662787,Crypto
2025-11-14,ETH-INR,-0.04130800670098422,Crypto
2025-11-15,ETH-INR,0.020291041361795603,Crypto
2025-11-16,ETH-INR,-0.023324540360679102,Crypto
2025-11-17,ETH-INR,-0.02265000630590941,Crypto
2025-11-18,ETH-INR,0.031627159964521256,Crypto
2025-11-19,ETH-INR,-0.03275235339248972,Crypto
2025-11-20,ETH-INR,-0.061108695520115774,Crypto
2025-11-21,ETH-INR,-0.013113358305648526,Crypto
2025-11-22,ETH-INR,0.0009228229063822369,Crypto
2025-11-23,ETH-INR,0.012190701792759828,Crypto
2025-11-24,ETH-INR,0.04823138921085324,Crypto
2025-11-25,ETH-INR,0.001830751472371217,Crypto
2025-11-26,ETH-INR,0.023729851548892844,Crypto
2025-11-27,ETH-INR,-0.0021237441237330623,Crypto
2025-11-28,ETH-INR,0.00569737215596855,Crypto
2025-11-29,ETH-INR,-0.013395417356612982,Crypto
2025-11-30,ETH-INR,0.00022189432989838664,Crypto
2025-12-01,ETH-INR,-0.061440632648936955,Crypto
2025-12-02,ETH-INR,0.07425836992850132,Crypto
2025-12-03,ETH-INR,0.06758846098959359,Crypto
2025-12-04,ETH-INR,-0.021579240268536526,Crypto
2025-12-05,ETH-INR,-0.03382095984572575,Crypto
2025-12-06,ETH-INR,0.005290208513818451,Crypto
2025-12-07,ETH-INR,0.006846964856558557,Crypto
2025-12-08,ETH-INR,0.0229128734076256,Crypto
2025-12-09,ETH-INR,0.060179162896893956,Crypto
2025-12-10,ETH-INR,-9.33443490827024e-05,Crypto
2025-12-11,ETH-INR,-0.021598256767599966,Crypto
2025-12-12,ETH-INR,-0.04430956484124238,Crypto
2025-12-13,ETH-INR,0.011177781434012601,Crypto
2025-12-14,ETH-INR,-0.017999136188457054,Crypto
2025-12-15,ETH-INR,-0.0294421618602021,Crypto
2025-12-16,ETH-INR,0.001895230311885543,Crypto
2025-12-17,ETH-INR,-0.05038871518122079,Crypto
2025-12-18,ETH-INR,-0.0033033923979617352,Crypto
2025-12-19,ETH-INR,0.045456329650902294,Crypto
2025-12-20,ETH-INR,-0.00013038467931991704,Crypto
2025-12-21,ETH-INR,0.008003359278542455,Crypto
2025-12-22,ETH-INR,0.0018535531452636977,Crypto
2025-12-23,ETH-INR,-0.015635153304345284,Crypto
2025-12-24,ETH-INR,-0.002046989053299364,Crypto
2025-12-25,ETH-INR,-0.011203822144254194,Crypto
2025-12-26,ETH-INR,0.004025477451390147,Crypto
2025-12-27,ETH-INR,0.007923983057118056,Crypto
2025-12-28,ETH-INR,0.0001932079554940458,Crypto
2025-12-29,ETH-INR,-0.0038057092837429085,Crypto
2025-12-30,ETH-INR,0.011097209919496587,Crypto
2025-12-31,ETH-INR,0.0008675220594283051,Crypto
2026-01-01,ETH-INR,0.01109758380075121,Crypto
2026-01-02,ETH-INR,0.04188019939754706,Crypto
2026-01-03,ETH-INR,0.0004784560337127708,Crypto
2026-01-04,ETH-INR,0.004605352590956402,Crypto
2026-01-05,ETH-INR,0.029823487889908407,Crypto
2026-01-06,ETH-INR,0.02067174253179571,Crypto
2026-01-07,ETH-INR,-0.04225680379735186,Crypto
2026-01-08,ETH-INR,-0.019203247575585447,Crypto
2026-01-09,ETH-INR,-0.002866228452481856,Crypto
2026-01-10,ETH-INR,-0.00021110194090268042,Crypto
2026-01-11,ETH-INR,0.011621706310922297,Crypto
2026-01-12,ETH-INR,-0.009791338019263796,Crypto
2026-01-13,ETH-INR,0.07609585052405787,Crypto
2026-01-14,ETH-INR,0.009102230864982408,Crypto
2026-01-15,ETH-INR,-0.009649650112678043,Crypto
2026-01-16,ETH-INR,-0.0025045716799803053,Crypto
2026-01-17,ETH-INR,0.005645072027711695,Crypto
2026-01-18,ETH-INR,-0.010042459466658826,Crypto
2026-01-19,ETH-INR,-0.026802457779100175,Crypto
2026-01-20,ETH-INR,-0.07660505248913452,Crypto
2026-01-21,ETH-INR,0.0194102074624809,Crypto
2026-01-22,ETH-INR,-0.009593543900568435,Crypto
2026-01-23,ETH-INR,0.001752592815619236,Crypto
2026-01-24,ETH-INR,-0.001676177248553512,Crypto
2026-01-25,ETH-INR,-0.0450594190140845,Crypto
2026-01-26,ETH-INR,0.04063748920350019,Crypto
2026-01-27,ETH-INR,0.030717883903689014,Crypto
2026-01-28,ETH-INR,0.000331206996465383,Crypto
2026-01-29,ETH-INR,-0.06528907439775178,Crypto
2026-01-30,ETH-INR,-0.042079661568389715,Crypto
2026-01-31,ETH-INR,-0.09527449295696933,Crypto
2026-02-01,ETH-INR,-0.07225979408691308,Crypto
2026-02-02,ETH-INR,0.01956039945272514,Crypto
2026-02-03,ETH-INR,-0.0500786770524011,Crypto
2026-02-04,ETH-INR,-0.037534137016608016,Crypto
2026-02-05,ETH-INR,-0.1513301539991666,Crypto
2026-02-06,ETH-INR,0.13621140354001215,Crypto
2026-02-07,ETH-INR,0.013163956843432079,Crypto
2026-02-08,ETH-INR,-0.0011528397940431256,Crypto
2026-02-09,ETH-INR,0.009393017393167336,Crypto
2026-02-10,ETH-INR,-0.04195817356555531,Crypto
2026-02-11,ETH-INR,-0.03749051851640539,Crypto
2026-02-12,ETH-INR,0.0013590791697335458,Crypto
2026-02-13,ETH-INR,0.05213744507945317,Crypto
2026-02-14,ETH-INR,0.018235305165885007,Crypto
2026-02-15,ETH-INR,-0.05746173397644383,Crypto
2026-02-16,ETH-INR,0.018715146651726577,Crypto
2026-02-17,ETH-INR,-0.004585831758648795,Crypto
2026-02-18,ETH-INR,-0.017375640766455036,Crypto
2026-02-19,ETH-INR,-0.00023418774723360514,Crypto
2026-02-20,ETH-INR,0.007195978603316888,Crypto
2026-02-21,ETH-INR,0.0023945252600241496,Crypto
2026-02-22,ETH-INR,-0.008029638391416238,Crypto
2026-02-23,ETH-INR,-0.04921767720451142,Crypto
2026-02-24,ETH-INR,-0.0024954239459116234,Crypto
2026-02-25,ETH-INR,0.10923221009214235,Crypto
2026-02-26,ETH-INR,-0.01293705431256742,Crypto
2026-02-27,ETH-INR,-0.04661436297795407,Crypto
2026-02-28,ETH-INR,0.017710571370462613,Crypto
2026-03-01,ETH-INR,-0.01333516674196733,Crypto
2026-03-02,ETH-INR,0.05119404940992367,Crypto
2026-03-03,ETH-INR,-0.01719097830334171,Crypto
2026-03-04,ETH-INR,0.07382738819118417,Crypto
2026-03-05,ETH-INR,-0.02937216867816783,Crypto
2026-03-06,ETH-INR,-0.04322705331317678,Crypto
2026-03-07,ETH-INR,-0.004697876366467124,Crypto
2026-03-08,ETH-INR,-0.016717482204781975,Crypto
2026-03-09,ETH-INR,0.033275196284939135,Crypto
2026-03-10,ETH-INR,0.01978082027966166,Crypto
2026-03-11,ETH-INR,0.0085579366606916,Crypto
2026-03-12,ETH-INR,0.012274501727452813,Crypto
2026-03-13,ETH-INR,0.01171761780248426,Crypto
2026-03-14,ETH-INR,0.0019450060465966423,Crypto
2026-03-15,ETH-INR,0.0380724826856933,Crypto
2026-03-16,ETH-INR,0.07624925635119117,Crypto
2026-03-17,ETH-INR,-0.012721649414732195,Crypto
2026-03-18,ETH-INR,-0.041221991920578294,Crypto
2026-03-19,ETH-INR,-0.03100968915812219,Crypto
2026-03-20,ETH-INR,0.014631906458455468,Crypto
2026-03-21,ETH-INR,-0.032912468942523754,Crypto
2026-03-22,ETH-INR,-0.013521979759848257,Crypto
2026-03-23,ETH-INR,0.04259889042622267,Crypto
2026-03-24,ETH-INR,0.012227567295002295,Crypto
2026-03-25,ETH-INR,0.004037126340951991,Crypto
2026-03-26,ETH-INR,-0.04810899710808059,Crypto
2026-03-27,ETH-INR,-0.027555378166746136,Crypto
2026-03-28,ETH-INR,-0.00014764723510496403,Crypto
2026-03-29,ETH-INR,-0.005090486788295268,Crypto
2026-03-30,ETH-INR,0.01603052108506442,Crypto
2026-03-31,ETH-INR,0.030559459508341824,Crypto
2026-04-01,ETH-INR,0.007017745316142854,Crypto
2026-04-02,ETH-INR,-0.03485034986144886,Crypto
2026-04-03,ETH-INR,-0.003942742118927867,Crypto
2026-04-04,ETH-INR,0.008157209161844703,Crypto
2026-04-05,ETH-INR,0.021131426507984274,Crypto
2026-04-06,ETH-INR,-0.0007451888426616149,Crypto
2026-04-07,ETH-INR,0.062415757856931764,Crypto
2026-04-08,ETH-INR,-0.02903166511436317,Crypto
2026-04-09,ETH-INR,0.0014782301373115203,Crypto
2026-04-10,ETH-INR,0.032636619750054496,Crypto
2026-04-11,ETH-INR,0.01791489602166596,Crypto
2026-04-12,ETH-INR,-0.02631326573082937,Crypto
2026-04-13,ETH-INR,0.08644327651128791,Crypto
2026-04-14,ETH-INR,-0.03838354431267221,Crypto
2026-04-15,ETH-INR,0.017964965329077875,Crypto
2026-04-16,ETH-INR,-0.008187518344249023,Crypto
2026-04-17,ETH-INR,0.0259000690100335,Crypto
2026-04-18,ETH-INR,-0.028900967479799422,Crypto
2026-04-19,ETH-INR,-0.036645150603946575,Crypto
2026-04-20,ETH-INR,0.027949419368680672,Crypto
2026-04-21,ETH-INR,0.010900754821504544,Crypto
2026-04-22,ETH-INR,0.02260671588055496,Crypto
2026-04-23,ETH-INR,-0.015491599381306287,Crypto
2026-04-24,ETH-INR,-0.0072886865175498805,Crypto
2026-04-25,ETH-INR,0.0013661227664125697,Crypto
2026-04-26,ETH-INR,0.02394906747218961,Crypto
2026-04-27,ETH-INR,-0.028047289102282602,Crypto
2026-04-28,ETH-INR,-0.0018429652529973195,Crypto
2026-04-29,ETH-INR,-0.012906837337751442,Crypto
2026-04-30,ETH-INR,-0.0004032500492922031,Crypto
2026-05-01,ETH-INR,0.018635767785403656,Crypto
2026-05-02,ETH-INR,0.009410718917109762,Crypto
2026-05-03,ETH-INR,0.0023329313268261043,Crypto
2026-05-04,ETH-INR,0.014382317938410827,Crypto
2026-05-05,ETH-INR,0.00483513887034448,Crypto
2026-05-06,ETH-INR,-0.010401178163404468,Crypto
2026-05-07,ETH-INR,-0.028346833767225688,Crypto
2026-05-08,ETH-INR,0.008686899585877095,Crypto
2026-05-09,ETH-INR,0.009120207999559371,Crypto
2026-05-10,ETH-INR,0.01762569979723816,Crypto
2026-05-11,ETH-INR,-0.0024264688574292537,Crypto
2026-05-12,ETH-INR,-0.025127801175609754,Crypto
2026-05-13,ETH-INR,-0.006926702116687444,Crypto
2026-05-14,ETH-INR,0.010494816707029564,Crypto
2026-05-15,ETH-INR,-0.022272310620085167,Crypto
2026-05-16,ETH-INR,-0.019354843432480062,Crypto
2026-05-17,ETH-INR,-0.024478652915663424,Crypto
2026-05-18,ETH-INR,0.0035349819815091443,Crypto
2026-05-19,ETH-INR,-0.005671687951858906,Crypto
2026-05-20,ETH-INR,0.007674199583636687,Crypto
2026-05-21,ETH-INR,-0.0015971684905071726,Crypto
2026-05-22,ETH-INR,-0.03590516818859035,Crypto
2026-05-23,ETH-INR,0.024647739497886567,Crypto
2026-05-24,ETH-INR,-0.008287059628186877,Crypto
2026-05-25,ETH-INR,0.001468514356606887,Crypto
2026-05-26,ETH-INR,-0.010854909275420765,Crypto
2026-05-27,ETH-INR,-0.022702013462249315,Crypto
2026-05-28,ETH-INR,-0.01038402921454562,Crypto
2026-05-29,ETH-INR,-0.006367471442615402,Crypto
2026-05-30,ETH-INR,0.004224697097497732,Crypto
2026-05-31,ETH-INR,-0.008003972441957163,Crypto
2026-06-01,ETH-INR,0.0050870067516350925,Crypto
2026-06-02,ETH-INR,0.0,Crypto
2023-01-03,GOLDBEES.NS,0.009752022832868468,ETF
2023-01-04,GOLDBEES.NS,0.009237846249042558,ETF
2023-01-05,GOLDBEES.NS,-0.006032887817109089,ETF
2023-01-06,GOLDBEES.NS,-0.005860167150489759,ETF
2023-01-07,GOLDBEES.NS,0.0,ETF
2023-01-08,GOLDBEES.NS,0.0,ETF
2023-01-09,GOLDBEES.NS,0.012842118112664558,ETF
2023-01-10,GOLDBEES.NS,-0.0031178865927229404,ETF
2023-01-11,GOLDBEES.NS,0.0012510711934197172,ETF
2023-01-12,GOLDBEES.NS,-0.0014577195784449826,ETF
2023-01-13,GOLDBEES.NS,0.005839390507649034,ETF
2023-01-14,GOLDBEES.NS,0.0,ETF
2023-01-15,GOLDBEES.NS,0.0,ETF
2023-01-16,GOLDBEES.NS,0.009744997411653245,ETF
2023-01-17,GOLDBEES.NS,-0.004106791782468533,ETF
2023-01-18,GOLDBEES.NS,-0.0008247611448937153,ETF
2023-01-19,GOLDBEES.NS,0.0008254419373310284,ETF
2023-01-20,GOLDBEES.NS,0.005360790134705251,ETF
2023-01-21,GOLDBEES.NS,0.0,ETF
2023-01-22,GOLDBEES.NS,0.0,ETF
2023-01-23,GOLDBEES.NS,0.00020512995436372528,ETF
2023-01-24,GOLDBEES.NS,0.0028706046408526475,ETF
2023-01-25,GOLDBEES.NS,-0.0030668887006108925,ETF
2023-01-26,GOLDBEES.NS,0.0,ETF
2023-01-27,GOLDBEES.NS,0.0004101816745722964,ETF
2023-01-28,GOLDBEES.NS,0.0,ETF
2023-01-29,GOLDBEES.NS,0.0,ETF
2023-01-30,GOLDBEES.NS,-0.00020496764623634256,ETF
2023-01-31,GOLDBEES.NS,-0.002050487756401931,ETF
2023-02-01,GOLDBEES.NS,0.015204473110890016,ETF
2023-02-02,GOLDBEES.NS,0.021453174996245883,ETF
2023-02-03,GOLDBEES.NS,-0.020804498243742753,ETF
2023-02-04,GOLDBEES.NS,0.0,ETF
2023-02-05,GOLDBEES.NS,0.0,ETF
2023-02-06,GOLDBEES.NS,-0.007689139366596542,ETF
2023-02-07,GOLDBEES.NS,0.0006117206104574446,ETF
2023-02-08,GOLDBEES.NS,0.002649298327363603,ETF
2023-02-09,GOLDBEES.NS,-0.0018292713656964388,ETF
2023-02-10,GOLDBEES.NS,-0.009163118659065939,ETF
2023-02-11,GOLDBEES.NS,0.0,ETF
2023-02-12,GOLDBEES.NS,0.0,ETF
2023-02-13,GOLDBEES.NS,0.00020547311065666207,ETF
2023-02-14,GOLDBEES.NS,0.0024656410745171886,ETF
2023-02-15,GOLDBEES.NS,-0.01291250371579189,ETF
2023-02-16,GOLDBEES.NS,0.00041529189840194825,ETF
2023-02-17,GOLDBEES.NS,-0.004773755516386369,ETF
2023-02-18,GOLDBEES.NS,0.0,ETF
2023-02-19,GOLDBEES.NS,0.0,ETF
2023-02-20,GOLDBEES.NS,0.008967680882877582,ETF
2023-02-21,GOLDBEES.NS,-0.0024804205029486104,ETF
2023-02-22,GOLDBEES.NS,-0.0020720778615624935,ETF
2023-02-23,GOLDBEES.NS,-0.006229220058369012,ETF
2023-02-24,GOLDBEES.NS,-0.0016715802347353481,ETF
2023-02-25,GOLDBEES.NS,0.0,ETF
2023-02-26,GOLDBEES.NS,0.0,ETF
2023-02-27,GOLDBEES.NS,-0.007115951470790138,ETF
2023-02-28,GOLDBEES.NS,-0.0006323520270926641,ETF
2023-03-01,GOLDBEES.NS,0.007593347637844694,ETF
2023-03-02,GOLDBEES.NS,0.000837364771698379,ETF
2023-03-03,GOLDBEES.NS,0.00020912615030344028,ETF
2023-03-04,GOLDBEES.NS,0.0,ETF
2023-03-05,GOLDBEES.NS,0.0,ETF
2023-03-06,GOLDBEES.NS,0.0002091621977060587,ETF
2023-03-07,GOLDBEES.NS,0.0,ETF
2023-03-08,GOLDBEES.NS,-0.014844300062496263,ETF
2023-03-09,GOLDBEES.NS,-0.0010611043759323202,ETF
2023-03-10,GOLDBEES.NS,0.007648196572883181,ETF
2023-03-11,GOLDBEES.NS,0.0,ETF
2023-03-12,GOLDBEES.NS,0.0,ETF
2023-03-13,GOLDBEES.NS,0.02930633313735731,ETF
2023-03-14,GOLDBEES.NS,0.006349884785515014,ETF
2023-03-15,GOLDBEES.NS,-0.004070847925734089,ETF
2023-03-16,GOLDBEES.NS,0.01573677606705881,ETF
2023-03-17,GOLDBEES.NS,0.0010060208509661273,ETF
2023-03-18,GOLDBEES.NS,0.0,ETF
2023-03-19,GOLDBEES.NS,0.0,ETF
2023-03-20,GOLDBEES.NS,0.02331657984747948,ETF
2023-03-21,GOLDBEES.NS,-0.008446283764772744,ETF
2023-03-22,GOLDBEES.NS,-0.008716296170740656,ETF
2023-03-23,GOLDBEES.NS,0.0063948778770890335,ETF
2023-03-24,GOLDBEES.NS,0.010722813919433305,ETF
2023-03-25,GOLDBEES.NS,0.0,ETF
2023-03-26,GOLDBEES.NS,0.0,ETF
2023-03-27,GOLDBEES.NS,-0.009823182416719312,ETF
2023-03-28,GOLDBEES.NS,0.0001983793894939634,ETF
2023-03-29,GOLDBEES.NS,0.005554429282769613,ETF
2023-03-30,GOLDBEES.NS,0.0,ETF
2023-03-31,GOLDBEES.NS,0.007496568917147561,ETF
2023-04-01,GOLDBEES.NS,0.0,ETF
2023-04-02,GOLDBEES.NS,0.0,ETF
2023-04-03,GOLDBEES.NS,-0.005286870165989721,ETF
2023-04-04,GOLDBEES.NS,0.0,ETF
2023-04-05,GOLDBEES.NS,0.02086616907894956,ETF
2023-04-06,GOLDBEES.NS,-0.0009641194846142787,ETF
2023-04-07,GOLDBEES.NS,0.0,ETF
2023-04-08,GOLDBEES.NS,0.0,ETF
2023-04-09,GOLDBEES.NS,0.0,ETF
2023-04-10,GOLDBEES.NS,-0.008299561740553352,ETF
2023-04-11,GOLDBEES.NS,0.0033086447141164044,ETF
2023-04-12,GOLDBEES.NS,0.003297807684939036,ETF
2023-04-13,GOLDBEES.NS,0.004253623372263204,ETF
2023-04-14,GOLDBEES.NS,0.0,ETF
2023-04-15,GOLDBEES.NS,0.0,ETF
2023-04-16,GOLDBEES.NS,0.0,ETF
2023-04-17,GOLDBEES.NS,-0.004620675204371594,ETF
2023-04-18,GOLDBEES.NS,-0.003481630609661668,ETF
2023-04-19,GOLDBEES.NS,-0.007764004703509797,ETF
2023-04-20,GOLDBEES.NS,0.010172153142189,ETF
2023-04-21,GOLDBEES.NS,-0.006777662243568017,ETF
2023-04-22,GOLDBEES.NS,0.0,ETF
2023-04-23,GOLDBEES.NS,0.0,ETF
2023-04-24,GOLDBEES.NS,-0.0005849599036574782,ETF
2023-04-25,GOLDBEES.NS,0.0011705301454489891,ETF
2023-04-26,GOLDBEES.NS,0.0031176899525244828,ETF
2023-04-27,GOLDBEES.NS,-0.00019421759172710829,ETF
2023-04-28,GOLDBEES.NS,-0.004274358179238491,ETF
2023-04-29,GOLDBEES.NS,0.0,ETF
2023-04-30,GOLDBEES.NS,0.0,ETF
2023-05-01,GOLDBEES.NS,0.0,ETF
2023-05-02,GOLDBEES.NS,0.001170758503239222,ETF
2023-05-03,GOLDBEES.NS,0.014617033325405648,ETF
2023-05-04,GOLDBEES.NS,0.008643813606832751,ETF
2023-05-05,GOLDBEES.NS,-0.00019040795758518136,ETF
2023-05-06,GOLDBEES.NS,0.0,ETF
2023-05-07,GOLDBEES.NS,0.0,ETF
2023-05-08,GOLDBEES.NS,-0.006285749162946441,ETF
2023-05-09,GOLDBEES.NS,0.003833635613552877,ETF
2023-05-10,GOLDBEES.NS,0.001145720345899992,ETF
2023-05-11,GOLDBEES.NS,-0.0011444091730262729,ETF
2023-05-12,GOLDBEES.NS,-0.008783637461420524,ETF
2023-05-13,GOLDBEES.NS,0.0,ETF
2023-05-14,GOLDBEES.NS,0.0,ETF
2023-05-15,GOLDBEES.NS,0.007127700500334511,ETF
2023-05-16,GOLDBEES.NS,-0.004399379257969849,ETF
2023-05-17,GOLDBEES.NS,-0.008261293208043141,ETF
2023-05-18,GOLDBEES.NS,-0.0005811464532663457,ETF
2023-05-19,GOLDBEES.NS,-0.002907569789401987,ETF
2023-05-20,GOLDBEES.NS,0.0,ETF
2023-05-21,GOLDBEES.NS,0.0,ETF
2023-05-22,GOLDBEES.NS,0.010497685263291645,ETF
2023-05-23,GOLDBEES.NS,-0.010580978105119931,ETF
2023-05-24,GOLDBEES.NS,0.006222043416787892,ETF
2023-05-25,GOLDBEES.NS,-0.005797086706484045,ETF
2023-05-26,GOLDBEES.NS,-0.002332340721192039,ETF
2023-05-27,GOLDBEES.NS,0.0,ETF
2023-05-28,GOLDBEES.NS,0.0,ETF
2023-05-29,GOLDBEES.NS,-0.0029222973023187437,ETF
2023-05-30,GOLDBEES.NS,-0.0007815731787578217,ETF
2023-05-31,GOLDBEES.NS,-0.00019550883168817368,ETF
2023-06-01,GOLDBEES.NS,-0.0027381065269670435,ETF
2023-06-02,GOLDBEES.NS,0.006471818111290162,ETF
2023-06-03,GOLDBEES.NS,0.0,ETF
2023-06-04,GOLDBEES.NS,0.0,ETF
2023-06-05,GOLDBEES.NS,-0.01169131873906859,ETF
2023-06-06,GOLDBEES.NS,0.0069006006643830275,ETF
2023-06-07,GOLDBEES.NS,-0.0015664385517027979,ETF
2023-06-08,GOLDBEES.NS,-0.005687407452073301,ETF
2023-06-09,GOLDBEES.NS,0.005128171945181892,ETF
2023-06-10,GOLDBEES.NS,0.0,ETF
2023-06-11,GOLDBEES.NS,0.0,ETF
2023-06-12,GOLDBEES.NS,-0.0005886730737013623,ETF
2023-06-13,GOLDBEES.NS,-0.0007854096856009241,ETF
2023-06-14,GOLDBEES.NS,-0.006484535671355207,ETF
2023-06-15,GOLDBEES.NS,-0.007911422369743293,ETF
2023-06-16,GOLDBEES.NS,0.00996810210368837,ETF
2023-06-17,GOLDBEES.NS,0.0,ETF
2023-06-18,GOLDBEES.NS,0.0,ETF
2023-06-19,GOLDBEES.NS,-0.002566148213714925,ETF
2023-06-20,GOLDBEES.NS,-0.0007915515890822844,ETF
2023-06-21,GOLDBEES.NS,-0.007922390821577308,ETF
2023-06-22,GOLDBEES.NS,-0.004591725724409801,ETF
2023-06-23,GOLDBEES.NS,-0.002206189510730261,ETF
2023-06-24,GOLDBEES.NS,0.0,ETF
2023-06-25,GOLDBEES.NS,0.0,ETF
2023-06-26,GOLDBEES.NS,0.00482415434104122,ETF
2023-06-27,GOLDBEES.NS,-0.003800808862306826,ETF
2023-06-28,GOLDBEES.NS,-0.0050200803981931275,ETF
2023-06-29,GOLDBEES.NS,0.0,ETF
2023-06-30,GOLDBEES.NS,-0.004843549292933735,ETF
2023-07-01,GOLDBEES.NS,0.0,ETF
2023-07-02,GOLDBEES.NS,0.0,ETF
2023-07-03,GOLDBEES.NS,0.005069965383035058,ETF
2023-07-04,GOLDBEES.NS,0.006456813679522444,ETF
2023-07-05,GOLDBEES.NS,0.0020047809137881956,ETF
2023-07-06,GOLDBEES.NS,-0.0016006005820351499,ETF
2023-07-07,GOLDBEES.NS,0.002404788140588199,ETF
2023-07-08,GOLDBEES.NS,0.0,ETF
2023-07-09,GOLDBEES.NS,0.0,ETF
2023-07-10,GOLDBEES.NS,0.00019988647424429296,ETF
2023-07-11,GOLDBEES.NS,0.002598462348334607,ETF
2023-07-12,GOLDBEES.NS,-0.0011961996306527611,ETF
2023-07-13,GOLDBEES.NS,0.008383273381924905,ETF
2023-07-14,GOLDBEES.NS,0.001385583812152591,ETF
2023-07-15,GOLDBEES.NS,0.0,ETF
2023-07-16,GOLDBEES.NS,0.0,ETF
2023-07-17,GOLDBEES.NS,-0.001976645064627025,ETF
2023-07-18,GOLDBEES.NS,0.0033669669893834353,ETF
2023-07-19,GOLDBEES.NS,0.007106210253373213,ETF
2023-07-20,GOLDBEES.NS,0.0011760363142427899,ETF
2023-07-21,GOLDBEES.NS,-0.008418173252968786,ETF
2023-07-22,GOLDBEES.NS,0.0,ETF
2023-07-23,GOLDBEES.NS,0.0,ETF
2023-07-24,GOLDBEES.NS,0.0,ETF
2023-07-25,GOLDBEES.NS,-0.0013820274968492363,ETF
2023-07-26,GOLDBEES.NS,0.005140338317931148,ETF
2023-07-27,GOLDBEES.NS,0.0017702626341025152,ETF
2023-07-28,GOLDBEES.NS,-0.005105088055615936,ETF
2023-07-29,GOLDBEES.NS,0.0,ETF
2023-07-30,GOLDBEES.NS,0.0,ETF
2023-07-31,GOLDBEES.NS,-0.00019732231881808282,ETF
2023-08-01,GOLDBEES.NS,0.0005921590877857597,ETF
2023-08-02,GOLDBEES.NS,-0.0001972444624990244,ETF
2023-08-03,GOLDBEES.NS,-0.0027624188793491378,ETF
2023-08-04,GOLDBEES.NS,-0.0007914704155664865,ETF
2023-08-05,GOLDBEES.NS,0.0,ETF
2023-08-06,GOLDBEES.NS,0.0,ETF
2023-08-07,GOLDBEES.NS,-0.00019798656501390788,ETF
2023-08-08,GOLDBEES.NS,0.0013864070607483292,ETF
2023-08-09,GOLDBEES.NS,-0.0037579595776400243,ETF
2023-08-10,GOLDBEES.NS,-0.002779420143283251,ETF
2023-08-11,GOLDBEES.NS,-0.0019908117665222713,ETF
2023-08-12,GOLDBEES.NS,0.0,ETF
2023-08-13,GOLDBEES.NS,0.0,ETF
2023-08-14,GOLDBEES.NS,-0.0007979436400368245,ETF
2023-08-15,GOLDBEES.NS,0.0,ETF
2023-08-16,GOLDBEES.NS,0.0003992904312786205,ETF
2023-08-17,GOLDBEES.NS,-0.005787286210238718,ETF
2023-08-18,GOLDBEES.NS,-0.0014050520925934507,ETF
2023-08-19,GOLDBEES.NS,0.0,ETF
2023-08-20,GOLDBEES.NS,0.0,ETF
2023-08-21,GOLDBEES.NS,-0.0014070290416928755,ETF
2023-08-22,GOLDBEES.NS,0.004428365928979439,ETF
2023-08-23,GOLDBEES.NS,-0.0018036102171502533,ETF
2023-08-24,GOLDBEES.NS,0.004416731578807509,ETF
2023-08-25,GOLDBEES.NS,-0.0017989237414319792,ETF
2023-08-26,GOLDBEES.NS,0.0,ETF
2023-08-27,GOLDBEES.NS,0.0,ETF
2023-08-28,GOLDBEES.NS,-0.0028033518922357947,ETF
2023-08-29,GOLDBEES.NS,0.0036144640147268703,ETF
2023-08-30,GOLDBEES.NS,0.0072028934303478565,ETF
2023-08-31,GOLDBEES.NS,0.00019861584233016316,ETF
2023-09-01,GOLDBEES.NS,0.00039722856742385737,ETF
2023-09-02,GOLDBEES.NS,0.0,ETF
2023-09-03,GOLDBEES.NS,0.0,ETF
2023-09-04,GOLDBEES.NS,0.00138971007164157,ETF
2023-09-05,GOLDBEES.NS,-0.0017843012497671396,ETF
2023-09-06,GOLDBEES.NS,-0.000794381371245434,ETF
2023-09-07,GOLDBEES.NS,-0.002782810584855744,ETF
2023-09-08,GOLDBEES.NS,0.0007973074942646541,ETF
2023-09-09,GOLDBEES.NS,0.0,ETF
2023-09-10,GOLDBEES.NS,0.0,ETF
2023-09-11,GOLDBEES.NS,-0.0009958023894091061,ETF
2023-09-12,GOLDBEES.NS,-0.002791056420939353,ETF
2023-09-13,GOLDBEES.NS,-0.002798868220056372,ETF
2023-09-14,GOLDBEES.NS,0.0,ETF
2023-09-15,GOLDBEES.NS,0.004811504784087539,ETF
2023-09-16,GOLDBEES.NS,0.0,ETF
2023-09-17,GOLDBEES.NS,0.0,ETF
2023-09-18,GOLDBEES.NS,0.006384670822900729,ETF
2023-09-19,GOLDBEES.NS,0.0,ETF
2023-09-20,GOLDBEES.NS,-0.0011894837475665554,ETF
2023-09-21,GOLDBEES.NS,-0.002183418182203689,ETF
2023-09-22,GOLDBEES.NS,-0.0009946138174905528,ETF
2023-09-23,GOLDBEES.NS,0.0,ETF
2023-09-24,GOLDBEES.NS,0.0,ETF
2023-09-25,GOLDBEES.NS,0.0,ETF
2023-09-26,GOLDBEES.NS,-0.003982492195898302,ETF
2023-09-27,GOLDBEES.NS,-0.0063974348639684875,ETF
2023-09-28,GOLDBEES.NS,-0.00663987577442382,ETF
2023-09-29,GOLDBEES.NS,-0.0016203771133921352,ETF
2023-09-30,GOLDBEES.NS,0.0,ETF
2023-10-01,GOLDBEES.NS,0.0,ETF
2023-10-02,GOLDBEES.NS,0.0,ETF
2023-10-03,GOLDBEES.NS,-0.009332503062051023,ETF
2023-10-04,GOLDBEES.NS,-0.009625255029259816,ETF
2023-10-05,GOLDBEES.NS,-0.002274619705608827,ETF
2023-10-06,GOLDBEES.NS,0.0026943226552380573,ETF
2023-10-07,GOLDBEES.NS,0.0,ETF
2023-10-08,GOLDBEES.NS,0.0,ETF
2023-10-09,GOLDBEES.NS,0.010334848883034153,ETF
2023-10-10,GOLDBEES.NS,0.0010228976261861256,ETF
2023-10-11,GOLDBEES.NS,0.0049049225888548875,ETF
2023-10-12,GOLDBEES.NS,0.004474297923445336,ETF
2023-10-13,GOLDBEES.NS,0.0020247477233077404,ETF
2023-10-14,GOLDBEES.NS,0.0,ETF
2023-10-15,GOLDBEES.NS,0.0,ETF
2023-10-16,GOLDBEES.NS,0.015356603268491753,ETF
2023-10-17,GOLDBEES.NS,0.0011940571799207156,ETF
2023-10-18,GOLDBEES.NS,0.00934202729430611,ETF
2023-10-19,GOLDBEES.NS,0.002560084112649408,ETF
2023-10-20,GOLDBEES.NS,0.013356910375444508,ETF
2023-10-21,GOLDBEES.NS,0.0,ETF
2023-10-22,GOLDBEES.NS,0.0,ETF
2023-10-23,GOLDBEES.NS,-0.0009691652822768626,ETF
2023-10-24,GOLDBEES.NS,0.0,ETF
2023-10-25,GOLDBEES.NS,-0.0025223334459830715,ETF
2023-10-26,GOLDBEES.NS,0.008169655415078081,ETF
2023-10-27,GOLDBEES.NS,-0.0036658775746445382,ETF
2023-10-28,GOLDBEES.NS,0.0,ETF
2023-10-29,GOLDBEES.NS,0.0,ETF
2023-10-30,GOLDBEES.NS,0.007358657486572495,ETF
2023-10-31,GOLDBEES.NS,0.0007689526177498962,ETF
2023-11-01,GOLDBEES.NS,-0.005762640104572281,ETF
2023-11-02,GOLDBEES.NS,0.0017387974402318651,ETF
2023-11-03,GOLDBEES.NS,-0.0009643054683117214,ETF
2023-11-04,GOLDBEES.NS,0.0,ETF
2023-11-05,GOLDBEES.NS,0.0,ETF
2023-11-06,GOLDBEES.NS,-0.0009652362509066092,ETF
2023-11-07,GOLDBEES.NS,-0.007536220089824908,ETF
2023-11-08,GOLDBEES.NS,0.0007788340158096929,ETF
2023-11-09,GOLDBEES.NS,-0.008949472480819232,ETF
2023-11-10,GOLDBEES.NS,0.007263501306574938,ETF
2023-11-11,GOLDBEES.NS,0.0,ETF
2023-11-12,GOLDBEES.NS,0.0,ETF
2023-11-13,GOLDBEES.NS,-0.007405984368440088,ETF
2023-11-14,GOLDBEES.NS,0.0,ETF
2023-11-15,GOLDBEES.NS,0.010406416181446776,ETF
2023-11-16,GOLDBEES.NS,-0.001360273922844657,ETF
2023-11-17,GOLDBEES.NS,0.009145772062371327,ETF
2023-11-18,GOLDBEES.NS,0.0,ETF
2023-11-19,GOLDBEES.NS,0.0,ETF
2023-11-20,GOLDBEES.NS,-0.00385655149605868,ETF
2023-11-21,GOLDBEES.NS,0.004258637656851416,ETF
2023-11-22,GOLDBEES.NS,0.005589766670384799,ETF
2023-11-23,GOLDBEES.NS,-0.0028751718697764828,ETF
2023-11-24,GOLDBEES.NS,0.002499059342008003,ETF
2023-11-25,GOLDBEES.NS,0.0,ETF
2023-11-26,GOLDBEES.NS,0.0,ETF
2023-11-27,GOLDBEES.NS,0.0,ETF
2023-11-28,GOLDBEES.NS,0.002876274339267404,ETF
2023-11-29,GOLDBEES.NS,0.014340344377453462,ETF
2023-11-30,GOLDBEES.NS,0.001885057309265692,ETF
2023-12-01,GOLDBEES.NS,0.0026340430033717777,ETF
2023-12-02,GOLDBEES.NS,0.0,ETF
2023-12-03,GOLDBEES.NS,0.0,ETF
2023-12-04,GOLDBEES.NS,0.008069061696159396,ETF
2023-12-05,GOLDBEES.NS,-0.01451977990077813,ETF
2023-12-06,GOLDBEES.NS,-0.0020777634776666387,ETF
2023-12-07,GOLDBEES.NS,0.003785669909339706,ETF
2023-12-08,GOLDBEES.NS,-0.0016971554716125326,ETF
2023-12-09,GOLDBEES.NS,0.0,ETF
2023-12-10,GOLDBEES.NS,0.0,ETF
2023-12-11,GOLDBEES.NS,-0.017378129822639643,ETF
2023-12-12,GOLDBEES.NS,-0.0032680119597577884,ETF
2023-12-13,GOLDBEES.NS,-0.0003856633298916501,ETF
2023-12-14,GOLDBEES.NS,0.018714979196174264,ETF
2023-12-15,GOLDBEES.NS,0.00018943440104157716,ETF
2023-12-16,GOLDBEES.NS,0.0,ETF
2023-12-17,GOLDBEES.NS,0.0,ETF
2023-12-18,GOLDBEES.NS,-0.006059452499580176,ETF
2023-12-19,GOLDBEES.NS,0.0019050956548571918,ETF
2023-12-20,GOLDBEES.NS,0.004563637150987621,ETF
2023-12-21,GOLDBEES.NS,0.0005678360449958841,ETF
2023-12-22,GOLDBEES.NS,0.006242868190447837,ETF
2023-12-23,GOLDBEES.NS,0.0,ETF
2023-12-24,GOLDBEES.NS,0.0,ETF
2023-12-25,GOLDBEES.NS,0.0,ETF
2023-12-26,GOLDBEES.NS,0.00507615086923674,ETF
2023-12-27,GOLDBEES.NS,0.00317998478402437,ETF
2023-12-28,GOLDBEES.NS,0.003915701664930715,ETF
2023-12-29,GOLDBEES.NS,-0.0033432448860631903,ETF
2023-12-30,GOLDBEES.NS,0.0,ETF
2023-12-31,GOLDBEES.NS,0.0,ETF
2024-01-01,GOLDBEES.NS,0.0014909025583709212,ETF
2024-01-02,GOLDBEES.NS,0.005024127923959343,ETF
2024-01-03,GOLDBEES.NS,-0.008887234903781849,ETF
2024-01-04,GOLDBEES.NS,-0.004483427409722851,ETF
2024-01-05,GOLDBEES.NS,-0.0028148155995846302,ETF
2024-01-06,GOLDBEES.NS,0.0,ETF
2024-01-07,GOLDBEES.NS,0.0,ETF
2024-01-08,GOLDBEES.NS,-0.0054572999408771805,ETF
2024-01-09,GOLDBEES.NS,0.0032166885250870525,ETF
2024-01-10,GOLDBEES.NS,-0.0018861238769324329,ETF
2024-01-11,GOLDBEES.NS,-0.0015116783659370192,ETF
2024-01-12,GOLDBEES.NS,0.0028387873854227585,ETF
2024-01-13,GOLDBEES.NS,0.0,ETF
2024-01-14,GOLDBEES.NS,0.0,ETF
2024-01-15,GOLDBEES.NS,0.004906554317752665,ETF
2024-01-16,GOLDBEES.NS,-0.0037558828721023785,ETF
2024-01-17,GOLDBEES.NS,-0.00716307396004201,ETF
2024-01-18,GOLDBEES.NS,-0.0034174387077279267,ETF
2024-01-19,GOLDBEES.NS,0.006667907466740841,ETF
2024-01-20,GOLDBEES.NS,0.0,ETF
2024-01-21,GOLDBEES.NS,0.0,ETF
2024-01-22,GOLDBEES.NS,0.0,ETF
2024-01-23,GOLDBEES.NS,0.0003785097976138907,ETF
2024-01-24,GOLDBEES.NS,0.0009458803723652043,ETF
2024-01-25,GOLDBEES.NS,-0.0035909776461334753,ETF
2024-01-26,GOLDBEES.NS,0.0,ETF
2024-01-27,GOLDBEES.NS,0.0,ETF
2024-01-28,GOLDBEES.NS,0.0,ETF
2024-01-29,GOLDBEES.NS,0.004742033274115709,ETF
2024-01-30,GOLDBEES.NS,0.003020574735225212,ETF
2024-01-31,GOLDBEES.NS,0.004140737842708075,ETF
2024-02-01,GOLDBEES.NS,0.00206186716959178,ETF
2024-02-02,GOLDBEES.NS,0.002244720326171512,ETF
2024-02-03,GOLDBEES.NS,0.0,ETF
2024-02-04,GOLDBEES.NS,0.0,ETF
2024-02-05,GOLDBEES.NS,-0.011198250621757166,ETF
2024-02-06,GOLDBEES.NS,-0.0007550191746501511,ETF
2024-02-07,GOLDBEES.NS,0.0051001221149911125,ETF
2024-02-08,GOLDBEES.NS,-0.0030069507642370708,ETF
2024-02-09,GOLDBEES.NS,0.0,ETF
2024-02-10,GOLDBEES.NS,0.0,ETF
2024-02-11,GOLDBEES.NS,0.0,ETF
2024-02-12,GOLDBEES.NS,-0.004901005188923113,ETF
2024-02-13,GOLDBEES.NS,0.000378868297344237,ETF
2024-02-14,GOLDBEES.NS,-0.013444477953166833,ETF
2024-02-15,GOLDBEES.NS,0.0013435642394306058,ETF
2024-02-16,GOLDBEES.NS,0.0034502647401457587,ETF
2024-02-17,GOLDBEES.NS,0.0,ETF
2024-02-18,GOLDBEES.NS,0.0,ETF
2024-02-19,GOLDBEES.NS,0.00553965470831308,ETF
2024-02-20,GOLDBEES.NS,-0.0015197191733469229,ETF
2024-02-21,GOLDBEES.NS,0.0015220322349167592,ETF
2024-02-22,GOLDBEES.NS,0.0015197916410010226,ETF
2024-02-23,GOLDBEES.NS,-0.005311126470235794,ETF
2024-02-24,GOLDBEES.NS,0.0,ETF
2024-02-25,GOLDBEES.NS,0.0,ETF
2024-02-26,GOLDBEES.NS,0.005148750282883308,ETF
2024-02-27,GOLDBEES.NS,0.0015177733341729116,ETF
2024-02-28,GOLDBEES.NS,-0.003599212693901732,ETF
2024-02-29,GOLDBEES.NS,0.0034220591330309524,ETF
2024-03-01,GOLDBEES.NS,0.002273640571380575,ETF
2024-03-02,GOLDBEES.NS,0.0,ETF
2024-03-03,GOLDBEES.NS,0.0,ETF
2024-03-04,GOLDBEES.NS,0.01871451484335429,ETF
2024-03-05,GOLDBEES.NS,0.01354610411030266,ETF
2024-03-06,GOLDBEES.NS,0.001830873137567579,ETF
2024-03-07,GOLDBEES.NS,0.01315784703845102,ETF
2024-03-08,GOLDBEES.NS,0.0,ETF
2024-03-09,GOLDBEES.NS,0.0,ETF
2024-03-10,GOLDBEES.NS,0.0,ETF
2024-03-11,GOLDBEES.NS,0.010281380031449183,ETF
2024-03-12,GOLDBEES.NS,-0.0012497714144245053,ETF
2024-03-13,GOLDBEES.NS,-0.008401812970039169,ETF
2024-03-14,GOLDBEES.NS,0.006670252816700417,ETF
2024-03-15,GOLDBEES.NS,-0.0019699249650962924,ETF
2024-03-16,GOLDBEES.NS,0.0,ETF
2024-03-17,GOLDBEES.NS,0.0,ETF
2024-03-18,GOLDBEES.NS,-0.004127032910919315,ETF
2024-03-19,GOLDBEES.NS,0.0019819929793074564,ETF
2024-03-20,GOLDBEES.NS,0.001978072453591828,ETF
2024-03-21,GOLDBEES.NS,0.01758793109775092,ETF
2024-03-22,GOLDBEES.NS,-0.012522029540019464,ETF
2024-03-23,GOLDBEES.NS,0.0,ETF
2024-03-24,GOLDBEES.NS,0.0,ETF
2024-03-25,GOLDBEES.NS,0.0,ETF
2024-03-26,GOLDBEES.NS,0.005536659212370898,ETF
2024-03-27,GOLDBEES.NS,-0.001420923933241558,ETF
2024-03-28,GOLDBEES.NS,0.006937022077203814,ETF
2024-03-29,GOLDBEES.NS,0.0,ETF
2024-03-30,GOLDBEES.NS,0.0,ETF
2024-03-31,GOLDBEES.NS,0.0,ETF
2024-04-01,GOLDBEES.NS,0.0302066607672844,ETF
2024-04-02,GOLDBEES.NS,0.005486963245862508,ETF
2024-04-03,GOLDBEES.NS,0.0022169350182186243,ETF
2024-04-04,GOLDBEES.NS,0.00697634582641804,ETF
2024-04-05,GOLDBEES.NS,-0.0025346658517301224,ETF
2024-04-06,GOLDBEES.NS,0.0,ETF
2024-04-07,GOLDBEES.NS,0.0,ETF
2024-04-08,GOLDBEES.NS,0.019989841259993923,ETF
2024-04-09,GOLDBEES.NS,0.005646905128015023,ETF
2024-04-10,GOLDBEES.NS,0.0011560643386658853,ETF
2024-04-11,GOLDBEES.NS,0.0,ETF
2024-04-12,GOLDBEES.NS,0.021280121053397716,ETF
2024-04-13,GOLDBEES.NS,0.0,ETF
2024-04-14,GOLDBEES.NS,0.0,ETF
2024-04-15,GOLDBEES.NS,-0.010983690952217073,ETF
2024-04-16,GOLDBEES.NS,0.010779027475851022,ETF
2024-04-17,GOLDBEES.NS,0.0,ETF
2024-04-18,GOLDBEES.NS,0.0011310340202705937,ETF
2024-04-19,GOLDBEES.NS,0.004519086477267287,ETF
2024-04-20,GOLDBEES.NS,0.0,ETF
2024-04-21,GOLDBEES.NS,0.0,ETF
2024-04-22,GOLDBEES.NS,-0.008033418806493775,ETF
2024-04-23,GOLDBEES.NS,-0.02413348943893001,ETF
2024-04-24,GOLDBEES.NS,0.007966797381515844,ETF
2024-04-25,GOLDBEES.NS,0.0021406400312060647,ETF
2024-04-26,GOLDBEES.NS,0.00772266210958894,ETF
2024-04-27,GOLDBEES.NS,0.0,ETF
2024-04-28,GOLDBEES.NS,0.0,ETF
2024-04-29,GOLDBEES.NS,-0.0004891993004791928,ETF
2024-04-30,GOLDBEES.NS,-0.006851519970189401,ETF
2024-05-01,GOLDBEES.NS,0.0,ETF
2024-05-02,GOLDBEES.NS,-0.0004928152672102337,ETF
2024-05-03,GOLDBEES.NS,-0.006080508482545377,ETF
2024-05-04,GOLDBEES.NS,0.0,ETF
2024-05-05,GOLDBEES.NS,0.0,ETF
2024-05-06,GOLDBEES.NS,0.003968281750716507,ETF
2024-05-07,GOLDBEES.NS,-0.000658776592937671,ETF
2024-05-08,GOLDBEES.NS,-0.002966386029507495,ETF
2024-05-09,GOLDBEES.NS,-0.001322344314953483,ETF
2024-05-10,GOLDBEES.NS,0.02482621723697709,ETF
2024-05-11,GOLDBEES.NS,0.0,ETF
2024-05-12,GOLDBEES.NS,0.0,ETF
2024-05-13,GOLDBEES.NS,-0.012435346670481406,ETF
2024-05-14,GOLDBEES.NS,0.0006540817634019813,ETF
2024-05-15,GOLDBEES.NS,0.008498128279687434,ETF
2024-05-16,GOLDBEES.NS,0.004699415327009904,ETF
2024-05-17,GOLDBEES.NS,-0.0006451760568926268,ETF
2024-05-18,GOLDBEES.NS,0.0,ETF
2024-05-19,GOLDBEES.NS,0.0,ETF
2024-05-20,GOLDBEES.NS,0.0,ETF
2024-05-21,GOLDBEES.NS,0.010813460192746982,ETF
2024-05-22,GOLDBEES.NS,0.0007983272586276069,ETF
2024-05-23,GOLDBEES.NS,-0.016911317296268158,ETF
2024-05-24,GOLDBEES.NS,-0.011846795762578188,ETF
2024-05-25,GOLDBEES.NS,0.0,ETF
2024-05-26,GOLDBEES.NS,0.0,ETF
2024-05-27,GOLDBEES.NS,0.0018065464190211156,ETF
2024-05-28,GOLDBEES.NS,0.0019671956046682926,ETF
2024-05-29,GOLDBEES.NS,0.0013089305047901956,ETF
2024-05-30,GOLDBEES.NS,-0.0075163248159829665,ETF
2024-05-31,GOLDBEES.NS,0.009054975664505527,ETF
2024-06-01,GOLDBEES.NS,0.0,ETF
2024-06-02,GOLDBEES.NS,0.0,ETF
2024-06-03,GOLDBEES.NS,-0.01142112502011916,ETF
2024-06-04,GOLDBEES.NS,-0.0004951110615831755,ETF
2024-06-05,GOLDBEES.NS,0.001981488262278841,ETF
2024-06-06,GOLDBEES.NS,0.012689526267157802,ETF
2024-06-07,GOLDBEES.NS,-0.005858431340633574,ETF
2024-06-08,GOLDBEES.NS,0.0,ETF
2024-06-09,GOLDBEES.NS,0.0,ETF
2024-06-10,GOLDBEES.NS,-0.01571450453551826,ETF
2024-06-11,GOLDBEES.NS,0.004822835451168128,ETF
2024-06-12,GOLDBEES.NS,0.0028136707844184095,ETF
2024-06-13,GOLDBEES.NS,0.0,ETF
2024-06-14,GOLDBEES.NS,0.0001650160341313267,ETF
2024-06-15,GOLDBEES.NS,0.0,ETF
2024-06-16,GOLDBEES.NS,0.0,ETF
2024-06-17,GOLDBEES.NS,0.0,ETF
2024-06-18,GOLDBEES.NS,-0.0044553902617952,ETF
2024-06-19,GOLDBEES.NS,0.0062986448182464905,ETF
2024-06-20,GOLDBEES.NS,0.005270955355788587,ETF
2024-06-21,GOLDBEES.NS,0.008192692282497971,ETF
2024-06-22,GOLDBEES.NS,0.0,ETF
2024-06-23,GOLDBEES.NS,0.0,ETF
2024-06-24,GOLDBEES.NS,-0.014789531374382214,ETF
2024-06-25,GOLDBEES.NS,0.0021445244210793746,ETF
2024-06-26,GOLDBEES.NS,-0.004773677621849326,ETF
2024-06-27,GOLDBEES.NS,-0.0023155704890572837,ETF
2024-06-28,GOLDBEES.NS,0.005139280087191667,ETF
2024-06-29,GOLDBEES.NS,0.0,ETF
2024-06-30,GOLDBEES.NS,0.0,ETF
2024-07-01,GOLDBEES.NS,-0.0013195089830990714,ETF
2024-07-02,GOLDBEES.NS,0.00280762982303262,ETF
2024-07-03,GOLDBEES.NS,0.0057641381272199865,ETF
2024-07-04,GOLDBEES.NS,0.00360244345509253,ETF
2024-07-05,GOLDBEES.NS,0.0030999938631237622,ETF
2024-07-06,GOLDBEES.NS,0.0,ETF
2024-07-07,GOLDBEES.NS,0.0,ETF
2024-07-08,GOLDBEES.NS,0.0014638931889721096,ETF
2024-07-09,GOLDBEES.NS,-0.0030858961775332983,ETF
2024-07-10,GOLDBEES.NS,0.002606709752815961,ETF
2024-07-11,GOLDBEES.NS,0.002274933174612803,ETF
2024-07-12,GOLDBEES.NS,0.0034046544006751667,ETF
2024-07-13,GOLDBEES.NS,0.0,ETF
2024-07-14,GOLDBEES.NS,0.0,ETF
2024-07-15,GOLDBEES.NS,0.00048471125533566806,ETF
2024-07-16,GOLDBEES.NS,0.008397940457699704,ETF
2024-07-17,GOLDBEES.NS,0.0,ETF
2024-07-18,GOLDBEES.NS,0.007527245852662068,ETF
2024-07-19,GOLDBEES.NS,-0.007947862044392795,ETF
2024-07-20,GOLDBEES.NS,0.0,ETF
2024-07-21,GOLDBEES.NS,0.0,ETF
2024-07-22,GOLDBEES.NS,-0.005287582393274204,ETF
2024-07-23,GOLDBEES.NS,-0.03092786609233189,ETF
2024-07-24,GOLDBEES.NS,-0.009308533489218451,ETF
2024-07-25,GOLDBEES.NS,-0.0038590528208855,ETF
2024-07-26,GOLDBEES.NS,0.010443031122391533,ETF
2024-07-27,GOLDBEES.NS,0.0,ETF
2024-07-28,GOLDBEES.NS,0.0,ETF
2024-07-29,GOLDBEES.NS,-0.020170076101268863,ETF
2024-07-30,GOLDBEES.NS,-0.007315418749672231,ETF
2024-07-31,GOLDBEES.NS,0.0056555585207263,ETF
2024-08-01,GOLDBEES.NS,0.006987045761414956,ETF
2024-08-02,GOLDBEES.NS,0.00981550202842607,ETF
2024-08-03,GOLDBEES.NS,0.0,ETF
2024-08-04,GOLDBEES.NS,0.0,ETF
2024-08-05,GOLDBEES.NS,-0.01558566313083154,ETF
2024-08-06,GOLDBEES.NS,-0.0020429476192205254,ETF
2024-08-07,GOLDBEES.NS,-0.007164759068544857,ETF
2024-08-08,GOLDBEES.NS,-0.0018900448266249148,ETF
2024-08-09,GOLDBEES.NS,0.009812354851557403,ETF
2024-08-10,GOLDBEES.NS,0.0,ETF
2024-08-11,GOLDBEES.NS,0.0,ETF
2024-08-12,GOLDBEES.NS,0.006137071450528664,ETF
2024-08-13,GOLDBEES.NS,0.0064385134728552895,ETF
2024-08-14,GOLDBEES.NS,0.003535338031618762,ETF
2024-08-15,GOLDBEES.NS,0.0,ETF
2024-08-16,GOLDBEES.NS,-0.0023485889651899683,ETF
2024-08-17,GOLDBEES.NS,0.0,ETF
2024-08-18,GOLDBEES.NS,0.0,ETF
2024-08-19,GOLDBEES.NS,0.014629206558379737,ETF
2024-08-20,GOLDBEES.NS,0.005468976061036246,ETF
2024-08-21,GOLDBEES.NS,-0.004779909503582536,ETF
2024-08-22,GOLDBEES.NS,0.0011593192048018341,ETF
2024-08-23,GOLDBEES.NS,-0.0033085320167948185,ETF
2024-08-24,GOLDBEES.NS,0.0,ETF
2024-08-25,GOLDBEES.NS,0.0,ETF
2024-08-26,GOLDBEES.NS,0.009626586407546656,ETF
2024-08-27,GOLDBEES.NS,-0.004603034449543575,ETF
2024-08-28,GOLDBEES.NS,0.0,ETF
2024-08-29,GOLDBEES.NS,0.00033031309687325816,ETF
2024-08-30,GOLDBEES.NS,0.001485886627725641,ETF
2024-08-31,GOLDBEES.NS,0.0,ETF
2024-09-01,GOLDBEES.NS,0.0,ETF
2024-09-02,GOLDBEES.NS,-0.006758982005332204,ETF
2024-09-03,GOLDBEES.NS,0.0018257362713951508,ETF
2024-09-04,GOLDBEES.NS,-0.008780629124214734,ETF
2024-09-05,GOLDBEES.NS,0.012034052882681667,ETF
2024-09-06,GOLDBEES.NS,0.0018166905324126237,ETF
2024-09-07,GOLDBEES.NS,0.0,ETF
2024-09-08,GOLDBEES.NS,0.0,ETF
2024-09-09,GOLDBEES.NS,-0.008242664049748272,ETF
2024-09-10,GOLDBEES.NS,0.003324480775377836,ETF
2024-09-11,GOLDBEES.NS,0.005798516742577142,ETF
2024-09-12,GOLDBEES.NS,-0.00164714998565485,ETF
2024-09-13,GOLDBEES.NS,0.016993875085375976,ETF
2024-09-14,GOLDBEES.NS,0.0,ETF
2024-09-15,GOLDBEES.NS,0.0,ETF
2024-09-16,GOLDBEES.NS,0.006651522574170565,ETF
2024-09-17,GOLDBEES.NS,-0.004512470310066297,ETF
2024-09-18,GOLDBEES.NS,-0.001457020429349476,ETF
2024-09-19,GOLDBEES.NS,0.008268455236865702,ETF
2024-09-20,GOLDBEES.NS,0.0038591684156064066,ETF
2024-09-21,GOLDBEES.NS,0.0,ETF
2024-09-22,GOLDBEES.NS,0.0,ETF
2024-09-23,GOLDBEES.NS,0.006086834314555256,ETF
2024-09-24,GOLDBEES.NS,0.0028657904989686234,ETF
2024-09-25,GOLDBEES.NS,0.010636579633150678,ETF
2024-09-26,GOLDBEES.NS,0.0017279392179583297,ETF
2024-09-27,GOLDBEES.NS,-0.004547607236092377,ETF
2024-09-28,GOLDBEES.NS,0.0,ETF
2024-09-29,GOLDBEES.NS,0.0,ETF
2024-09-30,GOLDBEES.NS,0.0011027047153275849,ETF
2024-10-01,GOLDBEES.NS,0.0006294400630617591,ETF
2024-10-02,GOLDBEES.NS,0.0,ETF
2024-10-03,GOLDBEES.NS,0.0015725503047827605,ETF
2024-10-04,GOLDBEES.NS,0.0047103636085179534,ETF
2024-10-05,GOLDBEES.NS,0.0,ETF
2024-10-06,GOLDBEES.NS,0.0,ETF
2024-10-07,GOLDBEES.NS,-0.002812944217133073,ETF
2024-10-08,GOLDBEES.NS,-0.005641758385892315,ETF
2024-10-09,GOLDBEES.NS,-0.006776994483929766,ETF
2024-10-10,GOLDBEES.NS,-0.00015871368070163872,ETF
2024-10-11,GOLDBEES.NS,0.008411404667709954,ETF
2024-10-12,GOLDBEES.NS,0.0,ETF
2024-10-13,GOLDBEES.NS,0.0,ETF
2024-10-14,GOLDBEES.NS,0.006924750084500886,ETF
2024-10-15,GOLDBEES.NS,-0.0018755694395644618,ETF
2024-10-16,GOLDBEES.NS,0.009082396265443604,ETF
2024-10-17,GOLDBEES.NS,0.0,ETF
2024-10-18,GOLDBEES.NS,0.01148351700393535,ETF
2024-10-19,GOLDBEES.NS,0.0,ETF
2024-10-20,GOLDBEES.NS,0.0,ETF
2024-10-21,GOLDBEES.NS,0.009358708307694252,ETF
2024-10-22,GOLDBEES.NS,-0.0009119555822895142,ETF
2024-10-23,GOLDBEES.NS,0.006541918198919694,ETF
2024-10-24,GOLDBEES.NS,-0.006197152953668739,ETF
2024-10-25,GOLDBEES.NS,-0.0045627840571530465,ETF
2024-10-26,GOLDBEES.NS,0.0,ETF
2024-10-27,GOLDBEES.NS,0.0,ETF
2024-10-28,GOLDBEES.NS,0.005042045018209151,ETF
2024-10-29,GOLDBEES.NS,0.007905203437379882,ETF
2024-10-30,GOLDBEES.NS,0.010859631344911413,ETF
2024-10-31,GOLDBEES.NS,-0.0014920692200816044,ETF
2024-11-01,GOLDBEES.NS,0.0,ETF
2024-11-02,GOLDBEES.NS,0.0,ETF
2024-11-03,GOLDBEES.NS,0.0,ETF
2024-11-04,GOLDBEES.NS,-0.013448917371557179,ETF
2024-11-05,GOLDBEES.NS,-0.0012116662485253116,ETF
2024-11-06,GOLDBEES.NS,-0.005307947991458395,ETF
2024-11-07,GOLDBEES.NS,-0.01921016278679155,ETF
2024-11-08,GOLDBEES.NS,0.010415018651870778,ETF
2024-11-09,GOLDBEES.NS,0.0,ETF
2024-11-10,GOLDBEES.NS,0.0,ETF
2024-11-11,GOLDBEES.NS,-0.007846186711237935,ETF
2024-11-12,GOLDBEES.NS,-0.025585327428094273,ETF
2024-11-13,GOLDBEES.NS,0.006524504239601381,ETF
2024-11-14,GOLDBEES.NS,-0.023082989477828608,ETF
2024-11-15,GOLDBEES.NS,0.0,ETF
2024-11-16,GOLDBEES.NS,0.0,ETF
2024-11-17,GOLDBEES.NS,0.0,ETF
2024-11-18,GOLDBEES.NS,0.01796408146795514,ETF
2024-11-19,GOLDBEES.NS,0.013036560809729814,ETF
2024-11-20,GOLDBEES.NS,0.0,ETF
2024-11-21,GOLDBEES.NS,0.013339586595062958,ETF
2024-11-22,GOLDBEES.NS,0.011770205046034432,ETF
2024-11-23,GOLDBEES.NS,0.0,ETF
2024-11-24,GOLDBEES.NS,0.0,ETF
2024-11-25,GOLDBEES.NS,-0.014541627904641086,ETF
2024-11-26,GOLDBEES.NS,-0.01537741388637559,ETF
2024-11-27,GOLDBEES.NS,0.008991949839288083,ETF
2024-11-28,GOLDBEES.NS,0.0012508103846129437,ETF
2024-11-29,GOLDBEES.NS,0.003903810062866331,ETF
2024-11-30,GOLDBEES.NS,0.0,ETF
2024-12-01,GOLDBEES.NS,0.0,ETF
2024-12-02,GOLDBEES.NS,-0.008243935082385967,ETF
2024-12-03,GOLDBEES.NS,0.004705132449152272,ETF
2024-12-04,GOLDBEES.NS,-0.000780446835289883,ETF
2024-12-05,GOLDBEES.NS,0.000781056408291958,ETF
2024-12-06,GOLDBEES.NS,-0.0010926612986977835,ETF
2024-12-07,GOLDBEES.NS,0.0,ETF
2024-12-08,GOLDBEES.NS,0.0,ETF
2024-12-09,GOLDBEES.NS,0.004688220490569162,ETF
2024-12-10,GOLDBEES.NS,0.005910674257374238,ETF
2024-12-11,GOLDBEES.NS,0.00572139720207554,ETF
2024-12-12,GOLDBEES.NS,0.006918772169555165,ETF
2024-12-13,GOLDBEES.NS,-0.013437124478893891,ETF
2024-12-14,GOLDBEES.NS,0.0,ETF
2024-12-15,GOLDBEES.NS,0.0,ETF
2024-12-16,GOLDBEES.NS,-0.0020120299054313673,ETF
2024-12-17,GOLDBEES.NS,-0.005893375667320511,ETF
2024-12-18,GOLDBEES.NS,0.004368155787241035,ETF
2024-12-19,GOLDBEES.NS,-0.009319641188540784,ETF
2024-12-20,GOLDBEES.NS,-0.0072122780382049,ETF
2024-12-21,GOLDBEES.NS,0.0,ETF
2024-12-22,GOLDBEES.NS,0.0,ETF
2024-12-23,GOLDBEES.NS,0.010265343161902196,ETF
2024-12-24,GOLDBEES.NS,-0.00453338924485569,ETF
2024-12-25,GOLDBEES.NS,0.0,ETF
2024-12-26,GOLDBEES.NS,0.005025120811725348,ETF
2024-12-27,GOLDBEES.NS,0.003281235694885254,ETF
2024-12-28,GOLDBEES.NS,0.0,ETF
2024-12-29,GOLDBEES.NS,0.0,ETF
2024-12-30,GOLDBEES.NS,-0.0032705043991105853,ETF
2024-12-31,GOLDBEES.NS,0.0014061927795410156,ETF
2025-01-01,GOLDBEES.NS,0.004056828695381709,ETF
2025-01-02,GOLDBEES.NS,0.003885003977125878,ETF
2025-01-03,GOLDBEES.NS,0.007275560863850616,ETF
2025-01-04,GOLDBEES.NS,0.0,ETF
2025-01-05,GOLDBEES.NS,0.0,ETF
2025-01-06,GOLDBEES.NS,-0.007069295937145115,ETF
2025-01-07,GOLDBEES.NS,0.0024763354156231987,ETF
2025-01-08,GOLDBEES.NS,0.005403830811423926,ETF
2025-01-09,GOLDBEES.NS,0.004299735372962132,ETF
2025-01-10,GOLDBEES.NS,0.008103956680905577,ETF
2025-01-11,GOLDBEES.NS,0.0,ETF
2025-01-12,GOLDBEES.NS,0.0,ETF
2025-01-13,GOLDBEES.NS,0.004853627989428233,ETF
2025-01-14,GOLDBEES.NS,-0.0031697975014740587,ETF
2025-01-15,GOLDBEES.NS,0.0033313327930526437,ETF
2025-01-16,GOLDBEES.NS,0.004980292650484497,ETF
2025-01-17,GOLDBEES.NS,0.0010513189378102972,ETF
2025-01-18,GOLDBEES.NS,0.0,ETF
2025-01-19,GOLDBEES.NS,0.0,ETF
2025-01-20,GOLDBEES.NS,-0.0010502148270739031,ETF
2025-01-21,GOLDBEES.NS,0.005406226612851173,ETF
2025-01-22,GOLDBEES.NS,0.01000755532308406,ETF
2025-01-23,GOLDBEES.NS,-0.002809855570670705,ETF
2025-01-24,GOLDBEES.NS,0.0050422117210717765,ETF
2025-01-25,GOLDBEES.NS,0.0,ETF
2025-01-26,GOLDBEES.NS,0.0,ETF
2025-01-27,GOLDBEES.NS,-0.001180377831232149,ETF
2025-01-28,GOLDBEES.NS,-0.0016250643578684665,ETF
2025-01-29,GOLDBEES.NS,0.004143219468931925,ETF
2025-01-30,GOLDBEES.NS,0.0033892679851226237,ETF
2025-01-31,GOLDBEES.NS,0.014539661424730399,ETF
2025-02-01,GOLDBEES.NS,-0.0018819467192610073,ETF
2025-02-02,GOLDBEES.NS,0.0,ETF
2025-02-03,GOLDBEES.NS,0.010007287482901583,ETF
2025-02-04,GOLDBEES.NS,0.006318243039382443,ETF
2025-02-05,GOLDBEES.NS,0.02126138448685455,ETF
2025-02-06,GOLDBEES.NS,-0.0019561183491043632,ETF
2025-02-07,GOLDBEES.NS,0.0015399777387876679,ETF
2025-02-08,GOLDBEES.NS,0.0,ETF
2025-02-09,GOLDBEES.NS,0.0,ETF
2025-02-10,GOLDBEES.NS,0.013698570240392005,ETF
2025-02-11,GOLDBEES.NS,-0.007446129497090115,ETF
2025-02-12,GOLDBEES.NS,-0.007085330820304048,ETF
2025-02-13,GOLDBEES.NS,0.005596775137077126,ETF
2025-02-14,GOLDBEES.NS,0.004869882576117535,ETF
2025-02-15,GOLDBEES.NS,0.0,ETF
2025-02-16,GOLDBEES.NS,0.0,ETF
2025-02-17,GOLDBEES.NS,-0.007892546180971571,ETF
2025-02-18,GOLDBEES.NS,0.004605747718449127,ETF
2025-02-19,GOLDBEES.NS,0.010419560503226233,ETF
2025-02-20,GOLDBEES.NS,-0.003299951630501119,ETF
2025-02-21,GOLDBEES.NS,-0.005655897983130709,ETF
2025-02-22,GOLDBEES.NS,0.0,ETF
2025-02-23,GOLDBEES.NS,0.0,ETF
2025-02-24,GOLDBEES.NS,0.00721415968169925,ETF
2025-02-25,GOLDBEES.NS,0.0020661367635204098,ETF
2025-02-26,GOLDBEES.NS,0.0,ETF
2025-02-27,GOLDBEES.NS,-0.011958800640302858,ETF
2025-02-28,GOLDBEES.NS,-0.010851402463844528,ETF
2025-03-01,GOLDBEES.NS,0.0,ETF
2025-03-02,GOLDBEES.NS,0.0,ETF
2025-03-03,GOLDBEES.NS,0.003656851502255698,ETF
2025-03-04,GOLDBEES.NS,0.01485422575010431,ETF
2025-03-05,GOLDBEES.NS,-0.0020712721578503013,ETF
2025-03-06,GOLDBEES.NS,-0.005258022292359166,ETF
2025-03-07,GOLDBEES.NS,0.004451240750327434,ETF
2025-03-08,GOLDBEES.NS,0.0,ETF
2025-03-09,GOLDBEES.NS,0.0,ETF
2025-03-10,GOLDBEES.NS,-0.00055395258322255,ETF
2025-03-11,GOLDBEES.NS,-0.0012470048520709653,ETF
2025-03-12,GOLDBEES.NS,0.003329604018768695,ETF
2025-03-13,GOLDBEES.NS,0.00691371684333375,ETF
2025-03-14,GOLDBEES.NS,0.0,ETF
2025-03-15,GOLDBEES.NS,0.0,ETF
2025-03-16,GOLDBEES.NS,0.0,ETF
2025-03-17,GOLDBEES.NS,0.009750056130845008,ETF
2025-03-18,GOLDBEES.NS,0.0,ETF
2025-03-19,GOLDBEES.NS,0.009791938428616476,ETF
2025-03-20,GOLDBEES.NS,0.0032322944615426064,ETF
2025-03-21,GOLDBEES.NS,-0.007249307705914032,ETF
2025-03-22,GOLDBEES.NS,0.0,ETF
2025-03-23,GOLDBEES.NS,0.0,ETF
2025-03-24,GOLDBEES.NS,-0.01284647717980425,ETF
2025-03-25,GOLDBEES.NS,0.0031507309168985476,ETF
2025-03-26,GOLDBEES.NS,0.0002730662590433308,ETF
2025-03-27,GOLDBEES.NS,0.007508574085430819,ETF
2025-03-28,GOLDBEES.NS,0.004878056849118018,ETF
2025-03-29,GOLDBEES.NS,0.0,ETF
2025-03-30,GOLDBEES.NS,0.0,ETF
2025-03-31,GOLDBEES.NS,0.0,ETF
2025-04-01,GOLDBEES.NS,0.034519922224622634,ETF
2025-04-02,GOLDBEES.NS,-0.0063868333677411515,ETF
2025-04-03,GOLDBEES.NS,-0.00498497790998631,ETF
2025-04-04,GOLDBEES.NS,-0.011338175710642662,ETF
2025-04-05,GOLDBEES.NS,0.0,ETF
2025-04-06,GOLDBEES.NS,0.0,ETF
2025-04-07,GOLDBEES.NS,-0.015468676700353456,ETF
2025-04-08,GOLDBEES.NS,-0.0020317150502332515,ETF
2025-04-09,GOLDBEES.NS,0.0164223544986557,ETF
2025-04-10,GOLDBEES.NS,0.0,ETF
2025-04-11,GOLDBEES.NS,0.04019231086609576,ETF
2025-04-12,GOLDBEES.NS,0.0,ETF
2025-04-13,GOLDBEES.NS,0.0,ETF
2025-04-14,GOLDBEES.NS,0.0,ETF
2025-04-15,GOLDBEES.NS,-0.0030808454309182443,ETF
2025-04-16,GOLDBEES.NS,0.02021632269881324,ETF
2025-04-17,GOLDBEES.NS,0.003786386591602131,ETF
2025-04-18,GOLDBEES.NS,0.0,ETF
2025-04-19,GOLDBEES.NS,0.0,ETF
2025-04-20,GOLDBEES.NS,0.0,ETF
2025-04-21,GOLDBEES.NS,0.019363773911288407,ETF
2025-04-22,GOLDBEES.NS,0.02257310765934939,ETF
2025-04-23,GOLDBEES.NS,-0.03027746791351893,ETF
2025-04-24,GOLDBEES.NS,0.0014927571525455985,ETF
2025-04-25,GOLDBEES.NS,-0.005962033836757086,ETF
2025-04-26,GOLDBEES.NS,0.0,ETF
2025-04-27,GOLDBEES.NS,0.0,ETF
2025-04-28,GOLDBEES.NS,-0.012245354773047668,ETF
2025-04-29,GOLDBEES.NS,0.012523691657814862,ETF
2025-04-30,GOLDBEES.NS,-0.011869122523366027,ETF
2025-05-01,GOLDBEES.NS,0.0,ETF
2025-05-02,GOLDBEES.NS,-0.008977103519380303,ETF
2025-05-03,GOLDBEES.NS,0.0,ETF
2025-05-04,GOLDBEES.NS,0.0,ETF
2025-05-05,GOLDBEES.NS,0.015310087008001183,ETF
2025-05-06,GOLDBEES.NS,0.03204316868170998,ETF
2025-05-07,GOLDBEES.NS,-0.01034942776752279,ETF
2025-05-08,GOLDBEES.NS,-0.004183025873484958,ETF
2025-05-09,GOLDBEES.NS,-0.0017296687104720876,ETF
2025-05-10,GOLDBEES.NS,0.0,ETF
2025-05-11,GOLDBEES.NS,0.0,ETF
2025-05-12,GOLDBEES.NS,-0.03490098500389682,ETF
2025-05-13,GOLDBEES.NS,0.013977895498432424,ETF
2025-05-14,GOLDBEES.NS,-0.006197013603904233,ETF
2025-05-15,GOLDBEES.NS,-0.019597873245642217,ETF
2025-05-16,GOLDBEES.NS,0.009605371949319208,ETF
2025-05-17,GOLDBEES.NS,0.0,ETF
2025-05-18,GOLDBEES.NS,0.0,ETF
2025-05-19,GOLDBEES.NS,0.0069426706608675115,ETF
2025-05-20,GOLDBEES.NS,-0.0016598219346847243,ETF
2025-05-21,GOLDBEES.NS,0.01675402887441302,ETF
2025-05-22,GOLDBEES.NS,0.0038993403596698784,ETF
2025-05-23,GOLDBEES.NS,-0.0037588702110037397,ETF
2025-05-24,GOLDBEES.NS,0.0,ETF
2025-05-25,GOLDBEES.NS,0.0,ETF
2025-05-26,GOLDBEES.NS,0.003269959751610596,ETF
2025-05-27,GOLDBEES.NS,-0.00263255726852174,ETF
2025-05-28,GOLDBEES.NS,0.0062845653009449,ETF
2025-05-29,GOLDBEES.NS,-0.01199099567508799,ETF
2025-05-30,GOLDBEES.NS,0.004930460141235438,ETF
2025-05-31,GOLDBEES.NS,0.0,ETF
2025-06-01,GOLDBEES.NS,0.0,ETF
2025-06-02,GOLDBEES.NS,0.012957589721691587,ETF
2025-06-03,GOLDBEES.NS,0.005588730705386347,ETF
2025-06-04,GOLDBEES.NS,0.0041990407899819004,ETF
2025-06-05,GOLDBEES.NS,0.005165487774577482,ETF
2025-06-06,GOLDBEES.NS,-0.006117704385944833,ETF
2025-06-07,GOLDBEES.NS,0.0,ETF
2025-06-08,GOLDBEES.NS,0.0,ETF
2025-06-09,GOLDBEES.NS,-0.009233041597996983,ETF
2025-06-10,GOLDBEES.NS,0.0016152739562078633,ETF
2025-06-11,GOLDBEES.NS,0.0018608302287947964,ETF
2025-06-12,GOLDBEES.NS,0.007800857314927523,ETF
2025-06-13,GOLDBEES.NS,0.021378521646614468,ETF
2025-06-14,GOLDBEES.NS,0.0,ETF
2025-06-15,GOLDBEES.NS,0.0,ETF
2025-06-16,GOLDBEES.NS,-0.0004811850938164497,ETF
2025-06-17,GOLDBEES.NS,-0.006378611176507953,ETF
2025-06-18,GOLDBEES.NS,0.002785893456093591,ETF
2025-06-19,GOLDBEES.NS,0.0,ETF
2025-06-20,GOLDBEES.NS,-0.0067640723807350644,ETF
2025-06-21,GOLDBEES.NS,0.0,ETF
2025-06-22,GOLDBEES.NS,0.0,ETF
2025-06-23,GOLDBEES.NS,0.005229238570127359,ETF
2025-06-24,GOLDBEES.NS,-0.020324222486647225,ETF
2025-06-25,GOLDBEES.NS,0.0016053006671903347,ETF
2025-06-26,GOLDBEES.NS,0.00012331569664914,ETF
2025-06-27,GOLDBEES.NS,-0.016148978595091013,ETF
2025-06-28,GOLDBEES.NS,0.0,ETF
2025-06-29,GOLDBEES.NS,0.0,ETF
2025-06-30,GOLDBEES.NS,0.0022553603643908904,ETF
2025-07-01,GOLDBEES.NS,0.01325172166892119,ETF
2025-07-02,GOLDBEES.NS,0.0007402536253506842,ETF
2025-07-03,GOLDBEES.NS,-0.0012328747795414818,ETF
2025-07-04,GOLDBEES.NS,-0.0014813324702822595,ETF
2025-07-05,GOLDBEES.NS,0.0,ETF
2025-07-06,GOLDBEES.NS,0.0,ETF
2025-07-07,GOLDBEES.NS,-0.004450495896500595,ETF
2025-07-08,GOLDBEES.NS,0.0031044331775684775,ETF
2025-07-09,GOLDBEES.NS,-0.009284476495835525,ETF
2025-07-10,GOLDBEES.NS,0.008496817637734244,ETF
2025-07-11,GOLDBEES.NS,0.005451647210970023,ETF
2025-07-12,GOLDBEES.NS,0.0,ETF
2025-07-13,GOLDBEES.NS,0.0,ETF
2025-07-14,GOLDBEES.NS,0.008995634181304002,ETF
2025-07-15,GOLDBEES.NS,-0.0025647177762196938,ETF
2025-07-16,GOLDBEES.NS,-0.0039182037712582884,ETF
2025-07-17,GOLDBEES.NS,-0.002335523240017734,ETF
2025-07-18,GOLDBEES.NS,0.00702316004318182,ETF
2025-07-19,GOLDBEES.NS,0.0,ETF
2025-07-20,GOLDBEES.NS,0.0,ETF
2025-07-21,GOLDBEES.NS,0.0048940888297472895,ETF
2025-07-22,GOLDBEES.NS,0.007792516876308664,ETF
2025-07-23,GOLDBEES.NS,0.0118400796989242,ETF
2025-07-24,GOLDBEES.NS,-0.017313396396921643,ETF
2025-07-25,GOLDBEES.NS,-0.002430189188582843,ETF
2025-07-26,GOLDBEES.NS,0.0,ETF
2025-07-27,GOLDBEES.NS,0.0,ETF
2025-07-28,GOLDBEES.NS,-0.00085261505633627,ETF
2025-07-29,GOLDBEES.NS,-0.0014628199314051793,ETF
2025-07-30,GOLDBEES.NS,0.005860037920631944,ETF
2025-07-31,GOLDBEES.NS,-0.0023061347592402415,ETF
2025-08-01,GOLDBEES.NS,-0.0030413626433273278,ETF
2025-08-02,GOLDBEES.NS,0.0,ETF
2025-08-03,GOLDBEES.NS,0.0,ETF
2025-08-04,GOLDBEES.NS,0.015619358832921426,ETF
2025-08-05,GOLDBEES.NS,0.004565628236110175,ETF
2025-08-06,GOLDBEES.NS,-0.0020332276964996066,ETF
2025-08-07,GOLDBEES.NS,0.005992329642501071,ETF
2025-08-08,GOLDBEES.NS,0.005003552022034841,ETF
2025-08-09,GOLDBEES.NS,0.0,ETF
2025-08-10,GOLDBEES.NS,0.0,ETF
2025-08-11,GOLDBEES.NS,-0.013394941266504756,ETF
2025-08-12,GOLDBEES.NS,-0.0030037244973770694,ETF
2025-08-13,GOLDBEES.NS,0.0025307191609689195,ETF
2025-08-14,GOLDBEES.NS,-0.0006010704446490767,ETF
2025-08-15,GOLDBEES.NS,0.0,ETF
2025-08-16,GOLDBEES.NS,0.0,ETF
2025-08-17,GOLDBEES.NS,0.0,ETF
2025-08-18,GOLDBEES.NS,-0.004690875541394246,ETF
2025-08-19,GOLDBEES.NS,-0.005317250047205402,ETF
2025-08-20,GOLDBEES.NS,-0.0027942623540394562,ETF
2025-08-21,GOLDBEES.NS,0.005726135602074356,ETF
2025-08-22,GOLDBEES.NS,0.0008479671985031079,ETF
2025-08-23,GOLDBEES.NS,0.0,ETF
2025-08-24,GOLDBEES.NS,0.0,ETF
2025-08-25,GOLDBEES.NS,0.01065114045223603,ETF
2025-08-26,GOLDBEES.NS,0.003952117737181959,ETF
2025-08-27,GOLDBEES.NS,0.0,ETF
2025-08-28,GOLDBEES.NS,0.007038009364232822,ETF
2025-08-29,GOLDBEES.NS,0.010897870041458368,ETF
2025-08-30,GOLDBEES.NS,0.0,ETF
2025-08-31,GOLDBEES.NS,0.0,ETF
2025-09-01,GOLDBEES.NS,0.014881700573697643,ETF
2025-09-02,GOLDBEES.NS,0.0,ETF
2025-09-03,GOLDBEES.NS,0.014663394921101247,ETF
2025-09-04,GOLDBEES.NS,0.0031862359745409297,ETF
2025-09-05,GOLDBEES.NS,0.005558051762878158,ETF
2025-09-06,GOLDBEES.NS,0.0,ETF
2025-09-07,GOLDBEES.NS,0.0,ETF
2025-09-08,GOLDBEES.NS,0.01500284047560263,ETF
2025-09-09,GOLDBEES.NS,0.013225102996398341,ETF
2025-09-10,GOLDBEES.NS,-0.0029614637324668625,ETF
2025-09-11,GOLDBEES.NS,-0.0030802945500189027,ETF
2025-09-12,GOLDBEES.NS,0.007062451669066716,ETF
2025-09-13,GOLDBEES.NS,0.0,ETF
2025-09-14,GOLDBEES.NS,0.0,ETF
2025-09-15,GOLDBEES.NS,-0.003725662495356996,ETF
2025-09-16,GOLDBEES.NS,0.014848201730190969,ETF
2025-09-17,GOLDBEES.NS,-0.011054477947063601,ETF
2025-09-18,GOLDBEES.NS,0.003835599716395466,ETF
2025-09-19,GOLDBEES.NS,-0.0033842528794509885,ETF
2025-09-20,GOLDBEES.NS,0.0,ETF
2025-09-21,GOLDBEES.NS,0.0,ETF
2025-09-22,GOLDBEES.NS,0.020265072358066183,ETF
2025-09-23,GOLDBEES.NS,0.0213656632683068,ETF
2025-09-24,GOLDBEES.NS,-0.005150823903255497,ETF
2025-09-25,GOLDBEES.NS,-0.00221892525176437,ETF
2025-09-26,GOLDBEES.NS,-0.0022238598304986645,ETF
2025-09-27,GOLDBEES.NS,0.0,ETF
2025-09-28,GOLDBEES.NS,0.0,ETF
2025-09-29,GOLDBEES.NS,0.017830612220440356,ETF
2025-09-30,GOLDBEES.NS,-0.0005214082477811299,ETF
2025-10-01,GOLDBEES.NS,0.018570670919493715,ETF
2025-10-02,GOLDBEES.NS,0.0,ETF
2025-10-03,GOLDBEES.NS,-0.005735916975805777,ETF
2025-10-04,GOLDBEES.NS,0.0,ETF
2025-10-05,GOLDBEES.NS,0.0,ETF
2025-10-06,GOLDBEES.NS,0.02214898045367497,ETF
2025-10-07,GOLDBEES.NS,0.004434614351873645,ETF
2025-10-08,GOLDBEES.NS,0.020369242471427684,ETF
2025-10-09,GOLDBEES.NS,-0.0021634498517185685,ETF
2025-10-10,GOLDBEES.NS,-0.007884133656584469,ETF
2025-10-11,GOLDBEES.NS,0.0,ETF
2025-10-12,GOLDBEES.NS,0.0,ETF
2025-10-13,GOLDBEES.NS,0.01966825661018423,ETF
2025-10-14,GOLDBEES.NS,0.023770041653594864,ETF
2025-10-15,GOLDBEES.NS,0.0019031742754433978,ETF
2025-10-16,GOLDBEES.NS,0.0007598236333843378,ETF
2025-10-17,GOLDBEES.NS,0.02600358538814218,ETF
2025-10-18,GOLDBEES.NS,0.0,ETF
2025-10-19,GOLDBEES.NS,0.0,ETF
2025-10-20,GOLDBEES.NS,-0.027472030375872092,ETF
2025-10-21,GOLDBEES.NS,0.005231149466907503,ETF
2025-10-22,GOLDBEES.NS,0.0,ETF
2025-10-23,GOLDBEES.NS,-0.03775196708294237,ETF
2025-10-24,GOLDBEES.NS,0.0,ETF
2025-10-25,GOLDBEES.NS,0.0,ETF
2025-10-26,GOLDBEES.NS,0.0,ETF
2025-10-27,GOLDBEES.NS,-0.01533920949267753,ETF
2025-10-28,GOLDBEES.NS,-0.032953895265341315,ETF
2025-10-29,GOLDBEES.NS,0.03211483610036758,ETF
2025-10-30,GOLDBEES.NS,-0.002701317171687534,ETF
2025-10-31,GOLDBEES.NS,0.003410878178668808,ETF
2025-11-01,GOLDBEES.NS,0.0,ETF
2025-11-02,GOLDBEES.NS,0.0,ETF
2025-11-03,GOLDBEES.NS,0.0003000040961658179,ETF
2025-11-04,GOLDBEES.NS,-0.00249875054846993,ETF
2025-11-05,GOLDBEES.NS,0.0,ETF
2025-11-06,GOLDBEES.NS,0.002705377102307116,ETF
2025-11-07,GOLDBEES.NS,-0.0012990631939083785,ETF
2025-11-08,GOLDBEES.NS,0.0,ETF
2025-11-09,GOLDBEES.NS,0.0,ETF
2025-11-10,GOLDBEES.NS,0.017610510944982227,ETF
2025-11-11,GOLDBEES.NS,0.015634257767916715,ETF
2025-11-12,GOLDBEES.NS,-0.005808872773772067,ETF
2025-11-13,GOLDBEES.NS,0.026097967099620645,ETF
2025-11-14,GOLDBEES.NS,-0.014805021802458684,ETF
2025-11-15,GOLDBEES.NS,0.0,ETF
2025-11-16,GOLDBEES.NS,0.0,ETF
2025-11-17,GOLDBEES.NS,-0.018013632223929266,ETF
2025-11-18,GOLDBEES.NS,-0.010103970518235972,ETF
2025-11-19,GOLDBEES.NS,0.013080959735609188,ETF
2025-11-20,GOLDBEES.NS,-0.006651670574650881,ETF
2025-11-21,GOLDBEES.NS,0.004431284438394689,ETF
2025-11-22,GOLDBEES.NS,0.0,ETF
2025-11-23,GOLDBEES.NS,0.0,ETF
2025-11-24,GOLDBEES.NS,0.0022549348718978734,ETF
2025-11-25,GOLDBEES.NS,0.012031651053013848,ETF
2025-11-26,GOLDBEES.NS,0.00695922314976305,ETF
2025-11-27,GOLDBEES.NS,-0.0006719110637278813,ETF
2025-11-28,GOLDBEES.NS,0.004898685363947219,ETF
2025-11-29,GOLDBEES.NS,0.0,ETF
2025-11-30,GOLDBEES.NS,0.0,ETF
2025-12-01,GOLDBEES.NS,0.02007262874201854,ETF
2025-12-02,GOLDBEES.NS,-0.010213680236293876,ETF
2025-12-03,GOLDBEES.NS,0.008331013023708422,ETF
2025-12-04,GOLDBEES.NS,-0.005539423110052288,ETF
2025-12-05,GOLDBEES.NS,0.009157866667972803,ETF
2025-12-06,GOLDBEES.NS,0.0,ETF
2025-12-07,GOLDBEES.NS,0.0,ETF
2025-12-08,GOLDBEES.NS,-0.0003742250515086365,ETF
2025-12-09,GOLDBEES.NS,-0.005334578408648927,ETF
2025-12-10,GOLDBEES.NS,-0.00047041233475264566,ETF
2025-12-11,GOLDBEES.NS,0.008660436222091672,ETF
2025-12-12,GOLDBEES.NS,0.022958460564076688,ETF
2025-12-13,GOLDBEES.NS,0.0,ETF
2025-12-14,GOLDBEES.NS,0.0,ETF
2025-12-15,GOLDBEES.NS,0.012225128459346868,ETF
2025-12-16,GOLDBEES.NS,-0.012528160683923817,ETF
2025-12-17,GOLDBEES.NS,0.0039247929422945305,ETF
2025-12-18,GOLDBEES.NS,-0.0010000964859351313,ETF
2025-12-19,GOLDBEES.NS,-0.0005460280314293353,ETF
2025-12-20,GOLDBEES.NS,0.0,ETF
2025-12-21,GOLDBEES.NS,0.0,ETF
2025-12-22,GOLDBEES.NS,0.014296118186004847,ETF
2025-12-23,GOLDBEES.NS,0.01535145968078333,ETF
2025-12-24,GOLDBEES.NS,0.0009725960374502574,ETF
2025-12-25,GOLDBEES.NS,0.0,ETF
2025-12-26,GOLDBEES.NS,0.009716442743721965,ETF
2025-12-27,GOLDBEES.NS,0.0,ETF
2025-12-28,GOLDBEES.NS,0.0,ETF
2025-12-29,GOLDBEES.NS,-0.011197610065915353,ETF
2025-12-30,GOLDBEES.NS,-0.016455813770142713,ETF
2025-12-31,GOLDBEES.NS,-0.009534924674396983,ETF
2026-01-01,GOLDBEES.NS,0.0037235131272563837,ETF
2026-01-02,GOLDBEES.NS,0.011762604879153926,ETF
2026-01-03,GOLDBEES.NS,0.0,ETF
2026-01-04,GOLDBEES.NS,0.0,ETF
2026-01-05,GOLDBEES.NS,0.009837224799885247,ETF
2026-01-06,GOLDBEES.NS,0.0019482928114644693,ETF
2026-01-07,GOLDBEES.NS,-0.0020328418665354064,ETF
2026-01-08,GOLDBEES.NS,-0.0054911232527936615,ETF
2026-01-09,GOLDBEES.NS,0.011755273702573232,ETF
2026-01-10,GOLDBEES.NS,0.0,ETF
2026-01-11,GOLDBEES.NS,0.0,ETF
2026-01-12,GOLDBEES.NS,0.027726445814241885,ETF
2026-01-13,GOLDBEES.NS,-0.003340179706346702,ETF
2026-01-14,GOLDBEES.NS,0.014092973712648726,ETF
2026-01-15,GOLDBEES.NS,0.0,ETF
2026-01-16,GOLDBEES.NS,-0.001949015784849184,ETF
2026-01-17,GOLDBEES.NS,0.0,ETF
2026-01-18,GOLDBEES.NS,0.0,ETF
2026-01-19,GOLDBEES.NS,0.028188145094528494,ETF
2026-01-20,GOLDBEES.NS,0.03930637651698787,ETF
2026-01-21,GOLDBEES.NS,0.07238201625753282,ETF
2026-01-22,GOLDBEES.NS,-0.07875827803713431,ETF
2026-01-23,GOLDBEES.NS,0.024770805225736492,ETF
2026-01-24,GOLDBEES.NS,0.0,ETF
2026-01-25,GOLDBEES.NS,0.0,ETF
2026-01-26,GOLDBEES.NS,0.0,ETF
2026-01-27,GOLDBEES.NS,0.031627678835417505,ETF
2026-01-28,GOLDBEES.NS,0.03324465939468402,ETF
2026-01-29,GOLDBEES.NS,0.07885429890687679,ETF
2026-01-30,GOLDBEES.NS,-0.10516620344288596,ETF
2026-01-31,GOLDBEES.NS,0.0,ETF
2026-02-01,GOLDBEES.NS,0.0,ETF
2026-02-02,GOLDBEES.NS,-0.09495117001121833,ETF
2026-02-03,GOLDBEES.NS,0.05502653476071018,ETF
2026-02-04,GOLDBEES.NS,0.03514384394987169,ETF
2026-02-05,GOLDBEES.NS,-0.03379633238067947,ETF
2026-02-06,GOLDBEES.NS,-0.0014374724758110524,ETF
2026-02-07,GOLDBEES.NS,0.0,ETF
2026-02-08,GOLDBEES.NS,0.0,ETF
2026-02-09,GOLDBEES.NS,0.02351249536052391,ETF
2026-02-10,GOLDBEES.NS,0.002812884603175192,ETF
2026-02-11,GOLDBEES.NS,0.0028050539241388783,ETF
2026-02-12,GOLDBEES.NS,-0.0013985445225273008,ETF
2026-02-13,GOLDBEES.NS,-0.018829798614147686,ETF
2026-02-14,GOLDBEES.NS,0.0,ETF
2026-02-15,GOLDBEES.NS,0.0,ETF
2026-02-16,GOLDBEES.NS,0.006502773233518333,ETF
2026-02-17,GOLDBEES.NS,-0.018436782001649665,ETF
2026-02-18,GOLDBEES.NS,0.00048159863310259787,ETF
2026-02-19,GOLDBEES.NS,0.019656586651473074,ETF
2026-02-20,GOLDBEES.NS,0.0035408339806721756,ETF
2026-02-21,GOLDBEES.NS,0.0,ETF
2026-02-22,GOLDBEES.NS,0.0,ETF
2026-02-23,GOLDBEES.NS,0.01928805917213361,ETF
2026-02-24,GOLDBEES.NS,0.009384624774639416,ETF
2026-02-25,GOLDBEES.NS,0.0035817803408841886,ETF
2026-02-26,GOLDBEES.NS,-0.00918829593313708,ETF
2026-02-27,GOLDBEES.NS,0.008583770789779122,ETF
2026-02-28,GOLDBEES.NS,0.0,ETF
2026-03-01,GOLDBEES.NS,0.0,ETF
2026-03-02,GOLDBEES.NS,0.051063836694788645,ETF
2026-03-03,GOLDBEES.NS,0.0,ETF
2026-03-04,GOLDBEES.NS,-0.03152111321200135,ETF
2026-03-05,GOLDBEES.NS,-0.012839662096889692,ETF
2026-03-06,GOLDBEES.NS,-0.01073803773411608,ETF
2026-03-07,GOLDBEES.NS,0.0,ETF
2026-03-08,GOLDBEES.NS,0.0,ETF
2026-03-09,GOLDBEES.NS,0.00405135873432072,ETF
2026-03-10,GOLDBEES.NS,0.006471189990327808,ETF
2026-03-11,GOLDBEES.NS,0.0038578651845557754,ETF
2026-03-12,GOLDBEES.NS,-0.002109969285810309,ETF
2026-03-13,GOLDBEES.NS,-0.015932835975670745,ETF
2026-03-14,GOLDBEES.NS,0.0,ETF
2026-03-15,GOLDBEES.NS,0.0,ETF
2026-03-16,GOLDBEES.NS,-0.023787645252376532,ETF
2026-03-17,GOLDBEES.NS,0.007860399232862747,ETF
2026-03-18,GOLDBEES.NS,-0.0024177004807554026,ETF
2026-03-19,GOLDBEES.NS,-0.05152062996334117,ETF
2026-03-20,GOLDBEES.NS,-0.002143110261164649,ETF
2026-03-21,GOLDBEES.NS,0.0,ETF
2026-03-22,GOLDBEES.NS,0.0,ETF
2026-03-23,GOLDBEES.NS,-0.08541216377347116,ETF
2026-03-24,GOLDBEES.NS,0.04308161660473764,ETF
2026-03-25,GOLDBEES.NS,0.032903308702457945,ETF
2026-03-26,GOLDBEES.NS,0.0,ETF
2026-03-27,GOLDBEES.NS,-0.014753978730176809,ETF
2026-03-28,GOLDBEES.NS,0.0,ETF
2026-03-29,GOLDBEES.NS,0.0,ETF
2026-03-30,GOLDBEES.NS,0.03114101676272707,ETF
2026-03-31,GOLDBEES.NS,0.0,ETF
2026-04-01,GOLDBEES.NS,0.017988285017402905,ETF
2026-04-02,GOLDBEES.NS,-0.022614905190999846,ETF
2026-04-03,GOLDBEES.NS,0.0,ETF
2026-04-04,GOLDBEES.NS,0.0,ETF
2026-04-05,GOLDBEES.NS,0.0,ETF
2026-04-06,GOLDBEES.NS,0.018493910214593567,ETF
2026-04-07,GOLDBEES.NS,-0.00838692940129282,ETF
2026-04-08,GOLDBEES.NS,0.021432095882031543,ETF
2026-04-09,GOLDBEES.NS,-0.00948629561030434,ETF
2026-04-10,GOLDBEES.NS,0.002272532922469317,ETF
2026-04-11,GOLDBEES.NS,0.0,ETF
2026-04-12,GOLDBEES.NS,0.0,ETF
2026-04-13,GOLDBEES.NS,0.0021864464906606873,ETF
2026-04-14,GOLDBEES.NS,0.0,ETF
2026-04-15,GOLDBEES.NS,0.010504164511344172,ETF
2026-04-16,GOLDBEES.NS,0.004397913501478445,ETF
2026-04-17,GOLDBEES.NS,-0.0064485117001663594,ETF
2026-04-18,GOLDBEES.NS,0.0,ETF
2026-04-19,GOLDBEES.NS,0.0,ETF
2026-04-20,GOLDBEES.NS,0.001602539610189302,ETF
2026-04-21,GOLDBEES.NS,0.0017600097656249591,ETF
2026-04-22,GOLDBEES.NS,-0.0018367940799506322,ETF
2026-04-23,GOLDBEES.NS,-0.007280550830208621,ETF
2026-04-24,GOLDBEES.NS,-0.0011282993841268407,ETF
2026-04-25,GOLDBEES.NS,0.0,ETF
2026-04-26,GOLDBEES.NS,0.0,ETF
2026-04-27,GOLDBEES.NS,0.002501190515469709,ETF
2026-04-28,GOLDBEES.NS,-0.012635812433192894,ETF
2026-04-29,GOLDBEES.NS,-0.008966404233654801,ETF
2026-04-30,GOLDBEES.NS,0.015216305693857679,ETF
2026-05-01,GOLDBEES.NS,0.0,ETF
2026-05-02,GOLDBEES.NS,0.0,ETF
2026-05-03,GOLDBEES.NS,0.0,ETF
2026-05-04,GOLDBEES.NS,-0.00850687068914946,ETF
2026-05-05,GOLDBEES.NS,-0.001797627032570026,ETF
2026-05-06,GOLDBEES.NS,0.015225875288132018,ETF
2026-05-07,GOLDBEES.NS,0.0036284840333600243,ETF
2026-05-08,GOLDBEES.NS,-0.0012854797183271538,ETF
2026-05-09,GOLDBEES.NS,0.0,ETF
2026-05-10,GOLDBEES.NS,0.0,ETF
2026-05-11,GOLDBEES.NS,-0.008687911051973862,ETF
2026-05-12,GOLDBEES.NS,0.011198549183033313,ETF
2026-05-13,GOLDBEES.NS,0.05721856069247311,ETF
2026-05-14,GOLDBEES.NS,0.0003035773832185118,ETF
2026-05-15,GOLDBEES.NS,-0.017984482767804066,ETF
2026-05-16,GOLDBEES.NS,0.0,ETF
2026-05-17,GOLDBEES.NS,0.0,ETF
2026-05-18,GOLDBEES.NS,0.0022408877051729448,ETF
2026-05-19,GOLDBEES.NS,0.007247513211441126,ETF
2026-05-20,GOLDBEES.NS,-0.0033680529964937866,ETF
2026-05-21,GOLDBEES.NS,0.0041475311642023005,ETF
2026-05-22,GOLDBEES.NS,-0.0018357463903931892,ETF
2026-05-23,GOLDBEES.NS,0.0,ETF
2026-05-24,GOLDBEES.NS,0.0,ETF
2026-05-25,GOLDBEES.NS,7.658625927930984e-05,ETF
2026-05-26,GOLDBEES.NS,-0.007125834916287155,ETF
2026-05-27,GOLDBEES.NS,-0.004167375654353878,ETF
2026-05-28,GOLDBEES.NS,0.0,ETF
2026-05-29,GOLDBEES.NS,-0.003022314088188538,ETF
2026-05-30,GOLDBEES.NS,0.0,ETF
2026-05-31,GOLDBEES.NS,0.0,ETF
2026-06-01,GOLDBEES.NS,-0.009016681599287257,ETF
2026-06-02,GOLDBEES.NS,0.009255630441194818,ETF
2023-01-03,HDFCBANK.NS,0.006539053868376943,Equity
2023-01-04,HDFCBANK.NS,-0.017872925000491313,Equity
2023-01-05,HDFCBANK.NS,-0.0064283926426362825,Equity
2023-01-06,HDFCBANK.NS,-0.00331309755114495,Equity
2023-01-07,HDFCBANK.NS,0.0,Equity
2023-01-08,HDFCBANK.NS,0.0,Equity
2023-01-09,HDFCBANK.NS,0.0019442491063796918,Equity
2023-01-10,HDFCBANK.NS,-0.01827849623009392,Equity
2023-01-11,HDFCBANK.NS,0.014410505532401086,Equity
2023-01-12,HDFCBANK.NS,0.005342939621433507,Equity
2023-01-13,HDFCBANK.NS,0.0007815179801082817,Equity
2023-01-14,HDFCBANK.NS,0.0,Equity
2023-01-15,HDFCBANK.NS,0.0,Equity
2023-01-16,HDFCBANK.NS,-0.009589933122000627,Equity
2023-01-17,HDFCBANK.NS,0.014886814203356913,Equity
2023-01-18,HDFCBANK.NS,0.017651728554954005,Equity
2023-01-19,HDFCBANK.NS,0.004153219783482154,Equity
2023-01-20,HDFCBANK.NS,0.01024867789856243,Equity
2023-01-21,HDFCBANK.NS,0.0,Equity
2023-01-22,HDFCBANK.NS,0.0,Equity
2023-01-23,HDFCBANK.NS,0.00731517191169484,Equity
2023-01-24,HDFCBANK.NS,0.013388295989841925,Equity
2023-01-25,HDFCBANK.NS,-0.027631912364091016,Equity
2023-01-26,HDFCBANK.NS,0.0,Equity
2023-01-27,HDFCBANK.NS,-0.019925361547316833,Equity
2023-01-28,HDFCBANK.NS,0.0,Equity
2023-01-29,HDFCBANK.NS,0.0,Equity
2023-01-30,HDFCBANK.NS,-0.0010211897661523972,Equity
2023-01-31,HDFCBANK.NS,-0.006597996475462775,Equity
2023-02-01,HDFCBANK.NS,0.014998518722438625,Equity
2023-02-02,HDFCBANK.NS,-0.014869010007471872,Equity
2023-02-03,HDFCBANK.NS,0.03458380673378558,Equity
2023-02-04,HDFCBANK.NS,0.0,Equity
2023-02-05,HDFCBANK.NS,0.0,Equity
2023-02-06,HDFCBANK.NS,-0.0042499581328233615,Equity
2023-02-07,HDFCBANK.NS,0.0014832400554989356,Equity
2023-02-08,HDFCBANK.NS,-0.00012092809900488,Equity
2023-02-09,HDFCBANK.NS,-0.002085859364394982,Equity
2023-02-10,HDFCBANK.NS,0.0039684040125325115,Equity
2023-02-11,HDFCBANK.NS,0.0,Equity
2023-02-12,HDFCBANK.NS,0.0,Equity
2023-02-13,HDFCBANK.NS,0.0007543057007950438,Equity
2023-02-14,HDFCBANK.NS,0.009256189016533689,Equity
2023-02-15,HDFCBANK.NS,-0.0020313714754912615,Equity
2023-02-16,HDFCBANK.NS,-0.0036221882114694237,Equity
2023-02-17,HDFCBANK.NS,-0.0050172122254247276,Equity
2023-02-18,HDFCBANK.NS,0.0,Equity
2023-02-19,HDFCBANK.NS,0.0,Equity
2023-02-20,HDFCBANK.NS,-0.009390687708462409,Equity
2023-02-21,HDFCBANK.NS,0.0037492592769305944,Equity
2023-02-22,HDFCBANK.NS,-0.019617483833913485,Equity
2023-02-23,HDFCBANK.NS,-0.006783483326507134,Equity
2023-02-24,HDFCBANK.NS,-0.008919353326510615,Equity
2023-02-25,HDFCBANK.NS,0.0,Equity
2023-02-26,HDFCBANK.NS,0.0,Equity
2023-02-27,HDFCBANK.NS,0.002485947292808266,Equity
2023-02-28,HDFCBANK.NS,0.004206154193110212,Equity
2023-03-01,HDFCBANK.NS,-0.0009689643548155269,Equity
2023-03-02,HDFCBANK.NS,-0.008510454549206847,Equity
2023-03-03,HDFCBANK.NS,0.019849193046862057,Equity
2023-03-04,HDFCBANK.NS,0.0,Equity
2023-03-05,HDFCBANK.NS,0.0,Equity
2023-03-06,HDFCBANK.NS,0.0070549423100367825,Equity
2023-03-07,HDFCBANK.NS,0.0,Equity
2023-03-08,HDFCBANK.NS,0.001997155917770055,Equity
2023-03-09,HDFCBANK.NS,9.195320748656144e-05,Equity
2023-03-10,HDFCBANK.NS,-0.025786458233668208,Equity
2023-03-11,HDFCBANK.NS,0.0,Equity
2023-03-12,HDFCBANK.NS,0.0,Equity
2023-03-13,HDFCBANK.NS,-0.012652220164935502,Equity
2023-03-14,HDFCBANK.NS,-0.002677672476606441,Equity
2023-03-15,HDFCBANK.NS,-0.014350967068340381,Equity
2023-03-16,HDFCBANK.NS,0.006485379123978063,Equity
2023-03-17,HDFCBANK.NS,0.013370737373500363,Equity
2023-03-18,HDFCBANK.NS,0.0,Equity
2023-03-19,HDFCBANK.NS,0.0,Equity
2023-03-20,HDFCBANK.NS,-0.0069309257019186665,Equity
2023-03-21,HDFCBANK.NS,0.011333349902558298,Equity
2023-03-22,HDFCBANK.NS,-0.0023108025864798654,Equity
2023-03-23,HDFCBANK.NS,-0.008027694362236382,Equity
2023-03-24,HDFCBANK.NS,-0.0015992834223497177,Equity
2023-03-25,HDFCBANK.NS,0.0,Equity
2023-03-26,HDFCBANK.NS,0.0,Equity
2023-03-27,HDFCBANK.NS,0.00435703852402014,Equity
2023-03-28,HDFCBANK.NS,0.008134229597884346,Equity
2023-03-29,HDFCBANK.NS,0.004809579117877494,Equity
2023-03-30,HDFCBANK.NS,0.0,Equity
2023-03-31,HDFCBANK.NS,0.01369819129390537,Equity
2023-04-01,HDFCBANK.NS,0.0,Equity
2023-04-02,HDFCBANK.NS,0.0,Equity
2023-04-03,HDFCBANK.NS,0.0006212560026310765,Equity
2023-04-04,HDFCBANK.NS,0.0,Equity
2023-04-05,HDFCBANK.NS,0.02682312419280164,Equity
2023-04-06,HDFCBANK.NS,0.007619086189819546,Equity
2023-04-07,HDFCBANK.NS,0.0,Equity
2023-04-08,HDFCBANK.NS,0.0,Equity
2023-04-09,HDFCBANK.NS,0.0,Equity
2023-04-10,HDFCBANK.NS,-0.0047409560060140965,Equity
2023-04-11,HDFCBANK.NS,0.0029245135747497653,Equity
2023-04-12,HDFCBANK.NS,0.01298618796180473,Equity
2023-04-13,HDFCBANK.NS,0.0044809731420918375,Equity
2023-04-14,HDFCBANK.NS,0.0,Equity
2023-04-15,HDFCBANK.NS,0.0,Equity
2023-04-16,HDFCBANK.NS,0.0,Equity
2023-04-17,HDFCBANK.NS,-0.015244167275192733,Equity
2023-04-18,HDFCBANK.NS,-0.004230016448795504,Equity
2023-04-19,HDFCBANK.NS,0.0036755033753514965,Equity
2023-04-20,HDFCBANK.NS,0.003722204360122383,Equity
2023-04-21,HDFCBANK.NS,0.0016149806105212328,Equity
2023-04-22,HDFCBANK.NS,0.0,Equity
2023-04-23,HDFCBANK.NS,0.0,Equity
2023-04-24,HDFCBANK.NS,0.008091349325803021,Equity
2023-04-25,HDFCBANK.NS,-0.014216682950808135,Equity
2023-04-26,HDFCBANK.NS,0.004596986397161329,Equity
2023-04-27,HDFCBANK.NS,0.005503068540396949,Equity
2023-04-28,HDFCBANK.NS,0.003926099472354672,Equity
2023-04-29,HDFCBANK.NS,0.0,Equity
2023-04-30,HDFCBANK.NS,0.0,Equity
2023-05-01,HDFCBANK.NS,0.0,Equity
2023-05-02,HDFCBANK.NS,-0.00020722914785831215,Equity
2023-05-03,HDFCBANK.NS,0.003496786342685576,Equity
2023-05-04,HDFCBANK.NS,0.02046484127652448,Equity
2023-05-05,HDFCBANK.NS,-0.059121446762836594,Equity
2023-05-06,HDFCBANK.NS,0.0,Equity
2023-05-07,HDFCBANK.NS,0.0,Equity
2023-05-08,HDFCBANK.NS,0.011564533754794493,Equity
2023-05-09,HDFCBANK.NS,3.046912501858401e-05,Equity
2023-05-10,HDFCBANK.NS,0.004621446926175388,Equity
2023-05-11,HDFCBANK.NS,0.0006658347826808964,Equity
2023-05-12,HDFCBANK.NS,0.008831402684462919,Equity
2023-05-13,HDFCBANK.NS,0.0,Equity
2023-05-14,HDFCBANK.NS,0.0,Equity
2023-05-15,HDFCBANK.NS,0.004796690726811104,Equity
2023-05-16,HDFCBANK.NS,-0.005733894780824311,Equity
2023-05-17,HDFCBANK.NS,-0.00537252978396674,Equity
2023-05-18,HDFCBANK.NS,0.003997697930977484,Equity
2023-05-19,HDFCBANK.NS,0.0011550661210744106,Equity
2023-05-20,HDFCBANK.NS,0.0,Equity
2023-05-21,HDFCBANK.NS,0.0,Equity
2023-05-22,HDFCBANK.NS,-0.0035521985015551927,Equity
2023-05-23,HDFCBANK.NS,-0.002346031688049255,Equity
2023-05-24,HDFCBANK.NS,-0.01307105232235617,Equity
2023-05-25,HDFCBANK.NS,-0.0038371917397499455,Equity
2023-05-26,HDFCBANK.NS,0.003851972496796474,Equity
2023-05-27,HDFCBANK.NS,0.0,Equity
2023-05-28,HDFCBANK.NS,0.0,Equity
2023-05-29,HDFCBANK.NS,0.012192023043485545,Equity
2023-05-30,HDFCBANK.NS,0.0007643441431899323,Equity
2023-05-31,HDFCBANK.NS,-0.015824045180777846,Equity
2023-06-01,HDFCBANK.NS,-0.004252418372695743,Equity
2023-06-02,HDFCBANK.NS,0.001558631031730151,Equity
2023-06-03,HDFCBANK.NS,0.0,Equity
2023-06-04,HDFCBANK.NS,0.0,Equity
2023-06-05,HDFCBANK.NS,-0.0013071813789299336,Equity
2023-06-06,HDFCBANK.NS,-0.003116406607854394,Equity
2023-06-07,HDFCBANK.NS,0.005189364930472173,Equity
2023-06-08,HDFCBANK.NS,0.0006219395919038195,Equity
2023-06-09,HDFCBANK.NS,0.001181208003463885,Equity
2023-06-10,HDFCBANK.NS,0.0,Equity
2023-06-11,HDFCBANK.NS,0.0,Equity
2023-06-12,HDFCBANK.NS,-0.006084702762612637,Equity
2023-06-13,HDFCBANK.NS,0.0016865454131809177,Equity
2023-06-14,HDFCBANK.NS,-0.0010913429148976528,Equity
2023-06-15,HDFCBANK.NS,-0.012298968503917318,Equity
2023-06-16,HDFCBANK.NS,0.01308421912757507,Equity
2023-06-17,HDFCBANK.NS,0.0,Equity
2023-06-18,HDFCBANK.NS,0.0,Equity
2023-06-19,HDFCBANK.NS,0.0008736237003428293,Equity
2023-06-20,HDFCBANK.NS,0.0020882997751512367,Equity
2023-06-21,HDFCBANK.NS,0.017480524815963516,Equity
2023-06-22,HDFCBANK.NS,0.0048911811676144445,Equity
2023-06-23,HDFCBANK.NS,-6.081260751411577e-05,Equity
2023-06-24,HDFCBANK.NS,0.0,Equity
2023-06-25,HDFCBANK.NS,0.0,Equity
2023-06-26,HDFCBANK.NS,-0.004837299975780307,Equity
2023-06-27,HDFCBANK.NS,0.01409316079374956,Equity
2023-06-28,HDFCBANK.NS,0.010581271266300929,Equity
2023-06-29,HDFCBANK.NS,0.0,Equity
2023-06-30,HDFCBANK.NS,0.015064212516137765,Equity
2023-07-01,HDFCBANK.NS,0.0,Equity
2023-07-02,HDFCBANK.NS,0.0,Equity
2023-07-03,HDFCBANK.NS,0.01081469631135712,Equity
2023-07-04,HDFCBANK.NS,0.004884185183532397,Equity
2023-07-05,HDFCBANK.NS,-0.03176716708913796,Equity
2023-07-06,HDFCBANK.NS,0.001016064415351181,Equity
2023-07-07,HDFCBANK.NS,-0.008716466454006588,Equity
2023-07-08,HDFCBANK.NS,0.0,Equity
2023-07-09,HDFCBANK.NS,0.0,Equity
2023-07-10,HDFCBANK.NS,-0.00237896414718175,Equity
2023-07-11,HDFCBANK.NS,-0.004859823358026594,Equity
2023-07-12,HDFCBANK.NS,-0.009372715944458432,Equity
2023-07-13,HDFCBANK.NS,0.004990971063242755,Equity
2023-07-14,HDFCBANK.NS,0.0020718483252966102,Equity
2023-07-15,HDFCBANK.NS,0.0,Equity
2023-07-16,HDFCBANK.NS,0.0,Equity
2023-07-17,HDFCBANK.NS,0.02091815366294192,Equity
2023-07-18,HDFCBANK.NS,-0.0008338492447176327,Equity
2023-07-19,HDFCBANK.NS,0.004530526685969205,Equity
2023-07-20,HDFCBANK.NS,0.0021660743855471676,Equity
2023-07-21,HDFCBANK.NS,-0.007697988727785932,Equity
2023-07-22,HDFCBANK.NS,0.0,Equity
2023-07-23,HDFCBANK.NS,0.0,Equity
2023-07-24,HDFCBANK.NS,0.0015813270199993568,Equity
2023-07-25,HDFCBANK.NS,0.010843643115593382,Equity
2023-07-26,HDFCBANK.NS,-0.003477560509708044,Equity
2023-07-27,HDFCBANK.NS,-0.010380299439160745,Equity
2023-07-28,HDFCBANK.NS,-0.01772099639454805,Equity
2023-07-29,HDFCBANK.NS,0.0,Equity
2023-07-30,HDFCBANK.NS,0.0,Equity
2023-07-31,HDFCBANK.NS,0.004685068444669982,Equity
2023-08-01,HDFCBANK.NS,0.006692167872915711,Equity
2023-08-02,HDFCBANK.NS,-0.013084716280027053,Equity
2023-08-03,HDFCBANK.NS,-0.007223389808637126,Equity
2023-08-04,HDFCBANK.NS,0.014459798873086793,Equity
2023-08-05,HDFCBANK.NS,0.0,Equity
2023-08-06,HDFCBANK.NS,0.0,Equity
2023-08-07,HDFCBANK.NS,-0.0005749783102241279,Equity
2023-08-08,HDFCBANK.NS,-0.0008175085356503242,Equity
2023-08-09,HDFCBANK.NS,0.00036355839064716733,Equity
2023-08-10,HDFCBANK.NS,-0.008876095730565803,Equity
2023-08-11,HDFCBANK.NS,-0.010422616863168921,Equity
2023-08-12,HDFCBANK.NS,0.0,Equity
2023-08-13,HDFCBANK.NS,0.0,Equity
2023-08-14,HDFCBANK.NS,-0.0048801200859863725,Equity
2023-08-15,HDFCBANK.NS,0.0,Equity
2023-08-16,HDFCBANK.NS,-0.0029177683521276476,Equity
2023-08-17,HDFCBANK.NS,-0.005540923631977557,Equity
2023-08-18,HDFCBANK.NS,-0.00410076561757311,Equity
2023-08-19,HDFCBANK.NS,0.0,Equity
2023-08-20,HDFCBANK.NS,0.0,Equity
2023-08-21,HDFCBANK.NS,-0.0007857673542085442,Equity
2023-08-22,HDFCBANK.NS,-0.004278134694454927,Equity
2023-08-23,HDFCBANK.NS,0.0024642189450490015,Equity
2023-08-24,HDFCBANK.NS,-0.004601020051259508,Equity
2023-08-25,HDFCBANK.NS,-0.011270840354364986,Equity
2023-08-26,HDFCBANK.NS,0.0,Equity
2023-08-27,HDFCBANK.NS,0.0,Equity
2023-08-28,HDFCBANK.NS,0.010406643353750855,Equity
2023-08-29,HDFCBANK.NS,0.00795437094559337,Equity
2023-08-30,HDFCBANK.NS,-0.007294239776771683,Equity
2023-08-31,HDFCBANK.NS,-0.004592427701495927,Equity
2023-09-01,HDFCBANK.NS,0.002068230209121502,Equity
2023-09-02,HDFCBANK.NS,0.0,Equity
2023-09-03,HDFCBANK.NS,0.0,Equity
2023-09-04,HDFCBANK.NS,0.006255198529264261,Equity
2023-09-05,HDFCBANK.NS,-0.0060900773954590814,Equity
2023-09-06,HDFCBANK.NS,0.01308015563904874,Equity
2023-09-07,HDFCBANK.NS,0.009620829328551794,Equity
2023-09-08,HDFCBANK.NS,0.00779092311368168,Equity
2023-09-09,HDFCBANK.NS,0.0,Equity
2023-09-10,HDFCBANK.NS,0.0,Equity
2023-09-11,HDFCBANK.NS,0.005174370515705906,Equity
2023-09-12,HDFCBANK.NS,0.0031253304706886365,Equity
2023-09-13,HDFCBANK.NS,0.004276451628473232,Equity
2023-09-14,HDFCBANK.NS,-0.0006083202092609374,Equity
2023-09-15,HDFCBANK.NS,0.011473594328781811,Equity
2023-09-16,HDFCBANK.NS,0.0,Equity
2023-09-17,HDFCBANK.NS,0.0,Equity
2023-09-18,HDFCBANK.NS,-0.019678110232464907,Equity
2023-09-19,HDFCBANK.NS,0.0,Equity
2023-09-20,HDFCBANK.NS,-0.04011542889563857,Equity
2023-09-21,HDFCBANK.NS,-0.006618801299860477,Equity
2023-09-22,HDFCBANK.NS,-0.015257389375833319,Equity
2023-09-23,HDFCBANK.NS,0.0,Equity
2023-09-24,HDFCBANK.NS,0.0,Equity
2023-09-25,HDFCBANK.NS,0.0008824966094715947,Equity
2023-09-26,HDFCBANK.NS,0.004343553043755444,Equity
2023-09-27,HDFCBANK.NS,-0.007023731498660313,Equity
2023-09-28,HDFCBANK.NS,-0.002063017263570277,Equity
2023-09-29,HDFCBANK.NS,0.0017063698906538693,Equity
2023-09-30,HDFCBANK.NS,0.0,Equity
2023-10-01,HDFCBANK.NS,0.0,Equity
2023-10-02,HDFCBANK.NS,0.0,Equity
2023-10-03,HDFCBANK.NS,-0.011957026255533743,Equity
2023-10-04,HDFCBANK.NS,0.014256824419969893,Equity
2023-10-05,HDFCBANK.NS,0.004053485876506668,Equity
2023-10-06,HDFCBANK.NS,-0.0011068235829040374,Equity
2023-10-07,HDFCBANK.NS,0.0,Equity
2023-10-08,HDFCBANK.NS,0.0,Equity
2023-10-09,HDFCBANK.NS,-0.011603377942006055,Equity
2023-10-10,HDFCBANK.NS,0.005671872244706666,Equity
2023-10-11,HDFCBANK.NS,0.009673047952621472,Equity
2023-10-12,HDFCBANK.NS,0.006657569107549888,Equity
2023-10-13,HDFCBANK.NS,-0.009097621555094415,Equity
2023-10-14,HDFCBANK.NS,0.0,Equity
2023-10-15,HDFCBANK.NS,0.0,Equity
2023-10-16,HDFCBANK.NS,-0.0040045390056095975,Equity
2023-10-17,HDFCBANK.NS,0.007583701154768585,Equity
2023-10-18,HDFCBANK.NS,-0.013917784819849954,Equity
2023-10-19,HDFCBANK.NS,-0.0031583710944926846,Equity
2023-10-20,HDFCBANK.NS,0.005181706155911625,Equity
2023-10-21,HDFCBANK.NS,0.0,Equity
2023-10-22,HDFCBANK.NS,0.0,Equity
2023-10-23,HDFCBANK.NS,-0.010999462800079018,Equity
2023-10-24,HDFCBANK.NS,0.0,Equity
2023-10-25,HDFCBANK.NS,-0.0063410611563914365,Equity
2023-10-26,HDFCBANK.NS,-0.022118296495205136,Equity
2023-10-27,HDFCBANK.NS,0.003929146642721593,Equity
2023-10-28,HDFCBANK.NS,0.0,Equity
2023-10-29,HDFCBANK.NS,0.0,Equity
2023-10-30,HDFCBANK.NS,0.010856613367967505,Equity
2023-10-31,HDFCBANK.NS,-0.005790755564653138,Equity
2023-11-01,HDFCBANK.NS,-0.0013545785059274618,Equity
2023-11-02,HDFCBANK.NS,0.0015259253362291947,Equity
2023-11-03,HDFCBANK.NS,0.004740137423816737,Equity
2023-11-04,HDFCBANK.NS,0.0,Equity
2023-11-05,HDFCBANK.NS,0.0,Equity
2023-11-06,HDFCBANK.NS,0.007245072230119387,Equity
2023-11-07,HDFCBANK.NS,-0.004851164712528333,Equity
2023-11-08,HDFCBANK.NS,0.002891361003905857,Equity
2023-11-09,HDFCBANK.NS,-0.0039556359362032945,Equity
2023-11-10,HDFCBANK.NS,0.003937663911053324,Equity
2023-11-11,HDFCBANK.NS,0.0,Equity
2023-11-12,HDFCBANK.NS,0.0,Equity
2023-11-13,HDFCBANK.NS,-0.0018103069105039893,Equity
2023-11-14,HDFCBANK.NS,0.0,Equity
2023-11-15,HDFCBANK.NS,0.010478305107846309,Equity
2023-11-16,HDFCBANK.NS,0.002625652786949928,Equity
2023-11-17,HDFCBANK.NS,-0.0021546687135534093,Equity
2023-11-18,HDFCBANK.NS,0.0,Equity
2023-11-19,HDFCBANK.NS,0.0,Equity
2023-11-20,HDFCBANK.NS,6.640860908868618e-05,Equity
2023-11-21,HDFCBANK.NS,0.008470576315963374,Equity
2023-11-22,HDFCBANK.NS,-0.0035574428414466563,Equity
2023-11-23,HDFCBANK.NS,0.0057850766860738645,Equity
2023-11-24,HDFCBANK.NS,0.00709905245670206,Equity
2023-11-25,HDFCBANK.NS,0.0,Equity
2023-11-26,HDFCBANK.NS,0.0,Equity
2023-11-27,HDFCBANK.NS,0.0,Equity
2023-11-28,HDFCBANK.NS,-0.0022516628605531164,Equity
2023-11-29,HDFCBANK.NS,0.019952103662566056,Equity
2023-11-30,HDFCBANK.NS,-0.0002244933054986742,Equity
2023-12-01,HDFCBANK.NS,-0.002181074915136416,Equity
2023-12-02,HDFCBANK.NS,0.0,Equity
2023-12-03,HDFCBANK.NS,0.0,Equity
2023-12-04,HDFCBANK.NS,0.03471772437599685,Equity
2023-12-05,HDFCBANK.NS,0.008885284329332332,Equity
2023-12-06,HDFCBANK.NS,0.0025251107289594454,Equity
2023-12-07,HDFCBANK.NS,0.0016279081234233939,Equity
2023-12-08,HDFCBANK.NS,0.01395325797797664,Equity
2023-12-09,HDFCBANK.NS,0.0,Equity
2023-12-10,HDFCBANK.NS,0.0,Equity
2023-12-11,HDFCBANK.NS,-0.0013307911527991045,Equity
2023-12-12,HDFCBANK.NS,-0.009933427984432197,Equity
2023-12-13,HDFCBANK.NS,-0.0022634528020375466,Equity
2023-12-14,HDFCBANK.NS,0.011803314943127363,Equity
2023-12-15,HDFCBANK.NS,0.0038784581075148594,Equity
2023-12-16,HDFCBANK.NS,0.0,Equity
2023-12-17,HDFCBANK.NS,0.0,Equity
2023-12-18,HDFCBANK.NS,-0.0005131312155554069,Equity
2023-12-19,HDFCBANK.NS,-0.00169114229098688,Equity
2023-12-20,HDFCBANK.NS,0.0024805022643412666,Equity
2023-12-21,HDFCBANK.NS,0.01792383607116954,Equity
2023-12-22,HDFCBANK.NS,-0.009396924363101244,Equity
2023-12-23,HDFCBANK.NS,0.0,Equity
2023-12-24,HDFCBANK.NS,0.0,Equity
2023-12-25,HDFCBANK.NS,0.0,Equity
2023-12-26,HDFCBANK.NS,0.006942591462977488,Equity
2023-12-27,HDFCBANK.NS,0.012392643798795788,Equity
2023-12-28,HDFCBANK.NS,0.0011447609405916825,Equity
2023-12-29,HDFCBANK.NS,0.002345738600615821,Equity
2023-12-30,HDFCBANK.NS,0.0,Equity
2023-12-31,HDFCBANK.NS,0.0,Equity
2024-01-01,HDFCBANK.NS,-0.006523436717564501,Equity
2024-01-02,HDFCBANK.NS,0.0005889039245416949,Equity
2024-01-03,HDFCBANK.NS,-0.015419921329357211,Equity
2024-01-04,HDFCBANK.NS,0.010729963143957466,Equity
2024-01-05,HDFCBANK.NS,-0.005115778855710351,Equity
2024-01-06,HDFCBANK.NS,0.0,Equity
2024-01-07,HDFCBANK.NS,0.0,Equity
2024-01-08,HDFCBANK.NS,-0.011146203122108789,Equity
2024-01-09,HDFCBANK.NS,-0.0077849898014303864,Equity
2024-01-10,HDFCBANK.NS,0.003302065352293937,Equity
2024-01-11,HDFCBANK.NS,-0.004196962325640263,Equity
2024-01-12,HDFCBANK.NS,-0.004730207726976854,Equity
2024-01-13,HDFCBANK.NS,0.0,Equity
2024-01-14,HDFCBANK.NS,0.0,Equity
2024-01-15,HDFCBANK.NS,0.019254209064365035,Equity
2024-01-16,HDFCBANK.NS,0.003796105324136212,Equity
2024-01-17,HDFCBANK.NS,-0.08435821841699642,Equity
2024-01-18,HDFCBANK.NS,-0.03339832075673621,Equity
2024-01-19,HDFCBANK.NS,-0.010429648877066988,Equity
2024-01-20,HDFCBANK.NS,0.0,Equity
2024-01-21,HDFCBANK.NS,0.0,Equity
2024-01-22,HDFCBANK.NS,0.0,Equity
2024-01-23,HDFCBANK.NS,-0.029442754671453852,Equity
2024-01-24,HDFCBANK.NS,0.020002041912270174,Equity
2024-01-25,HDFCBANK.NS,-0.014423978483851685,Equity
2024-01-26,HDFCBANK.NS,0.0,Equity
2024-01-27,HDFCBANK.NS,0.0,Equity
2024-01-28,HDFCBANK.NS,0.0,Equity
2024-01-29,HDFCBANK.NS,0.01376396198778651,Equity
2024-01-30,HDFCBANK.NS,-0.007115161821005578,Equity
2024-01-31,HDFCBANK.NS,0.012635885940383229,Equity
2024-02-01,HDFCBANK.NS,0.00259823067188103,Equity
2024-02-02,HDFCBANK.NS,-0.013775620339521177,Equity
2024-02-03,HDFCBANK.NS,0.0,Equity
2024-02-04,HDFCBANK.NS,0.0,Equity
2024-02-05,HDFCBANK.NS,-0.0008989370498647675,Equity
2024-02-06,HDFCBANK.NS,-0.0005192243645555372,Equity
2024-02-07,HDFCBANK.NS,-0.009798481969117145,Equity
2024-02-08,HDFCBANK.NS,-0.018811689198392045,Equity
2024-02-09,HDFCBANK.NS,0.00039185807586950006,Equity
2024-02-10,HDFCBANK.NS,0.0,Equity
2024-02-11,HDFCBANK.NS,0.0,Equity
2024-02-12,HDFCBANK.NS,-0.009689327515424284,Equity
2024-02-13,HDFCBANK.NS,0.003201468395288787,Equity
2024-02-14,HDFCBANK.NS,-0.007458125388743797,Equity
2024-02-15,HDFCBANK.NS,0.021675537457571448,Equity
2024-02-16,HDFCBANK.NS,0.004137046230407337,Equity
2024-02-17,HDFCBANK.NS,0.0,Equity
2024-02-18,HDFCBANK.NS,0.0,Equity
2024-02-19,HDFCBANK.NS,-0.0019720752797872665,Equity
2024-02-20,HDFCBANK.NS,0.026250923139484073,Equity
2024-02-21,HDFCBANK.NS,-0.01041738528148084,Equity
2024-02-22,HDFCBANK.NS,-0.01361909376258108,Equity
2024-02-23,HDFCBANK.NS,0.0007395338207076829,Equity
2024-02-24,HDFCBANK.NS,0.0,Equity
2024-02-25,HDFCBANK.NS,0.0,Equity
2024-02-26,HDFCBANK.NS,0.0011967162867825287,Equity
2024-02-27,HDFCBANK.NS,-0.0015115657751105793,Equity
2024-02-28,HDFCBANK.NS,-0.007569711862609241,Equity
2024-02-29,HDFCBANK.NS,-0.004257116943339634,Equity
2024-03-01,HDFCBANK.NS,0.01948838096266181,Equity
2024-03-02,HDFCBANK.NS,0.0,Equity
2024-03-03,HDFCBANK.NS,0.0,Equity
2024-03-04,HDFCBANK.NS,0.0013629193207684853,Equity
2024-03-05,HDFCBANK.NS,0.005688564258796269,Equity
2024-03-06,HDFCBANK.NS,0.0012145387794642026,Equity
2024-03-07,HDFCBANK.NS,0.0024262178620020336,Equity
2024-03-08,HDFCBANK.NS,0.0,Equity
2024-03-09,HDFCBANK.NS,0.0,Equity
2024-03-10,HDFCBANK.NS,0.0,Equity
2024-03-11,HDFCBANK.NS,-0.012654758937604482,Equity
2024-03-12,HDFCBANK.NS,0.02223700570817444,Equity
2024-03-13,HDFCBANK.NS,0.00058239016429118,Equity
2024-03-14,HDFCBANK.NS,-0.0033895164149082557,Equity
2024-03-15,HDFCBANK.NS,-0.001923734267552768,Equity
2024-03-16,HDFCBANK.NS,0.0,Equity
2024-03-17,HDFCBANK.NS,0.0,Equity
2024-03-18,HDFCBANK.NS,-0.0045434661687973055,Equity
2024-03-19,HDFCBANK.NS,0.0022820150106686032,Equity
2024-03-20,HDFCBANK.NS,-0.012626296713170393,Equity
2024-03-21,HDFCBANK.NS,0.010272201599317743,Equity
2024-03-22,HDFCBANK.NS,-0.0020059494073969564,Equity
2024-03-23,HDFCBANK.NS,0.0,Equity
2024-03-24,HDFCBANK.NS,0.0,Equity
2024-03-25,HDFCBANK.NS,0.0,Equity
2024-03-26,HDFCBANK.NS,-0.01209413370543555,Equity
2024-03-27,HDFCBANK.NS,0.010733913910141002,Equity
2024-03-28,HDFCBANK.NS,0.004997589210736564,Equity
2024-03-29,HDFCBANK.NS,0.0,Equity
2024-03-30,HDFCBANK.NS,0.0,Equity
2024-03-31,HDFCBANK.NS,0.0,Equity
2024-04-01,HDFCBANK.NS,0.015608793530833331,Equity
2024-04-02,HDFCBANK.NS,0.0065624157822739,Equity
2024-04-03,HDFCBANK.NS,0.0014525726227001545,Equity
2024-04-04,HDFCBANK.NS,0.030560629026979758,Equity
2024-04-05,HDFCBANK.NS,0.014368926746435529,Equity
2024-04-06,HDFCBANK.NS,0.0,Equity
2024-04-07,HDFCBANK.NS,0.0,Equity
2024-04-08,HDFCBANK.NS,-0.0019037877793383062,Equity
2024-04-09,HDFCBANK.NS,0.0012608281083985595,Equity
2024-04-10,HDFCBANK.NS,-0.007878411910669958,Equity
2024-04-11,HDFCBANK.NS,0.0,Equity
2024-04-12,HDFCBANK.NS,-0.011325532596751287,Equity
2024-04-13,HDFCBANK.NS,0.0,Equity
2024-04-14,HDFCBANK.NS,0.0,Equity
2024-04-15,HDFCBANK.NS,-0.015965051870917235,Equity
2024-04-16,HDFCBANK.NS,0.00973459301930446,Equity
2024-04-17,HDFCBANK.NS,0.0,Equity
2024-04-18,HDFCBANK.NS,-0.009640744297168435,Equity
2024-04-19,HDFCBANK.NS,0.024486668905198572,Equity
2024-04-20,HDFCBANK.NS,0.0,Equity
2024-04-21,HDFCBANK.NS,0.0,Equity
2024-04-22,HDFCBANK.NS,-0.012473167277226915,Equity
2024-04-23,HDFCBANK.NS,-0.003041863502356801,Equity
2024-04-24,HDFCBANK.NS,0.0027194858498060803,Equity
2024-04-25,HDFCBANK.NS,-0.0006283348661474397,Equity
2024-04-26,HDFCBANK.NS,-0.0006288129306849521,Equity
2024-04-27,HDFCBANK.NS,0.0,Equity
2024-04-28,HDFCBANK.NS,0.0,Equity
2024-04-29,HDFCBANK.NS,0.013048083247909181,Equity
2024-04-30,HDFCBANK.NS,-0.006145940420881679,Equity
2024-05-01,HDFCBANK.NS,0.0,Equity
2024-05-02,HDFCBANK.NS,0.007992946492642261,Equity
2024-05-03,HDFCBANK.NS,-0.00825588918594744,Equity
2024-05-04,HDFCBANK.NS,0.0,Equity
2024-05-05,HDFCBANK.NS,0.0,Equity
2024-05-06,HDFCBANK.NS,0.0020072500995496068,Equity
2024-05-07,HDFCBANK.NS,-0.01083639716253415,Equity
2024-05-08,HDFCBANK.NS,-0.015602721371197004,Equity
2024-05-09,HDFCBANK.NS,-0.023707538594818223,Equity
2024-05-10,HDFCBANK.NS,0.006932757219380248,Equity
2024-05-11,HDFCBANK.NS,0.0,Equity
2024-05-12,HDFCBANK.NS,0.0,Equity
2024-05-13,HDFCBANK.NS,0.012066238863965184,Equity
2024-05-14,HDFCBANK.NS,0.003916797365439262,Equity
2024-05-15,HDFCBANK.NS,-0.01536665958983563,Equity
2024-05-16,HDFCBANK.NS,0.015119854339414207,Equity
2024-05-17,HDFCBANK.NS,0.0026365712830374033,Equity
2024-05-18,HDFCBANK.NS,0.0,Equity
2024-05-19,HDFCBANK.NS,0.0,Equity
2024-05-20,HDFCBANK.NS,0.0,Equity
2024-05-21,HDFCBANK.NS,-0.003620009146567127,Equity
2024-05-22,HDFCBANK.NS,0.0002741896457745252,Equity
2024-05-23,HDFCBANK.NS,0.022889280300673054,Equity
2024-05-24,HDFCBANK.NS,0.01648134588098138,Equity
2024-05-25,HDFCBANK.NS,0.0,Equity
2024-05-26,HDFCBANK.NS,0.0,Equity
2024-05-27,HDFCBANK.NS,0.006920657038791633,Equity
2024-05-28,HDFCBANK.NS,0.0018327648072227198,Equity
2024-05-29,HDFCBANK.NS,-0.014504986887503457,Equity
2024-05-30,HDFCBANK.NS,0.004342556429610012,Equity
2024-05-31,HDFCBANK.NS,0.011024206096186262,Equity
2024-06-01,HDFCBANK.NS,0.0,Equity
2024-06-02,HDFCBANK.NS,0.0,Equity
2024-06-03,HDFCBANK.NS,0.026541689645531497,Equity
2024-06-04,HDFCBANK.NS,-0.056640261661991764,Equity
2024-06-05,HDFCBANK.NS,0.04628657586696616,Equity
2024-06-06,HDFCBANK.NS,0.005090807040371015,Equity
2024-06-07,HDFCBANK.NS,0.008751645360729254,Equity
2024-06-08,HDFCBANK.NS,0.0,Equity
2024-06-09,HDFCBANK.NS,0.0,Equity
2024-06-10,HDFCBANK.NS,-0.007658653736140497,Equity
2024-06-11,HDFCBANK.NS,0.0022416731063887863,Equity
2024-06-12,HDFCBANK.NS,0.00597515109447988,Equity
2024-06-13,HDFCBANK.NS,0.0041928080220983155,Equity
2024-06-14,HDFCBANK.NS,0.010216641865205434,Equity
2024-06-15,HDFCBANK.NS,0.0,Equity
2024-06-16,HDFCBANK.NS,0.0,Equity
2024-06-17,HDFCBANK.NS,0.0,Equity
2024-06-18,HDFCBANK.NS,0.0068256527275920575,Equity
2024-06-19,HDFCBANK.NS,0.031129539458385258,Equity
2024-06-20,HDFCBANK.NS,0.006936652144256872,Equity
2024-06-21,HDFCBANK.NS,-0.002156462521004543,Equity
2024-06-22,HDFCBANK.NS,0.0,Equity
2024-06-23,HDFCBANK.NS,0.0,Equity
2024-06-24,HDFCBANK.NS,0.003992176374129297,Equity
2024-06-25,HDFCBANK.NS,0.023289886713483643,Equity
2024-06-26,HDFCBANK.NS,-0.0057556866277864716,Equity
2024-06-27,HDFCBANK.NS,-0.0031443069887190367,Equity
2024-06-28,HDFCBANK.NS,-0.00728112937923775,Equity
2024-06-29,HDFCBANK.NS,0.0,Equity
2024-06-30,HDFCBANK.NS,0.0,Equity
2024-07-01,HDFCBANK.NS,0.012709217994657962,Equity
2024-07-02,HDFCBANK.NS,0.014895633271195141,Equity
2024-07-03,HDFCBANK.NS,0.021986632970162567,Equity
2024-07-04,HDFCBANK.NS,-0.023464158212053166,Equity
2024-07-05,HDFCBANK.NS,-0.045769107202913495,Equity
2024-07-06,HDFCBANK.NS,0.0,Equity
2024-07-07,HDFCBANK.NS,0.0,Equity
2024-07-08,HDFCBANK.NS,-0.007736180590102726,Equity
2024-07-09,HDFCBANK.NS,0.0007032014693770794,Equity
2024-07-10,HDFCBANK.NS,-0.006355059753558767,Equity
2024-07-11,HDFCBANK.NS,-0.0025827505799129735,Equity
2024-07-12,HDFCBANK.NS,0.0004931573558710767,Equity
2024-07-13,HDFCBANK.NS,0.0,Equity
2024-07-14,HDFCBANK.NS,0.0,Equity
2024-07-15,HDFCBANK.NS,-0.0003697047645558893,Equity
2024-07-16,HDFCBANK.NS,-0.0014487810332405315,Equity
2024-07-17,HDFCBANK.NS,0.0,Equity
2024-07-18,HDFCBANK.NS,-0.0030559057050524308,Equity
2024-07-19,HDFCBANK.NS,-0.004644645399305647,Equity
2024-07-20,HDFCBANK.NS,0.0,Equity
2024-07-21,HDFCBANK.NS,0.0,Equity
2024-07-22,HDFCBANK.NS,0.02193120570482132,Equity
2024-07-23,HDFCBANK.NS,-0.014702725470337574,Equity
2024-07-24,HDFCBANK.NS,-0.008866751124292471,Equity
2024-07-25,HDFCBANK.NS,0.007823832682266385,Equity
2024-07-26,HDFCBANK.NS,0.0009588594279477114,Equity
2024-07-27,HDFCBANK.NS,0.0,Equity
2024-07-28,HDFCBANK.NS,0.0,Equity
2024-07-29,HDFCBANK.NS,-0.008095590711742706,Equity
2024-07-30,HDFCBANK.NS,0.00654186488280617,Equity
2024-07-31,HDFCBANK.NS,0.00012375478448944932,Equity
2024-08-01,HDFCBANK.NS,0.0142657980502916,Equity
2024-08-02,HDFCBANK.NS,0.012417631762756454,Equity
2024-08-03,HDFCBANK.NS,0.0,Equity
2024-08-04,HDFCBANK.NS,0.0,Equity
2024-08-05,HDFCBANK.NS,-0.026157959352411386,Equity
2024-08-06,HDFCBANK.NS,-0.009005185954926831,Equity
2024-08-07,HDFCBANK.NS,0.013927114719938682,Equity
2024-08-08,HDFCBANK.NS,0.011826246207040203,Equity
2024-08-09,HDFCBANK.NS,0.0045656849024433566,Equity
2024-08-10,HDFCBANK.NS,0.0,Equity
2024-08-11,HDFCBANK.NS,0.0,Equity
2024-08-12,HDFCBANK.NS,0.005999184144544145,Equity
2024-08-13,HDFCBANK.NS,-0.034274954883920405,Equity
2024-08-14,HDFCBANK.NS,0.0028692128216616375,Equity
2024-08-15,HDFCBANK.NS,0.0,Equity
2024-08-16,HDFCBANK.NS,0.015113842257567622,Equity
2024-08-17,HDFCBANK.NS,0.0,Equity
2024-08-18,HDFCBANK.NS,0.0,Equity
2024-08-19,HDFCBANK.NS,-0.00033695049117077325,Equity
2024-08-20,HDFCBANK.NS,0.0037693544536892,Equity
2024-08-21,HDFCBANK.NS,-0.007266237529757191,Equity
2024-08-22,HDFCBANK.NS,0.003383018307382857,Equity
2024-08-23,HDFCBANK.NS,-0.00383136357651781,Equity
2024-08-24,HDFCBANK.NS,0.0,Equity
2024-08-25,HDFCBANK.NS,0.0,Equity
2024-08-26,HDFCBANK.NS,0.009168955358966002,Equity
2024-08-27,HDFCBANK.NS,-0.001341501236599818,Equity
2024-08-28,HDFCBANK.NS,-0.0003969022287185764,Equity
2024-08-29,HDFCBANK.NS,0.0008857139553528626,Equity
2024-08-30,HDFCBANK.NS,-0.001006947834348626,Equity
2024-08-31,HDFCBANK.NS,0.0,Equity
2024-09-01,HDFCBANK.NS,0.0,Equity
2024-09-02,HDFCBANK.NS,-0.0060786898781292065,Equity
2024-09-03,HDFCBANK.NS,0.006392363566181558,Equity
2024-09-04,HDFCBANK.NS,0.0027179409719437775,Equity
2024-09-05,HDFCBANK.NS,0.0022230171497106266,Equity
2024-09-06,HDFCBANK.NS,-0.005165735032823582,Equity
2024-09-07,HDFCBANK.NS,0.0,Equity
2024-09-08,HDFCBANK.NS,0.0,Equity
2024-09-09,HDFCBANK.NS,0.0058340796837741404,Equity
2024-09-10,HDFCBANK.NS,0.0023383255533169223,Equity
2024-09-11,HDFCBANK.NS,-0.003908283455877903,Equity
2024-09-12,HDFCBANK.NS,0.013808600832107443,Equity
2024-09-13,HDFCBANK.NS,-0.0003900315826106393,Equity
2024-09-14,HDFCBANK.NS,0.0,Equity
2024-09-15,HDFCBANK.NS,0.0,Equity
2024-09-16,HDFCBANK.NS,0.003001236497852,Equity
2024-09-17,HDFCBANK.NS,-0.001286626408101399,Equity
2024-09-18,HDFCBANK.NS,0.015580102911475713,Equity
2024-09-19,HDFCBANK.NS,0.008083504360068439,Equity
2024-09-20,HDFCBANK.NS,0.019139539375109926,Equity
2024-09-21,HDFCBANK.NS,0.0,Equity
2024-09-22,HDFCBANK.NS,0.0,Equity
2024-09-23,HDFCBANK.NS,0.010682354773550173,Equity
2024-09-24,HDFCBANK.NS,0.004688057156291059,Equity
2024-09-25,HDFCBANK.NS,0.006249799257544986,Equity
2024-09-26,HDFCBANK.NS,0.0024449908355437255,Equity
2024-09-27,HDFCBANK.NS,-0.01726979046798749,Equity
2024-09-28,HDFCBANK.NS,0.0,Equity
2024-09-29,HDFCBANK.NS,0.0,Equity
2024-09-30,HDFCBANK.NS,-0.011753660555299694,Equity
2024-10-01,HDFCBANK.NS,-0.0033775675513509906,Equity
2024-10-02,HDFCBANK.NS,0.0,Equity
2024-10-03,HDFCBANK.NS,-0.02560535132398034,Equity
2024-10-04,HDFCBANK.NS,-0.014476750506686953,Equity
2024-10-05,HDFCBANK.NS,0.0,Equity
2024-10-06,HDFCBANK.NS,0.0,Equity
2024-10-07,HDFCBANK.NS,-0.02404009922405448,Equity
2024-10-08,HDFCBANK.NS,0.02055257976550795,Equity
2024-10-09,HDFCBANK.NS,-0.010841499864706061,Equity
2024-10-10,HDFCBANK.NS,0.017910073053438058,Equity
2024-10-11,HDFCBANK.NS,-0.0068574587497161055,Equity
2024-10-12,HDFCBANK.NS,0.0,Equity
2024-10-13,HDFCBANK.NS,0.0,Equity
2024-10-14,HDFCBANK.NS,0.022471163272313355,Equity
2024-10-15,HDFCBANK.NS,-0.002369529134962467,Equity
2024-10-16,HDFCBANK.NS,0.009322552378198568,Equity
2024-10-17,HDFCBANK.NS,-0.01567837431578245,Equity
2024-10-18,HDFCBANK.NS,0.005199781183269581,Equity
2024-10-19,HDFCBANK.NS,0.0,Equity
2024-10-20,HDFCBANK.NS,0.0,Equity
2024-10-21,HDFCBANK.NS,0.027856182662219453,Equity
2024-10-22,HDFCBANK.NS,-0.008185280922534233,Equity
2024-10-23,HDFCBANK.NS,0.012393969464591148,Equity
2024-10-24,HDFCBANK.NS,0.007978955998030335,Equity
2024-10-25,HDFCBANK.NS,-0.0035721316455352703,Equity
2024-10-26,HDFCBANK.NS,0.0,Equity
2024-10-27,HDFCBANK.NS,0.0,Equity
2024-10-28,HDFCBANK.NS,-0.005277097282829213,Equity
2024-10-29,HDFCBANK.NS,0.010177642346343108,Equity
2024-10-30,HDFCBANK.NS,-0.009846707832153578,Equity
2024-10-31,HDFCBANK.NS,0.0006340791811547675,Equity
2024-11-01,HDFCBANK.NS,0.0009219328713974129,Equity
2024-11-02,HDFCBANK.NS,0.0,Equity
2024-11-03,HDFCBANK.NS,0.0,Equity
2024-11-04,HDFCBANK.NS,-0.013354146852815663,Equity
2024-11-05,HDFCBANK.NS,0.025523590157632503,Equity
2024-11-06,HDFCBANK.NS,-0.0014789994604544887,Equity
2024-11-07,HDFCBANK.NS,-0.004956566604921053,Equity
2024-11-08,HDFCBANK.NS,0.004523153775752853,Equity
2024-11-09,HDFCBANK.NS,0.0,Equity
2024-11-10,HDFCBANK.NS,0.0,Equity
2024-11-11,HDFCBANK.NS,0.006754286243775276,Equity
2024-11-12,HDFCBANK.NS,-0.0272321317875448,Equity
2024-11-13,HDFCBANK.NS,-0.0214468511258068,Equity
2024-11-14,HDFCBANK.NS,0.006780317535256319,Equity
2024-11-15,HDFCBANK.NS,0.0,Equity
2024-11-16,HDFCBANK.NS,0.0,Equity
2024-11-17,HDFCBANK.NS,0.0,Equity
2024-11-18,HDFCBANK.NS,0.0072957538290263635,Equity
2024-11-19,HDFCBANK.NS,0.021787651895904814,Equity
2024-11-20,HDFCBANK.NS,0.0,Equity
2024-11-21,HDFCBANK.NS,-0.0006027482707913201,Equity
2024-11-22,HDFCBANK.NS,0.0025270583179546335,Equity
2024-11-23,HDFCBANK.NS,0.0,Equity
2024-11-24,HDFCBANK.NS,0.0,Equity
2024-11-25,HDFCBANK.NS,0.022914698246347953,Equity
2024-11-26,HDFCBANK.NS,-2.7922993511175775e-05,Equity
2024-11-27,HDFCBANK.NS,0.014981346850194921,Equity
2024-11-28,HDFCBANK.NS,-0.010566711904950399,Equity
2024-11-29,HDFCBANK.NS,0.0016173373374064326,Equity
2024-11-30,HDFCBANK.NS,0.0,Equity
2024-12-01,HDFCBANK.NS,0.0,Equity
2024-12-02,HDFCBANK.NS,0.0048160723939409955,Equity
2024-12-03,HDFCBANK.NS,0.011968727349159325,Equity
2024-12-04,HDFCBANK.NS,0.01850737844170225,Equity
2024-12-05,HDFCBANK.NS,0.0030375035376459802,Equity
2024-12-06,HDFCBANK.NS,-0.005306231280730711,Equity
2024-12-07,HDFCBANK.NS,0.0,Equity
2024-12-08,HDFCBANK.NS,0.0,Equity
2024-12-09,HDFCBANK.NS,0.007624548819251897,Equity
2024-12-10,HDFCBANK.NS,-0.0010160284659987973,Equity
2024-12-11,HDFCBANK.NS,-0.0026765342702549377,Equity
2024-12-12,HDFCBANK.NS,-0.002066410548986708,Equity
2024-12-13,HDFCBANK.NS,0.006723119648891718,Equity
2024-12-14,HDFCBANK.NS,0.0,Equity
2024-12-15,HDFCBANK.NS,0.0,Equity
2024-12-16,HDFCBANK.NS,-0.0034994000546900716,Equity
2024-12-17,HDFCBANK.NS,-0.017129482565494958,Equity
2024-12-18,HDFCBANK.NS,-0.0123006319336868,Equity
2024-12-19,HDFCBANK.NS,-0.009499073720226958,Equity
2024-12-20,HDFCBANK.NS,-0.012266490365472671,Equity
2024-12-21,HDFCBANK.NS,0.0,Equity
2024-12-22,HDFCBANK.NS,0.0,Equity
2024-12-23,HDFCBANK.NS,0.016652554470470093,Equity
2024-12-24,HDFCBANK.NS,-0.0016102191210085604,Equity
2024-12-25,HDFCBANK.NS,0.0,Equity
2024-12-26,HDFCBANK.NS,-0.004087635638419518,Equity
2024-12-27,HDFCBANK.NS,0.004188217402619765,Equity
2024-12-28,HDFCBANK.NS,0.0,Equity
2024-12-29,HDFCBANK.NS,0.0,Equity
2024-12-30,HDFCBANK.NS,-0.011316565940579282,Equity
2024-12-31,HDFCBANK.NS,-0.0028404389771858884,Equity
2025-01-01,HDFCBANK.NS,0.005584146155594105,Equity
2025-01-02,HDFCBANK.NS,0.0061702983181806115,Equity
2025-01-03,HDFCBANK.NS,-0.024836283941186754,Equity
2025-01-04,HDFCBANK.NS,0.0,Equity
2025-01-05,HDFCBANK.NS,0.0,Equity
2025-01-06,HDFCBANK.NS,-0.022124311924074824,Equity
2025-01-07,HDFCBANK.NS,0.001695341020026886,Equity
2025-01-08,HDFCBANK.NS,-0.01114732237242666,Equity
2025-01-09,HDFCBANK.NS,-0.015640693917462478,Equity
2025-01-10,HDFCBANK.NS,-0.006625543270068146,Equity
2025-01-11,HDFCBANK.NS,0.0,Equity
2025-01-12,HDFCBANK.NS,0.0,Equity
2025-01-13,HDFCBANK.NS,-0.01563300789054567,Equity
2025-01-14,HDFCBANK.NS,0.009657521848774886,Equity
2025-01-15,HDFCBANK.NS,-0.0021559767343256597,Equity
2025-01-16,HDFCBANK.NS,0.005477639716709337,Equity
2025-01-17,HDFCBANK.NS,-0.00926122024099274,Equity
2025-01-18,HDFCBANK.NS,0.0,Equity
2025-01-19,HDFCBANK.NS,0.0,Equity
2025-01-20,HDFCBANK.NS,0.008858957987167182,Equity
2025-01-21,HDFCBANK.NS,-0.005359553978894871,Equity
2025-01-22,HDFCBANK.NS,0.014399739783524046,Equity
2025-01-23,HDFCBANK.NS,-0.0006902436675249035,Equity
2025-01-24,HDFCBANK.NS,-0.009069579141327888,Equity
2025-01-25,HDFCBANK.NS,0.0,Equity
2025-01-26,HDFCBANK.NS,0.0,Equity
2025-01-27,HDFCBANK.NS,-0.012122761937365167,Equity
2025-01-28,HDFCBANK.NS,0.024910995828746785,Equity
2025-01-29,HDFCBANK.NS,0.004130751303307534,Equity
2025-01-30,HDFCBANK.NS,0.008465988045161854,Equity
2025-01-31,HDFCBANK.NS,0.004286143527001629,Equity
2025-02-01,HDFCBANK.NS,-0.004591654064610928,Equity
2025-02-02,HDFCBANK.NS,0.0,Equity
2025-02-03,HDFCBANK.NS,-0.007658376597711403,Equity
2025-02-04,HDFCBANK.NS,0.025566239890489006,Equity
2025-02-05,HDFCBANK.NS,0.00982041321395477,Equity
2025-02-06,HDFCBANK.NS,0.003481369617795549,Equity
2025-02-07,HDFCBANK.NS,-0.006365263493061657,Equity
2025-02-08,HDFCBANK.NS,0.0,Equity
2025-02-09,HDFCBANK.NS,0.0,Equity
2025-02-10,HDFCBANK.NS,-0.009810946181598723,Equity
2025-02-11,HDFCBANK.NS,-0.008363660408577389,Equity
2025-02-12,HDFCBANK.NS,0.0031738693122389527,Equity
2025-02-13,HDFCBANK.NS,-0.005331687981506628,Equity
2025-02-14,HDFCBANK.NS,-0.0016787546083585347,Equity
2025-02-15,HDFCBANK.NS,0.0,Equity
2025-02-16,HDFCBANK.NS,0.0,Equity
2025-02-17,HDFCBANK.NS,0.013275527827093958,Equity
2025-02-18,HDFCBANK.NS,0.0033190924250390275,Equity
2025-02-19,HDFCBANK.NS,0.0024084914347874964,Equity
2025-02-20,HDFCBANK.NS,-0.02321676029499764,Equity
2025-02-21,HDFCBANK.NS,0.0032007714646093977,Equity
2025-02-22,HDFCBANK.NS,0.0,Equity
2025-02-23,HDFCBANK.NS,0.0,Equity
2025-02-24,HDFCBANK.NS,-0.00909894534719069,Equity
2025-02-25,HDFCBANK.NS,0.0031303730207494773,Equity
2025-02-26,HDFCBANK.NS,0.0,Equity
2025-02-27,HDFCBANK.NS,0.01090733369971053,Equity
2025-02-28,HDFCBANK.NS,0.018639454545123835,Equity
2025-03-01,HDFCBANK.NS,0.0,Equity
2025-03-02,HDFCBANK.NS,0.0,Equity
2025-03-03,HDFCBANK.NS,-0.01780761488497562,Equity
2025-03-04,HDFCBANK.NS,0.004965972638943494,Equity
2025-03-05,HDFCBANK.NS,-0.011695912779333906,Equity
2025-03-06,HDFCBANK.NS,0.00071003759926902,Equity
2025-03-07,HDFCBANK.NS,-0.001153001575254331,Equity
2025-03-08,HDFCBANK.NS,0.0,Equity
2025-03-09,HDFCBANK.NS,0.0,Equity
2025-03-10,HDFCBANK.NS,-0.0010359770021162173,Equity
2025-03-11,HDFCBANK.NS,-0.001185149189864565,Equity
2025-03-12,HDFCBANK.NS,0.015218078098763188,Equity
2025-03-13,HDFCBANK.NS,-0.002659139307361391,Equity
2025-03-14,HDFCBANK.NS,0.0,Equity
2025-03-15,HDFCBANK.NS,0.0,Equity
2025-03-16,HDFCBANK.NS,0.0,Equity
2025-03-17,HDFCBANK.NS,0.002226763161670142,Equity
2025-03-18,HDFCBANK.NS,0.0,Equity
2025-03-19,HDFCBANK.NS,0.019702954032589037,Equity
2025-03-20,HDFCBANK.NS,0.014133315343839437,Equity
2025-03-21,HDFCBANK.NS,0.0009046361184625873,Equity
2025-03-22,HDFCBANK.NS,0.0,Equity
2025-03-23,HDFCBANK.NS,0.0,Equity
2025-03-24,HDFCBANK.NS,0.016748071829424838,Equity
2025-03-25,HDFCBANK.NS,0.011916674078431333,Equity
2025-03-26,HDFCBANK.NS,-0.008180234130266362,Equity
2025-03-27,HDFCBANK.NS,0.010406533129113216,Equity
2025-03-28,HDFCBANK.NS,0.0015612884510065594,Equity
2025-03-29,HDFCBANK.NS,0.0,Equity
2025-03-30,HDFCBANK.NS,0.0,Equity
2025-03-31,HDFCBANK.NS,0.0,Equity
2025-04-01,HDFCBANK.NS,-0.03301056549507253,Equity
2025-04-02,HDFCBANK.NS,0.01643240622455666,Equity
2025-04-03,HDFCBANK.NS,-0.0011408792385178002,Equity
2025-04-04,HDFCBANK.NS,0.012508102808265864,Equity
2025-04-05,HDFCBANK.NS,0.0,Equity
2025-04-06,HDFCBANK.NS,0.0,Equity
2025-04-07,HDFCBANK.NS,-0.032796063660856634,Equity
2025-04-08,HDFCBANK.NS,0.006514305125184139,Equity
2025-04-09,HDFCBANK.NS,-0.002345801522980695,Equity
2025-04-10,HDFCBANK.NS,0.0,Equity
2025-04-11,HDFCBANK.NS,0.0236544169281383,Equity
2025-04-12,HDFCBANK.NS,0.0,Equity
2025-04-13,HDFCBANK.NS,0.0,Equity
2025-04-14,HDFCBANK.NS,0.0,Equity
2025-04-15,HDFCBANK.NS,0.032184884980663186,Equity
2025-04-16,HDFCBANK.NS,0.00702450716034142,Equity
2025-04-17,HDFCBANK.NS,0.015282161735410194,Equity
2025-04-18,HDFCBANK.NS,0.0,Equity
2025-04-19,HDFCBANK.NS,0.0,Equity
2025-04-20,HDFCBANK.NS,0.0,Equity
2025-04-21,HDFCBANK.NS,0.010699113012073935,Equity
2025-04-22,HDFCBANK.NS,0.017954439509512587,Equity
2025-04-23,HDFCBANK.NS,-0.01926901507209733,Equity
2025-04-24,HDFCBANK.NS,-0.0036903888094410586,Equity
2025-04-25,HDFCBANK.NS,-0.002921576166589168,Equity
2025-04-26,HDFCBANK.NS,0.0,Equity
2025-04-27,HDFCBANK.NS,0.0,Equity
2025-04-28,HDFCBANK.NS,0.004709102164633272,Equity
2025-04-29,HDFCBANK.NS,-0.005936862294536049,Equity
2025-04-30,HDFCBANK.NS,0.008486976406088864,Equity
2025-05-01,HDFCBANK.NS,0.0,Equity
2025-05-02,HDFCBANK.NS,-0.0016102925038007365,Equity
2025-05-03,HDFCBANK.NS,0.0,Equity
2025-05-04,HDFCBANK.NS,0.0,Equity
2025-05-05,HDFCBANK.NS,0.007752685520943103,Equity
2025-05-06,HDFCBANK.NS,-0.002633273078652243,Equity
2025-05-07,HDFCBANK.NS,0.00719578819246669,Equity
2025-05-08,HDFCBANK.NS,-0.008789065604971169,Equity
2025-05-09,HDFCBANK.NS,-0.020119293732347665,Equity
2025-05-10,HDFCBANK.NS,0.0,Equity
2025-05-11,HDFCBANK.NS,0.0,Equity
2025-05-12,HDFCBANK.NS,0.035720000387587714,Equity
2025-05-13,HDFCBANK.NS,-0.017678378967796227,Equity
2025-05-14,HDFCBANK.NS,-0.006241487228413334,Equity
2025-05-15,HDFCBANK.NS,0.012142801731333419,Equity
2025-05-16,HDFCBANK.NS,0.00046537474951069413,Equity
2025-05-17,HDFCBANK.NS,0.0,Equity
2025-05-18,HDFCBANK.NS,0.0,Equity
2025-05-19,HDFCBANK.NS,0.0020675051196825667,Equity
2025-05-20,HDFCBANK.NS,-0.012276245485088433,Equity
2025-05-21,HDFCBANK.NS,0.006214444699292221,Equity
2025-05-22,HDFCBANK.NS,-0.003581070429987232,Equity
2025-05-23,HDFCBANK.NS,0.007135748376859485,Equity
2025-05-24,HDFCBANK.NS,0.0,Equity
2025-05-25,HDFCBANK.NS,0.0,Equity
2025-05-26,HDFCBANK.NS,0.0034132505528097212,Equity
2025-05-27,HDFCBANK.NS,-0.007164136123751441,Equity
2025-05-28,HDFCBANK.NS,-0.0014535838723096495,Equity
2025-05-29,HDFCBANK.NS,0.0020795436543044055,Equity
2025-05-30,HDFCBANK.NS,0.009027251979717876,Equity
2025-05-31,HDFCBANK.NS,0.0,Equity
2025-06-01,HDFCBANK.NS,0.0,Equity
2025-06-02,HDFCBANK.NS,-0.006581369672977289,Equity
2025-06-03,HDFCBANK.NS,-0.0038817489411315798,Equity
2025-06-04,HDFCBANK.NS,0.008625131877934011,Equity
2025-06-05,HDFCBANK.NS,0.004327216467577832,Equity
2025-06-06,HDFCBANK.NS,0.014926146012341546,Equity
2025-06-07,HDFCBANK.NS,0.0,Equity
2025-06-08,HDFCBANK.NS,0.0,Equity
2025-06-09,HDFCBANK.NS,0.00010116718671682179,Equity
2025-06-10,HDFCBANK.NS,-0.006872483345676805,Equity
2025-06-11,HDFCBANK.NS,-0.007581607855601802,Equity
2025-06-12,HDFCBANK.NS,-0.0035889934826710546,Equity
2025-06-13,HDFCBANK.NS,-0.01327571261741145,Equity
2025-06-14,HDFCBANK.NS,0.0,Equity
2025-06-15,HDFCBANK.NS,0.0,Equity
2025-06-16,HDFCBANK.NS,0.009282444635375642,Equity
2025-06-17,HDFCBANK.NS,-0.0029968013237066105,Equity
2025-06-18,HDFCBANK.NS,0.002228453548387188,Equity
2025-06-19,HDFCBANK.NS,0.0007239357230035548,Equity
2025-06-20,HDFCBANK.NS,0.015191396690230174,Equity
2025-06-21,HDFCBANK.NS,0.0,Equity
2025-06-22,HDFCBANK.NS,0.0,Equity
2025-06-23,HDFCBANK.NS,-0.008296384736435458,Equity
2025-06-24,HDFCBANK.NS,0.006415499914848688,Equity
2025-06-25,HDFCBANK.NS,0.009842419828163251,Equity
2025-06-26,HDFCBANK.NS,0.02100796522285253,Equity
2025-06-27,HDFCBANK.NS,0.0075507467248654425,Equity
2025-06-28,HDFCBANK.NS,0.0,Equity
2025-06-29,HDFCBANK.NS,0.0,Equity
2025-06-30,HDFCBANK.NS,-0.006650435554941159,Equity
2025-07-01,HDFCBANK.NS,0.005295988459478762,Equity
2025-07-02,HDFCBANK.NS,-0.012971495430722624,Equity
2025-07-03,HDFCBANK.NS,0.0005538259278525803,Equity
2025-07-04,HDFCBANK.NS,0.001107223501737975,Equity
2025-07-05,HDFCBANK.NS,0.0,Equity
2025-07-06,HDFCBANK.NS,0.0,Equity
2025-07-07,HDFCBANK.NS,-0.0009551613067334541,Equity
2025-07-08,HDFCBANK.NS,0.0070444225210195555,Equity
2025-07-09,HDFCBANK.NS,0.004896491971455363,Equity
2025-07-10,HDFCBANK.NS,-0.0024860584376457107,Equity
2025-07-11,HDFCBANK.NS,-0.011215205471906686,Equity
2025-07-12,HDFCBANK.NS,0.0,Equity
2025-07-13,HDFCBANK.NS,0.0,Equity
2025-07-14,HDFCBANK.NS,-0.00035286574796955517,Equity
2025-07-15,HDFCBANK.NS,0.006303592274967684,Equity
2025-07-16,HDFCBANK.NS,0.00040088168213570086,Equity
2025-07-17,HDFCBANK.NS,-0.00470873275173922,Equity
2025-07-18,HDFCBANK.NS,-0.014847243334064175,Equity
2025-07-19,HDFCBANK.NS,0.0,Equity
2025-07-20,HDFCBANK.NS,0.0,Equity
2025-07-21,HDFCBANK.NS,0.02201902118733501,Equity
2025-07-22,HDFCBANK.NS,0.0032991760470997278,Equity
2025-07-23,HDFCBANK.NS,0.008569600498690821,Equity
2025-07-24,HDFCBANK.NS,-0.004989450728788647,Equity
2025-07-25,HDFCBANK.NS,-0.0022894563496552722,Equity
2025-07-26,HDFCBANK.NS,0.0,Equity
2025-07-27,HDFCBANK.NS,0.0,Equity
2025-07-28,HDFCBANK.NS,0.0019455374945429593,Equity
2025-07-29,HDFCBANK.NS,0.0065222681533172455,Equity
2025-07-30,HDFCBANK.NS,0.0020775985817720333,Equity
2025-07-31,HDFCBANK.NS,-0.0037516524203099477,Equity
2025-08-01,HDFCBANK.NS,-0.0029729462616011615,Equity
2025-08-02,HDFCBANK.NS,0.0,Equity
2025-08-03,HDFCBANK.NS,0.0,Equity
2025-08-04,HDFCBANK.NS,-0.010038739519952156,Equity
2025-08-05,HDFCBANK.NS,-0.007228927918706107,Equity
2025-08-06,HDFCBANK.NS,0.0038936454982034796,Equity
2025-08-07,HDFCBANK.NS,0.005087379911111745,Equity
2025-08-08,HDFCBANK.NS,-0.010774781866765504,Equity
2025-08-09,HDFCBANK.NS,0.0,Equity
2025-08-10,HDFCBANK.NS,0.0,Equity
2025-08-11,HDFCBANK.NS,0.010993439841674002,Equity
2025-08-12,HDFCBANK.NS,-0.012878308020789153,Equity
2025-08-13,HDFCBANK.NS,0.005279468138062349,Equity
2025-08-14,HDFCBANK.NS,0.0054536820135935304,Equity
2025-08-15,HDFCBANK.NS,0.0,Equity
2025-08-16,HDFCBANK.NS,0.0,Equity
2025-08-17,HDFCBANK.NS,0.0,Equity
2025-08-18,HDFCBANK.NS,0.0062779368958214565,Equity
2025-08-19,HDFCBANK.NS,-0.006238770289635487,Equity
2025-08-20,HDFCBANK.NS,-0.0014564936214260804,Equity
2025-08-21,HDFCBANK.NS,0.0015089025619539065,Equity
2025-08-22,HDFCBANK.NS,-0.013358766692557755,Equity
2025-08-23,HDFCBANK.NS,0.0,Equity
2025-08-24,HDFCBANK.NS,0.0,Equity
2025-08-25,HDFCBANK.NS,-0.0002545047369507669,Equity
2025-08-26,HDFCBANK.NS,-0.008808068312638473,Equity
2025-08-27,HDFCBANK.NS,0.0,Equity
2025-08-28,HDFCBANK.NS,-0.016026336788397155,Equity
2025-08-29,HDFCBANK.NS,-0.006473180503288378,Equity
2025-08-30,HDFCBANK.NS,0.0,Equity
2025-08-31,HDFCBANK.NS,0.0,Equity
2025-09-01,HDFCBANK.NS,-0.00105086173356006,Equity
2025-09-02,HDFCBANK.NS,-0.006416974271619913,Equity
2025-09-03,HDFCBANK.NS,0.01053468735524743,Equity
2025-09-04,HDFCBANK.NS,0.007124509095290055,Equity
2025-09-05,HDFCBANK.NS,0.002236696399544824,Equity
2025-09-06,HDFCBANK.NS,0.0,Equity
2025-09-07,HDFCBANK.NS,0.0,Equity
2025-09-08,HDFCBANK.NS,0.002698749761314234,Equity
2025-09-09,HDFCBANK.NS,-0.0008798919109084258,Equity
2025-09-10,HDFCBANK.NS,0.0007770812630454316,Equity
2025-09-11,HDFCBANK.NS,0.00196703937351983,Equity
2025-09-12,HDFCBANK.NS,-0.000516635675043009,Equity
2025-09-13,HDFCBANK.NS,0.0,Equity
2025-09-14,HDFCBANK.NS,0.0,Equity
2025-09-15,HDFCBANK.NS,-0.0002584513627157392,Equity
2025-09-16,HDFCBANK.NS,-0.00020682716463060746,Equity
2025-09-17,HDFCBANK.NS,-0.00036197506828850035,Equity
2025-09-18,HDFCBANK.NS,0.0107605012044103,Equity
2025-09-19,HDFCBANK.NS,-0.010236462022813364,Equity
2025-09-20,HDFCBANK.NS,0.0,Equity
2025-09-21,HDFCBANK.NS,0.0,Equity
2025-09-22,HDFCBANK.NS,-0.0027924419679971058,Equity
2025-09-23,HDFCBANK.NS,-0.007259904492198821,Equity
2025-09-24,HDFCBANK.NS,-0.006425014976631949,Equity
2025-09-25,HDFCBANK.NS,-0.001261776165747075,Equity
2025-09-26,HDFCBANK.NS,-0.005053416767219265,Equity
2025-09-27,HDFCBANK.NS,0.0,Equity
2025-09-28,HDFCBANK.NS,0.0,Equity
2025-09-29,HDFCBANK.NS,0.005555261698125147,Equity
2025-09-30,HDFCBANK.NS,0.0007366223466518385,Equity
2025-10-01,HDFCBANK.NS,0.014984227129337446,Equity
2025-10-02,HDFCBANK.NS,0.0,Equity
2025-10-03,HDFCBANK.NS,-0.00010357481060607743,Equity
2025-10-04,HDFCBANK.NS,0.0,Equity
2025-10-05,HDFCBANK.NS,0.0,Equity
2025-10-06,HDFCBANK.NS,0.008599686663228967,Equity
2025-10-07,HDFCBANK.NS,0.009296818202765733,Equity
2025-10-08,HDFCBANK.NS,-0.0038676720539122522,Equity
2025-10-09,HDFCBANK.NS,-0.0016348590999663015,Equity
2025-10-10,HDFCBANK.NS,0.0038891095313415835,Equity
2025-10-11,HDFCBANK.NS,0.0,Equity
2025-10-12,HDFCBANK.NS,0.0,Equity
2025-10-13,HDFCBANK.NS,-0.003975965253331659,Equity
2025-10-14,HDFCBANK.NS,0.00015355620681933857,Equity
2025-10-15,HDFCBANK.NS,0.001125697752089927,Equity
2025-10-16,HDFCBANK.NS,0.016457935687132608,Equity
2025-10-17,HDFCBANK.NS,0.008246605730743095,Equity
2025-10-18,HDFCBANK.NS,0.0,Equity
2025-10-19,HDFCBANK.NS,0.0,Equity
2025-10-20,HDFCBANK.NS,0.00039900695120764773,Equity
2025-10-21,HDFCBANK.NS,0.004736028657646996,Equity
2025-10-22,HDFCBANK.NS,0.0,Equity
2025-10-23,HDFCBANK.NS,0.0010915704799172588,Equity
2025-10-24,HDFCBANK.NS,-0.013927426608823623,Equity
2025-10-25,HDFCBANK.NS,0.0,Equity
2025-10-26,HDFCBANK.NS,0.0,Equity
2025-10-27,HDFCBANK.NS,0.008243289476784321,Equity
2025-10-28,HDFCBANK.NS,0.0005982108566080502,Equity
2025-10-29,HDFCBANK.NS,0.004284776887323094,Equity
2025-10-30,HDFCBANK.NS,-0.009624399867882771,Equity
2025-10-31,HDFCBANK.NS,-0.010870146126042535,Equity
2025-11-01,HDFCBANK.NS,0.0,Equity
2025-11-02,HDFCBANK.NS,0.0,Equity
2025-11-03,HDFCBANK.NS,0.00541885616047999,Equity
2025-11-04,HDFCBANK.NS,-0.00745481713802465,Equity
2025-11-05,HDFCBANK.NS,0.0,Equity
2025-11-06,HDFCBANK.NS,-0.0006089577121923817,Equity
2025-11-07,HDFCBANK.NS,-0.0023866719776828305,Equity
2025-11-08,HDFCBANK.NS,0.0,Equity
2025-11-09,HDFCBANK.NS,0.0,Equity
2025-11-10,HDFCBANK.NS,0.0022396541121558755,Equity
2025-11-11,HDFCBANK.NS,0.007313369433246564,Equity
2025-11-12,HDFCBANK.NS,-0.0022184251083501305,Equity
2025-11-13,HDFCBANK.NS,-0.002880217873610369,Equity
2025-11-14,HDFCBANK.NS,0.002989865807409231,Equity
2025-11-15,HDFCBANK.NS,0.0,Equity
2025-11-16,HDFCBANK.NS,0.0,Equity
2025-11-17,HDFCBANK.NS,0.007023052120546103,Equity
2025-11-18,HDFCBANK.NS,-0.004114169521006739,Equity
2025-11-19,HDFCBANK.NS,0.0021663190613752104,Equity
2025-11-20,HDFCBANK.NS,0.014327368137732943,Equity
2025-11-21,HDFCBANK.NS,-0.010705246621725006,Equity
2025-11-22,HDFCBANK.NS,0.0,Equity
2025-11-23,HDFCBANK.NS,0.0,Equity
2025-11-24,HDFCBANK.NS,0.0011021858970474696,Equity
2025-11-25,HDFCBANK.NS,-0.009357990684709216,Equity
2025-11-26,HDFCBANK.NS,0.014245339255392064,Equity
2025-11-27,HDFCBANK.NS,0.005578220390228594,Equity
2025-11-28,HDFCBANK.NS,-0.0018821440456290306,Equity
2025-11-29,HDFCBANK.NS,0.0,Equity
2025-11-30,HDFCBANK.NS,0.0,Equity
2025-12-01,HDFCBANK.NS,-0.005458515416102205,Equity
2025-12-02,HDFCBANK.NS,-0.012274212246913607,Equity
2025-12-03,HDFCBANK.NS,0.010810277166086735,Equity
2025-12-04,HDFCBANK.NS,-0.0032983386236569157,Equity
2025-12-05,HDFCBANK.NS,0.006117103400788082,Equity
2025-12-06,HDFCBANK.NS,0.0,Equity
2025-12-07,HDFCBANK.NS,0.0,Equity
2025-12-08,HDFCBANK.NS,-0.00019935434014228814,Equity
2025-12-09,HDFCBANK.NS,-0.005981457627386777,Equity
2025-12-10,HDFCBANK.NS,-0.007321219508283461,Equity
2025-12-11,HDFCBANK.NS,0.010608203808339711,Equity
2025-12-12,HDFCBANK.NS,0.0011996523259776293,Equity
2025-12-13,HDFCBANK.NS,0.0,Equity
2025-12-14,HDFCBANK.NS,0.0,Equity
2025-12-15,HDFCBANK.NS,-0.005391936509298589,Equity
2025-12-16,HDFCBANK.NS,-0.0018070352746569762,Equity
2025-12-17,HDFCBANK.NS,-0.010359034415590718,Equity
2025-12-18,HDFCBANK.NS,-0.004369906293667403,Equity
2025-12-19,HDFCBANK.NS,0.0059201671130970634,Equity
2025-12-20,HDFCBANK.NS,0.0,Equity
2025-12-21,HDFCBANK.NS,0.0,Equity
2025-12-22,HDFCBANK.NS,0.0022323817422944536,Equity
2025-12-23,HDFCBANK.NS,0.009010796060454851,Equity
2025-12-24,HDFCBANK.NS,0.00060208372044257,Equity
2025-12-25,HDFCBANK.NS,0.0,Equity
2025-12-26,HDFCBANK.NS,-0.005114356757583871,Equity
2025-12-27,HDFCBANK.NS,0.0,Equity
2025-12-28,HDFCBANK.NS,0.0,Equity
2025-12-29,HDFCBANK.NS,-0.0004031482600027614,Equity
2025-12-30,HDFCBANK.NS,-0.0008066832541308022,Equity
2025-12-31,HDFCBANK.NS,0.0003027427445529973,Equity
2026-01-01,HDFCBANK.NS,-5.043159034823219e-05,Equity
2026-01-02,HDFCBANK.NS,0.01054325875444806,Equity
2026-01-03,HDFCBANK.NS,0.0,Equity
2026-01-04,HDFCBANK.NS,0.0,Equity
2026-01-05,HDFCBANK.NS,-0.02406147780888168,Equity
2026-01-06,HDFCBANK.NS,-0.015652161425032007,Equity
2026-01-07,HDFCBANK.NS,-0.013666622580787324,Equity
2026-01-08,HDFCBANK.NS,-0.002476134678008224,Equity
2026-01-09,HDFCBANK.NS,-0.008133529214899182,Equity
2026-01-10,HDFCBANK.NS,0.0,Equity
2026-01-11,HDFCBANK.NS,0.0,Equity
2026-01-12,HDFCBANK.NS,-0.00218316058889112,Equity
2026-01-13,HDFCBANK.NS,0.000426878033721545,Equity
2026-01-14,HDFCBANK.NS,-0.012695325853577355,Equity
2026-01-15,HDFCBANK.NS,0.0,Equity
2026-01-16,HDFCBANK.NS,0.00610509838930362,Equity
2026-01-17,HDFCBANK.NS,0.0,Equity
2026-01-18,HDFCBANK.NS,0.0,Equity
2026-01-19,HDFCBANK.NS,-0.0034367428372675812,Equity
2026-01-20,HDFCBANK.NS,0.003556404468307406,Equity
2026-01-21,HDFCBANK.NS,-0.011651671476440528,Equity
2026-01-22,HDFCBANK.NS,-0.0017927564759870895,Equity
2026-01-23,HDFCBANK.NS,-0.002830125815332929,Equity
2026-01-24,HDFCBANK.NS,0.0,Equity
2026-01-25,HDFCBANK.NS,0.0,Equity
2026-01-26,HDFCBANK.NS,0.0,Equity
2026-01-27,HDFCBANK.NS,0.011243367648314795,Equity
2026-01-28,HDFCBANK.NS,0.006800504778649463,Equity
2026-01-29,HDFCBANK.NS,0.003002023969468137,Equity
2026-01-30,HDFCBANK.NS,-0.00668091929449488,Equity
2026-01-31,HDFCBANK.NS,0.0,Equity
2026-02-01,HDFCBANK.NS,0.0,Equity
2026-02-02,HDFCBANK.NS,-0.001237583442628476,Equity
2026-02-03,HDFCBANK.NS,0.022195924106223952,Equity
2026-02-04,HDFCBANK.NS,0.004637886921357026,Equity
2026-02-05,HDFCBANK.NS,-0.0035672683516920767,Equity
2026-02-06,HDFCBANK.NS,-0.009055529652050809,Equity
2026-02-07,HDFCBANK.NS,0.0,Equity
2026-02-08,HDFCBANK.NS,0.0,Equity
2026-02-09,HDFCBANK.NS,-0.004090931554365906,Equity
2026-02-10,HDFCBANK.NS,-0.005174687208255535,Equity
2026-02-11,HDFCBANK.NS,-0.005684307903633612,Equity
2026-02-12,HDFCBANK.NS,-0.007011110097259965,Equity
2026-02-13,HDFCBANK.NS,-0.01814029069601697,Equity
2026-02-14,HDFCBANK.NS,0.0,Equity
2026-02-15,HDFCBANK.NS,0.0,Equity
2026-02-16,HDFCBANK.NS,0.024228302674405233,Equity
2026-02-17,HDFCBANK.NS,-0.00010798832064773389,Equity
2026-02-18,HDFCBANK.NS,-0.0010802635700692953,Equity
2026-02-19,HDFCBANK.NS,-0.00984106899639181,Equity
2026-02-20,HDFCBANK.NS,-0.004095675076443928,Equity
2026-02-21,HDFCBANK.NS,0.0,Equity
2026-02-22,HDFCBANK.NS,0.0,Equity
2026-02-23,HDFCBANK.NS,0.012885891664853766,Equity
2026-02-24,HDFCBANK.NS,-0.01418360321807799,Equity
2026-02-25,HDFCBANK.NS,-0.003185089966021404,Equity
2026-02-26,HDFCBANK.NS,-0.009916262937523457,Equity
2026-02-27,HDFCBANK.NS,-0.012074311017939543,Equity
2026-02-28,HDFCBANK.NS,0.0,Equity
2026-03-01,HDFCBANK.NS,0.0,Equity
2026-03-02,HDFCBANK.NS,-0.009405773681709362,Equity
2026-03-03,HDFCBANK.NS,0.0,Equity
2026-03-04,HDFCBANK.NS,-0.01222424346322104,Equity
2026-03-05,HDFCBANK.NS,0.010475997617194421,Equity
2026-03-06,HDFCBANK.NS,-0.02358303868644973,Equity
2026-03-07,HDFCBANK.NS,0.0,Equity
2026-03-08,HDFCBANK.NS,0.0,Equity
2026-03-09,HDFCBANK.NS,-0.01907703846778075,Equity
2026-03-10,HDFCBANK.NS,0.010407993187759423,Equity
2026-03-11,HDFCBANK.NS,-0.018247100803175043,Equity
2026-03-12,HDFCBANK.NS,-0.001438949804503764,Equity
2026-03-13,HDFCBANK.NS,-0.018913239267487225,Equity
2026-03-14,HDFCBANK.NS,0.0,Equity
2026-03-15,HDFCBANK.NS,0.0,Equity
2026-03-16,HDFCBANK.NS,0.02888613902807524,Equity
2026-03-17,HDFCBANK.NS,0.005650725836256365,Equity
2026-03-18,HDFCBANK.NS,-0.0027207521847676386,Equity
2026-03-19,HDFCBANK.NS,-0.05319966340709026,Equity
2026-03-20,HDFCBANK.NS,-0.02223753411243512,Equity
2026-03-21,HDFCBANK.NS,0.0,Equity
2026-03-22,HDFCBANK.NS,0.0,Equity
2026-03-23,HDFCBANK.NS,-0.0465116115384715,Equity
2026-03-24,HDFCBANK.NS,0.02788416222432888,Equity
2026-03-25,HDFCBANK.NS,0.02274802304031187,Equity
2026-03-26,HDFCBANK.NS,0.0,Equity
2026-03-27,HDFCBANK.NS,-0.03336312922561968,Equity
2026-03-28,HDFCBANK.NS,0.0,Equity
2026-03-29,HDFCBANK.NS,0.0,Equity
2026-03-30,HDFCBANK.NS,-0.03259722826784861,Equity
2026-03-31,HDFCBANK.NS,0.0,Equity
2026-04-01,HDFCBANK.NS,0.01462649495670476,Equity
2026-04-02,HDFCBANK.NS,0.011653788365190376,Equity
2026-04-03,HDFCBANK.NS,0.0,Equity
2026-04-04,HDFCBANK.NS,0.0,Equity
2026-04-05,HDFCBANK.NS,0.0,Equity
2026-04-06,HDFCBANK.NS,0.02676784516237274,Equity
2026-04-07,HDFCBANK.NS,0.0012970168612191912,Equity
2026-04-08,HDFCBANK.NS,0.05712432070717299,Equity
2026-04-09,HDFCBANK.NS,-0.022546212387392295,Equity
2026-04-10,HDFCBANK.NS,0.015795380961668215,Equity
2026-04-11,HDFCBANK.NS,0.0,Equity
2026-04-12,HDFCBANK.NS,0.0,Equity
2026-04-13,HDFCBANK.NS,-0.01925209900154079,Equity
2026-04-14,HDFCBANK.NS,0.0,Equity
2026-04-15,HDFCBANK.NS,0.019126729550208443,Equity
2026-04-16,HDFCBANK.NS,-0.01784172338738399,Equity
2026-04-17,HDFCBANK.NS,0.0055943329420340415,Equity
2026-04-18,HDFCBANK.NS,0.0,Equity
2026-04-19,HDFCBANK.NS,0.0,Equity
2026-04-20,HDFCBANK.NS,-0.005563210490324599,Equity
2026-04-21,HDFCBANK.NS,0.020491530005440906,Equity
2026-04-22,HDFCBANK.NS,-0.014598060469279361,Equity
2026-04-23,HDFCBANK.NS,-0.019439990440699884,Equity
2026-04-24,HDFCBANK.NS,0.0006374705368308309,Equity
2026-04-25,HDFCBANK.NS,0.0,Equity
2026-04-26,HDFCBANK.NS,0.0,Equity
2026-04-27,HDFCBANK.NS,0.006306953380913027,Equity
2026-04-28,HDFCBANK.NS,-0.00917953926570636,Equity
2026-04-29,HDFCBANK.NS,-0.004536435816682838,Equity
2026-04-30,HDFCBANK.NS,-0.009370972776596598,Equity
2026-05-01,HDFCBANK.NS,0.0,Equity
2026-05-02,HDFCBANK.NS,0.0,Equity
2026-05-03,HDFCBANK.NS,0.0,Equity
2026-05-04,HDFCBANK.NS,0.009977986374536396,Equity
2026-05-05,HDFCBANK.NS,-0.009109618166141864,Equity
2026-05-06,HDFCBANK.NS,0.03139971563291111,Equity
2026-05-07,HDFCBANK.NS,-0.000627706995998345,Equity
2026-05-08,HDFCBANK.NS,-0.01909429362491788,Equity
2026-05-09,HDFCBANK.NS,0.0,Equity
2026-05-10,HDFCBANK.NS,0.0,Equity
2026-05-11,HDFCBANK.NS,-0.02202721612300551,Equity
2026-05-12,HDFCBANK.NS,-0.01728542105025066,Equity
2026-05-13,HDFCBANK.NS,-0.0011327025215095432,Equity
2026-05-14,HDFCBANK.NS,0.026614211388463538,Equity
2026-05-15,HDFCBANK.NS,-0.0026638786634874956,Equity
2026-05-16,HDFCBANK.NS,0.0,Equity
2026-05-17,HDFCBANK.NS,0.0,Equity
2026-05-18,HDFCBANK.NS,0.001498403145358207,Equity
2026-05-19,HDFCBANK.NS,-0.008066105522806066,Equity
2026-05-20,HDFCBANK.NS,-0.0038691221192219682,Equity
2026-05-21,HDFCBANK.NS,-0.00046079734817316975,Equity
2026-05-22,HDFCBANK.NS,0.010077011305915207,Equity
2026-05-23,HDFCBANK.NS,0.0,Equity
2026-05-24,HDFCBANK.NS,0.0,Equity
2026-05-25,HDFCBANK.NS,0.02614761099654861,Equity
2026-05-26,HDFCBANK.NS,-0.010103515814377406,Equity
2026-05-27,HDFCBANK.NS,-0.02599820177850598,Equity
2026-05-28,HDFCBANK.NS,0.0,Equity
2026-05-29,HDFCBANK.NS,-0.018585693227893607,Equity
2026-05-30,HDFCBANK.NS,0.0,Equity
2026-05-31,HDFCBANK.NS,0.0,Equity
2026-06-01,HDFCBANK.NS,-0.002484689565869558,Equity
2026-06-02,HDFCBANK.NS,0.007472718058097572,Equity
2023-01-03,ICICIBANK.NS,-0.0012189048278389292,Equity
2023-01-04,ICICIBANK.NS,-0.0024962981246399174,Equity
2023-01-05,ICICIBANK.NS,-0.02218871489426233,Equity
2023-01-06,ICICIBANK.NS,-0.010294178224065531,Equity
2023-01-07,ICICIBANK.NS,0.0,Equity
2023-01-08,ICICIBANK.NS,0.0,Equity
2023-01-09,ICICIBANK.NS,0.003735162789868518,Equity
2023-01-10,ICICIBANK.NS,-0.013740120597834249,Equity
2023-01-11,ICICIBANK.NS,0.005746832641416955,Equity
2023-01-12,ICICIBANK.NS,-0.006521977388052491,Equity
2023-01-13,ICICIBANK.NS,0.014872508224976988,Equity
2023-01-14,ICICIBANK.NS,0.0,Equity
2023-01-15,ICICIBANK.NS,0.0,Equity
2023-01-16,ICICIBANK.NS,-0.009388057318113208,Equity
2023-01-17,ICICIBANK.NS,-0.00011565902476162737,Equity
2023-01-18,ICICIBANK.NS,0.005028062486521545,Equity
2023-01-19,ICICIBANK.NS,-0.0038526898405923937,Equity
2023-01-20,ICICIBANK.NS,0.004848948491846139,Equity
2023-01-21,ICICIBANK.NS,0.0,Equity
2023-01-22,ICICIBANK.NS,0.0,Equity
2023-01-23,ICICIBANK.NS,0.0015510258991071613,Equity
2023-01-24,ICICIBANK.NS,-0.0010897697470361178,Equity
2023-01-25,ICICIBANK.NS,-0.01774337776684043,Equity
2023-01-26,ICICIBANK.NS,0.0,Equity
2023-01-27,ICICIBANK.NS,-0.04454560299496524,Equity
2023-01-28,ICICIBANK.NS,0.0,Equity
2023-01-29,ICICIBANK.NS,0.0,Equity
2023-01-30,ICICIBANK.NS,0.00770905992681814,Equity
2023-01-31,ICICIBANK.NS,0.01020046772587424,Equity
2023-02-01,ICICIBANK.NS,0.01929317116774243,Equity
2023-02-02,ICICIBANK.NS,0.01173415899231478,Equity
2023-02-03,ICICIBANK.NS,0.006877242640537462,Equity
2023-02-04,ICICIBANK.NS,0.0,Equity
2023-02-05,ICICIBANK.NS,0.0,Equity
2023-02-06,ICICIBANK.NS,-0.011692554905176733,Equity
2023-02-07,ICICIBANK.NS,-0.0011127471975812542,Equity
2023-02-08,ICICIBANK.NS,0.007446431010200039,Equity
2023-02-09,ICICIBANK.NS,0.0019788957585480382,Equity
2023-02-10,ICICIBANK.NS,-0.008073899306520027,Equity
2023-02-11,ICICIBANK.NS,0.0,Equity
2023-02-12,ICICIBANK.NS,0.0,Equity
2023-02-13,ICICIBANK.NS,-0.0037477197562377773,Equity
2023-02-14,ICICIBANK.NS,0.017222070714560944,Equity
2023-02-15,ICICIBANK.NS,0.0063561810580961,Equity
2023-02-16,ICICIBANK.NS,-0.0015502244568145196,Equity
2023-02-17,ICICIBANK.NS,-0.00782106676847294,Equity
2023-02-18,ICICIBANK.NS,0.0,Equity
2023-02-19,ICICIBANK.NS,0.0,Equity
2023-02-20,ICICIBANK.NS,-0.012229813712782645,Equity
2023-02-21,ICICIBANK.NS,0.0024645611072202644,Equity
2023-02-22,ICICIBANK.NS,-0.017501742866730785,Equity
2023-02-23,ICICIBANK.NS,0.0005957635946858275,Equity
2023-02-24,ICICIBANK.NS,-5.958557635787898e-05,Equity
2023-02-25,ICICIBANK.NS,0.0,Equity
2023-02-26,ICICIBANK.NS,0.0,Equity
2023-02-27,ICICIBANK.NS,0.019888169085339635,Equity
2023-02-28,ICICIBANK.NS,-0.0018099991002223925,Equity
2023-03-01,ICICIBANK.NS,0.0016962150106722973,Equity
2023-03-02,ICICIBANK.NS,-0.002685916366997887,Equity
2023-03-03,ICICIBANK.NS,0.017037476471923663,Equity
2023-03-04,ICICIBANK.NS,0.0,Equity
2023-03-05,ICICIBANK.NS,0.0,Equity
2023-03-06,ICICIBANK.NS,-0.0009211085737197422,Equity
2023-03-07,ICICIBANK.NS,0.0,Equity
2023-03-08,ICICIBANK.NS,0.005012924780107841,Equity
2023-03-09,ICICIBANK.NS,-0.018518519846650205,Equity
2023-03-10,ICICIBANK.NS,-0.0155382403429839,Equity
2023-03-11,ICICIBANK.NS,0.0,Equity
2023-03-12,ICICIBANK.NS,0.0,Equity
2023-03-13,ICICIBANK.NS,-0.016910975403553685,Equity
2023-03-14,ICICIBANK.NS,0.0023539401183969577,Equity
2023-03-15,ICICIBANK.NS,-0.0053591582083432066,Equity
2023-03-16,ICICIBANK.NS,-0.0024215744899214187,Equity
2023-03-17,ICICIBANK.NS,0.014989611814048676,Equity
2023-03-18,ICICIBANK.NS,0.0,Equity
2023-03-19,ICICIBANK.NS,0.0,Equity
2023-03-20,ICICIBANK.NS,0.00023919027137320192,Equity
2023-03-21,ICICIBANK.NS,0.01906873146634558,Equity
2023-03-22,ICICIBANK.NS,0.009150578292157707,Equity
2023-03-23,ICICIBANK.NS,-0.005521984761753473,Equity
2023-03-24,ICICIBANK.NS,-0.0035653072782629858,Equity
2023-03-25,ICICIBANK.NS,0.0,Equity
2023-03-26,ICICIBANK.NS,0.0,Equity
2023-03-27,ICICIBANK.NS,-0.004340740776613727,Equity
2023-03-28,ICICIBANK.NS,0.007128590549659641,Equity
2023-03-29,ICICIBANK.NS,-0.004387346569645567,Equity
2023-03-30,ICICIBANK.NS,0.0,Equity
2023-03-31,ICICIBANK.NS,0.030846099944333183,Equity
2023-04-01,ICICIBANK.NS,0.0,Equity
2023-04-02,ICICIBANK.NS,0.0,Equity
2023-04-03,ICICIBANK.NS,0.007466477070824151,Equity
2023-04-04,ICICIBANK.NS,0.0,Equity
2023-04-05,ICICIBANK.NS,0.0009051441486287448,Equity
2023-04-06,ICICIBANK.NS,-0.010852260771585631,Equity
2023-04-07,ICICIBANK.NS,0.0,Equity
2023-04-08,ICICIBANK.NS,0.0,Equity
2023-04-09,ICICIBANK.NS,0.0,Equity
2023-04-10,ICICIBANK.NS,-0.007485747857469804,Equity
2023-04-11,ICICIBANK.NS,0.015487440770308725,Equity
2023-04-12,ICICIBANK.NS,0.009354771676819196,Equity
2023-04-13,ICICIBANK.NS,0.009942121458090591,Equity
2023-04-14,ICICIBANK.NS,0.0,Equity
2023-04-15,ICICIBANK.NS,0.0,Equity
2023-04-16,ICICIBANK.NS,0.0,Equity
2023-04-17,ICICIBANK.NS,0.0025584123747761645,Equity
2023-04-18,ICICIBANK.NS,-0.004937426006964563,Equity
2023-04-19,ICICIBANK.NS,-0.0055192167984483564,Equity
2023-04-20,ICICIBANK.NS,0.002803044716245706,Equity
2023-04-21,ICICIBANK.NS,-0.009783128769015437,Equity
2023-04-22,ICICIBANK.NS,0.0,Equity
2023-04-23,ICICIBANK.NS,0.0,Equity
2023-04-24,ICICIBANK.NS,0.021566074679067793,Equity
2023-04-25,ICICIBANK.NS,0.009615978211027665,Equity
2023-04-26,ICICIBANK.NS,0.0016421081952235905,Equity
2023-04-27,ICICIBANK.NS,0.0037159961469415137,Equity
2023-04-28,ICICIBANK.NS,-0.000762187542950099,Equity
2023-04-29,ICICIBANK.NS,0.0,Equity
2023-04-30,ICICIBANK.NS,0.0,Equity
2023-05-01,ICICIBANK.NS,0.0,Equity
2023-05-02,ICICIBANK.NS,0.004849250048410081,Equity
2023-05-03,ICICIBANK.NS,0.0008133520788908832,Equity
2023-05-04,ICICIBANK.NS,-0.0012460449847655486,Equity
2023-05-05,ICICIBANK.NS,0.005695934915544321,Equity
2023-05-06,ICICIBANK.NS,0.0,Equity
2023-05-07,ICICIBANK.NS,0.0,Equity
2023-05-08,ICICIBANK.NS,0.011812969779968485,Equity
2023-05-09,ICICIBANK.NS,-0.0037317008581417843,Equity
2023-05-10,ICICIBANK.NS,0.0017657395914640883,Equity
2023-05-11,ICICIBANK.NS,0.0033652221929998394,Equity
2023-05-12,ICICIBANK.NS,0.0050042983889748704,Equity
2023-05-13,ICICIBANK.NS,0.0,Equity
2023-05-14,ICICIBANK.NS,0.0,Equity
2023-05-15,ICICIBANK.NS,0.0019599454941927608,Equity
2023-05-16,ICICIBANK.NS,0.0006343573831408822,Equity
2023-05-17,ICICIBANK.NS,-0.0073967611972871605,Equity
2023-05-18,ICICIBANK.NS,0.007611617412935701,Equity
2023-05-19,ICICIBANK.NS,0.008240904445672825,Equity
2023-05-20,ICICIBANK.NS,0.0,Equity
2023-05-21,ICICIBANK.NS,0.0,Equity
2023-05-22,ICICIBANK.NS,-0.0041391411562290426,Equity
2023-05-23,ICICIBANK.NS,0.0032093487320294933,Equity
2023-05-24,ICICIBANK.NS,-0.013373242912673278,Equity
2023-05-25,ICICIBANK.NS,-0.0008505064805655049,Equity
2023-05-26,ICICIBANK.NS,0.011544417945303698,Equity
2023-05-27,ICICIBANK.NS,0.0,Equity
2023-05-28,ICICIBANK.NS,0.0,Equity
2023-05-29,ICICIBANK.NS,-0.0026821789932930384,Equity
2023-05-30,ICICIBANK.NS,0.0018984528588803506,Equity
2023-05-31,ICICIBANK.NS,-0.0008421799760534032,Equity
2023-06-01,ICICIBANK.NS,-0.013749166895878795,Equity
2023-06-02,ICICIBANK.NS,0.002189953474847295,Equity
2023-06-03,ICICIBANK.NS,0.0,Equity
2023-06-04,ICICIBANK.NS,0.0,Equity
2023-06-05,ICICIBANK.NS,0.009166958680216108,Equity
2023-06-06,ICICIBANK.NS,-0.004911539438779755,Equity
2023-06-07,ICICIBANK.NS,-0.002016736047777634,Equity
2023-06-08,ICICIBANK.NS,-0.0024463015098376006,Equity
2023-06-09,ICICIBANK.NS,0.00015991669927140073,Equity
2023-06-10,ICICIBANK.NS,0.0,Equity
2023-06-11,ICICIBANK.NS,0.0,Equity
2023-06-12,ICICIBANK.NS,-0.0022386758507384474,Equity
2023-06-13,ICICIBANK.NS,0.008120084495389923,Equity
2023-06-14,ICICIBANK.NS,-0.003974375631395133,Equity
2023-06-15,ICICIBANK.NS,-0.014045550272453466,Equity
2023-06-16,ICICIBANK.NS,0.008202089284653491,Equity
2023-06-17,ICICIBANK.NS,0.0,Equity
2023-06-18,ICICIBANK.NS,0.0,Equity
2023-06-19,ICICIBANK.NS,-0.011828281596778178,Equity
2023-06-20,ICICIBANK.NS,0.0025997524845384756,Equity
2023-06-21,ICICIBANK.NS,-0.0009183764698837971,Equity
2023-06-22,ICICIBANK.NS,0.0011355317475074678,Equity
2023-06-23,ICICIBANK.NS,-0.002430503077112567,Equity
2023-06-24,ICICIBANK.NS,0.0,Equity
2023-06-25,ICICIBANK.NS,0.0,Equity
2023-06-26,ICICIBANK.NS,0.004277187311654496,Equity
2023-06-27,ICICIBANK.NS,0.009326669467630389,Equity
2023-06-28,ICICIBANK.NS,0.0014421514462137353,Equity
2023-06-29,ICICIBANK.NS,0.0,Equity
2023-06-30,ICICIBANK.NS,-0.00304020946734318,Equity
2023-07-01,ICICIBANK.NS,0.0,Equity
2023-07-02,ICICIBANK.NS,0.0,Equity
2023-07-03,ICICIBANK.NS,0.008506315356587413,Equity
2023-07-04,ICICIBANK.NS,0.0022810747242918428,Equity
2023-07-05,ICICIBANK.NS,0.01407856421857323,Equity
2023-07-06,ICICIBANK.NS,0.0014614143584352757,Equity
2023-07-07,ICICIBANK.NS,-0.013550184617003413,Equity
2023-07-08,ICICIBANK.NS,0.0,Equity
2023-07-09,ICICIBANK.NS,0.0,Equity
2023-07-10,ICICIBANK.NS,0.002113314695471047,Equity
2023-07-11,ICICIBANK.NS,-0.003637758642100364,Equity
2023-07-12,ICICIBANK.NS,-0.000581942455343043,Equity
2023-07-13,ICICIBANK.NS,0.011965178888911687,Equity
2023-07-14,ICICIBANK.NS,0.004551667105587631,Equity
2023-07-15,ICICIBANK.NS,0.0,Equity
2023-07-16,ICICIBANK.NS,0.0,Equity
2023-07-17,ICICIBANK.NS,0.009010032610299534,Equity
2023-07-18,ICICIBANK.NS,0.0069680258144761975,Equity
2023-07-19,ICICIBANK.NS,-0.002050377723601726,Equity
2023-07-20,ICICIBANK.NS,0.022754121356598933,Equity
2023-07-21,ICICIBANK.NS,0.0014061595353735967,Equity
2023-07-22,ICICIBANK.NS,0.0,Equity
2023-07-23,ICICIBANK.NS,0.0,Equity
2023-07-24,ICICIBANK.NS,-0.0050150540705024005,Equity
2023-07-25,ICICIBANK.NS,0.0027218332908161003,Equity
2023-07-26,ICICIBANK.NS,0.0017593683377208347,Equity
2023-07-27,ICICIBANK.NS,-0.006222108958934269,Equity
2023-07-28,ICICIBANK.NS,0.0060086072208893615,Equity
2023-07-29,ICICIBANK.NS,0.0,Equity
2023-07-30,ICICIBANK.NS,0.0,Equity
2023-07-31,ICICIBANK.NS,0.002107937394497883,Equity
2023-08-01,ICICIBANK.NS,-0.0037563454702564947,Equity
2023-08-02,ICICIBANK.NS,-0.007641639976059378,Equity
2023-08-03,ICICIBANK.NS,-0.02224021036878987,Equity
2023-08-04,ICICIBANK.NS,0.005699484988482828,Equity
2023-08-05,ICICIBANK.NS,0.0,Equity
2023-08-06,ICICIBANK.NS,0.0,Equity
2023-08-07,ICICIBANK.NS,0.005306537122172106,Equity
2023-08-08,ICICIBANK.NS,0.004356023173743173,Equity
2023-08-09,ICICIBANK.NS,0.0008231414053019304,Equity
2023-08-10,ICICIBANK.NS,-0.008841364755181047,Equity
2023-08-11,ICICIBANK.NS,-0.011668947504020921,Equity
2023-08-12,ICICIBANK.NS,0.0,Equity
2023-08-13,ICICIBANK.NS,0.0,Equity
2023-08-14,ICICIBANK.NS,0.00703150472456282,Equity
2023-08-15,ICICIBANK.NS,0.0,Equity
2023-08-16,ICICIBANK.NS,-0.003178488375475963,Equity
2023-08-17,ICICIBANK.NS,-0.005070575305122449,Equity
2023-08-18,ICICIBANK.NS,-0.0010508210843469534,Equity
2023-08-19,ICICIBANK.NS,0.0,Equity
2023-08-20,ICICIBANK.NS,0.0,Equity
2023-08-21,ICICIBANK.NS,0.0047862001864362735,Equity
2023-08-22,ICICIBANK.NS,-0.003350065367287547,Equity
2023-08-23,ICICIBANK.NS,0.01559869534961722,Equity
2023-08-24,ICICIBANK.NS,0.0021720321031117873,Equity
2023-08-25,ICICIBANK.NS,0.0014964860364357069,Equity
2023-08-26,ICICIBANK.NS,0.0,Equity
2023-08-27,ICICIBANK.NS,0.0,Equity
2023-08-28,ICICIBANK.NS,0.00015451364927043798,Equity
2023-08-29,ICICIBANK.NS,-0.0028849384162963343,Equity
2023-08-30,ICICIBANK.NS,-0.009144858692481161,Equity
2023-08-31,ICICIBANK.NS,-0.00015649610208900988,Equity
2023-09-01,ICICIBANK.NS,0.010378176150052765,Equity
2023-09-02,ICICIBANK.NS,0.0,Equity
2023-09-03,ICICIBANK.NS,0.0,Equity
2023-09-04,ICICIBANK.NS,-0.001393703633401966,Equity
2023-09-05,ICICIBANK.NS,0.0010854547081100563,Equity
2023-09-06,ICICIBANK.NS,-0.011255643756777123,Equity
2023-09-07,ICICIBANK.NS,0.0085117377833277,Equity
2023-09-08,ICICIBANK.NS,0.005074244211541679,Equity
2023-09-09,ICICIBANK.NS,0.0,Equity
2023-09-10,ICICIBANK.NS,0.0,Equity
2023-09-11,ICICIBANK.NS,0.007933628583306263,Equity
2023-09-12,ICICIBANK.NS,0.012522409232698983,Equity
2023-09-13,ICICIBANK.NS,-0.0007067862376537448,Equity
2023-09-14,ICICIBANK.NS,-0.002121545038834327,Equity
2023-09-15,ICICIBANK.NS,0.004809156522471492,Equity
2023-09-16,ICICIBANK.NS,0.0,Equity
2023-09-17,ICICIBANK.NS,0.0,Equity
2023-09-18,ICICIBANK.NS,-0.0022671481913570934,Equity
2023-09-19,ICICIBANK.NS,0.0,Equity
2023-09-20,ICICIBANK.NS,-0.00308016601133132,Equity
2023-09-21,ICICIBANK.NS,-0.028212545789864985,Equity
2023-09-22,ICICIBANK.NS,-0.009381842031218834,Equity
2023-09-23,ICICIBANK.NS,0.0,Equity
2023-09-24,ICICIBANK.NS,0.0,Equity
2023-09-25,ICICIBANK.NS,0.0063663685698120975,Equity
2023-09-26,ICICIBANK.NS,-0.00799908044467923,Equity
2023-09-27,ICICIBANK.NS,-0.005902896206536501,Equity
2023-09-28,ICICIBANK.NS,-0.0005301080870590003,Equity
2023-09-29,ICICIBANK.NS,0.009866332563339908,Equity
2023-09-30,ICICIBANK.NS,0.0,Equity
2023-10-01,ICICIBANK.NS,0.0,Equity
2023-10-02,ICICIBANK.NS,0.0,Equity
2023-10-03,ICICIBANK.NS,-0.012186192826510456,Equity
2023-10-04,ICICIBANK.NS,-0.01090079614446382,Equity
2023-10-05,ICICIBANK.NS,0.011612240687605802,Equity
2023-10-06,ICICIBANK.NS,0.004623609333594514,Equity
2023-10-07,ICICIBANK.NS,0.0,Equity
2023-10-08,ICICIBANK.NS,0.0,Equity
2023-10-09,ICICIBANK.NS,-0.006982680241077732,Equity
2023-10-10,ICICIBANK.NS,0.013424236924440613,Equity
2023-10-11,ICICIBANK.NS,0.001997439400993839,Equity
2023-10-12,ICICIBANK.NS,0.0012066058317241612,Equity
2023-10-13,ICICIBANK.NS,-0.0030914760709324085,Equity
2023-10-14,ICICIBANK.NS,0.0,Equity
2023-10-15,ICICIBANK.NS,0.0,Equity
2023-10-16,ICICIBANK.NS,0.00010518598878284102,Equity
2023-10-17,ICICIBANK.NS,0.0026276778282714464,Equity
2023-10-18,ICICIBANK.NS,-0.010640481342690022,Equity
2023-10-19,ICICIBANK.NS,-0.008476873029773957,Equity
2023-10-20,ICICIBANK.NS,-0.0032059628429443876,Equity
2023-10-21,ICICIBANK.NS,0.0,Equity
2023-10-22,ICICIBANK.NS,0.0,Equity
2023-10-23,ICICIBANK.NS,-0.00300185139109721,Equity
2023-10-24,ICICIBANK.NS,0.0,Equity
2023-10-25,ICICIBANK.NS,-0.014893347064617757,Equity
2023-10-26,ICICIBANK.NS,-0.008132210259325201,Equity
2023-10-27,ICICIBANK.NS,0.004512182674750509,Equity
2023-10-28,ICICIBANK.NS,0.0,Equity
2023-10-29,ICICIBANK.NS,0.0,Equity
2023-10-30,ICICIBANK.NS,0.01331140219417426,Equity
2023-10-31,ICICIBANK.NS,-0.010325516874468144,Equity
2023-11-01,ICICIBANK.NS,-0.0014202416010153929,Equity
2023-11-02,ICICIBANK.NS,0.006454879369741873,Equity
2023-11-03,ICICIBANK.NS,0.01505517287699254,Equity
2023-11-04,ICICIBANK.NS,0.0,Equity
2023-11-05,ICICIBANK.NS,0.0,Equity
2023-11-06,ICICIBANK.NS,0.01247587882715906,Equity
2023-11-07,ICICIBANK.NS,0.0028028714652763576,Equity
2023-11-08,ICICIBANK.NS,-0.01302603735261798,Equity
2023-11-09,ICICIBANK.NS,0.0017098159118753564,Equity
2023-11-10,ICICIBANK.NS,0.0013336315048619873,Equity
2023-11-11,ICICIBANK.NS,0.0,Equity
2023-11-12,ICICIBANK.NS,0.0,Equity
2023-11-13,ICICIBANK.NS,-0.004421474073203591,Equity
2023-11-14,ICICIBANK.NS,0.0,Equity
2023-11-15,ICICIBANK.NS,0.007116451599518792,Equity
2023-11-16,ICICIBANK.NS,-0.005419199765120286,Equity
2023-11-17,ICICIBANK.NS,-0.015117532944815437,Equity
2023-11-18,ICICIBANK.NS,0.0,Equity
2023-11-19,ICICIBANK.NS,0.0,Equity
2023-11-20,ICICIBANK.NS,-0.0004338488218215142,Equity
2023-11-21,ICICIBANK.NS,0.005046329609155187,Equity
2023-11-22,ICICIBANK.NS,-0.0036173033583226655,Equity
2023-11-23,ICICIBANK.NS,0.0002709330578196667,Equity
2023-11-24,ICICIBANK.NS,0.0069339404174586505,Equity
2023-11-25,ICICIBANK.NS,0.0,Equity
2023-11-26,ICICIBANK.NS,0.0,Equity
2023-11-27,ICICIBANK.NS,0.0,Equity
2023-11-28,ICICIBANK.NS,-0.004196247159872213,Equity
2023-11-29,ICICIBANK.NS,0.015234951373272354,Equity
2023-11-30,ICICIBANK.NS,-0.004948851327872927,Equity
2023-12-01,ICICIBANK.NS,0.012567492204494934,Equity
2023-12-02,ICICIBANK.NS,0.0,Equity
2023-12-03,ICICIBANK.NS,0.0,Equity
2023-12-04,ICICIBANK.NS,0.04700538485007666,Equity
2023-12-05,ICICIBANK.NS,0.022447599881886937,Equity
2023-12-06,ICICIBANK.NS,-0.010064708738446448,Equity
2023-12-07,ICICIBANK.NS,-0.004236229348389631,Equity
2023-12-08,ICICIBANK.NS,0.0118618405658939,Equity
2023-12-09,ICICIBANK.NS,0.0,Equity
2023-12-10,ICICIBANK.NS,0.0,Equity
2023-12-11,ICICIBANK.NS,0.006182940132282377,Equity
2023-12-12,ICICIBANK.NS,-0.0013764816329239205,Equity
2023-12-13,ICICIBANK.NS,-0.0017721404255922613,Equity
2023-12-14,ICICIBANK.NS,0.0194792032056601,Equity
2023-12-15,ICICIBANK.NS,0.003627970990155882,Equity
2023-12-16,ICICIBANK.NS,0.0,Equity
2023-12-17,ICICIBANK.NS,0.0,Equity
2023-12-18,ICICIBANK.NS,-0.01537500980705453,Equity
2023-12-19,ICICIBANK.NS,-0.005873962872167349,Equity
2023-12-20,ICICIBANK.NS,-0.008666106618391178,Equity
2023-12-21,ICICIBANK.NS,-0.002235167335275623,Equity
2023-12-22,ICICIBANK.NS,-0.010055770895185945,Equity
2023-12-23,ICICIBANK.NS,0.0,Equity
2023-12-24,ICICIBANK.NS,0.0,Equity
2023-12-25,ICICIBANK.NS,0.0,Equity
2023-12-26,ICICIBANK.NS,0.0008045973354076086,Equity
2023-12-27,ICICIBANK.NS,0.007185245064940338,Equity
2023-12-28,ICICIBANK.NS,0.003641794533142617,Equity
2023-12-29,ICICIBANK.NS,-0.009245518453632973,Equity
2023-12-30,ICICIBANK.NS,0.0,Equity
2023-12-31,ICICIBANK.NS,0.0,Equity
2024-01-01,ICICIBANK.NS,0.00280959165309258,Equity
2024-01-02,ICICIBANK.NS,-0.017160286488529186,Equity
2024-01-03,ICICIBANK.NS,0.0018324896659962508,Equity
2024-01-04,ICICIBANK.NS,0.0031502903200690824,Equity
2024-01-05,ICICIBANK.NS,0.006635229597709014,Equity
2024-01-06,ICICIBANK.NS,0.0,Equity
2024-01-07,ICICIBANK.NS,0.0,Equity
2024-01-08,ICICIBANK.NS,-0.011774153946308985,Equity
2024-01-09,ICICIBANK.NS,-0.002291274206203342,Equity
2024-01-10,ICICIBANK.NS,0.013574890697667152,Equity
2024-01-11,ICICIBANK.NS,-0.0019132616009639447,Equity
2024-01-12,ICICIBANK.NS,0.012460258785127465,Equity
2024-01-13,ICICIBANK.NS,0.0,Equity
2024-01-14,ICICIBANK.NS,0.0,Equity
2024-01-15,ICICIBANK.NS,0.006327816893898719,Equity
2024-01-16,ICICIBANK.NS,-0.0007921464773746889,Equity
2024-01-17,ICICIBANK.NS,-0.027055157921658246,Equity
2024-01-18,ICICIBANK.NS,0.004685449326059965,Equity
2024-01-19,ICICIBANK.NS,0.013027885990588572,Equity
2024-01-20,ICICIBANK.NS,0.0,Equity
2024-01-21,ICICIBANK.NS,0.0,Equity
2024-01-22,ICICIBANK.NS,0.0,Equity
2024-01-23,ICICIBANK.NS,0.029873942066992454,Equity
2024-01-24,ICICIBANK.NS,-0.029007377356333963,Equity
2024-01-25,ICICIBANK.NS,0.01075863233599561,Equity
2024-01-26,ICICIBANK.NS,0.0,Equity
2024-01-27,ICICIBANK.NS,0.0,Equity
2024-01-28,ICICIBANK.NS,0.0,Equity
2024-01-29,ICICIBANK.NS,0.006386420582392027,Equity
2024-01-30,ICICIBANK.NS,0.0004920001904280547,Equity
2024-01-31,ICICIBANK.NS,0.011063004900928153,Equity
2024-02-01,ICICIBANK.NS,-0.0029178423352682614,Equity
2024-02-02,ICICIBANK.NS,-0.0011218631145458735,Equity
2024-02-03,ICICIBANK.NS,0.0,Equity
2024-02-04,ICICIBANK.NS,0.0,Equity
2024-02-05,ICICIBANK.NS,-0.0004882274719583135,Equity
2024-02-06,ICICIBANK.NS,0.002833393469781731,Equity
2024-02-07,ICICIBANK.NS,-0.004140683012943014,Equity
2024-02-08,ICICIBANK.NS,-0.03213816202134523,Equity
2024-02-09,ICICIBANK.NS,0.021631506887626273,Equity
2024-02-10,ICICIBANK.NS,0.0,Equity
2024-02-11,ICICIBANK.NS,0.0,Equity
2024-02-12,ICICIBANK.NS,-0.014445511481588347,Equity
2024-02-13,ICICIBANK.NS,0.023792812414444864,Equity
2024-02-14,ICICIBANK.NS,0.0028437344557410427,Equity
2024-02-15,ICICIBANK.NS,-0.005915734823433327,Equity
2024-02-16,ICICIBANK.NS,0.0064919390023412404,Equity
2024-02-17,ICICIBANK.NS,0.0,Equity
2024-02-18,ICICIBANK.NS,0.0,Equity
2024-02-19,ICICIBANK.NS,0.020034179751737602,Equity
2024-02-20,ICICIBANK.NS,0.004790366915550015,Equity
2024-02-21,ICICIBANK.NS,0.003051175781015658,Equity
2024-02-22,ICICIBANK.NS,0.01021926030695175,Equity
2024-02-23,ICICIBANK.NS,-0.0013173006299996848,Equity
2024-02-24,ICICIBANK.NS,0.0,Equity
2024-02-25,ICICIBANK.NS,0.0,Equity
2024-02-26,ICICIBANK.NS,-0.006690117793396233,Equity
2024-02-27,ICICIBANK.NS,0.005691599347655174,Equity
2024-02-28,ICICIBANK.NS,-0.013205122518853751,Equity
2024-02-29,ICICIBANK.NS,0.00573512135663834,Equity
2024-03-01,ICICIBANK.NS,0.03297850839573635,Equity
2024-03-02,ICICIBANK.NS,0.0,Equity
2024-03-03,ICICIBANK.NS,0.0,Equity
2024-03-04,ICICIBANK.NS,0.005014216421096451,Equity
2024-03-05,ICICIBANK.NS,-0.003936295080380736,Equity
2024-03-06,ICICIBANK.NS,0.008317519164583231,Equity
2024-03-07,ICICIBANK.NS,-0.008340172460218565,Equity
2024-03-08,ICICIBANK.NS,0.0,Equity
2024-03-09,ICICIBANK.NS,0.0,Equity
2024-03-10,ICICIBANK.NS,0.0,Equity
2024-03-11,ICICIBANK.NS,-0.008502347254541798,Equity
2024-03-12,ICICIBANK.NS,-0.0017149363943778084,Equity
2024-03-13,ICICIBANK.NS,0.006593281247659677,Equity
2024-03-14,ICICIBANK.NS,-0.00032289763137816063,Equity
2024-03-15,ICICIBANK.NS,-0.002999189117457113,Equity
2024-03-16,ICICIBANK.NS,0.0,Equity
2024-03-17,ICICIBANK.NS,0.0,Equity
2024-03-18,ICICIBANK.NS,0.0007867929945448715,Equity
2024-03-19,ICICIBANK.NS,0.0025433907814822465,Equity
2024-03-20,ICICIBANK.NS,0.000507525025710942,Equity
2024-03-21,ICICIBANK.NS,-0.002489661019644429,Equity
2024-03-22,ICICIBANK.NS,0.007857269261457578,Equity
2024-03-23,ICICIBANK.NS,0.0,Equity
2024-03-24,ICICIBANK.NS,0.0,Equity
2024-03-25,ICICIBANK.NS,0.0,Equity
2024-03-26,ICICIBANK.NS,-0.006053463843082474,Equity
2024-03-27,ICICIBANK.NS,4.6253363100268174e-05,Equity
2024-03-28,ICICIBANK.NS,0.008812002971068766,Equity
2024-03-29,ICICIBANK.NS,0.0,Equity
2024-03-30,ICICIBANK.NS,0.0,Equity
2024-03-31,ICICIBANK.NS,0.0,Equity
2024-04-01,ICICIBANK.NS,0.00580807083531365,Equity
2024-04-02,ICICIBANK.NS,-0.016778072935565325,Equity
2024-04-03,ICICIBANK.NS,-0.0036997591673780805,Equity
2024-04-04,ICICIBANK.NS,0.0015318856821671112,Equity
2024-04-05,ICICIBANK.NS,0.00421751245772195,Equity
2024-04-06,ICICIBANK.NS,0.0,Equity
2024-04-07,ICICIBANK.NS,0.0,Equity
2024-04-08,ICICIBANK.NS,0.003461258900081532,Equity
2024-04-09,ICICIBANK.NS,0.018304768367508606,Equity
2024-04-10,ICICIBANK.NS,0.0021227881832615036,Equity
2024-04-11,ICICIBANK.NS,0.0,Equity
2024-04-12,ICICIBANK.NS,-0.0045070031895715346,Equity
2024-04-13,ICICIBANK.NS,0.0,Equity
2024-04-14,ICICIBANK.NS,0.0,Equity
2024-04-15,ICICIBANK.NS,-0.023587459865593297,Equity
2024-04-16,ICICIBANK.NS,-0.01047888827781085,Equity
2024-04-17,ICICIBANK.NS,0.0,Equity
2024-04-18,ICICIBANK.NS,-0.010871127346196108,Equity
2024-04-19,ICICIBANK.NS,0.011180102903450617,Equity
2024-04-20,ICICIBANK.NS,0.0,Equity
2024-04-21,ICICIBANK.NS,0.0,Equity
2024-04-22,ICICIBANK.NS,0.018177578111667314,Equity
2024-04-23,ICICIBANK.NS,0.0033128658396091026,Equity
2024-04-24,ICICIBANK.NS,0.00596190430886967,Equity
2024-04-25,ICICIBANK.NS,0.01550033134676121,Equity
2024-04-26,ICICIBANK.NS,-0.005252486994106964,Equity
2024-04-27,ICICIBANK.NS,0.0,Equity
2024-04-28,ICICIBANK.NS,0.0,Equity
2024-04-29,ICICIBANK.NS,0.047161279123808075,Equity
2024-04-30,ICICIBANK.NS,-0.008404095574235826,Equity
2024-05-01,ICICIBANK.NS,0.0,Equity
2024-05-02,ICICIBANK.NS,-0.009518452949414336,Equity
2024-05-03,ICICIBANK.NS,0.0022819433136840317,Equity
2024-05-04,ICICIBANK.NS,0.0,Equity
2024-05-05,ICICIBANK.NS,0.0,Equity
2024-05-06,ICICIBANK.NS,0.00372132092878541,Equity
2024-05-07,ICICIBANK.NS,-0.012562222306405912,Equity
2024-05-08,ICICIBANK.NS,-0.007862775645739672,Equity
2024-05-09,ICICIBANK.NS,-0.006500535008681085,Equity
2024-05-10,ICICIBANK.NS,0.001210019508659288,Equity
2024-05-11,ICICIBANK.NS,0.0,Equity
2024-05-12,ICICIBANK.NS,0.0,Equity
2024-05-13,ICICIBANK.NS,0.009802630102880183,Equity
2024-05-14,ICICIBANK.NS,-0.00660459147028114,Equity
2024-05-15,ICICIBANK.NS,0.003391128037532498,Equity
2024-05-16,ICICIBANK.NS,0.005959081386450293,Equity
2024-05-17,ICICIBANK.NS,-0.0004863902330559666,Equity
2024-05-18,ICICIBANK.NS,0.0,Equity
2024-05-19,ICICIBANK.NS,0.0,Equity
2024-05-20,ICICIBANK.NS,0.0,Equity
2024-05-21,ICICIBANK.NS,-0.008447597556680675,Equity
2024-05-22,ICICIBANK.NS,-0.008787201301289405,Equity
2024-05-23,ICICIBANK.NS,0.021060281233288514,Equity
2024-05-24,ICICIBANK.NS,-0.002247717423435436,Equity
2024-05-25,ICICIBANK.NS,0.0,Equity
2024-05-26,ICICIBANK.NS,0.0,Equity
2024-05-27,ICICIBANK.NS,-0.0018992940124230584,Equity
2024-05-28,ICICIBANK.NS,-0.00252271508803692,Equity
2024-05-29,ICICIBANK.NS,-0.022139271987836717,Equity
2024-05-30,ICICIBANK.NS,0.010616981744083098,Equity
2024-05-31,ICICIBANK.NS,0.00659971478216459,Equity
2024-06-01,ICICIBANK.NS,0.0,Equity
2024-06-02,ICICIBANK.NS,0.0,Equity
2024-06-03,ICICIBANK.NS,0.03474414030465045,Equity
2024-06-04,ICICIBANK.NS,-0.07633630569433347,Equity
2024-06-05,ICICIBANK.NS,0.034719444690835655,Equity
2024-06-06,ICICIBANK.NS,0.0015785182743845994,Equity
2024-06-07,ICICIBANK.NS,0.01017643049487682,Equity
2024-06-08,ICICIBANK.NS,0.0,Equity
2024-06-09,ICICIBANK.NS,0.0,Equity
2024-06-10,ICICIBANK.NS,0.0018721844231071039,Equity
2024-06-11,ICICIBANK.NS,-0.004983051992657694,Equity
2024-06-12,ICICIBANK.NS,0.0012073141869568538,Equity
2024-06-13,ICICIBANK.NS,-0.010897386453603941,Equity
2024-06-14,ICICIBANK.NS,-0.0015351060983409548,Equity
2024-06-15,ICICIBANK.NS,0.0,Equity
2024-06-16,ICICIBANK.NS,0.0,Equity
2024-06-17,ICICIBANK.NS,0.0,Equity
2024-06-18,ICICIBANK.NS,0.01555645203371192,Equity
2024-06-19,ICICIBANK.NS,0.019236699928011358,Equity
2024-06-20,ICICIBANK.NS,0.01079125225576627,Equity
2024-06-21,ICICIBANK.NS,0.0015992615789606202,Equity
2024-06-22,ICICIBANK.NS,0.0,Equity
2024-06-23,ICICIBANK.NS,0.0,Equity
2024-06-24,ICICIBANK.NS,0.009882113882514698,Equity
2024-06-25,ICICIBANK.NS,0.023801399530944956,Equity
2024-06-26,ICICIBANK.NS,0.016737056025565966,Equity
2024-06-27,ICICIBANK.NS,0.00155985406456427,Equity
2024-06-28,ICICIBANK.NS,-0.016640635003743243,Equity
2024-06-29,ICICIBANK.NS,0.0,Equity
2024-06-30,ICICIBANK.NS,0.0,Equity
2024-07-01,ICICIBANK.NS,0.010211671918352039,Equity
2024-07-02,ICICIBANK.NS,-0.01753521288985016,Equity
2024-07-03,ICICIBANK.NS,0.009239063944922687,Equity
2024-07-04,ICICIBANK.NS,0.026131878731958436,Equity
2024-07-05,ICICIBANK.NS,0.00032441650813130885,Equity
2024-07-06,ICICIBANK.NS,0.0,Equity
2024-07-07,ICICIBANK.NS,0.0,Equity
2024-07-08,ICICIBANK.NS,0.0013377840967960797,Equity
2024-07-09,ICICIBANK.NS,0.010687773655075006,Equity
2024-07-10,ICICIBANK.NS,-0.004045720226762306,Equity
2024-07-11,ICICIBANK.NS,-0.0038207386548493316,Equity
2024-07-12,ICICIBANK.NS,-0.004481370434576304,Equity
2024-07-13,ICICIBANK.NS,0.0,Equity
2024-07-14,ICICIBANK.NS,0.0,Equity
2024-07-15,ICICIBANK.NS,-0.002392765810650177,Equity
2024-07-16,ICICIBANK.NS,0.008089771486854191,Equity
2024-07-17,ICICIBANK.NS,0.0,Equity
2024-07-18,ICICIBANK.NS,0.008387889873922472,Equity
2024-07-19,ICICIBANK.NS,-0.001319800712077157,Equity
2024-07-20,ICICIBANK.NS,0.0,Equity
2024-07-21,ICICIBANK.NS,0.0,Equity
2024-07-22,ICICIBANK.NS,-0.006006371833645496,Equity
2024-07-23,ICICIBANK.NS,-0.01160220326202821,Equity
2024-07-24,ICICIBANK.NS,-0.0030568999060224256,Equity
2024-07-25,ICICIBANK.NS,-0.020523284248952778,Equity
2024-07-26,ICICIBANK.NS,0.007763486878219927,Equity
2024-07-27,ICICIBANK.NS,0.0,Equity
2024-07-28,ICICIBANK.NS,0.0,Equity
2024-07-29,ICICIBANK.NS,0.0045560610308681415,Equity
2024-07-30,ICICIBANK.NS,-0.002680007603671153,Equity
2024-07-31,ICICIBANK.NS,0.004506243363403328,Equity
2024-08-01,ICICIBANK.NS,-0.003950997338836637,Equity
2024-08-02,ICICIBANK.NS,-0.011197372778565584,Equity
2024-08-03,ICICIBANK.NS,0.0,Equity
2024-08-04,ICICIBANK.NS,0.0,Equity
2024-08-05,ICICIBANK.NS,-0.02001594971577836,Equity
2024-08-06,ICICIBANK.NS,-0.00490359563154219,Equity
2024-08-07,ICICIBANK.NS,0.004799206352581908,Equity
2024-08-08,ICICIBANK.NS,-0.006695369168602805,Equity
2024-08-09,ICICIBANK.NS,0.0060106247826010595,Equity
2024-08-10,ICICIBANK.NS,0.0,Equity
2024-08-11,ICICIBANK.NS,0.0,Equity
2024-08-12,ICICIBANK.NS,0.009641993763822354,Equity
2024-08-13,ICICIBANK.NS,-0.0037944147967912123,Equity
2024-08-14,ICICIBANK.NS,-0.005734568828671183,Equity
2024-08-15,ICICIBANK.NS,0.0,Equity
2024-08-16,ICICIBANK.NS,0.02203757535312345,Equity
2024-08-17,ICICIBANK.NS,0.0,Equity
2024-08-18,ICICIBANK.NS,0.0,Equity
2024-08-19,ICICIBANK.NS,-0.00955988097162297,Equity
2024-08-20,ICICIBANK.NS,0.0030189723777469535,Equity
2024-08-21,ICICIBANK.NS,-0.0039001584468701944,Equity
2024-08-22,ICICIBANK.NS,0.013831584923246876,Equity
2024-08-23,ICICIBANK.NS,0.010410545403395588,Equity
2024-08-24,ICICIBANK.NS,0.0,Equity
2024-08-25,ICICIBANK.NS,0.0,Equity
2024-08-26,ICICIBANK.NS,0.008142928443072073,Equity
2024-08-27,ICICIBANK.NS,0.010755787545847051,Equity
2024-08-28,ICICIBANK.NS,-0.0020385512173078935,Equity
2024-08-29,ICICIBANK.NS,-0.0015933240406182936,Equity
2024-08-30,ICICIBANK.NS,0.005974231765118132,Equity
2024-08-31,ICICIBANK.NS,0.0,Equity
2024-09-01,ICICIBANK.NS,0.0,Equity
2024-09-02,ICICIBANK.NS,0.0006101574350290129,Equity
2024-09-03,ICICIBANK.NS,0.014431520412857779,Equity
2024-09-04,ICICIBANK.NS,-0.009096712526354689,Equity
2024-09-05,ICICIBANK.NS,-0.000323561870959721,Equity
2024-09-06,ICICIBANK.NS,-0.022492837931017973,Equity
2024-09-07,ICICIBANK.NS,0.0,Equity
2024-09-08,ICICIBANK.NS,0.0,Equity
2024-09-09,ICICIBANK.NS,0.02222406174609648,Equity
2024-09-10,ICICIBANK.NS,0.0018624149659356437,Equity
2024-09-11,ICICIBANK.NS,-0.0007678196952959349,Equity
2024-09-12,ICICIBANK.NS,0.012779599443935252,Equity
2024-09-13,ICICIBANK.NS,-0.001437655754636169,Equity
2024-09-14,ICICIBANK.NS,0.0,Equity
2024-09-15,ICICIBANK.NS,0.0,Equity
2024-09-16,ICICIBANK.NS,0.009997208896075582,Equity
2024-09-17,ICICIBANK.NS,0.004157293947342655,Equity
2024-09-18,ICICIBANK.NS,0.015968792282115674,Equity
2024-09-19,ICICIBANK.NS,0.00283309542791943,Equity
2024-09-20,ICICIBANK.NS,0.03595193840401367,Equity
2024-09-21,ICICIBANK.NS,0.0,Equity
2024-09-22,ICICIBANK.NS,0.0,Equity
2024-09-23,ICICIBANK.NS,-0.012365005469354484,Equity
2024-09-24,ICICIBANK.NS,-0.002496443589187436,Equity
2024-09-25,ICICIBANK.NS,0.003981524844065776,Equity
2024-09-26,ICICIBANK.NS,0.003928009627261364,Equity
2024-09-27,ICICIBANK.NS,-0.016891838109063362,Equity
2024-09-28,ICICIBANK.NS,0.0,Equity
2024-09-29,ICICIBANK.NS,0.0,Equity
2024-09-30,ICICIBANK.NS,-0.025715541632707173,Equity
2024-10-01,ICICIBANK.NS,0.0010997658999323257,Equity
2024-10-02,ICICIBANK.NS,0.0,Equity
2024-10-03,ICICIBANK.NS,-0.01416358597201317,Equity
2024-10-04,ICICIBANK.NS,-0.01321288413352395,Equity
2024-10-05,ICICIBANK.NS,0.0,Equity
2024-10-06,ICICIBANK.NS,0.0,Equity
2024-10-07,ICICIBANK.NS,-0.00471866839804902,Equity
2024-10-08,ICICIBANK.NS,0.0021881798807681374,Equity
2024-10-09,ICICIBANK.NS,0.006105448707108385,Equity
2024-10-10,ICICIBANK.NS,-0.0005224422772471815,Equity
2024-10-11,ICICIBANK.NS,-0.01648571455704917,Equity
2024-10-12,ICICIBANK.NS,0.0,Equity
2024-10-13,ICICIBANK.NS,0.0,Equity
2024-10-14,ICICIBANK.NS,0.007154523258763534,Equity
2024-10-15,ICICIBANK.NS,0.01928148481114933,Equity
2024-10-16,ICICIBANK.NS,-0.009836666616697576,Equity
2024-10-17,ICICIBANK.NS,-0.009572421357132987,Equity
2024-10-18,ICICIBANK.NS,0.027005039079667892,Equity
2024-10-19,ICICIBANK.NS,0.0,Equity
2024-10-20,ICICIBANK.NS,0.0,Equity
2024-10-21,ICICIBANK.NS,-0.004309951089876529,Equity
2024-10-22,ICICIBANK.NS,0.00671137333132843,Equity
2024-10-23,ICICIBANK.NS,-0.012544431186191973,Equity
2024-10-24,ICICIBANK.NS,0.0009188568512625839,Equity
2024-10-25,ICICIBANK.NS,0.0021552545240803855,Equity
2024-10-26,ICICIBANK.NS,0.0,Equity
2024-10-27,ICICIBANK.NS,0.0,Equity
2024-10-28,ICICIBANK.NS,0.02979013015710419,Equity
2024-10-29,ICICIBANK.NS,0.030165846934119056,Equity
2024-10-30,ICICIBANK.NS,-0.014791391832232326,Equity
2024-10-31,ICICIBANK.NS,-0.015165990786200956,Equity
2024-11-01,ICICIBANK.NS,-0.0003482133456905734,Equity
2024-11-02,ICICIBANK.NS,0.0,Equity
2024-11-03,ICICIBANK.NS,0.0,Equity
2024-11-04,ICICIBANK.NS,-0.011302116404333318,Equity
2024-11-05,ICICIBANK.NS,0.015267789482281469,Equity
2024-11-06,ICICIBANK.NS,0.004357271813371977,Equity
2024-11-07,ICICIBANK.NS,-0.01815954420260013,Equity
2024-11-08,ICICIBANK.NS,-0.015523571073589704,Equity
2024-11-09,ICICIBANK.NS,0.0,Equity
2024-11-10,ICICIBANK.NS,0.0,Equity
2024-11-11,ICICIBANK.NS,0.008301333967066782,Equity
2024-11-12,ICICIBANK.NS,0.0010240841487629826,Equity
2024-11-13,ICICIBANK.NS,-0.01330082955313916,Equity
2024-11-14,ICICIBANK.NS,0.002592313134157642,Equity
2024-11-15,ICICIBANK.NS,0.0,Equity
2024-11-16,ICICIBANK.NS,0.0,Equity
2024-11-17,ICICIBANK.NS,0.0,Equity
2024-11-18,ICICIBANK.NS,-0.002784473419200628,Equity
2024-11-19,ICICIBANK.NS,-0.003470388251280321,Equity
2024-11-20,ICICIBANK.NS,0.0,Equity
2024-11-21,ICICIBANK.NS,0.0011608902495854334,Equity
2024-11-22,ICICIBANK.NS,0.02199031995076961,Equity
2024-11-23,ICICIBANK.NS,0.0,Equity
2024-11-24,ICICIBANK.NS,0.0,Equity
2024-11-25,ICICIBANK.NS,0.017917885150552593,Equity
2024-11-26,ICICIBANK.NS,0.0030746671238117695,Equity
2024-11-27,ICICIBANK.NS,-0.0032568849888804374,Equity
2024-11-28,ICICIBANK.NS,-0.011032513926474086,Equity
2024-11-29,ICICIBANK.NS,0.010689206013412278,Equity
2024-11-30,ICICIBANK.NS,0.0,Equity
2024-12-01,ICICIBANK.NS,0.0,Equity
2024-12-02,ICICIBANK.NS,0.0034997122208630937,Equity
2024-12-03,ICICIBANK.NS,0.00287435517940704,Equity
2024-12-04,ICICIBANK.NS,0.005846840953402932,Equity
2024-12-05,ICICIBANK.NS,0.015538955768787277,Equity
2024-12-06,ICICIBANK.NS,-0.005798739504499606,Equity
2024-12-07,ICICIBANK.NS,0.0,Equity
2024-12-08,ICICIBANK.NS,0.0,Equity
2024-12-09,ICICIBANK.NS,-0.004854203101657517,Equity
2024-12-10,ICICIBANK.NS,0.006163448747871891,Equity
2024-12-11,ICICIBANK.NS,-0.0022172618937548183,Equity
2024-12-12,ICICIBANK.NS,0.0013182461821501512,Equity
2024-12-13,ICICIBANK.NS,0.011773636785378017,Equity
2024-12-14,ICICIBANK.NS,0.0,Equity
2024-12-15,ICICIBANK.NS,0.0,Equity
2024-12-16,ICICIBANK.NS,0.0008921563686510314,Equity
2024-12-17,ICICIBANK.NS,-0.009174604523607521,Equity
2024-12-18,ICICIBANK.NS,-0.014695336898527867,Equity
2024-12-19,ICICIBANK.NS,-0.020735862277997175,Equity
2024-12-20,ICICIBANK.NS,0.0011656002071582794,Equity
2024-12-21,ICICIBANK.NS,0.0,Equity
2024-12-22,ICICIBANK.NS,0.0,Equity
2024-12-23,ICICIBANK.NS,0.006519723533780608,Equity
2024-12-24,ICICIBANK.NS,0.00034699156510753504,Equity
2024-12-25,ICICIBANK.NS,0.0,Equity
2024-12-26,ICICIBANK.NS,7.699820049889006e-05,Equity
2024-12-27,ICICIBANK.NS,0.007862314302367057,Equity
2024-12-28,ICICIBANK.NS,0.0,Equity
2024-12-29,ICICIBANK.NS,0.0,Equity
2024-12-30,ICICIBANK.NS,-0.009865813162376558,Equity
2024-12-31,ICICIBANK.NS,-0.010041365130055269,Equity
2025-01-01,ICICIBANK.NS,0.00156053181895488,Equity
2025-01-02,ICICIBANK.NS,0.005414204673572787,Equity
2025-01-03,ICICIBANK.NS,-0.019796998391386045,Equity
2025-01-04,ICICIBANK.NS,0.0,Equity
2025-01-05,ICICIBANK.NS,0.0,Equity
2025-01-06,ICICIBANK.NS,-0.0007509769117627352,Equity
2025-01-07,ICICIBANK.NS,0.011984860184416135,Equity
2025-01-08,ICICIBANK.NS,-0.012116498550778121,Equity
2025-01-09,ICICIBANK.NS,-0.0010681986534116783,Equity
2025-01-10,ICICIBANK.NS,-0.009941440575865546,Equity
2025-01-11,ICICIBANK.NS,0.0,Equity
2025-01-12,ICICIBANK.NS,0.0,Equity
2025-01-13,ICICIBANK.NS,-0.01608188990699455,Equity
2025-01-14,ICICIBANK.NS,0.008578995146031776,Equity
2025-01-15,ICICIBANK.NS,-0.0016529238731658458,Equity
2025-01-16,ICICIBANK.NS,0.008762404166947624,Equity
2025-01-17,ICICIBANK.NS,-0.018933698473431293,Equity
2025-01-18,ICICIBANK.NS,0.0,Equity
2025-01-19,ICICIBANK.NS,0.0,Equity
2025-01-20,ICICIBANK.NS,0.00612024591804583,Equity
2025-01-21,ICICIBANK.NS,-0.029847087515220028,Equity
2025-01-22,ICICIBANK.NS,0.0035947765854835723,Equity
2025-01-23,ICICIBANK.NS,0.0010830240564758675,Equity
2025-01-24,ICICIBANK.NS,0.00619928337131781,Equity
2025-01-25,ICICIBANK.NS,0.0,Equity
2025-01-26,ICICIBANK.NS,0.0,Equity
2025-01-27,ICICIBANK.NS,0.01550613138380208,Equity
2025-01-28,ICICIBANK.NS,0.015432250267522374,Equity
2025-01-29,ICICIBANK.NS,0.003809442255192863,Equity
2025-01-30,ICICIBANK.NS,0.0031557720948764967,Equity
2025-01-31,ICICIBANK.NS,-0.0022299148946676173,Equity
2025-02-01,ICICIBANK.NS,0.002195033460636431,Equity
2025-02-02,ICICIBANK.NS,0.0,Equity
2025-02-03,ICICIBANK.NS,-0.0020310168506796344,Equity
2025-02-04,ICICIBANK.NS,0.012130889713115378,Equity
2025-02-05,ICICIBANK.NS,-0.0003942948015649428,Equity
2025-02-06,ICICIBANK.NS,0.0037075420067769205,Equity
2025-02-07,ICICIBANK.NS,-0.012181631928573244,Equity
2025-02-08,ICICIBANK.NS,0.0,Equity
2025-02-09,ICICIBANK.NS,0.0,Equity
2025-02-10,ICICIBANK.NS,0.004534882412209784,Equity
2025-02-11,ICICIBANK.NS,-0.007801328543657449,Equity
2025-02-12,ICICIBANK.NS,-0.0007583502979394696,Equity
2025-02-13,ICICIBANK.NS,-0.002316674405292707,Equity
2025-02-14,ICICIBANK.NS,0.00896790493122479,Equity
2025-02-15,ICICIBANK.NS,0.0,Equity
2025-02-16,ICICIBANK.NS,0.0,Equity
2025-02-17,ICICIBANK.NS,-0.007102610795437392,Equity
2025-02-18,ICICIBANK.NS,-0.006474032245394001,Equity
2025-02-19,ICICIBANK.NS,0.014963245270157799,Equity
2025-02-20,ICICIBANK.NS,-0.009273618095572256,Equity
2025-02-21,ICICIBANK.NS,-0.013600577727836072,Equity
2025-02-22,ICICIBANK.NS,0.0,Equity
2025-02-23,ICICIBANK.NS,0.0,Equity
2025-02-24,ICICIBANK.NS,-0.011841478808514938,Equity
2025-02-25,ICICIBANK.NS,0.004760558064622611,Equity
2025-02-26,ICICIBANK.NS,0.0,Equity
2025-02-27,ICICIBANK.NS,-0.0013887422045287812,Equity
2025-02-28,ICICIBANK.NS,-0.015010820989428963,Equity
2025-03-01,ICICIBANK.NS,0.0,Equity
2025-03-02,ICICIBANK.NS,0.0,Equity
2025-03-03,ICICIBANK.NS,0.0017439925937270395,Equity
2025-03-04,ICICIBANK.NS,0.0034820147406615654,Equity
2025-03-05,ICICIBANK.NS,0.004378702422326519,Equity
2025-03-06,ICICIBANK.NS,0.0019331648108755761,Equity
2025-03-07,ICICIBANK.NS,-0.0028734996636491372,Equity
2025-03-08,ICICIBANK.NS,0.0,Equity
2025-03-09,ICICIBANK.NS,0.0,Equity
2025-03-10,ICICIBANK.NS,0.0002469258341342151,Equity
2025-03-11,ICICIBANK.NS,0.02514720761194389,Equity
2025-03-12,ICICIBANK.NS,-0.0011643391407398784,Equity
2025-03-13,ICICIBANK.NS,0.004903776646714375,Equity
2025-03-14,ICICIBANK.NS,0.0,Equity
2025-03-15,ICICIBANK.NS,0.0,Equity
2025-03-16,ICICIBANK.NS,0.0,Equity
2025-03-17,ICICIBANK.NS,0.015159418929287405,Equity
2025-03-18,ICICIBANK.NS,0.0,Equity
2025-03-19,ICICIBANK.NS,0.03475167673205126,Equity
2025-03-20,ICICIBANK.NS,0.006549410190538341,Equity
2025-03-21,ICICIBANK.NS,0.01619131941565044,Equity
2025-03-22,ICICIBANK.NS,0.0,Equity
2025-03-23,ICICIBANK.NS,0.0,Equity
2025-03-24,ICICIBANK.NS,0.011205459247430216,Equity
2025-03-25,ICICIBANK.NS,-0.010639562045197226,Equity
2025-03-26,ICICIBANK.NS,-0.00580483653985675,Equity
2025-03-27,ICICIBANK.NS,0.0005614233726158879,Equity
2025-03-28,ICICIBANK.NS,0.008753179874754213,Equity
2025-03-29,ICICIBANK.NS,0.0,Equity
2025-03-30,ICICIBANK.NS,0.0,Equity
2025-03-31,ICICIBANK.NS,0.0,Equity
2025-04-01,ICICIBANK.NS,-0.02217522574820463,Equity
2025-04-02,ICICIBANK.NS,0.009708397271479097,Equity
2025-04-03,ICICIBANK.NS,-0.0012769245440069632,Equity
2025-04-04,ICICIBANK.NS,0.004324741122012421,Equity
2025-04-05,ICICIBANK.NS,0.0,Equity
2025-04-06,ICICIBANK.NS,0.0,Equity
2025-04-07,ICICIBANK.NS,-0.03575976829153704,Equity
2025-04-08,ICICIBANK.NS,0.009591809262139872,Equity
2025-04-09,ICICIBANK.NS,0.0006924228012925582,Equity
2025-04-10,ICICIBANK.NS,0.0,Equity
2025-04-11,ICICIBANK.NS,0.008340961704316863,Equity
2025-04-12,ICICIBANK.NS,0.0,Equity
2025-04-13,ICICIBANK.NS,0.0,Equity
2025-04-14,ICICIBANK.NS,0.0,Equity
2025-04-15,ICICIBANK.NS,0.02939041497878314,Equity
2025-04-16,ICICIBANK.NS,0.004591958287722964,Equity
2025-04-17,ICICIBANK.NS,0.037083413329667136,Equity
2025-04-18,ICICIBANK.NS,0.0,Equity
2025-04-19,ICICIBANK.NS,0.0,Equity
2025-04-20,ICICIBANK.NS,0.0,Equity
2025-04-21,ICICIBANK.NS,0.002203848751369586,Equity
2025-04-22,ICICIBANK.NS,0.004752435092910456,Equity
2025-04-23,ICICIBANK.NS,0.005577103558739305,Equity
2025-04-24,ICICIBANK.NS,-0.01523454967805582,Equity
2025-04-25,ICICIBANK.NS,0.0014971588009118353,Equity
2025-04-26,ICICIBANK.NS,0.0,Equity
2025-04-27,ICICIBANK.NS,0.0,Equity
2025-04-28,ICICIBANK.NS,0.01708431976030833,Equity
2025-04-29,ICICIBANK.NS,0.0006998644093421102,Equity
2025-04-30,ICICIBANK.NS,-0.001958318664440739,Equity
2025-05-01,ICICIBANK.NS,0.0,Equity
2025-05-02,ICICIBANK.NS,0.002172325027408384,Equity
2025-05-03,ICICIBANK.NS,0.0,Equity
2025-05-04,ICICIBANK.NS,0.0,Equity
2025-05-05,ICICIBANK.NS,-0.0004894339889455201,Equity
2025-05-06,ICICIBANK.NS,0.001539072687191334,Equity
2025-05-07,ICICIBANK.NS,0.002654438080926802,Equity
2025-05-08,ICICIBANK.NS,6.96732129206179e-05,Equity
2025-05-09,ICICIBANK.NS,-0.032462541688543345,Equity
2025-05-10,ICICIBANK.NS,0.0,Equity
2025-05-11,ICICIBANK.NS,0.0,Equity
2025-05-12,ICICIBANK.NS,0.04291159071909223,Equity
2025-05-13,ICICIBANK.NS,-0.012357611339645969,Equity
2025-05-14,ICICIBANK.NS,-0.00307564941913141,Equity
2025-05-15,ICICIBANK.NS,0.01724870773341669,Equity
2025-05-16,ICICIBANK.NS,0.002205622187170464,Equity
2025-05-17,ICICIBANK.NS,0.0,Equity
2025-05-18,ICICIBANK.NS,0.0,Equity
2025-05-19,ICICIBANK.NS,-0.0034387583583165293,Equity
2025-05-20,ICICIBANK.NS,-0.007453487544864634,Equity
2025-05-21,ICICIBANK.NS,0.004519600144412328,Equity
2025-05-22,ICICIBANK.NS,-0.0017996720468936855,Equity
2025-05-23,ICICIBANK.NS,0.00533948590601252,Equity
2025-05-24,ICICIBANK.NS,0.0,Equity
2025-05-25,ICICIBANK.NS,0.0,Equity
2025-05-26,ICICIBANK.NS,0.007449204646057028,Equity
2025-05-27,ICICIBANK.NS,-0.009721974357097762,Equity
2025-05-28,ICICIBANK.NS,0.005116182076446929,Equity
2025-05-29,ICICIBANK.NS,0.001857113761925433,Equity
2025-05-30,ICICIBANK.NS,-0.007346274629998373,Equity
2025-05-31,ICICIBANK.NS,0.0,Equity
2025-06-01,ICICIBANK.NS,0.0,Equity
2025-06-02,ICICIBANK.NS,0.003250745215920059,Equity
2025-06-03,ICICIBANK.NS,-0.008686672243559568,Equity
2025-06-04,ICICIBANK.NS,-0.0047986655582820115,Equity
2025-06-05,ICICIBANK.NS,0.016631750166401726,Equity
2025-06-06,ICICIBANK.NS,0.0033681230947397722,Equity
2025-06-07,ICICIBANK.NS,0.0,Equity
2025-06-08,ICICIBANK.NS,0.0,Equity
2025-06-09,ICICIBANK.NS,-0.017058222271624457,Equity
2025-06-10,ICICIBANK.NS,-0.008293893208633829,Equity
2025-06-11,ICICIBANK.NS,0.005692589285652527,Equity
2025-06-12,ICICIBANK.NS,-0.004053127867115203,Equity
2025-06-13,ICICIBANK.NS,-0.006385034975018189,Equity
2025-06-14,ICICIBANK.NS,0.0,Equity
2025-06-15,ICICIBANK.NS,0.0,Equity
2025-06-16,ICICIBANK.NS,0.007626566155874759,Equity
2025-06-17,ICICIBANK.NS,-0.002593093022287496,Equity
2025-06-18,ICICIBANK.NS,-0.0074479786737325915,Equity
2025-06-19,ICICIBANK.NS,-0.0009201968892172951,Equity
2025-06-20,ICICIBANK.NS,0.011195305087796426,Equity
2025-06-21,ICICIBANK.NS,0.0,Equity
2025-06-22,ICICIBANK.NS,0.0,Equity
2025-06-23,ICICIBANK.NS,-0.004905059240410181,Equity
2025-06-24,ICICIBANK.NS,0.0028166947351533356,Equity
2025-06-25,ICICIBANK.NS,0.0011937566355204599,Equity
2025-06-26,ICICIBANK.NS,0.009328066705784233,Equity
2025-06-27,ICICIBANK.NS,0.016051679662544283,Equity
2025-06-28,ICICIBANK.NS,0.0,Equity
2025-06-29,ICICIBANK.NS,0.0,Equity
2025-06-30,ICICIBANK.NS,-0.011215884341929216,Equity
2025-07-01,ICICIBANK.NS,-0.009544974796450889,Equity
2025-07-02,ICICIBANK.NS,-0.0029328793105818374,Equity
2025-07-03,ICICIBANK.NS,-0.0013307512084540507,Equity
2025-07-04,ICICIBANK.NS,0.011852186578961366,Equity
2025-07-05,ICICIBANK.NS,0.0,Equity
2025-07-06,ICICIBANK.NS,0.0,Equity
2025-07-07,ICICIBANK.NS,-0.004921085211874177,Equity
2025-07-08,ICICIBANK.NS,0.004388152784315702,Equity
2025-07-09,ICICIBANK.NS,-0.007004104018515589,Equity
2025-07-10,ICICIBANK.NS,-0.005447364451181214,Equity
2025-07-11,ICICIBANK.NS,-0.0015448005549673072,Equity
2025-07-12,ICICIBANK.NS,0.0,Equity
2025-07-13,ICICIBANK.NS,0.0,Equity
2025-07-14,ICICIBANK.NS,0.000773595327975718,Equity
2025-07-15,ICICIBANK.NS,0.005481434621515291,Equity
2025-07-16,ICICIBANK.NS,-0.0030752191960944364,Equity
2025-07-17,ICICIBANK.NS,-0.0053982559069619684,Equity
2025-07-18,ICICIBANK.NS,0.005004595074603824,Equity
2025-07-19,ICICIBANK.NS,0.0,Equity
2025-07-20,ICICIBANK.NS,0.0,Equity
2025-07-21,ICICIBANK.NS,0.028054428720081903,Equity
2025-07-22,ICICIBANK.NS,0.00532129786360902,Equity
2025-07-23,ICICIBANK.NS,0.01017914405334941,Equity
2025-07-24,ICICIBANK.NS,-0.0034931966046115592,Equity
2025-07-25,ICICIBANK.NS,-0.004247047735854603,Equity
2025-07-26,ICICIBANK.NS,0.0,Equity
2025-07-27,ICICIBANK.NS,0.0,Equity
2025-07-28,ICICIBANK.NS,0.007650225895775575,Equity
2025-07-29,ICICIBANK.NS,-0.0014781465719727604,Equity
2025-07-30,ICICIBANK.NS,-0.0025568364522721154,Equity
2025-07-31,ICICIBANK.NS,-0.0006745590098479193,Equity
2025-08-01,ICICIBANK.NS,-0.006615456142875509,Equity
2025-08-02,ICICIBANK.NS,0.0,Equity
2025-08-03,ICICIBANK.NS,0.0,Equity
2025-08-04,ICICIBANK.NS,-0.005708081366281648,Equity
2025-08-05,ICICIBANK.NS,-0.012848522369485083,Equity
2025-08-06,ICICIBANK.NS,-0.0005538275118990299,Equity
2025-08-07,ICICIBANK.NS,-0.0022859002915959215,Equity
2025-08-08,ICICIBANK.NS,-0.0030549355456342964,Equity
2025-08-09,ICICIBANK.NS,0.0,Equity
2025-08-10,ICICIBANK.NS,0.0,Equity
2025-08-11,ICICIBANK.NS,0.0004874569780666249,Equity
2025-08-12,ICICIBANK.NS,-0.0025252354430336243,Equity
2025-08-13,ICICIBANK.NS,-0.0008438475188994321,Equity
2025-08-14,ICICIBANK.NS,0.00457488723016386,Equity
2025-08-15,ICICIBANK.NS,0.0,Equity
2025-08-16,ICICIBANK.NS,0.0,Equity
2025-08-17,ICICIBANK.NS,0.0,Equity
2025-08-18,ICICIBANK.NS,0.005114500461067095,Equity
2025-08-19,ICICIBANK.NS,0.0011850503771917431,Equity
2025-08-20,ICICIBANK.NS,-0.003968581110080804,Equity
2025-08-21,ICICIBANK.NS,0.010764731355286772,Equity
2025-08-22,ICICIBANK.NS,-0.006638987265516927,Equity
2025-08-23,ICICIBANK.NS,0.0,Equity
2025-08-24,ICICIBANK.NS,0.0,Equity
2025-08-25,ICICIBANK.NS,-0.0022278426537154505,Equity
2025-08-26,ICICIBANK.NS,-0.011582456148121034,Equity
2025-08-27,ICICIBANK.NS,0.0,Equity
2025-08-28,ICICIBANK.NS,-0.012353522731610722,Equity
2025-08-29,ICICIBANK.NS,-0.0009291164180516009,Equity
2025-08-30,ICICIBANK.NS,0.0,Equity
2025-08-31,ICICIBANK.NS,0.0,Equity
2025-09-01,ICICIBANK.NS,0.009443375812542953,Equity
2025-09-02,ICICIBANK.NS,-0.011906483932051737,Equity
2025-09-03,ICICIBANK.NS,0.0020083552762797385,Equity
2025-09-04,ICICIBANK.NS,0.006084466714388004,Equity
2025-09-05,ICICIBANK.NS,-0.0019209898056741226,Equity
2025-09-06,ICICIBANK.NS,0.0,Equity
2025-09-07,ICICIBANK.NS,0.0,Equity
2025-09-08,ICICIBANK.NS,-7.135561217985753e-05,Equity
2025-09-09,ICICIBANK.NS,0.0007129108396735084,Equity
2025-09-10,ICICIBANK.NS,0.00014253276992737263,Equity
2025-09-11,ICICIBANK.NS,-0.00163832807758868,Equity
2025-09-12,ICICIBANK.NS,0.011486854927496015,Equity
2025-09-13,ICICIBANK.NS,0.0,Equity
2025-09-14,ICICIBANK.NS,0.0,Equity
2025-09-15,ICICIBANK.NS,0.001199177047852995,Equity
2025-09-16,ICICIBANK.NS,0.0015499162561893876,Equity
2025-09-17,ICICIBANK.NS,-0.0016882558070341336,Equity
2025-09-18,ICICIBANK.NS,0.0017615558666950193,Equity
2025-09-19,ICICIBANK.NS,-0.013715974305215761,Equity
2025-09-20,ICICIBANK.NS,0.0,Equity
2025-09-21,ICICIBANK.NS,0.0,Equity
2025-09-22,ICICIBANK.NS,-0.0004991807133426507,Equity
2025-09-23,ICICIBANK.NS,-0.005137317996343205,Equity
2025-09-24,ICICIBANK.NS,-0.00831965663775136,Equity
2025-09-25,ICICIBANK.NS,-0.004990166042822319,Equity
2025-09-26,ICICIBANK.NS,-0.011775020109925372,Equity
2025-09-27,ICICIBANK.NS,0.0,Equity
2025-09-28,ICICIBANK.NS,0.0,Equity
2025-09-29,ICICIBANK.NS,-0.00845837026074081,Equity
2025-09-30,ICICIBANK.NS,-7.416036477114751e-05,Equity
2025-10-01,ICICIBANK.NS,0.017804154302670572,Equity
2025-10-02,ICICIBANK.NS,0.0,Equity
2025-10-03,ICICIBANK.NS,-0.00495630381058676,Equity
2025-10-04,ICICIBANK.NS,0.0,Equity
2025-10-05,ICICIBANK.NS,0.0,Equity
2025-10-06,ICICIBANK.NS,-0.001318434531342838,Equity
2025-10-07,ICICIBANK.NS,0.0091682556668371,Equity
2025-10-08,ICICIBANK.NS,-0.0040700454150528476,Equity
2025-10-09,ICICIBANK.NS,0.0043055550853958735,Equity
2025-10-10,ICICIBANK.NS,0.002979289203402846,Equity
2025-10-11,ICICIBANK.NS,0.0,Equity
2025-10-12,ICICIBANK.NS,0.0,Equity
2025-10-13,ICICIBANK.NS,-0.0006520498313584699,Equity
2025-10-14,ICICIBANK.NS,0.0034072430685010424,Equity
2025-10-15,ICICIBANK.NS,0.010331658897740681,Equity
2025-10-16,ICICIBANK.NS,0.013515463446864384,Equity
2025-10-17,ICICIBANK.NS,0.013617389467932561,Equity
2025-10-18,ICICIBANK.NS,0.0,Equity
2025-10-19,ICICIBANK.NS,0.0,Equity
2025-10-20,ICICIBANK.NS,-0.03222882329434007,Equity
2025-10-21,ICICIBANK.NS,-0.005969969457399582,Equity
2025-10-22,ICICIBANK.NS,0.0,Equity
2025-10-23,ICICIBANK.NS,-0.013241714057977583,Equity
2025-10-24,ICICIBANK.NS,0.01026618794550016,Equity
2025-10-25,ICICIBANK.NS,0.0,Equity
2025-10-26,ICICIBANK.NS,0.0,Equity
2025-10-27,ICICIBANK.NS,-7.256702437452578e-05,Equity
2025-10-28,ICICIBANK.NS,-0.010525551870623873,Equity
2025-10-29,ICICIBANK.NS,0.005355475723625602,Equity
2025-10-30,ICICIBANK.NS,-0.005837711513045685,Equity
2025-10-31,ICICIBANK.NS,-0.012551361772979885,Equity
2025-11-01,ICICIBANK.NS,0.0,Equity
2025-11-02,ICICIBANK.NS,0.0,Equity
2025-11-03,ICICIBANK.NS,0.0008176433107958125,Equity
2025-11-04,ICICIBANK.NS,-0.007055852516145267,Equity
2025-11-05,ICICIBANK.NS,0.0,Equity
2025-11-06,ICICIBANK.NS,-0.012341984964232222,Equity
2025-11-07,ICICIBANK.NS,0.01711600664046209,Equity
2025-11-08,ICICIBANK.NS,0.0,Equity
2025-11-09,ICICIBANK.NS,0.0,Equity
2025-11-10,ICICIBANK.NS,0.0037230081906181045,Equity
2025-11-11,ICICIBANK.NS,0.0076409857775407986,Equity
2025-11-12,ICICIBANK.NS,0.0004417106415148808,Equity
2025-11-13,ICICIBANK.NS,0.019869011343672582,Equity
2025-11-14,ICICIBANK.NS,-0.009308048334522812,Equity
2025-11-15,ICICIBANK.NS,0.0,Equity
2025-11-16,ICICIBANK.NS,0.0,Equity
2025-11-17,ICICIBANK.NS,0.004369992716678706,Equity
2025-11-18,ICICIBANK.NS,-0.004060896001405023,Equity
2025-11-19,ICICIBANK.NS,0.0070627282652142576,Equity
2025-11-20,ICICIBANK.NS,-7.228370161393993e-05,Equity
2025-11-21,ICICIBANK.NS,-0.009761388286334105,Equity
2025-11-22,ICICIBANK.NS,0.0,Equity
2025-11-23,ICICIBANK.NS,0.0,Equity
2025-11-24,ICICIBANK.NS,-0.000803195024415837,Equity
2025-11-25,ICICIBANK.NS,-0.007746255040061323,Equity
2025-11-26,ICICIBANK.NS,0.012667514032511429,Equity
2025-11-27,ICICIBANK.NS,0.012509055397727176,Equity
2025-11-28,ICICIBANK.NS,-0.002442107788387826,Equity
2025-11-29,ICICIBANK.NS,0.0,Equity
2025-11-30,ICICIBANK.NS,0.0,Equity
2025-12-01,ICICIBANK.NS,0.0009360071371753431,Equity
2025-12-02,ICICIBANK.NS,-0.012301255942925748,Equity
2025-12-03,ICICIBANK.NS,0.013474144209759675,Equity
2025-12-04,ICICIBANK.NS,-0.0034495500022457826,Equity
2025-12-05,ICICIBANK.NS,0.004182627123642257,Equity
2025-12-06,ICICIBANK.NS,0.0,Equity
2025-12-07,ICICIBANK.NS,0.0,Equity
2025-12-08,ICICIBANK.NS,-0.002082602810816847,Equity
2025-12-09,ICICIBANK.NS,-0.010362712051711576,Equity
2025-12-10,ICICIBANK.NS,-0.008435119253787482,Equity
2025-12-11,ICICIBANK.NS,-0.002640052545021976,Equity
2025-12-12,ICICIBANK.NS,0.004411764705882337,Equity
2025-12-13,ICICIBANK.NS,0.0,Equity
2025-12-14,ICICIBANK.NS,0.0,Equity
2025-12-15,ICICIBANK.NS,-0.0005856872826683901,Equity
2025-12-16,ICICIBANK.NS,0.0005860305132872057,Equity
2025-12-17,ICICIBANK.NS,-0.009956058262033274,Equity
2025-12-18,ICICIBANK.NS,0.003253493296828891,Equity
2025-12-19,ICICIBANK.NS,-0.0019900303250427465,Equity
2025-12-20,ICICIBANK.NS,0.0,Equity
2025-12-21,ICICIBANK.NS,0.0,Equity
2025-12-22,ICICIBANK.NS,0.010634387913515342,Equity
2025-12-23,ICICIBANK.NS,-0.004018998903909443,Equity
2025-12-24,ICICIBANK.NS,-0.0023477264650586527,Equity
2025-12-25,ICICIBANK.NS,0.0,Equity
2025-12-26,ICICIBANK.NS,-0.006912798997296243,Equity
2025-12-27,ICICIBANK.NS,0.0,Equity
2025-12-28,ICICIBANK.NS,0.0,Equity
2025-12-29,ICICIBANK.NS,-0.005257683247612666,Equity
2025-12-30,ICICIBANK.NS,-0.0005955846043651514,Equity
2025-12-31,ICICIBANK.NS,0.00029796976838913913,Equity
2026-01-01,ICICIBANK.NS,-0.0036488378322879766,Equity
2026-01-02,ICICIBANK.NS,0.013004502551616115,Equity
2026-01-03,ICICIBANK.NS,0.0,Equity
2026-01-04,ICICIBANK.NS,0.0,Equity
2026-01-05,ICICIBANK.NS,0.011878394050418795,Equity
2026-01-06,ICICIBANK.NS,0.028946373439208806,Equity
2026-01-07,ICICIBANK.NS,0.011692177275302695,Equity
2026-01-08,ICICIBANK.NS,0.00511315337801399,Equity
2026-01-09,ICICIBANK.NS,-0.02139369419642856,Equity
2026-01-10,ICICIBANK.NS,0.0,Equity
2026-01-11,ICICIBANK.NS,0.0,Equity
2026-01-12,ICICIBANK.NS,0.006266414905529594,Equity
2026-01-13,ICICIBANK.NS,0.01691318719622248,Equity
2026-01-14,ICICIBANK.NS,-0.012943615578244638,Equity
2026-01-15,ICICIBANK.NS,0.0,Equity
2026-01-16,ICICIBANK.NS,-0.005358132723578435,Equity
2026-01-17,ICICIBANK.NS,0.0,Equity
2026-01-18,ICICIBANK.NS,0.0,Equity
2026-01-19,ICICIBANK.NS,-0.021406345475585287,Equity
2026-01-20,ICICIBANK.NS,-0.0034766962499584997,Equity
2026-01-21,ICICIBANK.NS,-0.019479610319066865,Equity
2026-01-22,ICICIBANK.NS,-0.0025945144551520194,Equity
2026-01-23,ICICIBANK.NS,-0.001560739937523259,Equity
2026-01-24,ICICIBANK.NS,0.0,Equity
2026-01-25,ICICIBANK.NS,0.0,Equity
2026-01-26,ICICIBANK.NS,0.0,Equity
2026-01-27,ICICIBANK.NS,0.013398838523805301,Equity
2026-01-28,ICICIBANK.NS,0.0046275353642100114,Equity
2026-01-29,ICICIBANK.NS,0.01162537470330327,Equity
2026-01-30,ICICIBANK.NS,-0.020670696798636312,Equity
2026-01-31,ICICIBANK.NS,0.0,Equity
2026-02-01,ICICIBANK.NS,0.0,Equity
2026-02-02,ICICIBANK.NS,-0.0016235802006457911,Equity
2026-02-03,ICICIBANK.NS,0.02727668614124812,Equity
2026-02-04,ICICIBANK.NS,0.013456194789687181,Equity
2026-02-05,ICICIBANK.NS,-0.008449321363093065,Equity
2026-02-06,ICICIBANK.NS,0.006874311196518157,Equity
2026-02-07,ICICIBANK.NS,0.0,Equity
2026-02-08,ICICIBANK.NS,0.0,Equity
2026-02-09,ICICIBANK.NS,-0.00696958034845907,Equity
2026-02-10,ICICIBANK.NS,0.007304985185981661,Equity
2026-02-11,ICICIBANK.NS,-0.00028441124355671477,Equity
2026-02-12,ICICIBANK.NS,0.016997386266295322,Equity
2026-02-13,ICICIBANK.NS,-0.010769247842001728,Equity
2026-02-14,ICICIBANK.NS,0.0,Equity
2026-02-15,ICICIBANK.NS,0.0,Equity
2026-02-16,ICICIBANK.NS,-0.002120740882069816,Equity
2026-02-17,ICICIBANK.NS,-0.002904488280566664,Equity
2026-02-18,ICICIBANK.NS,0.0004973010102131692,Equity
2026-02-19,ICICIBANK.NS,-0.013776383337895881,Equity
2026-02-20,ICICIBANK.NS,0.004104227370012481,Equity
2026-02-21,ICICIBANK.NS,0.0,Equity
2026-02-22,ICICIBANK.NS,0.0,Equity
2026-02-23,ICICIBANK.NS,0.0035138217383021697,Equity
2026-02-24,ICICIBANK.NS,-0.010433025104491178,Equity
2026-02-25,ICICIBANK.NS,0.011337341578779414,Equity
2026-02-26,ICICIBANK.NS,0.0031417525269992197,Equity
2026-02-27,ICICIBANK.NS,-0.018506654956350843,Equity
2026-02-28,ICICIBANK.NS,0.0,Equity
2026-03-01,ICICIBANK.NS,0.0,Equity
2026-03-02,ICICIBANK.NS,-0.003553574825806982,Equity
2026-03-03,ICICIBANK.NS,0.0,Equity
2026-03-04,ICICIBANK.NS,-0.00625907975686868,Equity
2026-03-05,ICICIBANK.NS,-0.005712647347777988,Equity
2026-03-06,ICICIBANK.NS,-0.03255741895015751,Equity
2026-03-07,ICICIBANK.NS,0.0,Equity
2026-03-08,ICICIBANK.NS,0.0,Equity
2026-03-09,ICICIBANK.NS,-0.02664839298721222,Equity
2026-03-10,ICICIBANK.NS,0.026204630288046316,Equity
2026-03-11,ICICIBANK.NS,-0.013187017688982672,Equity
2026-03-12,ICICIBANK.NS,-0.021705527665578206,Equity
2026-03-13,ICICIBANK.NS,-0.009238019085570426,Equity
2026-03-14,ICICIBANK.NS,0.0,Equity
2026-03-15,ICICIBANK.NS,0.0,Equity
2026-03-16,ICICIBANK.NS,0.014424589481679906,Equity
2026-03-17,ICICIBANK.NS,0.012412543369292095,Equity
2026-03-18,ICICIBANK.NS,0.00046566127026248516,Equity
2026-03-19,ICICIBANK.NS,-0.030404150901737204,Equity
2026-03-20,ICICIBANK.NS,-0.003759660238111806,Equity
2026-03-21,ICICIBANK.NS,0.0,Equity
2026-03-22,ICICIBANK.NS,0.0,Equity
2026-03-23,ICICIBANK.NS,-0.01822713409120691,Equity
2026-03-24,ICICIBANK.NS,0.02330907102162283,Equity
2026-03-25,ICICIBANK.NS,0.00679347852598533,Equity
2026-03-26,ICICIBANK.NS,0.0,Equity
2026-03-27,ICICIBANK.NS,-0.02056037417454515,Equity
2026-03-28,ICICIBANK.NS,0.0,Equity
2026-03-29,ICICIBANK.NS,0.0,Equity
2026-03-30,ICICIBANK.NS,-0.022613084219409996,Equity
2026-03-31,ICICIBANK.NS,0.0,Equity
2026-04-01,ICICIBANK.NS,0.005638881018446451,Equity
2026-04-02,ICICIBANK.NS,0.00255636000748094,Equity
2026-04-03,ICICIBANK.NS,0.0,Equity
2026-04-04,ICICIBANK.NS,0.0,Equity
2026-04-05,ICICIBANK.NS,0.0,Equity
2026-04-06,ICICIBANK.NS,0.012831037143791857,Equity
2026-04-07,ICICIBANK.NS,0.011450361626106575,Equity
2026-04-08,ICICIBANK.NS,0.05114407962414691,Equity
2026-04-09,ICICIBANK.NS,-0.02131065030882151,Equity
2026-04-10,ICICIBANK.NS,0.03168654806738691,Equity
2026-04-11,ICICIBANK.NS,0.0,Equity
2026-04-12,ICICIBANK.NS,0.0,Equity
2026-04-13,ICICIBANK.NS,0.022089379402816745,Equity
2026-04-14,ICICIBANK.NS,0.0,Equity
2026-04-15,ICICIBANK.NS,-0.0022204130369397612,Equity
2026-04-16,ICICIBANK.NS,-0.0019286222335308523,Equity
2026-04-17,ICICIBANK.NS,0.0009662198648272557,Equity
2026-04-18,ICICIBANK.NS,0.0,Equity
2026-04-19,ICICIBANK.NS,0.0,Equity
2026-04-20,ICICIBANK.NS,0.006979434216630054,Equity
2026-04-21,ICICIBANK.NS,0.023742865655144607,Equity
2026-04-22,ICICIBANK.NS,-0.014981308313433028,Equity
2026-04-23,ICICIBANK.NS,-0.014331658332722652,Equity
2026-04-24,ICICIBANK.NS,-0.01617214304757042,Equity
2026-04-25,ICICIBANK.NS,0.0,Equity
2026-04-26,ICICIBANK.NS,0.0,Equity
2026-04-27,ICICIBANK.NS,-0.009123794323205647,Equity
2026-04-28,ICICIBANK.NS,-0.016817575524330608,Equity
2026-04-29,ICICIBANK.NS,-0.008513931888544879,Equity
2026-04-30,ICICIBANK.NS,-0.013739247139685773,Equity
2026-05-01,ICICIBANK.NS,0.0,Equity
2026-05-02,ICICIBANK.NS,0.0,Equity
2026-05-03,ICICIBANK.NS,0.0,Equity
2026-05-04,ICICIBANK.NS,0.0058572299121921745,Equity
2026-05-05,ICICIBANK.NS,-0.015344664188502333,Equity
2026-05-06,ICICIBANK.NS,0.022536522074209975,Equity
2026-05-07,ICICIBANK.NS,-0.0003907776475186031,Equity
2026-05-08,ICICIBANK.NS,-0.011102385591770902,Equity
2026-05-09,ICICIBANK.NS,0.0,Equity
2026-05-10,ICICIBANK.NS,0.0,Equity
2026-05-11,ICICIBANK.NS,0.0012650027863454483,Equity
2026-05-12,ICICIBANK.NS,-0.02060958234584165,Equity
2026-05-13,ICICIBANK.NS,-0.003789464691731914,Equity
2026-05-14,ICICIBANK.NS,0.008416983343764395,Equity
2026-05-15,ICICIBANK.NS,-0.0012038523274477964,Equity
2026-05-16,ICICIBANK.NS,0.0,Equity
2026-05-17,ICICIBANK.NS,0.0,Equity
2026-05-18,ICICIBANK.NS,0.0053033150549919306,Equity
2026-05-19,ICICIBANK.NS,-0.00823269679386629,Equity
2026-05-20,ICICIBANK.NS,-0.0028207606884812497,Equity
2026-05-21,ICICIBANK.NS,0.004445162679181269,Equity
2026-05-22,ICICIBANK.NS,0.017299645281051435,Equity
2026-05-23,ICICIBANK.NS,0.0,Equity
2026-05-24,ICICIBANK.NS,0.0,Equity
2026-05-25,ICICIBANK.NS,0.021751165813439277,Equity
2026-05-26,ICICIBANK.NS,-0.009831299552673478,Equity
2026-05-27,ICICIBANK.NS,-0.005003537281071946,Equity
2026-05-28,ICICIBANK.NS,0.0,Equity
2026-05-29,ICICIBANK.NS,-0.012807360244497468,Equity
2026-05-30,ICICIBANK.NS,0.0,Equity
2026-05-31,ICICIBANK.NS,0.0,Equity
2026-06-01,ICICIBANK.NS,-0.013292003277360465,Equity
2026-06-02,ICICIBANK.NS,-0.010567053401554283,Equity
2023-01-03,INFY.NS,-0.0009514430423259723,Equity
2023-01-04,INFY.NS,-0.018226025480016617,Equity
2023-01-05,INFY.NS,-0.013112041367717597,Equity
2023-01-06,INFY.NS,-0.018099242132581517,Equity
2023-01-07,INFY.NS,0.0,Equity
2023-01-08,INFY.NS,0.0,Equity
2023-01-09,INFY.NS,0.024818572754262025,Equity
2023-01-10,INFY.NS,-0.0099025978247137,Equity
2023-01-11,INFY.NS,0.0010206124779701398,Equity
2023-01-12,INFY.NS,0.0063552711369150305,Equity
2023-01-13,INFY.NS,0.01556808991947789,Equity
2023-01-14,INFY.NS,0.0,Equity
2023-01-15,INFY.NS,0.0,Equity
2023-01-16,INFY.NS,0.014531092354258535,Equity
2023-01-17,INFY.NS,0.009177362494214192,Equity
2023-01-18,INFY.NS,0.0038323842216123616,Equity
2023-01-19,INFY.NS,-0.004206013803063291,Equity
2023-01-20,INFY.NS,-0.008674942511715855,Equity
2023-01-21,INFY.NS,0.0,Equity
2023-01-22,INFY.NS,0.0,Equity
2023-01-23,INFY.NS,0.01471597998956864,Equity
2023-01-24,INFY.NS,0.0025193694637564157,Equity
2023-01-25,INFY.NS,-0.0057348490410299435,Equity
2023-01-26,INFY.NS,0.0,Equity
2023-01-27,INFY.NS,-0.01545693394288794,Equity
2023-01-28,INFY.NS,0.0,Equity
2023-01-29,INFY.NS,0.0,Equity
2023-01-30,INFY.NS,0.01293490239398154,Equity
2023-01-31,INFY.NS,-0.003281933984022878,Equity
2023-02-01,INFY.NS,0.01131228159331732,Equity
2023-02-02,INFY.NS,0.02104949362350572,Equity
2023-02-03,INFY.NS,0.009881683021701892,Equity
2023-02-04,INFY.NS,0.0,Equity
2023-02-05,INFY.NS,0.0,Equity
2023-02-06,INFY.NS,-0.0184757330878923,Equity
2023-02-07,INFY.NS,-0.004745621076757134,Equity
2023-02-08,INFY.NS,0.01798512243493189,Equity
2023-02-09,INFY.NS,0.01666139731227778,Equity
2023-02-10,INFY.NS,-0.005225828782433051,Equity
2023-02-11,INFY.NS,0.0,Equity
2023-02-12,INFY.NS,0.0,Equity
2023-02-13,INFY.NS,-0.025550822129002615,Equity
2023-02-14,INFY.NS,0.016459754623242562,Equity
2023-02-15,INFY.NS,0.0023851616230827766,Equity
2023-02-16,INFY.NS,0.002974295198798549,Equity
2023-02-17,INFY.NS,-0.011237445154541947,Equity
2023-02-18,INFY.NS,0.0,Equity
2023-02-19,INFY.NS,0.0,Equity
2023-02-20,INFY.NS,0.0054615160942781404,Equity
2023-02-21,INFY.NS,-0.00813214503744819,Equity
2023-02-22,INFY.NS,-0.011205909385501034,Equity
2023-02-23,INFY.NS,-0.007107396616644723,Equity
2023-02-24,INFY.NS,-3.227308523401362e-05,Equity
2023-02-25,INFY.NS,0.0,Equity
2023-02-26,INFY.NS,0.0,Equity
2023-02-27,INFY.NS,-0.026666068107506158,Equity
2023-02-28,INFY.NS,-0.014410556906483074,Equity
2023-03-01,INFY.NS,0.005714055631983461,Equity
2023-03-02,INFY.NS,-0.01597546473812339,Equity
2023-03-03,INFY.NS,0.004856686300034552,Equity
2023-03-04,INFY.NS,0.0,Equity
2023-03-05,INFY.NS,0.0,Equity
2023-03-06,INFY.NS,0.019029184356970985,Equity
2023-03-07,INFY.NS,0.0,Equity
2023-03-08,INFY.NS,-0.009784619524985438,Equity
2023-03-09,INFY.NS,-0.008239993258916889,Equity
2023-03-10,INFY.NS,-0.005978113546485697,Equity
2023-03-11,INFY.NS,0.0,Equity
2023-03-12,INFY.NS,0.0,Equity
2023-03-13,INFY.NS,-0.024769910475063384,Equity
2023-03-14,INFY.NS,-0.010521829780208991,Equity
2023-03-15,INFY.NS,-0.00024651751825655044,Equity
2023-03-16,INFY.NS,-0.010953420795814184,Equity
2023-03-17,INFY.NS,0.011822464626073392,Equity
2023-03-18,INFY.NS,0.0,Equity
2023-03-19,INFY.NS,0.0,Equity
2023-03-20,INFY.NS,-0.01200098820755846,Equity
2023-03-21,INFY.NS,-0.009225875692007057,Equity
2023-03-22,INFY.NS,-0.0010428311103625187,Equity
2023-03-23,INFY.NS,-0.010581184304720326,Equity
2023-03-24,INFY.NS,0.00443772342822446,Equity
2023-03-25,INFY.NS,0.0,Equity
2023-03-26,INFY.NS,0.0,Equity
2023-03-27,INFY.NS,0.00601168170623434,Equity
2023-03-28,INFY.NS,-0.008171375509926415,Equity
2023-03-29,INFY.NS,0.0043190091959861565,Equity
2023-03-30,INFY.NS,0.0,Equity
2023-03-31,INFY.NS,0.03209126212714275,Equity
2023-04-01,INFY.NS,0.0,Equity
2023-04-02,INFY.NS,0.0,Equity
2023-04-03,INFY.NS,-0.011975196167310798,Equity
2023-04-04,INFY.NS,0.0,Equity
2023-04-05,INFY.NS,0.009001621529626691,Equity
2023-04-06,INFY.NS,-0.0011590155062736196,Equity
2023-04-07,INFY.NS,0.0,Equity
2023-04-08,INFY.NS,0.0,Equity
2023-04-09,INFY.NS,0.0,Equity
2023-04-10,INFY.NS,0.004008560232027225,Equity
2023-04-11,INFY.NS,-0.015025017921888817,Equity
2023-04-12,INFY.NS,0.01575229325754024,Equity
2023-04-13,INFY.NS,-0.027375429981978283,Equity
2023-04-14,INFY.NS,0.0,Equity
2023-04-15,INFY.NS,0.0,Equity
2023-04-16,INFY.NS,0.0,Equity
2023-04-17,INFY.NS,-0.09422673189994868,Equity
2023-04-18,INFY.NS,0.0008344842001222208,Equity
2023-04-19,INFY.NS,-0.021558963447430246,Equity
2023-04-20,INFY.NS,-0.007141553201946538,Equity
2023-04-21,INFY.NS,0.0032287313023633413,Equity
2023-04-22,INFY.NS,0.0,Equity
2023-04-23,INFY.NS,0.0,Equity
2023-04-24,INFY.NS,-0.0008554189128914258,Equity
2023-04-25,INFY.NS,-0.0011417159385997966,Equity
2023-04-26,INFY.NS,0.002163361913746664,Equity
2023-04-27,INFY.NS,0.015233692031034307,Equity
2023-04-28,INFY.NS,0.005215625280686309,Equity
2023-04-29,INFY.NS,0.0,Equity
2023-04-30,INFY.NS,0.0,Equity
2023-05-01,INFY.NS,0.0,Equity
2023-05-02,INFY.NS,0.019716435725027237,Equity
2023-05-03,INFY.NS,-0.006497132934442651,Equity
2023-05-04,INFY.NS,0.0034669213564264556,Equity
2023-05-05,INFY.NS,-0.01134640264397535,Equity
2023-05-06,INFY.NS,0.0,Equity
2023-05-07,INFY.NS,0.0,Equity
2023-05-08,INFY.NS,0.005162396946305048,Equity
2023-05-09,INFY.NS,0.004029725549156149,Equity
2023-05-10,INFY.NS,-0.005862737714473987,Equity
2023-05-11,INFY.NS,-0.005660243765260642,Equity
2023-05-12,INFY.NS,-0.00867756190307456,Equity
2023-05-13,INFY.NS,0.0,Equity
2023-05-14,INFY.NS,0.0,Equity
2023-05-15,INFY.NS,0.010560621062601694,Equity
2023-05-16,INFY.NS,0.00472852097588361,Equity
2023-05-17,INFY.NS,-0.013762652488629401,Equity
2023-05-18,INFY.NS,-0.0007218117153819925,Equity
2023-05-19,INFY.NS,0.018378794812533128,Equity
2023-05-20,INFY.NS,0.0,Equity
2023-05-21,INFY.NS,0.0,Equity
2023-05-22,INFY.NS,0.018835183568643332,Equity
2023-05-23,INFY.NS,0.00560808282143066,Equity
2023-05-24,INFY.NS,-0.0010769480894434746,Equity
2023-05-25,INFY.NS,0.004389202837746575,Equity
2023-05-26,INFY.NS,0.010043244083862701,Equity
2023-05-27,INFY.NS,0.0,Equity
2023-05-28,INFY.NS,0.0,Equity
2023-05-29,INFY.NS,-0.0023151817467175206,Equity
2023-05-30,INFY.NS,0.007189708145443063,Equity
2023-05-31,INFY.NS,-0.004192242948004354,Equity
2023-06-01,INFY.NS,0.0009100886160171573,Equity
2023-06-02,INFY.NS,-0.0023039187600317756,Equity
2023-06-03,INFY.NS,0.0,Equity
2023-06-04,INFY.NS,0.0,Equity
2023-06-05,INFY.NS,0.004233975660377753,Equity
2023-06-06,INFY.NS,-0.0195476885615129,Equity
2023-06-07,INFY.NS,0.007779391774149769,Equity
2023-06-08,INFY.NS,-0.004771157165330497,Equity
2023-06-09,INFY.NS,-0.013135489276729584,Equity
2023-06-10,INFY.NS,0.0,Equity
2023-06-11,INFY.NS,0.0,Equity
2023-06-12,INFY.NS,0.020537901166058026,Equity
2023-06-13,INFY.NS,0.009985033073522276,Equity
2023-06-14,INFY.NS,-0.003410383597950206,Equity
2023-06-15,INFY.NS,-0.010458257110662394,Equity
2023-06-16,INFY.NS,0.0037689026897025357,Equity
2023-06-17,INFY.NS,0.0,Equity
2023-06-18,INFY.NS,0.0,Equity
2023-06-19,INFY.NS,0.0018195704024275283,Equity
2023-06-20,INFY.NS,0.007264250351733281,Equity
2023-06-21,INFY.NS,-0.0031074526264368574,Equity
2023-06-22,INFY.NS,-0.013698976293914922,Equity
2023-06-23,INFY.NS,-0.012914131183567545,Equity
2023-06-24,INFY.NS,0.0,Equity
2023-06-25,INFY.NS,0.0,Equity
2023-06-26,INFY.NS,0.004229313160207138,Equity
2023-06-27,INFY.NS,0.006927121672029024,Equity
2023-06-28,INFY.NS,0.011101216758903965,Equity
2023-06-29,INFY.NS,0.0,Equity
2023-06-30,INFY.NS,0.03258969317049565,Equity
2023-07-01,INFY.NS,0.0,Equity
2023-07-02,INFY.NS,0.0,Equity
2023-07-03,INFY.NS,-0.0013478725769688893,Equity
2023-07-04,INFY.NS,0.00858530419419723,Equity
2023-07-05,INFY.NS,0.0015983059714155257,Equity
2023-07-06,INFY.NS,-0.0025233797184451845,Equity
2023-07-07,INFY.NS,-0.01019440066814048,Equity
2023-07-08,INFY.NS,0.0,Equity
2023-07-09,INFY.NS,0.0,Equity
2023-07-10,INFY.NS,-0.0007892765027922577,Equity
2023-07-11,INFY.NS,0.014633405495446894,Equity
2023-07-12,INFY.NS,-0.011345138460726378,Equity
2023-07-13,INFY.NS,0.023850588271103312,Equity
2023-07-14,INFY.NS,0.04457535336509211,Equity
2023-07-15,INFY.NS,0.0,Equity
2023-07-16,INFY.NS,0.0,Equity
2023-07-17,INFY.NS,-0.0021038358392792,Equity
2023-07-18,INFY.NS,0.03671956604426119,Equity
2023-07-19,INFY.NS,-0.00016942202251257754,Equity
2023-07-20,INFY.NS,-0.01725485719435005,Equity
2023-07-21,INFY.NS,-0.08133836941441508,Equity
2023-07-22,INFY.NS,0.0,Equity
2023-07-23,INFY.NS,0.0,Equity
2023-07-24,INFY.NS,0.003754836682357654,Equity
2023-07-25,INFY.NS,-0.0014964145106516336,Equity
2023-07-26,INFY.NS,0.010677378455157926,Equity
2023-07-27,INFY.NS,0.0031881358465433163,Equity
2023-07-28,INFY.NS,-0.009348726119595363,Equity
2023-07-29,INFY.NS,0.0,Equity
2023-07-30,INFY.NS,0.0,Equity
2023-07-31,INFY.NS,0.01133893776316075,Equity
2023-08-01,INFY.NS,0.007007561501318316,Equity
2023-08-02,INFY.NS,-0.00611635328429061,Equity
2023-08-03,INFY.NS,0.005490758169107046,Equity
2023-08-04,INFY.NS,0.010298323896716699,Equity
2023-08-05,INFY.NS,0.0,Equity
2023-08-06,INFY.NS,0.0,Equity
2023-08-07,INFY.NS,0.010628513974716425,Equity
2023-08-08,INFY.NS,-0.0020100077057052523,Equity
2023-08-09,INFY.NS,0.0030212256691193318,Equity
2023-08-10,INFY.NS,-0.0038010422443517378,Equity
2023-08-11,INFY.NS,-0.012418107975128767,Equity
2023-08-12,INFY.NS,0.0,Equity
2023-08-13,INFY.NS,0.0,Equity
2023-08-14,INFY.NS,0.015818175847735372,Equity
2023-08-15,INFY.NS,0.0,Equity
2023-08-16,INFY.NS,0.017903955811802152,Equity
2023-08-17,INFY.NS,-0.004899455474090875,Equity
2023-08-18,INFY.NS,-0.016117166221407464,Equity
2023-08-19,INFY.NS,0.0,Equity
2023-08-20,INFY.NS,0.0,Equity
2023-08-21,INFY.NS,0.011952774087803597,Equity
2023-08-22,INFY.NS,-0.001174113104920771,Equity
2023-08-23,INFY.NS,0.002991969053202981,Equity
2023-08-24,INFY.NS,0.011115404125535022,Equity
2023-08-25,INFY.NS,-0.0024585268323447096,Equity
2023-08-26,INFY.NS,0.0,Equity
2023-08-27,INFY.NS,0.0,Equity
2023-08-28,INFY.NS,-0.00313342493490798,Equity
2023-08-29,INFY.NS,0.0014127616874763937,Equity
2023-08-30,INFY.NS,0.012344317959895879,Equity
2023-08-31,INFY.NS,0.00020901659522221117,Equity
2023-09-01,INFY.NS,0.005851882119512375,Equity
2023-09-02,INFY.NS,0.0,Equity
2023-09-03,INFY.NS,0.0,Equity
2023-09-04,INFY.NS,0.01471755625202098,Equity
2023-09-05,INFY.NS,0.009419201671225785,Equity
2023-09-06,INFY.NS,-0.0009805089108554377,Equity
2023-09-07,INFY.NS,-0.007614513720596516,Equity
2023-09-08,INFY.NS,0.0023189280260742517,Equity
2023-09-09,INFY.NS,0.0,Equity
2023-09-10,INFY.NS,0.0,Equity
2023-09-11,INFY.NS,0.004660996614108459,Equity
2023-09-12,INFY.NS,0.016695692210746627,Equity
2023-09-13,INFY.NS,-0.0018320117254350121,Equity
2023-09-14,INFY.NS,0.00573954341178351,Equity
2023-09-15,INFY.NS,0.0030859191603873626,Equity
2023-09-16,INFY.NS,0.0,Equity
2023-09-17,INFY.NS,0.0,Equity
2023-09-18,INFY.NS,-0.01309878890071392,Equity
2023-09-19,INFY.NS,0.0,Equity
2023-09-20,INFY.NS,-0.0010391153002442532,Equity
2023-09-21,INFY.NS,0.007716910824438594,Equity
2023-09-22,INFY.NS,-0.0037290782661290045,Equity
2023-09-23,INFY.NS,0.0,Equity
2023-09-24,INFY.NS,0.0,Equity
2023-09-25,INFY.NS,-0.014704409417949926,Equity
2023-09-26,INFY.NS,-0.009157800420889983,Equity
2023-09-27,INFY.NS,0.004347516854933842,Equity
2023-09-28,INFY.NS,-0.018779982438473786,Equity
2023-09-29,INFY.NS,-0.0027788062556352022,Equity
2023-09-30,INFY.NS,0.0,Equity
2023-10-01,INFY.NS,0.0,Equity
2023-10-02,INFY.NS,0.0,Equity
2023-10-03,INFY.NS,-0.0010100967588519971,Equity
2023-10-04,INFY.NS,0.007217588032758071,Equity
2023-10-05,INFY.NS,0.013223838481271732,Equity
2023-10-06,INFY.NS,0.010420682698486283,Equity
2023-10-07,INFY.NS,0.0,Equity
2023-10-08,INFY.NS,0.0,Equity
2023-10-09,INFY.NS,-0.002198072361238479,Equity
2023-10-10,INFY.NS,0.013352165101447211,Equity
2023-10-11,INFY.NS,-0.0005017476400863696,Equity
2023-10-12,INFY.NS,-0.019338933780094103,Equity
2023-10-13,INFY.NS,-0.023439010206526056,Equity
2023-10-14,INFY.NS,0.0,Equity
2023-10-15,INFY.NS,0.0,Equity
2023-10-16,INFY.NS,0.002096099571750054,Equity
2023-10-17,INFY.NS,0.0057874051477566635,Equity
2023-10-18,INFY.NS,-0.0013171331839623157,Equity
2023-10-19,INFY.NS,-0.004789725611885287,Equity
2023-10-20,INFY.NS,-0.004464204738354183,Equity
2023-10-21,INFY.NS,0.0,Equity
2023-10-22,INFY.NS,0.0,Equity
2023-10-23,INFY.NS,-0.013032046584905754,Equity
2023-10-24,INFY.NS,0.0,Equity
2023-10-25,INFY.NS,-0.014813265733005454,Equity
2023-10-26,INFY.NS,-0.0077369413444565716,Equity
2023-10-27,INFY.NS,0.015373839503730835,Equity
2023-10-28,INFY.NS,0.0,Equity
2023-10-29,INFY.NS,0.0,Equity
2023-10-30,INFY.NS,-0.0023906299254904395,Equity
2023-10-31,INFY.NS,-0.0062816969545407275,Equity
2023-11-01,INFY.NS,-0.01041351126176937,Equity
2023-11-02,INFY.NS,0.011815500785756328,Equity
2023-11-03,INFY.NS,0.013794113051939894,Equity
2023-11-04,INFY.NS,0.0,Equity
2023-11-05,INFY.NS,0.0,Equity
2023-11-06,INFY.NS,0.01025888694072985,Equity
2023-11-07,INFY.NS,0.0007125464536492654,Equity
2023-11-08,INFY.NS,-0.009470895494413822,Equity
2023-11-09,INFY.NS,-0.011646219788283063,Equity
2023-11-10,INFY.NS,-0.004328068579119937,Equity
2023-11-11,INFY.NS,0.0,Equity
2023-11-12,INFY.NS,0.0,Equity
2023-11-13,INFY.NS,0.0034334989162156937,Equity
2023-11-14,INFY.NS,0.0,Equity
2023-11-15,INFY.NS,0.026901174575344244,Equity
2023-11-16,INFY.NS,0.024388611710754793,Equity
2023-11-17,INFY.NS,-0.005086952620244056,Equity
2023-11-18,INFY.NS,0.0,Equity
2023-11-19,INFY.NS,0.0,Equity
2023-11-20,INFY.NS,-0.0006609357309450559,Equity
2023-11-21,INFY.NS,0.0016706704333391276,Equity
2023-11-22,INFY.NS,0.013064655438836947,Equity
2023-11-23,INFY.NS,-0.005864992833187421,Equity
2023-11-24,INFY.NS,-0.008176479476851295,Equity
2023-11-25,INFY.NS,0.0,Equity
2023-11-26,INFY.NS,0.0,Equity
2023-11-27,INFY.NS,0.0,Equity
2023-11-28,INFY.NS,0.0036869407213826477,Equity
2023-11-29,INFY.NS,0.011714266969712561,Equity
2023-11-30,INFY.NS,-0.0030487569260151393,Equity
2023-12-01,INFY.NS,-0.0019585578043195273,Equity
2023-12-02,INFY.NS,0.0,Equity
2023-12-03,INFY.NS,0.0,Equity
2023-12-04,INFY.NS,0.008297062254660759,Equity
2023-12-05,INFY.NS,-0.007102083945567994,Equity
2023-12-06,INFY.NS,0.01399641762764059,Equity
2023-12-07,INFY.NS,-0.005697600800509961,Equity
2023-12-08,INFY.NS,0.017224978142069247,Equity
2023-12-09,INFY.NS,0.0,Equity
2023-12-10,INFY.NS,0.0,Equity
2023-12-11,INFY.NS,-0.0017772815765287886,Equity
2023-12-12,INFY.NS,-0.00836408899790686,Equity
2023-12-13,INFY.NS,-0.01832593597750154,Equity
2023-12-14,INFY.NS,0.036197362097372565,Equity
2023-12-15,INFY.NS,0.05125046318488646,Equity
2023-12-16,INFY.NS,0.0,Equity
2023-12-17,INFY.NS,0.0,Equity
2023-12-18,INFY.NS,-0.008901448268910928,Equity
2023-12-19,INFY.NS,-0.003867297170375039,Equity
2023-12-20,INFY.NS,-0.014053866776984392,Equity
2023-12-21,INFY.NS,-0.00026034401191055156,Equity
2023-12-22,INFY.NS,0.017513010671988294,Equity
2023-12-23,INFY.NS,0.0,Equity
2023-12-24,INFY.NS,0.0,Equity
2023-12-25,INFY.NS,0.0,Equity
2023-12-26,INFY.NS,-0.01212492920453312,Equity
2023-12-27,INFY.NS,0.014994034230617403,Equity
2023-12-28,INFY.NS,-0.002839618204930394,Equity
2023-12-29,INFY.NS,-0.012638727172873399,Equity
2023-12-30,INFY.NS,0.0,Equity
2023-12-31,INFY.NS,0.0,Equity
2024-01-01,INFY.NS,0.005476628717413723,Equity
2024-01-02,INFY.NS,-0.010925941557926033,Equity
2024-01-03,INFY.NS,-0.0289362742020407,Equity
2024-01-04,INFY.NS,0.01523463472910902,Equity
2024-01-05,INFY.NS,0.01312232068203123,Equity
2024-01-06,INFY.NS,0.0,Equity
2024-01-07,INFY.NS,0.0,Equity
2024-01-08,INFY.NS,-0.00636183787292266,Equity
2024-01-09,INFY.NS,0.00426843675272881,Equity
2024-01-10,INFY.NS,-0.006146615156473412,Equity
2024-01-11,INFY.NS,-0.01690909612053726,Equity
2024-01-12,INFY.NS,0.07934012435709392,Equity
2024-01-13,INFY.NS,0.0,Equity
2024-01-14,INFY.NS,0.0,Equity
2024-01-15,INFY.NS,0.024399356002934747,Equity
2024-01-16,INFY.NS,-0.012438727524334947,Equity
2024-01-17,INFY.NS,0.005301677648716918,Equity
2024-01-18,INFY.NS,0.0014632880004692428,Equity
2024-01-19,INFY.NS,0.010105780434104705,Equity
2024-01-20,INFY.NS,0.0,Equity
2024-01-21,INFY.NS,0.0,Equity
2024-01-22,INFY.NS,0.0,Equity
2024-01-23,INFY.NS,-0.01027583656154496,Equity
2024-01-24,INFY.NS,0.020247733199613815,Equity
2024-01-25,INFY.NS,-0.0037603227980578247,Equity
2024-01-26,INFY.NS,0.0,Equity
2024-01-27,INFY.NS,0.0,Equity
2024-01-28,INFY.NS,0.0,Equity
2024-01-29,INFY.NS,-0.007488985038886731,Equity
2024-01-30,INFY.NS,-0.003108846166549495,Equity
2024-01-31,INFY.NS,0.00572228487847859,Equity
2024-02-01,INFY.NS,-0.0023179673893611863,Equity
2024-02-02,INFY.NS,0.021906323020457252,Equity
2024-02-03,INFY.NS,0.0,Equity
2024-02-04,INFY.NS,0.0,Equity
2024-02-05,INFY.NS,-0.003631795978700225,Equity
2024-02-06,INFY.NS,0.025041395865431637,Equity
2024-02-07,INFY.NS,-0.020642298298828465,Equity
2024-02-08,INFY.NS,-0.000974256793330297,Equity
2024-02-09,INFY.NS,-0.01344478292279172,Equity
2024-02-10,INFY.NS,0.0,Equity
2024-02-11,INFY.NS,0.0,Equity
2024-02-12,INFY.NS,0.006439638303447959,Equity
2024-02-13,INFY.NS,0.0026486313912479353,Equity
2024-02-14,INFY.NS,-0.01089303892587734,Equity
2024-02-15,INFY.NS,0.006091601399694113,Equity
2024-02-16,INFY.NS,0.015092400161186958,Equity
2024-02-17,INFY.NS,0.0,Equity
2024-02-18,INFY.NS,0.0,Equity
2024-02-19,INFY.NS,-0.0011166377036777586,Equity
2024-02-20,INFY.NS,-0.00853064090756328,Equity
2024-02-21,INFY.NS,-0.017623457875307946,Equity
2024-02-22,INFY.NS,0.01558384946652236,Equity
2024-02-23,INFY.NS,-0.0026764288032691264,Equity
2024-02-24,INFY.NS,0.0,Equity
2024-02-25,INFY.NS,0.0,Equity
2024-02-26,INFY.NS,-0.009959061145078607,Equity
2024-02-27,INFY.NS,0.002078076897904735,Equity
2024-02-28,INFY.NS,0.0045985606145984015,Equity
2024-02-29,INFY.NS,0.0015855225199357115,Equity
2024-03-01,INFY.NS,-0.011470160711759991,Equity
2024-03-02,INFY.NS,0.0,Equity
2024-03-03,INFY.NS,0.0,Equity
2024-03-04,INFY.NS,-0.010575992437615311,Equity
2024-03-05,INFY.NS,-0.018751514594753882,Equity
2024-03-06,INFY.NS,0.006878330108514907,Equity
2024-03-07,INFY.NS,-0.0006800481612608822,Equity
2024-03-08,INFY.NS,0.0,Equity
2024-03-09,INFY.NS,0.0,Equity
2024-03-10,INFY.NS,0.0,Equity
2024-03-11,INFY.NS,-0.009805405473910067,Equity
2024-03-12,INFY.NS,0.0077158441190656735,Equity
2024-03-13,INFY.NS,-0.0009610044413598251,Equity
2024-03-14,INFY.NS,0.026002333089854,Equity
2024-03-15,INFY.NS,-0.01167369796762141,Equity
2024-03-16,INFY.NS,0.0,Equity
2024-03-17,INFY.NS,0.0,Equity
2024-03-18,INFY.NS,-0.01918601606353043,Equity
2024-03-19,INFY.NS,-0.025707427324524246,Equity
2024-03-20,INFY.NS,-0.0041628649824444475,Equity
2024-03-21,INFY.NS,-0.00016076345966631322,Equity
2024-03-22,INFY.NS,-0.029491244446701703,Equity
2024-03-23,INFY.NS,0.0,Equity
2024-03-24,INFY.NS,0.0,Equity
2024-03-25,INFY.NS,0.0,Equity
2024-03-26,INFY.NS,-0.01073658300924396,Equity
2024-03-27,INFY.NS,-0.005895531709710244,Equity
2024-03-28,INFY.NS,0.009569652669640272,Equity
2024-03-29,INFY.NS,0.0,Equity
2024-03-30,INFY.NS,0.0,Equity
2024-03-31,INFY.NS,0.0,Equity
2024-04-01,INFY.NS,-0.0017356005222813886,Equity
2024-04-02,INFY.NS,-0.008425617309987699,Equity
2024-04-03,INFY.NS,-0.001483558227889814,Equity
2024-04-04,INFY.NS,0.004086087529595828,Equity
2024-04-05,INFY.NS,-0.00511207190965457,Equity
2024-04-06,INFY.NS,0.0,Equity
2024-04-07,INFY.NS,0.0,Equity
2024-04-08,INFY.NS,-0.0016225781530853078,Equity
2024-04-09,INFY.NS,0.012290876466875211,Equity
2024-04-10,INFY.NS,0.0079941921608917,Equity
2024-04-11,INFY.NS,0.0,Equity
2024-04-12,INFY.NS,-0.01463367790419956,Equity
2024-04-13,INFY.NS,0.0,Equity
2024-04-14,INFY.NS,0.0,Equity
2024-04-15,INFY.NS,-0.011180255809185136,Equity
2024-04-16,INFY.NS,-0.03657681992355777,Equity
2024-04-17,INFY.NS,0.0,Equity
2024-04-18,INFY.NS,0.0033936655731501286,Equity
2024-04-19,INFY.NS,-0.00563685745790532,Equity
2024-04-20,INFY.NS,0.0,Equity
2024-04-21,INFY.NS,0.0,Equity
2024-04-22,INFY.NS,0.015234644449319878,Equity
2024-04-23,INFY.NS,0.006735479949890877,Equity
2024-04-24,INFY.NS,-0.008076878892570583,Equity
2024-04-25,INFY.NS,0.00538176044745442,Equity
2024-04-26,INFY.NS,-0.0057005195122663554,Equity
2024-04-27,INFY.NS,0.0,Equity
2024-04-28,INFY.NS,0.0,Equity
2024-04-29,INFY.NS,0.003146221710090158,Equity
2024-04-30,INFY.NS,-0.009897146275681279,Equity
2024-05-01,INFY.NS,0.0,Equity
2024-05-02,INFY.NS,-0.004294191159048277,Equity
2024-05-03,INFY.NS,0.001308076487733123,Equity
2024-05-04,INFY.NS,0.0,Equity
2024-05-05,INFY.NS,0.0,Equity
2024-05-06,INFY.NS,0.006778189757088882,Equity
2024-05-07,INFY.NS,0.010554619935386977,Equity
2024-05-08,INFY.NS,-0.009472775219185436,Equity
2024-05-09,INFY.NS,0.00858255762015725,Equity
2024-05-10,INFY.NS,-0.01017677084279045,Equity
2024-05-11,INFY.NS,0.0,Equity
2024-05-12,INFY.NS,0.0,Equity
2024-05-13,INFY.NS,-0.0010176759317276352,Equity
2024-05-14,INFY.NS,0.0008782570977874382,Equity
2024-05-15,INFY.NS,-0.003334120844498356,Equity
2024-05-16,INFY.NS,0.023522111171660587,Equity
2024-05-17,INFY.NS,-0.006227043353425166,Equity
2024-05-18,INFY.NS,0.0,Equity
2024-05-19,INFY.NS,0.0,Equity
2024-05-20,INFY.NS,0.0,Equity
2024-05-21,INFY.NS,-0.007027774994856073,Equity
2024-05-22,INFY.NS,0.014398856097958657,Equity
2024-05-23,INFY.NS,0.012097924896130818,Equity
2024-05-24,INFY.NS,-0.004957865365186609,Equity
2024-05-25,INFY.NS,0.0,Equity
2024-05-26,INFY.NS,0.0,Equity
2024-05-27,INFY.NS,0.004265829601333371,Equity
2024-05-28,INFY.NS,-0.002922453810795478,Equity
2024-05-29,INFY.NS,-0.010974442930404504,Equity
2024-05-30,INFY.NS,-0.01619627439311,Equity
2024-05-31,INFY.NS,0.0053236262460132355,Equity
2024-06-01,INFY.NS,0.0,Equity
2024-06-02,INFY.NS,0.0,Equity
2024-06-03,INFY.NS,-0.0007107863798259118,Equity
2024-06-04,INFY.NS,-0.008713349070302412,Equity
2024-06-05,INFY.NS,0.02615438007950721,Equity
2024-06-06,INFY.NS,0.029473440198760414,Equity
2024-06-07,INFY.NS,0.041670926102698846,Equity
2024-06-08,INFY.NS,0.0,Equity
2024-06-09,INFY.NS,0.0,Equity
2024-06-10,INFY.NS,-0.022072288845055077,Equity
2024-06-11,INFY.NS,-0.0026671257092762968,Equity
2024-06-12,INFY.NS,-0.007053284010088867,Equity
2024-06-13,INFY.NS,0.005891387413819116,Equity
2024-06-14,INFY.NS,-0.0033802042740307403,Equity
2024-06-15,INFY.NS,0.0,Equity
2024-06-16,INFY.NS,0.0,Equity
2024-06-17,INFY.NS,0.0,Equity
2024-06-18,INFY.NS,0.006246161887109025,Equity
2024-06-19,INFY.NS,0.008777243022074499,Equity
2024-06-20,INFY.NS,0.0026797926209569667,Equity
2024-06-21,INFY.NS,0.011416096580421975,Equity
2024-06-22,INFY.NS,0.0,Equity
2024-06-23,INFY.NS,0.0,Equity
2024-06-24,INFY.NS,-0.003621092803378745,Equity
2024-06-25,INFY.NS,0.00969125748375399,Equity
2024-06-26,INFY.NS,-0.0008106043837596832,Equity
2024-06-27,INFY.NS,0.021191651715563697,Equity
2024-06-28,INFY.NS,-0.004194957971244251,Equity
2024-06-29,INFY.NS,0.0,Equity
2024-06-30,INFY.NS,0.0,Equity
2024-07-01,INFY.NS,0.015350302684138839,Equity
2024-07-02,INFY.NS,0.019015712331906354,Equity
2024-07-03,INFY.NS,0.003917121137876789,Equity
2024-07-04,INFY.NS,0.014286610302977731,Equity
2024-07-05,INFY.NS,-0.0019387638332138968,Equity
2024-07-06,INFY.NS,0.0,Equity
2024-07-07,INFY.NS,0.0,Equity
2024-07-08,INFY.NS,0.008619475081744987,Equity
2024-07-09,INFY.NS,-0.0027081279026447413,Equity
2024-07-10,INFY.NS,-0.005370672351937333,Equity
2024-07-11,INFY.NS,0.0026997589905783936,Equity
2024-07-12,INFY.NS,0.03572950348107784,Equity
2024-07-13,INFY.NS,0.0,Equity
2024-07-14,INFY.NS,0.0,Equity
2024-07-15,INFY.NS,-0.0027457502135892486,Equity
2024-07-16,INFY.NS,0.011130298027669294,Equity
2024-07-17,INFY.NS,0.0,Equity
2024-07-18,INFY.NS,0.018539466263566506,Equity
2024-07-19,INFY.NS,0.019851480477393935,Equity
2024-07-20,INFY.NS,0.0,Equity
2024-07-21,INFY.NS,0.0,Equity
2024-07-22,INFY.NS,0.009983579652721897,Equity
2024-07-23,INFY.NS,0.014385492507307474,Equity
2024-07-24,INFY.NS,-0.0016059994959453094,Equity
2024-07-25,INFY.NS,-0.004961945869605855,Equity
2024-07-26,INFY.NS,0.029618939570773772,Equity
2024-07-27,INFY.NS,0.0,Equity
2024-07-28,INFY.NS,0.0,Equity
2024-07-29,INFY.NS,-0.004151414493532957,Equity
2024-07-30,INFY.NS,0.0032334537873448532,Equity
2024-07-31,INFY.NS,-0.004741370553906998,Equity
2024-08-01,INFY.NS,-0.008376695754268026,Equity
2024-08-02,INFY.NS,-0.01694918859369554,Equity
2024-08-03,INFY.NS,0.0,Equity
2024-08-04,INFY.NS,0.0,Equity
2024-08-05,INFY.NS,-0.038051823151921904,Equity
2024-08-06,INFY.NS,-0.0004566059960428026,Equity
2024-08-07,INFY.NS,0.023156862417727186,Equity
2024-08-08,INFY.NS,-0.027069986984593952,Equity
2024-08-09,INFY.NS,0.015833328958015036,Equity
2024-08-10,INFY.NS,0.0,Equity
2024-08-11,INFY.NS,0.0,Equity
2024-08-12,INFY.NS,0.015050161822171226,Equity
2024-08-13,INFY.NS,2.772263503647565e-05,Equity
2024-08-14,INFY.NS,0.014353703577719035,Equity
2024-08-15,INFY.NS,0.0,Equity
2024-08-16,INFY.NS,0.0195803932532177,Equity
2024-08-17,INFY.NS,0.0,Equity
2024-08-18,INFY.NS,0.0,Equity
2024-08-19,INFY.NS,0.0031470267254183337,Equity
2024-08-20,INFY.NS,0.003968152532364266,Equity
2024-08-21,INFY.NS,0.0002671008900625438,Equity
2024-08-22,INFY.NS,0.004031644157513226,Equity
2024-08-23,INFY.NS,-0.009652952738086085,Equity
2024-08-24,INFY.NS,0.0,Equity
2024-08-25,INFY.NS,0.0,Equity
2024-08-26,INFY.NS,0.007545261259731095,Equity
2024-08-27,INFY.NS,0.012765460402600626,Equity
2024-08-28,INFY.NS,0.020525212526674164,Equity
2024-08-29,INFY.NS,-0.0029652273114780803,Equity
2024-08-30,INFY.NS,0.005353335459624464,Equity
2024-08-31,INFY.NS,0.0,Equity
2024-09-01,INFY.NS,0.0,Equity
2024-09-02,INFY.NS,0.010701324079090968,Equity
2024-09-03,INFY.NS,-0.011835151891933515,Equity
2024-09-04,INFY.NS,-0.009684494835588753,Equity
2024-09-05,INFY.NS,0.005565851300120217,Equity
2024-09-06,INFY.NS,-0.01619120556806619,Equity
2024-09-07,INFY.NS,0.0,Equity
2024-09-08,INFY.NS,0.0,Equity
2024-09-09,INFY.NS,-0.0037857812707090543,Equity
2024-09-10,INFY.NS,0.009315785282262956,Equity
2024-09-11,INFY.NS,-0.001124436186584643,Equity
2024-09-12,INFY.NS,0.02109792808550548,Equity
2024-09-13,INFY.NS,-0.003255712225174623,Equity
2024-09-14,INFY.NS,0.0,Equity
2024-09-15,INFY.NS,0.0,Equity
2024-09-16,INFY.NS,0.003163431355984958,Equity
2024-09-17,INFY.NS,0.0011793358254901243,Equity
2024-09-18,INFY.NS,-0.030933891504956734,Equity
2024-09-19,INFY.NS,0.001083338752490448,Equity
2024-09-20,INFY.NS,0.006097671456535947,Equity
2024-09-21,INFY.NS,0.0,Equity
2024-09-22,INFY.NS,0.0,Equity
2024-09-23,INFY.NS,-0.004880054667497746,Equity
2024-09-24,INFY.NS,0.0011336999861455421,Equity
2024-09-25,INFY.NS,-0.0017380586300201895,Equity
2024-09-26,INFY.NS,0.0026116271060603324,Equity
2024-09-27,INFY.NS,0.0034207215978663275,Equity
2024-09-28,INFY.NS,0.0,Equity
2024-09-29,INFY.NS,0.0,Equity
2024-09-30,INFY.NS,-0.016336715971830507,Equity
2024-10-01,INFY.NS,0.015328358024857103,Equity
2024-10-02,INFY.NS,0.0,Equity
2024-10-03,INFY.NS,-0.005749914560950087,Equity
2024-10-04,INFY.NS,0.013071641802668177,Equity
2024-10-05,INFY.NS,0.0,Equity
2024-10-06,INFY.NS,0.0,Equity
2024-10-07,INFY.NS,0.008419613407657067,Equity
2024-10-08,INFY.NS,0.007367062327956253,Equity
2024-10-09,INFY.NS,0.0021553691033711075,Equity
2024-10-10,INFY.NS,-0.017283330689397913,Equity
2024-10-11,INFY.NS,0.008389785549694384,Equity
2024-10-12,INFY.NS,0.0,Equity
2024-10-13,INFY.NS,0.0,Equity
2024-10-14,INFY.NS,0.012299133390425432,Equity
2024-10-15,INFY.NS,0.00020421031443129678,Equity
2024-10-16,INFY.NS,-0.020007162445430104,Equity
2024-10-17,INFY.NS,0.024998700791011297,Equity
2024-10-18,INFY.NS,-0.04496724431034149,Equity
2024-10-19,INFY.NS,0.0,Equity
2024-10-20,INFY.NS,0.0,Equity
2024-10-21,INFY.NS,-0.014284967477264932,Equity
2024-10-22,INFY.NS,-0.000620698905458128,Equity
2024-10-23,INFY.NS,0.011773624034065122,Equity
2024-10-24,INFY.NS,-0.005364583071820417,Equity
2024-10-25,INFY.NS,-0.0006975969198224075,Equity
2024-10-26,INFY.NS,0.0,Equity
2024-10-27,INFY.NS,0.0,Equity
2024-10-28,INFY.NS,0.0017721746596908172,Equity
2024-10-29,INFY.NS,-0.002738058999651738,Equity
2024-10-30,INFY.NS,-0.020225155043418486,Equity
2024-10-31,INFY.NS,-0.02488760128786449,Equity
2024-11-01,INFY.NS,0.0020486188469643896,Equity
2024-11-02,INFY.NS,0.0,Equity
2024-11-03,INFY.NS,0.0,Equity
2024-11-04,INFY.NS,0.0015902633627447038,Equity
2024-11-05,INFY.NS,-0.005358260921865976,Equity
2024-11-06,INFY.NS,0.039619131084214665,Equity
2024-11-07,INFY.NS,-0.011323039882081165,Equity
2024-11-08,INFY.NS,0.01491904551957779,Equity
2024-11-09,INFY.NS,0.0,Equity
2024-11-10,INFY.NS,0.0,Equity
2024-11-11,INFY.NS,0.016475900432786794,Equity
2024-11-12,INFY.NS,0.004677247427422593,Equity
2024-11-13,INFY.NS,-0.00021406713637694974,Equity
2024-11-14,INFY.NS,-0.0020605430491517085,Equity
2024-11-15,INFY.NS,0.0,Equity
2024-11-16,INFY.NS,0.0,Equity
2024-11-17,INFY.NS,0.0,Equity
2024-11-18,INFY.NS,-0.028478798480818024,Equity
2024-11-19,INFY.NS,0.007342262905645658,Equity
2024-11-20,INFY.NS,0.0,Equity
2024-11-21,INFY.NS,0.0050965369997084675,Equity
2024-11-22,INFY.NS,0.037185432117766926,Equity
2024-11-23,INFY.NS,0.0,Equity
2024-11-24,INFY.NS,0.0,Equity
2024-11-25,INFY.NS,-0.0065974854036705555,Equity
2024-11-26,INFY.NS,0.018230506728195817,Equity
2024-11-27,INFY.NS,0.00018191246633403324,Equity
2024-11-28,INFY.NS,-0.035255995390908734,Equity
2024-11-29,INFY.NS,0.0006463363599944483,Equity
2024-11-30,INFY.NS,0.0,Equity
2024-12-01,INFY.NS,0.0,Equity
2024-12-02,INFY.NS,0.011814808806523525,Equity
2024-12-03,INFY.NS,0.006543226244792644,Equity
2024-12-04,INFY.NS,-0.0015062551836474425,Equity
2024-12-05,INFY.NS,0.024136505099362937,Equity
2024-12-06,INFY.NS,-0.0064345542409252054,Equity
2024-12-07,INFY.NS,0.0,Equity
2024-12-08,INFY.NS,0.0,Equity
2024-12-09,INFY.NS,0.0006502507872017116,Equity
2024-12-10,INFY.NS,0.012944100201867537,Equity
2024-12-11,INFY.NS,0.01313796061585304,Equity
2024-12-12,INFY.NS,0.006509166674253386,Equity
2024-12-13,INFY.NS,0.0063914845819594834,Equity
2024-12-14,INFY.NS,0.0,Equity
2024-12-15,INFY.NS,0.0,Equity
2024-12-16,INFY.NS,-0.009826420951567383,Equity
2024-12-17,INFY.NS,-0.0017424414911683117,Equity
2024-12-18,INFY.NS,0.0012901478233444674,Equity
2024-12-19,INFY.NS,-0.016648642263975,Equity
2024-12-20,INFY.NS,-0.012357312731203551,Equity
2024-12-21,INFY.NS,0.0,Equity
2024-12-22,INFY.NS,0.0,Equity
2024-12-23,INFY.NS,0.0011185035774330387,Equity
2024-12-24,INFY.NS,-0.007924952618270753,Equity
2024-12-25,INFY.NS,0.0,Equity
2024-12-26,INFY.NS,-0.0008642859696327276,Equity
2024-12-27,INFY.NS,0.004901922993163943,Equity
2024-12-28,INFY.NS,0.0,Equity
2024-12-29,INFY.NS,0.0,Equity
2024-12-30,INFY.NS,-0.005608404922481491,Equity
2024-12-31,INFY.NS,-0.013641210274873639,Equity
2025-01-01,INFY.NS,0.0013297652758048617,Equity
2025-01-02,INFY.NS,0.040026585357223254,Equity
2025-01-03,INFY.NS,-0.00975561532049507,Equity
2025-01-04,INFY.NS,0.0,Equity
2025-01-05,INFY.NS,0.0,Equity
2025-01-06,INFY.NS,-0.0004641597072423398,Equity
2025-01-07,INFY.NS,-0.0036122687163170353,Equity
2025-01-08,INFY.NS,0.0011911837561069394,Equity
2025-01-09,INFY.NS,-0.008198986696004718,Equity
2025-01-10,INFY.NS,0.02589567172437679,Equity
2025-01-11,INFY.NS,0.0,Equity
2025-01-12,INFY.NS,0.0,Equity
2025-01-13,INFY.NS,-0.0024148729027209104,Equity
2025-01-14,INFY.NS,-0.011288274775039686,Equity
2025-01-15,INFY.NS,0.004948280229359003,Equity
2025-01-16,INFY.NS,-0.010873780624752305,Equity
2025-01-17,INFY.NS,-0.058596278764030174,Equity
2025-01-18,INFY.NS,0.0,Equity
2025-01-19,INFY.NS,0.0,Equity
2025-01-20,INFY.NS,-0.001184241816280518,Equity
2025-01-21,INFY.NS,-0.006948705669884037,Equity
2025-01-22,INFY.NS,0.03096020848551917,Equity
2025-01-23,INFY.NS,0.004847909433837616,Equity
2025-01-24,INFY.NS,0.005360683242882525,Equity
2025-01-25,INFY.NS,0.0,Equity
2025-01-26,INFY.NS,0.0,Equity
2025-01-27,INFY.NS,-0.028499852936022196,Equity
2025-01-28,INFY.NS,0.004253628386954311,Equity
2025-01-29,INFY.NS,0.028145895061457038,Equity
2025-01-30,INFY.NS,-0.011322250968301195,Equity
2025-01-31,INFY.NS,0.010672387149428975,Equity
2025-02-01,INFY.NS,-0.015134633072867887,Equity
2025-02-02,INFY.NS,0.0,Equity
2025-02-03,INFY.NS,0.00645477951097484,Equity
2025-02-04,INFY.NS,0.01905222696767961,Equity
2025-02-05,INFY.NS,-0.0009216392814788144,Equity
2025-02-06,INFY.NS,0.009804663978037809,Equity
2025-02-07,INFY.NS,-0.006264167333139614,Equity
2025-02-08,INFY.NS,0.0,Equity
2025-02-09,INFY.NS,0.0,Equity
2025-02-10,INFY.NS,-0.01226590887423673,Equity
2025-02-11,INFY.NS,-0.0024730180813462566,Equity
2025-02-12,INFY.NS,-0.006664379918906005,Equity
2025-02-13,INFY.NS,-0.010680837537941357,Equity
2025-02-14,INFY.NS,0.007134111379769603,Equity
2025-02-15,INFY.NS,0.0,Equity
2025-02-16,INFY.NS,0.0,Equity
2025-02-17,INFY.NS,-0.007595271793347624,Equity
2025-02-18,INFY.NS,0.005237981244643475,Equity
2025-02-19,INFY.NS,-0.022219803205937083,Equity
2025-02-20,INFY.NS,0.007924658002033347,Equity
2025-02-21,INFY.NS,-0.005561200683328216,Equity
2025-02-22,INFY.NS,0.0,Equity
2025-02-23,INFY.NS,0.0,Equity
2025-02-24,INFY.NS,-0.02804411435274512,Equity
2025-02-25,INFY.NS,0.002040664095347644,Equity
2025-02-26,INFY.NS,0.0,Equity
2025-02-27,INFY.NS,-0.0019233175681632186,Equity
2025-02-28,INFY.NS,-0.043416699975758144,Equity
2025-03-01,INFY.NS,0.0,Equity
2025-03-02,INFY.NS,0.0,Equity
2025-03-03,INFY.NS,0.012383679824560678,Equity
2025-03-04,INFY.NS,-0.01188095593455274,Equity
2025-03-05,INFY.NS,0.013741593192830193,Equity
2025-03-06,INFY.NS,0.0025416365463410973,Equity
2025-03-07,INFY.NS,-0.017396590956119562,Equity
2025-03-08,INFY.NS,0.0,Equity
2025-03-09,INFY.NS,0.0,Equity
2025-03-10,INFY.NS,0.009163669770646532,Equity
2025-03-11,INFY.NS,-0.023421214966477533,Equity
2025-03-12,INFY.NS,-0.0425794706477548,Equity
2025-03-13,INFY.NS,-0.006914554741923595,Equity
2025-03-14,INFY.NS,0.0,Equity
2025-03-15,INFY.NS,0.0,Equity
2025-03-16,INFY.NS,0.0,Equity
2025-03-17,INFY.NS,0.006456418973047606,Equity
2025-03-18,INFY.NS,0.0,Equity
2025-03-19,INFY.NS,-0.00220119949880182,Equity
2025-03-20,INFY.NS,0.018278620812907098,Equity
2025-03-21,INFY.NS,-0.014236619619695579,Equity
2025-03-22,INFY.NS,0.0,Equity
2025-03-23,INFY.NS,0.0,Equity
2025-03-24,INFY.NS,0.00012556057350643357,Equity
2025-03-25,INFY.NS,0.022413970241382142,Equity
2025-03-26,INFY.NS,-0.017808314436582484,Equity
2025-03-27,INFY.NS,0.0025634771572127235,Equity
2025-03-28,INFY.NS,-0.02051698539435487,Equity
2025-03-29,INFY.NS,0.0,Equity
2025-03-30,INFY.NS,0.0,Equity
2025-03-31,INFY.NS,0.0,Equity
2025-04-01,INFY.NS,-0.028109470432211014,Equity
2025-04-02,INFY.NS,0.015493042979602967,Equity
2025-04-03,INFY.NS,-0.034609558856795175,Equity
2025-04-04,INFY.NS,-0.029969891533936033,Equity
2025-04-05,INFY.NS,0.0,Equity
2025-04-06,INFY.NS,0.0,Equity
2025-04-07,INFY.NS,-0.03781906650158873,Equity
2025-04-08,INFY.NS,0.02294613852284555,Equity
2025-04-09,INFY.NS,-0.017567281209237007,Equity
2025-04-10,INFY.NS,0.0,Equity
2025-04-11,INFY.NS,0.004096311949331355,Equity
2025-04-12,INFY.NS,0.0,Equity
2025-04-13,INFY.NS,0.0,Equity
2025-04-14,INFY.NS,0.0,Equity
2025-04-15,INFY.NS,0.01174220526535108,Equity
2025-04-16,INFY.NS,-0.00904634878821764,Equity
2025-04-17,INFY.NS,0.004529156461396733,Equity
2025-04-18,INFY.NS,0.0,Equity
2025-04-19,INFY.NS,0.0,Equity
2025-04-20,INFY.NS,0.0,Equity
2025-04-21,INFY.NS,0.02219093406167727,Equity
2025-04-22,INFY.NS,-0.0194348548557427,Equity
2025-04-23,INFY.NS,0.03661790756883443,Equity
2025-04-24,INFY.NS,-0.0023730540092197216,Equity
2025-04-25,INFY.NS,0.005980657611814877,Equity
2025-04-26,INFY.NS,0.0,Equity
2025-04-27,INFY.NS,0.0,Equity
2025-04-28,INFY.NS,0.0012835755147759809,Equity
2025-04-29,INFY.NS,0.010390697378602765,Equity
2025-04-30,INFY.NS,0.0017362285527053878,Equity
2025-05-01,INFY.NS,0.0,Equity
2025-05-02,INFY.NS,0.004533080174566884,Equity
2025-05-03,INFY.NS,0.0,Equity
2025-05-04,INFY.NS,0.0,Equity
2025-05-05,INFY.NS,0.0011280517657743516,Equity
2025-05-06,INFY.NS,0.0019224003419748836,Equity
2025-05-07,INFY.NS,-0.002117110352662155,Equity
2025-05-08,INFY.NS,0.002055273311353245,Equity
2025-05-09,INFY.NS,-0.002514240153966174,Equity
2025-05-10,INFY.NS,0.0,Equity
2025-05-11,INFY.NS,0.0,Equity
2025-05-12,INFY.NS,0.07913246116155648,Equity
2025-05-13,INFY.NS,-0.035835114916147326,Equity
2025-05-14,INFY.NS,0.015172809993738268,Equity
2025-05-15,INFY.NS,0.012936483488017902,Equity
2025-05-16,INFY.NS,-0.014321149494393226,Equity
2025-05-17,INFY.NS,0.0,Equity
2025-05-18,INFY.NS,0.0,Equity
2025-05-19,INFY.NS,-0.018931960167872353,Equity
2025-05-20,INFY.NS,0.000512787497203071,Equity
2025-05-21,INFY.NS,0.005062187911810678,Equity
2025-05-22,INFY.NS,-0.01338857451469655,Equity
2025-05-23,INFY.NS,0.011179321439033885,Equity
2025-05-24,INFY.NS,0.0,Equity
2025-05-25,INFY.NS,0.0,Equity
2025-05-26,INFY.NS,0.010033186936206917,Equity
2025-05-27,INFY.NS,-0.006580201916487338,Equity
2025-05-28,INFY.NS,0.0010828053519897907,Equity
2025-05-29,INFY.NS,0.008779651684537093,Equity
2025-05-30,INFY.NS,-0.000575544655004534,Equity
2025-05-31,INFY.NS,0.0,Equity
2025-06-01,INFY.NS,0.0,Equity
2025-06-02,INFY.NS,-0.005695232981576481,Equity
2025-06-03,INFY.NS,-0.006950733703624312,Equity
2025-06-04,INFY.NS,0.005314279113993958,Equity
2025-06-05,INFY.NS,0.0019985095671264386,Equity
2025-06-06,INFY.NS,0.006112110512533464,Equity
2025-06-07,INFY.NS,0.0,Equity
2025-06-08,INFY.NS,0.0,Equity
2025-06-09,INFY.NS,0.00581914423398433,Equity
2025-06-10,INFY.NS,0.014686255064056075,Equity
2025-06-11,INFY.NS,0.021992427602813613,Equity
2025-06-12,INFY.NS,-0.013794385759992811,Equity
2025-06-13,INFY.NS,-0.004102948788338834,Equity
2025-06-14,INFY.NS,0.0,Equity
2025-06-15,INFY.NS,0.0,Equity
2025-06-16,INFY.NS,0.013608076804470182,Equity
2025-06-17,INFY.NS,0.009914972217133888,Equity
2025-06-18,INFY.NS,-0.00426852522109733,Equity
2025-06-19,INFY.NS,-0.008879908596744035,Equity
2025-06-20,INFY.NS,0.0027805113022407735,Equity
2025-06-21,INFY.NS,0.0,Equity
2025-06-22,INFY.NS,0.0,Equity
2025-06-23,INFY.NS,-0.023969443892467135,Equity
2025-06-24,INFY.NS,-0.0015152020183288872,Equity
2025-06-25,INFY.NS,0.0210546747935465,Equity
2025-06-26,INFY.NS,0.0006811314687342751,Equity
2025-06-27,INFY.NS,-0.0049505068195248025,Equity
2025-06-28,INFY.NS,0.0,Equity
2025-06-29,INFY.NS,0.0,Equity
2025-06-30,INFY.NS,-0.0038556766522145347,Equity
2025-07-01,INFY.NS,0.00312153433126805,Equity
2025-07-02,INFY.NS,0.0023026840504283275,Equity
2025-07-03,INFY.NS,0.005091544446949037,Equity
2025-07-04,INFY.NS,0.013591109035293591,Equity
2025-07-05,INFY.NS,0.0,Equity
2025-07-06,INFY.NS,0.0,Equity
2025-07-07,INFY.NS,-0.008350005091420476,Equity
2025-07-08,INFY.NS,0.007191055606589503,Equity
2025-07-09,INFY.NS,-0.0030511686780767544,Equity
2025-07-10,INFY.NS,-0.010956662899005876,Equity
2025-07-11,INFY.NS,-0.01293482606343832,Equity
2025-07-12,INFY.NS,0.0,Equity
2025-07-13,INFY.NS,0.0,Equity
2025-07-14,INFY.NS,-0.0154241157811138,Equity
2025-07-15,INFY.NS,0.009743300992206994,Equity
2025-07-16,INFY.NS,0.014064145503968728,Equity
2025-07-17,INFY.NS,-0.015175077511053292,Equity
2025-07-18,INFY.NS,0.0016418501554422704,Equity
2025-07-19,INFY.NS,0.0,Equity
2025-07-20,INFY.NS,0.0,Equity
2025-07-21,INFY.NS,-0.0011347602410705093,Equity
2025-07-22,INFY.NS,-0.008458021441934749,Equity
2025-07-23,INFY.NS,0.002291637951500114,Equity
2025-07-24,INFY.NS,-0.013972644297704728,Equity
2025-07-25,INFY.NS,-0.023703775020223472,Equity
2025-07-26,INFY.NS,0.0,Equity
2025-07-27,INFY.NS,0.0,Equity
2025-07-28,INFY.NS,0.00019796562315921307,Equity
2025-07-29,INFY.NS,-0.0015171907820399344,Equity
2025-07-30,INFY.NS,0.0035014405245969993,Equity
2025-07-31,INFY.NS,-0.006583293781351474,Equity
2025-08-01,INFY.NS,-0.02611007595846615,Equity
2025-08-02,INFY.NS,0.0,Equity
2025-08-03,INFY.NS,0.0,Equity
2025-08-04,INFY.NS,0.00741703162040297,Equity
2025-08-05,INFY.NS,-0.013644012843117781,Equity
2025-08-06,INFY.NS,-0.01616113453257373,Equity
2025-08-07,INFY.NS,0.00013923412260852253,Equity
2025-08-08,INFY.NS,-0.009604005658294223,Equity
2025-08-09,INFY.NS,0.0,Equity
2025-08-10,INFY.NS,0.0,Equity
2025-08-11,INFY.NS,0.003583703723702314,Equity
2025-08-12,INFY.NS,-0.0028706795318467204,Equity
2025-08-13,INFY.NS,0.0017554770431189581,Equity
2025-08-14,INFY.NS,0.014790328304734146,Equity
2025-08-15,INFY.NS,0.0,Equity
2025-08-16,INFY.NS,0.0,Equity
2025-08-17,INFY.NS,0.0,Equity
2025-08-18,INFY.NS,-0.008219856637495249,Equity
2025-08-19,INFY.NS,0.0029252312851621998,Equity
2025-08-20,INFY.NS,0.03902772215582018,Equity
2025-08-21,INFY.NS,0.00013369713754762813,Equity
2025-08-22,INFY.NS,-0.005947650570352403,Equity
2025-08-23,INFY.NS,0.0,Equity
2025-08-24,INFY.NS,0.0,Equity
2025-08-25,INFY.NS,0.02998317344845991,Equity
2025-08-26,INFY.NS,-0.0016317309914584133,Equity
2025-08-27,INFY.NS,0.0,Equity
2025-08-28,INFY.NS,-0.019286073351576283,Equity
2025-08-29,INFY.NS,-0.02033200567636151,Equity
2025-08-30,INFY.NS,0.0,Equity
2025-08-31,INFY.NS,0.0,Equity
2025-09-01,INFY.NS,0.020277734509112744,Equity
2025-09-02,INFY.NS,-0.000466941276740962,Equity
2025-09-03,INFY.NS,-0.013077982625540052,Equity
2025-09-04,INFY.NS,-0.010884952266993153,Equity
2025-09-05,INFY.NS,-0.0125769769170061,Equity
2025-09-06,INFY.NS,0.0,Equity
2025-09-07,INFY.NS,0.0,Equity
2025-09-08,INFY.NS,-0.008099022909510478,Equity
2025-09-09,INFY.NS,0.049828968595041045,Equity
2025-09-10,INFY.NS,0.01881273575858322,Equity
2025-09-11,INFY.NS,-0.014941992214951072,Equity
2025-09-12,INFY.NS,0.010531906902438548,Equity
2025-09-13,INFY.NS,0.0,Equity
2025-09-14,INFY.NS,0.0,Equity
2025-09-15,INFY.NS,-0.011274182376637354,Equity
2025-09-16,INFY.NS,0.0019226002027690203,Equity
2025-09-17,INFY.NS,0.007344658343813926,Equity
2025-09-18,INFY.NS,0.011954778850512326,Equity
2025-09-19,INFY.NS,-0.00025968797861875004,Equity
2025-09-20,INFY.NS,0.0,Equity
2025-09-21,INFY.NS,0.0,Equity
2025-09-22,INFY.NS,-0.026425126300849255,Equity
2025-09-23,INFY.NS,-0.001333781095419706,Equity
2025-09-24,INFY.NS,-0.001936594510264844,Equity
2025-09-25,INFY.NS,-0.006556846331885247,Equity
2025-09-26,INFY.NS,-0.0241783841027452,Equity
2025-09-27,INFY.NS,0.0,Equity
2025-09-28,INFY.NS,0.0,Equity
2025-09-29,INFY.NS,-0.004900250820714547,Equity
2025-09-30,INFY.NS,0.0,Equity
2025-10-01,INFY.NS,0.002774316401011667,Equity
2025-10-02,INFY.NS,0.0,Equity
2025-10-03,INFY.NS,0.0005532595939619078,Equity
2025-10-04,INFY.NS,0.0,Equity
2025-10-05,INFY.NS,0.0,Equity
2025-10-06,INFY.NS,0.020323574709232295,Equity
2025-10-07,INFY.NS,-0.01185641743214716,Equity
2025-10-08,INFY.NS,0.025025750179790363,Equity
2025-10-09,INFY.NS,0.009565277297289398,Equity
2025-10-10,INFY.NS,0.003710288567871922,Equity
2025-10-11,INFY.NS,0.0,Equity
2025-10-12,INFY.NS,0.0,Equity
2025-10-13,INFY.NS,-0.014324456419739229,Equity
2025-10-14,INFY.NS,-0.002209936955582581,Equity
2025-10-15,INFY.NS,-0.010403344749247756,Equity
2025-10-16,INFY.NS,-0.0019669357420863953,Equity
2025-10-17,INFY.NS,-0.020659205897191613,Equity
2025-10-18,INFY.NS,0.0,Equity
2025-10-19,INFY.NS,0.0,Equity
2025-10-20,INFY.NS,0.013739511062062615,Equity
2025-10-21,INFY.NS,0.00787189948727618,Equity
2025-10-22,INFY.NS,0.0,Equity
2025-10-23,INFY.NS,0.03810099164716063,Equity
2025-10-24,INFY.NS,-0.0020281085860299752,Equity
2025-10-25,INFY.NS,0.0,Equity
2025-10-26,INFY.NS,0.0,Equity
2025-10-27,INFY.NS,0.0013977473055197809,Equity
2025-10-28,INFY.NS,-0.0028581248442173246,Equity
2025-10-29,INFY.NS,0.006799142497118327,Equity
2025-10-30,INFY.NS,-0.010990449760074128,Equity
2025-10-31,INFY.NS,-0.007698486828288442,Equity
2025-11-01,INFY.NS,0.0,Equity
2025-11-02,INFY.NS,0.0,Equity
2025-11-03,INFY.NS,0.002158774247093209,Equity
2025-11-04,INFY.NS,-0.011847846237588389,Equity
2025-11-05,INFY.NS,0.0,Equity
2025-11-06,INFY.NS,-0.0008175442620259599,Equity
2025-11-07,INFY.NS,0.006886273943201626,Equity
2025-11-08,INFY.NS,0.0,Equity
2025-11-09,INFY.NS,0.0,Equity
2025-11-10,INFY.NS,0.024850995367312834,Equity
2025-11-11,INFY.NS,0.011100131369755628,Equity
2025-11-12,INFY.NS,0.01398412184599862,Equity
2025-11-13,INFY.NS,-0.006380036511745346,Equity
2025-11-14,INFY.NS,-0.025295108811056677,Equity
2025-11-15,INFY.NS,0.0,Equity
2025-11-16,INFY.NS,0.0,Equity
2025-11-17,INFY.NS,0.003193988955187743,Equity
2025-11-18,INFY.NS,-0.0140620532735386,Equity
2025-11-19,INFY.NS,0.03680028947351355,Equity
2025-11-20,INFY.NS,-0.0029848651345208976,Equity
2025-11-21,INFY.NS,0.0055320533680442985,Equity
2025-11-22,INFY.NS,0.0,Equity
2025-11-23,INFY.NS,0.0,Equity
2025-11-24,INFY.NS,0.001941747572815622,Equity
2025-11-25,INFY.NS,-0.011240325848877575,Equity
2025-11-26,INFY.NS,0.01783617487493694,Equity
2025-11-27,INFY.NS,0.005456062562934294,Equity
2025-11-28,INFY.NS,-0.004021992294389598,Equity
2025-11-29,INFY.NS,0.0,Equity
2025-11-30,INFY.NS,0.0,Equity
2025-12-01,INFY.NS,0.00249985544201925,Equity
2025-12-02,INFY.NS,-0.0019181585677748858,Equity
2025-12-03,INFY.NS,0.011338854049887992,Equity
2025-12-04,INFY.NS,0.01197189142878785,Equity
2025-12-05,INFY.NS,0.011642448591748122,Equity
2025-12-06,INFY.NS,0.0,Equity
2025-12-07,INFY.NS,0.0,Equity
2025-12-08,INFY.NS,-0.0033411103247680263,Equity
2025-12-09,INFY.NS,-0.007325582611392156,Equity
2025-12-10,INFY.NS,-0.008880519807301424,Equity
2025-12-11,INFY.NS,0.008329095636787631,Equity
2025-12-12,INFY.NS,0.00012512588978408345,Equity
2025-12-13,INFY.NS,0.0,Equity
2025-12-14,INFY.NS,0.0,Equity
2025-12-15,INFY.NS,0.005381114953697752,Equity
2025-12-16,INFY.NS,-0.008650749310220696,Equity
2025-12-17,INFY.NS,0.005712835360954127,Equity
2025-12-18,INFY.NS,0.015480679667993158,Equity
2025-12-19,INFY.NS,0.007314913933228695,Equity
2025-12-20,INFY.NS,0.0,Equity
2025-12-21,INFY.NS,0.0,Equity
2025-12-22,INFY.NS,0.031061222878332684,Equity
2025-12-23,INFY.NS,-0.01260649092423538,Equity
2025-12-24,INFY.NS,-0.0029371361689429776,Equity
2025-12-25,INFY.NS,0.0,Equity
2025-12-26,INFY.NS,-0.004388630949248906,Equity
2025-12-27,INFY.NS,0.0,Equity
2025-12-28,INFY.NS,0.0,Equity
2025-12-29,INFY.NS,-0.006883657135511423,Equity
2025-12-30,INFY.NS,-0.014045100183458059,Equity
2025-12-31,INFY.NS,-0.003823354258274958,Equity
2026-01-01,INFY.NS,0.008914215795734926,Equity
2026-01-02,INFY.NS,0.006503850330326744,Equity
2026-01-03,INFY.NS,0.0,Equity
2026-01-04,INFY.NS,0.0,Equity
2026-01-05,INFY.NS,-0.02072665172761412,Equity
2026-01-06,INFY.NS,0.0036105121200604717,Equity
2026-01-07,INFY.NS,0.016623278526118668,Equity
2026-01-08,INFY.NS,-0.015680263070088518,Equity
2026-01-09,INFY.NS,0.0004958326000135127,Equity
2026-01-10,INFY.NS,0.0,Equity
2026-01-11,INFY.NS,0.0,Equity
2026-01-12,INFY.NS,-0.011275603399515721,Equity
2026-01-13,INFY.NS,0.0019424622711410322,Equity
2026-01-14,INFY.NS,0.0005003432320982437,Equity
2026-01-15,INFY.NS,0.0,Equity
2026-01-16,INFY.NS,0.05625703041197316,Equity
2026-01-17,INFY.NS,0.0,Equity
2026-01-18,INFY.NS,0.0,Equity
2026-01-19,INFY.NS,-0.0050894173320767955,Equity
2026-01-20,INFY.NS,-0.013264291818631313,Equity
2026-01-21,INFY.NS,-0.0027126408667028645,Equity
2026-01-22,INFY.NS,0.005500468720774032,Equity
2026-01-23,INFY.NS,0.004388367194544607,Equity
2026-01-24,INFY.NS,0.0,Equity
2026-01-25,INFY.NS,0.0,Equity
2026-01-26,INFY.NS,0.0,Equity
2026-01-27,INFY.NS,0.0071222779482778,Equity
2026-01-28,INFY.NS,-0.009627355822167227,Equity
2026-01-29,INFY.NS,-0.00420042004200416,Equity
2026-01-30,INFY.NS,-0.01114793612533893,Equity
2026-01-31,INFY.NS,0.0,Equity
2026-02-01,INFY.NS,0.0,Equity
2026-02-02,INFY.NS,-0.0070688455733927125,Equity
2026-02-03,INFY.NS,0.01632501238945472,Equity
2026-02-04,INFY.NS,-0.07258451157721924,Equity
2026-02-05,INFY.NS,-0.010157635864221692,Equity
2026-02-06,INFY.NS,-0.008617271416065497,Equity
2026-02-07,INFY.NS,0.0,Equity
2026-02-08,INFY.NS,0.0,Equity
2026-02-09,INFY.NS,-0.006568923478492916,Equity
2026-02-10,INFY.NS,0.0004008133020445559,Equity
2026-02-11,INFY.NS,-0.017292044044414756,Equity
2026-02-12,INFY.NS,-0.05835995854966969,Equity
2026-02-13,INFY.NS,-0.012193379808125848,Equity
2026-02-14,INFY.NS,0.0,Equity
2026-02-15,INFY.NS,0.0,Equity
2026-02-16,INFY.NS,-0.0025564239737145833,Equity
2026-02-17,INFY.NS,0.01874632106298435,Equity
2026-02-18,INFY.NS,-0.012579068871630517,Equity
2026-02-19,INFY.NS,-0.002329439677962508,Equity
2026-02-20,INFY.NS,-0.012623165872400532,Equity
2026-02-21,INFY.NS,0.0,Equity
2026-02-22,INFY.NS,0.0,Equity
2026-02-23,INFY.NS,-0.018991983519966005,Equity
2026-02-24,INFY.NS,-0.03917137476459509,Equity
2026-02-25,INFY.NS,0.011446472431154486,Equity
2026-02-26,INFY.NS,-0.0007751337252338564,Equity
2026-02-27,INFY.NS,0.008533085259737172,Equity
2026-02-28,INFY.NS,0.0,Equity
2026-03-01,INFY.NS,0.0,Equity
2026-03-02,INFY.NS,-0.008614684549030471,Equity
2026-03-03,INFY.NS,0.0,Equity
2026-03-04,INFY.NS,0.01435332426842817,Equity
2026-03-05,INFY.NS,-0.0012237842711182445,Equity
2026-03-06,INFY.NS,0.0019910977858139667,Equity
2026-03-07,INFY.NS,0.0,Equity
2026-03-08,INFY.NS,0.0,Equity
2026-03-09,INFY.NS,0.005044310197787727,Equity
2026-03-10,INFY.NS,-0.014752870276853569,Equity
2026-03-11,INFY.NS,-0.014896516765588896,Equity
2026-03-12,INFY.NS,-0.00822690558512551,Equity
2026-03-13,INFY.NS,-0.013825248321171602,Equity
2026-03-14,INFY.NS,0.0,Equity
2026-03-15,INFY.NS,0.0,Equity
2026-03-16,INFY.NS,0.0012016341755398674,Equity
2026-03-17,INFY.NS,-0.01352218255224813,Equity
2026-03-18,INFY.NS,0.02773943587853256,Equity
2026-03-19,INFY.NS,-0.03654007390885028,Equity
2026-03-20,INFY.NS,0.02875161712160046,Equity
2026-03-21,INFY.NS,0.0,Equity
2026-03-22,INFY.NS,0.0,Equity
2026-03-23,INFY.NS,0.0007166369906572712,Equity
2026-03-24,INFY.NS,0.017106937591263804,Equity
2026-03-25,INFY.NS,0.0006257738615795816,Equity
2026-03-26,INFY.NS,0.0,Equity
2026-03-27,INFY.NS,-0.007348936434586784,Equity
2026-03-28,INFY.NS,0.0,Equity
2026-03-29,INFY.NS,0.0,Equity
2026-03-30,INFY.NS,-0.015042904875525176,Equity
2026-03-31,INFY.NS,0.0,Equity
2026-04-01,INFY.NS,0.02007034709414368,Equity
2026-04-02,INFY.NS,0.019675549593925146,Equity
2026-04-03,INFY.NS,0.0,Equity
2026-04-04,INFY.NS,0.0,Equity
2026-04-05,INFY.NS,0.0,Equity
2026-04-06,INFY.NS,0.004151216283098114,Equity
2026-04-07,INFY.NS,0.02541729787418956,Equity
2026-04-08,INFY.NS,0.005076845329151869,Equity
2026-04-09,INFY.NS,-0.010845324703234516,Equity
2026-04-10,INFY.NS,-0.02936315432773462,Equity
2026-04-11,INFY.NS,0.0,Equity
2026-04-12,INFY.NS,0.0,Equity
2026-04-13,INFY.NS,-0.012146964156189544,Equity
2026-04-14,INFY.NS,0.0,Equity
2026-04-15,INFY.NS,0.022321427717799658,Equity
2026-04-16,INFY.NS,0.0106488177612718,Equity
2026-04-17,INFY.NS,-0.0003790176004447865,Equity
2026-04-18,INFY.NS,0.0,Equity
2026-04-19,INFY.NS,0.0,Equity
2026-04-20,INFY.NS,-0.004625749459167494,Equity
2026-04-21,INFY.NS,0.00045708943859290585,Equity
2026-04-22,INFY.NS,-0.033962821538439214,Equity
2026-04-23,INFY.NS,-0.02207157538929283,Equity
2026-04-24,INFY.NS,-0.06932129751121596,Equity
2026-04-25,INFY.NS,0.0,Equity
2026-04-26,INFY.NS,0.0,Equity
2026-04-27,INFY.NS,0.013597846504560973,Equity
2026-04-28,INFY.NS,-0.015551629909280162,Equity
2026-04-29,INFY.NS,0.013366916708968946,Equity
2026-04-30,INFY.NS,0.012248435827087789,Equity
2026-05-01,INFY.NS,0.0,Equity
2026-05-02,INFY.NS,0.0,Equity
2026-05-03,INFY.NS,0.0,Equity
2026-05-04,INFY.NS,-0.011338656168909389,Equity
2026-05-05,INFY.NS,0.008301909422451015,Equity
2026-05-06,INFY.NS,-0.009252206637761162,Equity
2026-05-07,INFY.NS,-0.0038553805588168455,Equity
2026-05-08,INFY.NS,0.014191107502300904,Equity
2026-05-09,INFY.NS,0.0,Equity
2026-05-10,INFY.NS,0.0,Equity
2026-05-11,INFY.NS,-0.0018656303112026817,Equity
2026-05-12,INFY.NS,-0.031180927078908294,Equity
2026-05-13,INFY.NS,-0.01508381347511456,Equity
2026-05-14,INFY.NS,-0.025020012640706635,Equity
2026-05-15,INFY.NS,0.021917808219177992,Equity
2026-05-16,INFY.NS,0.0,Equity
2026-05-17,INFY.NS,0.0,Equity
2026-05-18,INFY.NS,0.021000893655049202,Equity
2026-05-19,INFY.NS,0.04761490101887311,Equity
2026-05-20,INFY.NS,-0.0026736345366473735,Equity
2026-05-21,INFY.NS,-0.010471643219662097,Equity
2026-05-22,INFY.NS,-0.0056721566617302654,Equity
2026-05-23,INFY.NS,0.0,Equity
2026-05-24,INFY.NS,0.0,Equity
2026-05-25,INFY.NS,-0.005108556832694733,Equity
2026-05-26,INFY.NS,-0.0006846802123449125,Equity
2026-05-27,INFY.NS,-0.006679735449149127,Equity
2026-05-28,INFY.NS,0.0,Equity
2026-05-29,INFY.NS,0.0008621432700677278,Equity
2026-05-30,INFY.NS,0.0,Equity
2026-05-31,INFY.NS,0.0,Equity
2026-06-01,INFY.NS,0.03583424473346364,Equity
2026-06-02,INFY.NS,0.05679837740384608,Equity
2023-01-03,NIFTYBEES.NS,0.0017056102344574775,ETF
2023-01-04,NIFTYBEES.NS,-0.010066078628616304,ETF
2023-01-05,NIFTYBEES.NS,-0.003035315679083328,ETF
2023-01-06,NIFTYBEES.NS,-0.006850388457613432,ETF
2023-01-07,NIFTYBEES.NS,0.0,ETF
2023-01-08,NIFTYBEES.NS,0.0,ETF
2023-01-09,NIFTYBEES.NS,0.013079897520064776,ETF
2023-01-10,NIFTYBEES.NS,-0.010843221251365387,ETF
2023-01-11,NIFTYBEES.NS,0.0,ETF
2023-01-12,NIFTYBEES.NS,-0.0026513244252027723,ETF
2023-01-13,NIFTYBEES.NS,0.0051122130610896654,ETF
2023-01-14,NIFTYBEES.NS,0.0,ETF
2023-01-15,NIFTYBEES.NS,0.0,ETF
2023-01-16,NIFTYBEES.NS,-0.002797431717869836,ETF
2023-01-17,NIFTYBEES.NS,0.007191694785612768,ETF
2023-01-18,NIFTYBEES.NS,0.005975554101822489,ETF
2023-01-19,NIFTYBEES.NS,-0.0011074816383722652,ETF
2023-01-20,NIFTYBEES.NS,-0.004938747990281378,ETF
2023-01-21,NIFTYBEES.NS,0.0,ETF
2023-01-22,NIFTYBEES.NS,0.0,ETF
2023-01-23,NIFTYBEES.NS,0.005013955474628684,ETF
2023-01-24,NIFTYBEES.NS,-0.00010080766082853909,ETF
2023-01-25,NIFTYBEES.NS,-0.011994783312043178,ETF
2023-01-26,NIFTYBEES.NS,0.0,ETF
2023-01-27,NIFTYBEES.NS,-0.015507005663358497,ETF
2023-01-28,NIFTYBEES.NS,0.0,ETF
2023-01-29,NIFTYBEES.NS,0.0,ETF
2023-01-30,NIFTYBEES.NS,0.0012953367875647714,ETF
2023-01-31,NIFTYBEES.NS,0.000983195039618412,ETF
2023-02-01,NIFTYBEES.NS,-0.001602551461338253,ETF
2023-02-02,NIFTYBEES.NS,-0.0011391353758657408,ETF
2023-02-03,NIFTYBEES.NS,0.011456074921594173,ETF
2023-02-04,NIFTYBEES.NS,0.0,ETF
2023-02-05,NIFTYBEES.NS,0.0,ETF
2023-02-06,NIFTYBEES.NS,-0.003280029754326619,ETF
2023-02-07,NIFTYBEES.NS,-0.0022624560421251605,ETF
2023-02-08,NIFTYBEES.NS,0.007730365140695916,ETF
2023-02-09,NIFTYBEES.NS,0.0017899463819837091,ETF
2023-02-10,NIFTYBEES.NS,-0.002041931174284861,ETF
2023-02-11,NIFTYBEES.NS,0.0,ETF
2023-02-12,NIFTYBEES.NS,0.0,ETF
2023-02-13,NIFTYBEES.NS,-0.00455265929019355,ETF
2023-02-14,NIFTYBEES.NS,0.007091416139469953,ETF
2023-02-15,NIFTYBEES.NS,0.005612848900379053,ETF
2023-02-16,NIFTYBEES.NS,0.001370023695719258,ETF
2023-02-17,NIFTYBEES.NS,-0.005320511878814216,ETF
2023-02-18,NIFTYBEES.NS,0.0,ETF
2023-02-19,NIFTYBEES.NS,0.0,ETF
2023-02-20,NIFTYBEES.NS,-0.003616947034279838,ETF
2023-02-21,NIFTYBEES.NS,-0.0016872122155193736,ETF
2023-02-22,NIFTYBEES.NS,-0.014083786117814912,ETF
2023-02-23,NIFTYBEES.NS,-0.002597267748518095,ETF
2023-02-24,NIFTYBEES.NS,-0.002864370651024517,ETF
2023-02-25,NIFTYBEES.NS,0.0,ETF
2023-02-26,NIFTYBEES.NS,0.0,ETF
2023-02-27,NIFTYBEES.NS,-0.004700768430550006,ETF
2023-02-28,NIFTYBEES.NS,-0.0045130175344756385,ETF
2023-03-01,NIFTYBEES.NS,0.008328950218622122,ETF
2023-03-02,NIFTYBEES.NS,-0.007057748390480123,ETF
2023-03-03,NIFTYBEES.NS,0.013583962146825668,ETF
2023-03-04,NIFTYBEES.NS,0.0,ETF
2023-03-05,NIFTYBEES.NS,0.0,ETF
2023-03-06,NIFTYBEES.NS,0.005817933655059004,ETF
2023-03-07,NIFTYBEES.NS,0.0,ETF
2023-03-08,NIFTYBEES.NS,0.0016525954519464037,ETF
2023-03-09,NIFTYBEES.NS,-0.006754305641692437,ETF
2023-03-10,NIFTYBEES.NS,-0.009811043374359563,ETF
2023-03-11,NIFTYBEES.NS,0.0,ETF
2023-03-12,NIFTYBEES.NS,0.0,ETF
2023-03-13,NIFTYBEES.NS,-0.013787705807667083,ETF
2023-03-14,NIFTYBEES.NS,-0.006432019383821319,ETF
2023-03-15,NIFTYBEES.NS,-0.004333623362706929,ETF
2023-03-16,NIFTYBEES.NS,0.0006984933893614542,ETF
2023-03-17,NIFTYBEES.NS,0.006389961170096603,ETF
2023-03-18,NIFTYBEES.NS,0.0,ETF
2023-03-19,NIFTYBEES.NS,0.0,ETF
2023-03-20,NIFTYBEES.NS,-0.006509450606244194,ETF
2023-03-21,NIFTYBEES.NS,0.006766969851107252,ETF
2023-03-22,NIFTYBEES.NS,0.0022404681206822374,ETF
2023-03-23,NIFTYBEES.NS,-0.005162876280039197,ETF
2023-03-24,NIFTYBEES.NS,-0.006580765942050371,ETF
2023-03-25,NIFTYBEES.NS,0.0,ETF
2023-03-26,NIFTYBEES.NS,0.0,ETF
2023-03-27,NIFTYBEES.NS,0.002692804931724968,ETF
2023-03-28,NIFTYBEES.NS,-0.00252436341391693,ETF
2023-03-29,NIFTYBEES.NS,0.007430884573439656,ETF
2023-03-30,NIFTYBEES.NS,0.0,ETF
2023-03-31,NIFTYBEES.NS,0.01480573160875065,ETF
2023-04-01,NIFTYBEES.NS,0.0,ETF
2023-04-02,NIFTYBEES.NS,0.0,ETF
2023-04-03,NIFTYBEES.NS,0.0036869111239432595,ETF
2023-04-04,NIFTYBEES.NS,0.0,ETF
2023-04-05,NIFTYBEES.NS,0.008553762089083206,ETF
2023-04-06,NIFTYBEES.NS,0.003902388212043695,ETF
2023-04-07,NIFTYBEES.NS,0.0,ETF
2023-04-08,NIFTYBEES.NS,0.0,ETF
2023-04-09,NIFTYBEES.NS,0.0,ETF
2023-04-10,NIFTYBEES.NS,-0.0015549033272606039,ETF
2023-04-11,NIFTYBEES.NS,0.005813928159966952,ETF
2023-04-12,NIFTYBEES.NS,0.004541726402564672,ETF
2023-04-13,NIFTYBEES.NS,0.000667924800761277,ETF
2023-04-14,NIFTYBEES.NS,0.0,ETF
2023-04-15,NIFTYBEES.NS,0.0,ETF
2023-04-16,NIFTYBEES.NS,0.0,ETF
2023-04-17,NIFTYBEES.NS,-0.004415467430747277,ETF
2023-04-18,NIFTYBEES.NS,-0.0034552016723840007,ETF
2023-04-19,NIFTYBEES.NS,-0.0019664917822926897,ETF
2023-04-20,NIFTYBEES.NS,0.0006740894037180478,ETF
2023-04-21,NIFTYBEES.NS,-0.0007254230046301879,ETF
2023-04-22,NIFTYBEES.NS,0.0,ETF
2023-04-23,NIFTYBEES.NS,0.0,ETF
2023-04-24,NIFTYBEES.NS,0.005703867305745014,ETF
2023-04-25,NIFTYBEES.NS,0.0009281151709341628,ETF
2023-04-26,NIFTYBEES.NS,0.0025240314328058844,ETF
2023-04-27,NIFTYBEES.NS,0.00673105329082424,ETF
2023-04-28,NIFTYBEES.NS,0.006941257904306886,ETF
2023-04-29,NIFTYBEES.NS,0.0,ETF
2023-04-30,NIFTYBEES.NS,0.0,ETF
2023-05-01,NIFTYBEES.NS,0.0,ETF
2023-05-02,NIFTYBEES.NS,0.00557557981118828,ETF
2023-05-03,NIFTYBEES.NS,-0.0035788432685697202,ETF
2023-05-04,NIFTYBEES.NS,0.008903327756145885,ETF
2023-05-05,NIFTYBEES.NS,-0.00802249340117056,ETF
2023-05-06,NIFTYBEES.NS,0.0,ETF
2023-05-07,NIFTYBEES.NS,0.0,ETF
2023-05-08,NIFTYBEES.NS,0.009452135112167914,ETF
2023-05-09,NIFTYBEES.NS,-5.0121502621292e-05,ETF
2023-05-10,NIFTYBEES.NS,0.0015022686847390165,ETF
2023-05-11,NIFTYBEES.NS,0.0017500305175781605,ETF
2023-05-12,NIFTYBEES.NS,-0.0004492717441355598,ETF
2023-05-13,NIFTYBEES.NS,0.0,ETF
2023-05-14,NIFTYBEES.NS,0.0,ETF
2023-05-15,NIFTYBEES.NS,0.0053929984054694735,ETF
2023-05-16,NIFTYBEES.NS,-0.004122389222962819,ETF
2023-05-17,NIFTYBEES.NS,-0.003740461924826577,ETF
2023-05-18,NIFTYBEES.NS,-0.0035542224399381928,ETF
2023-05-19,NIFTYBEES.NS,0.003868396185157108,ETF
2023-05-20,NIFTYBEES.NS,0.0,ETF
2023-05-21,NIFTYBEES.NS,0.0,ETF
2023-05-22,NIFTYBEES.NS,0.004604134397075521,ETF
2023-05-23,NIFTYBEES.NS,0.0013948329761623857,ETF
2023-05-24,NIFTYBEES.NS,-0.0038802047692709785,ETF
2023-05-25,NIFTYBEES.NS,0.002297200571610203,ETF
2023-05-26,NIFTYBEES.NS,0.010712552007800413,ETF
2023-05-27,NIFTYBEES.NS,0.0,ETF
2023-05-28,NIFTYBEES.NS,0.0,ETF
2023-05-29,NIFTYBEES.NS,0.006359345562328977,ETF
2023-05-30,NIFTYBEES.NS,0.0010776977631081763,ETF
2023-05-31,NIFTYBEES.NS,-0.0034253129093342327,ETF
2023-06-01,NIFTYBEES.NS,-0.0032897876701254436,ETF
2023-06-02,NIFTYBEES.NS,0.004187353178603637,ETF
2023-06-03,NIFTYBEES.NS,0.0,ETF
2023-06-04,NIFTYBEES.NS,0.0,ETF
2023-06-05,NIFTYBEES.NS,0.002158567745835782,ETF
2023-06-06,NIFTYBEES.NS,-0.0011748849353742097,ETF
2023-06-07,NIFTYBEES.NS,0.00637131491145837,ETF
2023-06-08,NIFTYBEES.NS,-0.004042085545228669,ETF
2023-06-09,NIFTYBEES.NS,-0.002347052664572913,ETF
2023-06-10,NIFTYBEES.NS,0.0,ETF
2023-06-11,NIFTYBEES.NS,0.0,ETF
2023-06-12,NIFTYBEES.NS,0.002107572107744149,ETF
2023-06-13,NIFTYBEES.NS,0.0048419749675565615,ETF
2023-06-14,NIFTYBEES.NS,0.001946990319859676,ETF
2023-06-15,NIFTYBEES.NS,-0.0026233108035484953,ETF
2023-06-16,NIFTYBEES.NS,0.006721566895049325,ETF
2023-06-17,NIFTYBEES.NS,0.0,ETF
2023-06-18,NIFTYBEES.NS,0.0,ETF
2023-06-19,NIFTYBEES.NS,-0.003967329404097386,ETF
2023-06-20,NIFTYBEES.NS,0.003060207401539339,ETF
2023-06-21,NIFTYBEES.NS,0.0017917439088983578,ETF
2023-06-22,NIFTYBEES.NS,-0.00304534074004581,ETF
2023-06-23,NIFTYBEES.NS,-0.006109434309856887,ETF
2023-06-24,NIFTYBEES.NS,0.0,ETF
2023-06-25,NIFTYBEES.NS,0.0,ETF
2023-06-26,NIFTYBEES.NS,0.0009269316292639385,ETF
2023-06-27,NIFTYBEES.NS,0.006287510632327686,ETF
2023-06-28,NIFTYBEES.NS,0.00833084329159095,ETF
2023-06-29,NIFTYBEES.NS,0.0,ETF
2023-06-30,NIFTYBEES.NS,0.01167262955165338,ETF
2023-07-01,NIFTYBEES.NS,0.0,ETF
2023-07-02,NIFTYBEES.NS,0.0,ETF
2023-07-03,NIFTYBEES.NS,0.00802432190545832,ETF
2023-07-04,NIFTYBEES.NS,0.003579813923274777,ETF
2023-07-05,NIFTYBEES.NS,-0.0006570890418317044,ETF
2023-07-06,NIFTYBEES.NS,0.004884503822401243,ETF
2023-07-07,NIFTYBEES.NS,-0.00579550128179962,ETF
2023-07-08,NIFTYBEES.NS,0.0,ETF
2023-07-09,NIFTYBEES.NS,0.0,ETF
2023-07-10,NIFTYBEES.NS,-0.00037608983920456307,ETF
2023-07-11,NIFTYBEES.NS,0.003809243608534185,ETF
2023-07-12,NIFTYBEES.NS,-0.0009369733010147208,ETF
2023-07-13,NIFTYBEES.NS,0.002063317427461797,ETF
2023-07-14,NIFTYBEES.NS,0.0053348279125085,ETF
2023-07-15,NIFTYBEES.NS,0.0,ETF
2023-07-16,NIFTYBEES.NS,0.0,ETF
2023-07-17,NIFTYBEES.NS,0.007913219446784137,ETF
2023-07-18,NIFTYBEES.NS,0.0022629912526046514,ETF
2023-07-19,NIFTYBEES.NS,0.004377462581972358,ETF
2023-07-20,NIFTYBEES.NS,0.007065161616315763,ETF
2023-07-21,NIFTYBEES.NS,-0.009247864926868576,ETF
2023-07-22,NIFTYBEES.NS,0.0,ETF
2023-07-23,NIFTYBEES.NS,0.0,ETF
2023-07-24,NIFTYBEES.NS,-0.0034485930418152178,ETF
2023-07-25,NIFTYBEES.NS,-0.0004152463418296559,ETF
2023-07-26,NIFTYBEES.NS,0.004985237417362676,ETF
2023-07-27,NIFTYBEES.NS,-0.005006413429079926,ETF
2023-07-28,NIFTYBEES.NS,-0.0013387275002775256,ETF
2023-07-29,NIFTYBEES.NS,0.0,ETF
2023-07-30,NIFTYBEES.NS,0.0,ETF
2023-07-31,NIFTYBEES.NS,0.005731744079478407,ETF
2023-08-01,NIFTYBEES.NS,-0.0016086317702460606,ETF
2023-08-02,NIFTYBEES.NS,-0.009805227942346284,ETF
2023-08-03,NIFTYBEES.NS,-0.007159500238139271,ETF
2023-08-04,NIFTYBEES.NS,0.006930116803045117,ETF
2023-08-05,NIFTYBEES.NS,0.0,ETF
2023-08-06,NIFTYBEES.NS,0.0,ETF
2023-08-07,NIFTYBEES.NS,0.004231787995354619,ETF
2023-08-08,NIFTYBEES.NS,-0.000740929216811792,ETF
2023-08-09,NIFTYBEES.NS,0.0032439511970467905,ETF
2023-08-10,NIFTYBEES.NS,-0.005358231939931346,ETF
2023-08-11,NIFTYBEES.NS,-0.004318989117456984,ETF
2023-08-12,NIFTYBEES.NS,0.0,ETF
2023-08-13,NIFTYBEES.NS,0.0,ETF
2023-08-14,NIFTYBEES.NS,0.0005130625628873009,ETF
2023-08-15,NIFTYBEES.NS,0.0,ETF
2023-08-16,NIFTYBEES.NS,0.00027976699883280887,ETF
2023-08-17,NIFTYBEES.NS,-0.004054669088312757,ETF
2023-08-18,NIFTYBEES.NS,-0.0032756057942842087,ETF
2023-08-19,NIFTYBEES.NS,0.0,ETF
2023-08-20,NIFTYBEES.NS,0.0,ETF
2023-08-21,NIFTYBEES.NS,0.0023474178403755097,ETF
2023-08-22,NIFTYBEES.NS,-0.00032790315793329583,ETF
2023-08-23,NIFTYBEES.NS,0.004404265912308691,ETF
2023-08-24,NIFTYBEES.NS,-0.0027988564556273854,ETF
2023-08-25,NIFTYBEES.NS,-0.004724749709681841,ETF
2023-08-26,NIFTYBEES.NS,0.0,ETF
2023-08-27,NIFTYBEES.NS,0.0,ETF
2023-08-28,NIFTYBEES.NS,0.0005170173584867488,ETF
2023-08-29,NIFTYBEES.NS,0.0013623739915162858,ETF
2023-08-30,NIFTYBEES.NS,0.0017826497349182624,ETF
2023-08-31,NIFTYBEES.NS,-0.0036058304668021846,ETF
2023-09-01,NIFTYBEES.NS,0.007049865910982334,ETF
2023-09-02,NIFTYBEES.NS,0.0,ETF
2023-09-03,NIFTYBEES.NS,0.0,ETF
2023-09-04,NIFTYBEES.NS,0.006160414612916165,ETF
2023-09-05,NIFTYBEES.NS,0.0011596085358624997,ETF
2023-09-06,NIFTYBEES.NS,0.0017605860325238254,ETF
2023-09-07,NIFTYBEES.NS,0.00494862667370688,ETF
2023-09-08,NIFTYBEES.NS,0.0051544498623170565,ETF
2023-09-09,NIFTYBEES.NS,0.0,ETF
2023-09-10,NIFTYBEES.NS,0.0,ETF
2023-09-11,NIFTYBEES.NS,0.00901973896649344,ETF
2023-09-12,NIFTYBEES.NS,-0.0008621582593543176,ETF
2023-09-13,NIFTYBEES.NS,0.005631455654781403,ETF
2023-09-14,NIFTYBEES.NS,0.0004516375686380858,ETF
2023-09-15,NIFTYBEES.NS,0.004694662351160783,ETF
2023-09-16,NIFTYBEES.NS,0.0,ETF
2023-09-17,NIFTYBEES.NS,0.0,ETF
2023-09-18,NIFTYBEES.NS,-0.0029204705660388353,ETF
2023-09-19,NIFTYBEES.NS,0.0,ETF
2023-09-20,NIFTYBEES.NS,-0.010454182068186157,ETF
2023-09-21,NIFTYBEES.NS,-0.008970861411426778,ETF
2023-09-22,NIFTYBEES.NS,-0.0037678964564665796,ETF
2023-09-23,NIFTYBEES.NS,0.0,ETF
2023-09-24,NIFTYBEES.NS,0.0,ETF
2023-09-25,NIFTYBEES.NS,-4.6097998009697605e-05,ETF
2023-09-26,NIFTYBEES.NS,-0.0010608658869998289,ETF
2023-09-27,NIFTYBEES.NS,0.004571225012210078,ETF
2023-09-28,NIFTYBEES.NS,-0.008227584602958693,ETF
2023-09-29,NIFTYBEES.NS,0.004541853400074958,ETF
2023-09-30,NIFTYBEES.NS,0.0,ETF
2023-10-01,NIFTYBEES.NS,0.0,ETF
2023-10-02,NIFTYBEES.NS,0.0,ETF
2023-10-03,NIFTYBEES.NS,-0.005444026185841944,ETF
2023-10-04,NIFTYBEES.NS,-0.0054275334600450975,ETF
2023-10-05,NIFTYBEES.NS,0.005270545312413111,ETF
2023-10-06,NIFTYBEES.NS,0.005057283645265365,ETF
2023-10-07,NIFTYBEES.NS,0.0,ETF
2023-10-08,NIFTYBEES.NS,0.0,ETF
2023-10-09,NIFTYBEES.NS,-0.00526266926112573,ETF
2023-10-10,NIFTYBEES.NS,0.007657365825084694,ETF
2023-10-11,NIFTYBEES.NS,0.0075069754864287574,ETF
2023-10-12,NIFTYBEES.NS,-0.0007313421436171419,ETF
2023-10-13,NIFTYBEES.NS,-0.0024245140187503234,ETF
2023-10-14,NIFTYBEES.NS,0.0,ETF
2023-10-15,NIFTYBEES.NS,0.0,ETF
2023-10-16,NIFTYBEES.NS,-0.0007796277434961585,ETF
2023-10-17,NIFTYBEES.NS,0.002983061833320866,ETF
2023-10-18,NIFTYBEES.NS,-0.006177104025003932,ETF
2023-10-19,NIFTYBEES.NS,-0.0024401417437550643,ETF
2023-10-20,NIFTYBEES.NS,-0.0063229571641906235,ETF
2023-10-21,NIFTYBEES.NS,0.0,ETF
2023-10-22,NIFTYBEES.NS,0.0,ETF
2023-10-23,NIFTYBEES.NS,-0.009893194856576248,ETF
2023-10-24,NIFTYBEES.NS,0.0,ETF
2023-10-25,NIFTYBEES.NS,-0.007927956353721344,ETF
2023-10-26,NIFTYBEES.NS,-0.012956262009315878,ETF
2023-10-27,NIFTYBEES.NS,0.008766895577736467,ETF
2023-10-28,NIFTYBEES.NS,0.0,ETF
2023-10-29,NIFTYBEES.NS,0.0,ETF
2023-10-30,NIFTYBEES.NS,0.004511549200734155,ETF
2023-10-31,NIFTYBEES.NS,-0.002552990421777257,ETF
2023-11-01,NIFTYBEES.NS,-0.004692341712118853,ETF
2023-11-02,NIFTYBEES.NS,0.007857487753330616,ETF
2023-11-03,NIFTYBEES.NS,0.004961269395132861,ETF
2023-11-04,NIFTYBEES.NS,0.0,ETF
2023-11-05,NIFTYBEES.NS,0.0,ETF
2023-11-06,NIFTYBEES.NS,0.008792115735212658,ETF
2023-11-07,NIFTYBEES.NS,-0.00032621209091210357,ETF
2023-11-08,NIFTYBEES.NS,0.0015851383709413192,ETF
2023-11-09,NIFTYBEES.NS,-0.0024670612799867486,ETF
2023-11-10,NIFTYBEES.NS,-0.00027996993812107185,ETF
2023-11-11,NIFTYBEES.NS,0.0,ETF
2023-11-12,NIFTYBEES.NS,0.0,ETF
2023-11-13,NIFTYBEES.NS,0.0014469639219816255,ETF
2023-11-14,NIFTYBEES.NS,0.0,ETF
2023-11-15,NIFTYBEES.NS,0.011279413351308776,ETF
2023-11-16,NIFTYBEES.NS,0.005484640432829924,ETF
2023-11-17,NIFTYBEES.NS,-0.000641728031253952,ETF
2023-11-18,NIFTYBEES.NS,0.0,ETF
2023-11-19,NIFTYBEES.NS,0.0,ETF
2023-11-20,NIFTYBEES.NS,-0.0030731040996954118,ETF
2023-11-21,NIFTYBEES.NS,0.004784878108710533,ETF
2023-11-22,NIFTYBEES.NS,0.000641052200374137,ETF
2023-11-23,NIFTYBEES.NS,0.00013727533731966446,ETF
2023-11-24,NIFTYBEES.NS,-0.0003660405927358168,ETF
2023-11-25,NIFTYBEES.NS,0.0,ETF
2023-11-26,NIFTYBEES.NS,0.0,ETF
2023-11-27,NIFTYBEES.NS,0.0,ETF
2023-11-28,NIFTYBEES.NS,0.004943252710429169,ETF
2023-11-29,NIFTYBEES.NS,0.009564611618084973,ETF
2023-11-30,NIFTYBEES.NS,0.002120369994307092,ETF
2023-12-01,NIFTYBEES.NS,0.007293004463949648,ETF
2023-12-02,NIFTYBEES.NS,0.0,ETF
2023-12-03,NIFTYBEES.NS,0.0,ETF
2023-12-04,NIFTYBEES.NS,0.019798849947625596,ETF
2023-12-05,NIFTYBEES.NS,0.008239131138389366,ETF
2023-12-06,NIFTYBEES.NS,0.003825110371864504,ETF
2023-12-07,NIFTYBEES.NS,-0.0004763168320285338,ETF
2023-12-08,NIFTYBEES.NS,0.0022960567304626256,ETF
2023-12-09,NIFTYBEES.NS,0.0,ETF
2023-12-10,NIFTYBEES.NS,0.0,ETF
2023-12-11,NIFTYBEES.NS,0.0018585437182179199,ETF
2023-12-12,NIFTYBEES.NS,-0.0035807696462593075,ETF
2023-12-13,NIFTYBEES.NS,0.0008225977532663187,ETF
2023-12-14,NIFTYBEES.NS,0.012286444610297265,ETF
2023-12-15,NIFTYBEES.NS,0.011239751964962741,ETF
2023-12-16,NIFTYBEES.NS,0.0,ETF
2023-12-17,NIFTYBEES.NS,0.0,ETF
2023-12-18,NIFTYBEES.NS,-0.00021125768743246454,ETF
2023-12-19,NIFTYBEES.NS,0.0005494763494904298,ETF
2023-12-20,NIFTYBEES.NS,-0.014575399208799245,ETF
2023-12-21,NIFTYBEES.NS,0.005787807517751986,ETF
2023-12-22,NIFTYBEES.NS,0.0038362910190516963,ETF
2023-12-23,NIFTYBEES.NS,0.0,ETF
2023-12-24,NIFTYBEES.NS,0.0,ETF
2023-12-25,NIFTYBEES.NS,0.0,ETF
2023-12-26,NIFTYBEES.NS,0.006072155735801443,ETF
2023-12-27,NIFTYBEES.NS,0.00835694528990083,ETF
2023-12-28,NIFTYBEES.NS,0.005232095688081362,ETF
2023-12-29,NIFTYBEES.NS,-0.0021236249077617453,ETF
2023-12-30,NIFTYBEES.NS,0.0,ETF
2023-12-31,NIFTYBEES.NS,0.0,ETF
2024-01-01,NIFTYBEES.NS,0.0029209773622345114,ETF
2024-01-02,NIFTYBEES.NS,-0.004743080344077222,ETF
2024-01-03,NIFTYBEES.NS,-0.00614523297288927,ETF
2024-01-04,NIFTYBEES.NS,0.006561779770122067,ETF
2024-01-05,NIFTYBEES.NS,0.0018387063760758604,ETF
2024-01-06,NIFTYBEES.NS,0.0,ETF
2024-01-07,NIFTYBEES.NS,0.0,ETF
2024-01-08,NIFTYBEES.NS,-0.008592695295660868,ETF
2024-01-09,NIFTYBEES.NS,0.00042075945219344213,ETF
2024-01-10,NIFTYBEES.NS,0.004121438861847571,ETF
2024-01-11,NIFTYBEES.NS,0.0004607162543237564,ETF
2024-01-12,NIFTYBEES.NS,0.011973042528629296,ETF
2024-01-13,NIFTYBEES.NS,0.0,ETF
2024-01-14,NIFTYBEES.NS,0.0,ETF
2024-01-15,NIFTYBEES.NS,0.009680269879775993,ETF
2024-01-16,NIFTYBEES.NS,-0.003400671144128453,ETF
2024-01-17,NIFTYBEES.NS,-0.01998026846158807,ETF
2024-01-18,NIFTYBEES.NS,-0.00364967848878206,ETF
2024-01-19,NIFTYBEES.NS,0.00690497001211976,ETF
2024-01-20,NIFTYBEES.NS,0.0,ETF
2024-01-21,NIFTYBEES.NS,0.0,ETF
2024-01-22,NIFTYBEES.NS,0.0,ETF
2024-01-23,NIFTYBEES.NS,-0.017896712893705757,ETF
2024-01-24,NIFTYBEES.NS,0.01030356460704085,ETF
2024-01-25,NIFTYBEES.NS,-0.004804245530378504,ETF
2024-01-26,NIFTYBEES.NS,0.0,ETF
2024-01-27,NIFTYBEES.NS,0.0,ETF
2024-01-28,NIFTYBEES.NS,0.0,ETF
2024-01-29,NIFTYBEES.NS,0.016514966148942545,ETF
2024-01-30,NIFTYBEES.NS,-0.007998325950995033,ETF
2024-01-31,NIFTYBEES.NS,0.008944650318516656,ETF
2024-02-01,NIFTYBEES.NS,-0.0009572785016130902,ETF
2024-02-02,NIFTYBEES.NS,0.005291023117609095,ETF
2024-02-03,NIFTYBEES.NS,0.0,ETF
2024-02-04,NIFTYBEES.NS,0.0,ETF
2024-02-05,NIFTYBEES.NS,-0.004392861770359691,ETF
2024-02-06,NIFTYBEES.NS,0.007367586468533638,ETF
2024-02-07,NIFTYBEES.NS,0.0014049485740146306,ETF
2024-02-08,NIFTYBEES.NS,-0.008541395799819274,ETF
2024-02-09,NIFTYBEES.NS,0.0020809056206931853,ETF
2024-02-10,NIFTYBEES.NS,0.0,ETF
2024-02-11,NIFTYBEES.NS,0.0,ETF
2024-02-12,NIFTYBEES.NS,-0.006063591089292997,ETF
2024-02-13,NIFTYBEES.NS,0.005306656254407294,ETF
2024-02-14,NIFTYBEES.NS,0.003990218747577989,ETF
2024-02-15,NIFTYBEES.NS,0.004843710015166591,ETF
2024-02-16,NIFTYBEES.NS,0.005232384088965647,ETF
2024-02-17,NIFTYBEES.NS,0.0,ETF
2024-02-18,NIFTYBEES.NS,0.0,ETF
2024-02-19,NIFTYBEES.NS,0.004303404931880195,ETF
2024-02-20,NIFTYBEES.NS,0.0013467264124078504,ETF
2024-02-21,NIFTYBEES.NS,-0.006113216896318607,ETF
2024-02-22,NIFTYBEES.NS,0.007873039764578982,ETF
2024-02-23,NIFTYBEES.NS,-0.00040681413994814175,ETF
2024-02-24,NIFTYBEES.NS,0.0,ETF
2024-02-25,NIFTYBEES.NS,0.0,ETF
2024-02-26,NIFTYBEES.NS,-0.003337568953031833,ETF
2024-02-27,NIFTYBEES.NS,0.0025728137190144107,ETF
2024-02-28,NIFTYBEES.NS,-0.009898137172225097,ETF
2024-02-29,NIFTYBEES.NS,0.0007404972656341879,ETF
2024-03-01,NIFTYBEES.NS,0.014799613991842264,ETF
2024-03-02,NIFTYBEES.NS,0.0,ETF
2024-03-03,NIFTYBEES.NS,0.0,ETF
2024-03-04,NIFTYBEES.NS,0.003970004874652933,ETF
2024-03-05,NIFTYBEES.NS,-0.00197718391455326,ETF
2024-03-06,NIFTYBEES.NS,0.005175057808071815,ETF
2024-03-07,NIFTYBEES.NS,0.0002011224066440498,ETF
2024-03-08,NIFTYBEES.NS,0.0,ETF
2024-03-09,NIFTYBEES.NS,0.0,ETF
2024-03-10,NIFTYBEES.NS,0.0,ETF
2024-03-11,NIFTYBEES.NS,-0.004906105399471117,ETF
2024-03-12,NIFTYBEES.NS,-0.00012123168182198718,ETF
2024-03-13,NIFTYBEES.NS,-0.014994711351282275,ETF
2024-03-14,NIFTYBEES.NS,0.0068934086803980055,ETF
2024-03-15,NIFTYBEES.NS,-0.006479466733955608,ETF
2024-03-16,NIFTYBEES.NS,0.0,ETF
2024-03-17,NIFTYBEES.NS,0.0,ETF
2024-03-18,NIFTYBEES.NS,0.000738280039082051,ETF
2024-03-19,NIFTYBEES.NS,-0.009754855585296651,ETF
2024-03-20,NIFTYBEES.NS,-8.279913888897816e-05,ETF
2024-03-21,NIFTYBEES.NS,0.009976006473394916,ETF
2024-03-22,NIFTYBEES.NS,0.003073896401961429,ETF
2024-03-23,NIFTYBEES.NS,0.0,ETF
2024-03-24,NIFTYBEES.NS,0.0,ETF
2024-03-25,NIFTYBEES.NS,0.0,ETF
2024-03-26,NIFTYBEES.NS,-0.0038817201344624186,ETF
2024-03-27,NIFTYBEES.NS,0.004799267648205596,ETF
2024-03-28,NIFTYBEES.NS,0.008164598077988083,ETF
2024-03-29,NIFTYBEES.NS,0.0,ETF
2024-03-30,NIFTYBEES.NS,0.0,ETF
2024-03-31,NIFTYBEES.NS,0.0,ETF
2024-04-01,NIFTYBEES.NS,0.00498054621841737,ETF
2024-04-02,NIFTYBEES.NS,0.001853384304578265,ETF
2024-04-03,NIFTYBEES.NS,-0.000241293223673833,ETF
2024-04-04,NIFTYBEES.NS,0.0025745178771334754,ETF
2024-04-05,NIFTYBEES.NS,-0.0007221950763022233,ETF
2024-04-06,NIFTYBEES.NS,0.0,ETF
2024-04-07,NIFTYBEES.NS,0.0,ETF
2024-04-08,NIFTYBEES.NS,0.006825926229315771,ETF
2024-04-09,NIFTYBEES.NS,-3.985845198783977e-05,ETF
2024-04-10,NIFTYBEES.NS,0.003310209032747702,ETF
2024-04-11,NIFTYBEES.NS,0.0,ETF
2024-04-12,NIFTYBEES.NS,-0.007989862491972421,ETF
2024-04-13,NIFTYBEES.NS,0.0,ETF
2024-04-14,NIFTYBEES.NS,0.0,ETF
2024-04-15,NIFTYBEES.NS,-0.010778980877232391,ETF
2024-04-16,NIFTYBEES.NS,-0.005468428206861442,ETF
2024-04-17,NIFTYBEES.NS,0.0,ETF
2024-04-18,NIFTYBEES.NS,-0.006435328297328069,ETF
2024-04-19,NIFTYBEES.NS,0.0065179811510107655,ETF
2024-04-20,NIFTYBEES.NS,0.0,ETF
2024-04-21,NIFTYBEES.NS,0.0,ETF
2024-04-22,NIFTYBEES.NS,0.007249618328295959,ETF
2024-04-23,NIFTYBEES.NS,0.0020622286630533893,ETF
2024-04-24,NIFTYBEES.NS,0.00048420270212701233,ETF
2024-04-25,NIFTYBEES.NS,0.005364208348626498,ETF
2024-04-26,NIFTYBEES.NS,-0.0033297300791452766,ETF
2024-04-27,NIFTYBEES.NS,0.0,ETF
2024-04-28,NIFTYBEES.NS,0.0,ETF
2024-04-29,NIFTYBEES.NS,0.00865397631362308,ETF
2024-04-30,NIFTYBEES.NS,-0.0021150037393441457,ETF
2024-05-01,NIFTYBEES.NS,0.0,ETF
2024-05-02,NIFTYBEES.NS,0.003119246528482167,ETF
2024-05-03,NIFTYBEES.NS,-0.008331989987255928,ETF
2024-05-04,NIFTYBEES.NS,0.0,ETF
2024-05-05,NIFTYBEES.NS,0.0,ETF
2024-05-06,NIFTYBEES.NS,-0.001527657820351802,ETF
2024-05-07,NIFTYBEES.NS,-0.005073054441384728,ETF
2024-05-08,NIFTYBEES.NS,0.000526101260537315,ETF
2024-05-09,NIFTYBEES.NS,-0.015167448295917763,ETF
2024-05-10,NIFTYBEES.NS,0.006078260684833747,ETF
2024-05-11,NIFTYBEES.NS,0.0,ETF
2024-05-12,NIFTYBEES.NS,0.0,ETF
2024-05-13,NIFTYBEES.NS,0.000775615138422836,ETF
2024-05-14,NIFTYBEES.NS,0.005914492276809735,ETF
2024-05-15,NIFTYBEES.NS,-0.0007704571628726065,ETF
2024-05-16,NIFTYBEES.NS,0.007142255173743228,ETF
2024-05-17,NIFTYBEES.NS,0.0022161458134795087,ETF
2024-05-18,NIFTYBEES.NS,0.0,ETF
2024-05-19,NIFTYBEES.NS,0.0,ETF
2024-05-20,NIFTYBEES.NS,0.0,ETF
2024-05-21,NIFTYBEES.NS,0.004060667321891476,ETF
2024-05-22,NIFTYBEES.NS,0.0024825622789717006,ETF
2024-05-23,NIFTYBEES.NS,0.01569736645710318,ETF
2024-05-24,NIFTYBEES.NS,0.0027134470864917937,ETF
2024-05-25,NIFTYBEES.NS,0.0,ETF
2024-05-26,NIFTYBEES.NS,0.0,ETF
2024-05-27,NIFTYBEES.NS,-0.0010196662922284938,ETF
2024-05-28,NIFTYBEES.NS,-0.0020414740498151396,ETF
2024-05-29,NIFTYBEES.NS,-0.00719906315115848,ETF
2024-05-30,NIFTYBEES.NS,-0.008004077555788247,ETF
2024-05-31,NIFTYBEES.NS,0.0031954774254647766,ETF
2024-06-01,NIFTYBEES.NS,0.0,ETF
2024-06-02,NIFTYBEES.NS,0.0,ETF
2024-06-03,NIFTYBEES.NS,0.027832056228654256,ETF
2024-06-04,NIFTYBEES.NS,-0.02967389202069526,ETF
2024-06-05,NIFTYBEES.NS,0.003273743764794279,ETF
2024-06-06,NIFTYBEES.NS,0.00668520754229851,ETF
2024-06-07,NIFTYBEES.NS,0.021503746509879074,ETF
2024-06-08,NIFTYBEES.NS,0.0,ETF
2024-06-09,NIFTYBEES.NS,0.0,ETF
2024-06-10,NIFTYBEES.NS,-0.0018574837914493436,ETF
2024-06-11,NIFTYBEES.NS,0.0033340518857980506,ETF
2024-06-12,NIFTYBEES.NS,0.002279856581526296,ETF
2024-06-13,NIFTYBEES.NS,0.0035081271180179563,ETF
2024-06-14,NIFTYBEES.NS,0.0013446258929292743,ETF
2024-06-15,NIFTYBEES.NS,0.0,ETF
2024-06-16,NIFTYBEES.NS,0.0,ETF
2024-06-17,NIFTYBEES.NS,0.0,ETF
2024-06-18,NIFTYBEES.NS,0.0034912859521138984,ETF
2024-06-19,NIFTYBEES.NS,-0.0006881506249476477,ETF
2024-06-20,NIFTYBEES.NS,0.0013007740895982778,ETF
2024-06-21,NIFTYBEES.NS,-0.003247768988044686,ETF
2024-06-22,NIFTYBEES.NS,0.0,ETF
2024-06-23,NIFTYBEES.NS,0.0,ETF
2024-06-24,NIFTYBEES.NS,0.003028361098281973,ETF
2024-06-25,NIFTYBEES.NS,0.007375956006916207,ETF
2024-06-26,NIFTYBEES.NS,0.005387205309241194,ETF
2024-06-27,NIFTYBEES.NS,0.0073204874152563715,ETF
2024-06-28,NIFTYBEES.NS,0.0019853858590044293,ETF
2024-06-29,NIFTYBEES.NS,0.0,ETF
2024-06-30,NIFTYBEES.NS,0.0,ETF
2024-07-01,NIFTYBEES.NS,0.0030655629316633792,ETF
2024-07-02,NIFTYBEES.NS,0.0027208759580392705,ETF
2024-07-03,NIFTYBEES.NS,0.004460514487143463,ETF
2024-07-04,NIFTYBEES.NS,0.0011101201967680385,ETF
2024-07-05,NIFTYBEES.NS,0.0,ETF
2024-07-06,NIFTYBEES.NS,0.0,ETF
2024-07-07,NIFTYBEES.NS,0.0,ETF
2024-07-08,NIFTYBEES.NS,-0.0018112232897865566,ETF
2024-07-09,NIFTYBEES.NS,0.004962214099721862,ETF
2024-07-10,NIFTYBEES.NS,-0.0016950086476590354,ETF
2024-07-11,NIFTYBEES.NS,-0.000627541042772517,ETF
2024-07-12,NIFTYBEES.NS,0.004395207539819923,ETF
2024-07-13,NIFTYBEES.NS,0.0,ETF
2024-07-14,NIFTYBEES.NS,0.0,ETF
2024-07-15,NIFTYBEES.NS,0.004228851534014977,ETF
2024-07-16,NIFTYBEES.NS,0.0016843951124045908,ETF
2024-07-17,NIFTYBEES.NS,0.0,ETF
2024-07-18,NIFTYBEES.NS,0.0071651327366888395,ETF
2024-07-19,NIFTYBEES.NS,-0.008057787891596613,ETF
2024-07-20,NIFTYBEES.NS,0.0,ETF
2024-07-21,NIFTYBEES.NS,0.0,ETF
2024-07-22,NIFTYBEES.NS,-0.003073644522765484,ETF
2024-07-23,NIFTYBEES.NS,0.0006973845949467261,ETF
2024-07-24,NIFTYBEES.NS,-0.0027508801338904654,ETF
2024-07-25,NIFTYBEES.NS,0.00011033424429229832,ETF
2024-07-26,NIFTYBEES.NS,0.015225007084517683,ETF
2024-07-27,NIFTYBEES.NS,0.0,ETF
2024-07-28,NIFTYBEES.NS,0.0,ETF
2024-07-29,NIFTYBEES.NS,0.00224587090730477,ETF
2024-07-30,NIFTYBEES.NS,0.0015180477043981178,ETF
2024-07-31,NIFTYBEES.NS,0.0023457014874317395,ETF
2024-08-01,NIFTYBEES.NS,0.0020881604762039707,ETF
2024-08-02,NIFTYBEES.NS,-0.009485086976691703,ETF
2024-08-03,NIFTYBEES.NS,0.0,ETF
2024-08-04,NIFTYBEES.NS,0.0,ETF
2024-08-05,NIFTYBEES.NS,-0.022525268961822276,ETF
2024-08-06,NIFTYBEES.NS,-0.0069393853292536445,ETF
2024-08-07,NIFTYBEES.NS,0.013041444426553195,ETF
2024-08-08,NIFTYBEES.NS,-0.006529028002213111,ETF
2024-08-09,NIFTYBEES.NS,0.008391229637620068,ETF
2024-08-10,NIFTYBEES.NS,0.0,ETF
2024-08-11,NIFTYBEES.NS,0.0,ETF
2024-08-12,NIFTYBEES.NS,-0.0005522806381195178,ETF
2024-08-13,NIFTYBEES.NS,-0.0070734357886281796,ETF
2024-08-14,NIFTYBEES.NS,-0.0006678268147751742,ETF
2024-08-15,NIFTYBEES.NS,0.0,ETF
2024-08-16,NIFTYBEES.NS,0.016596128616172656,ETF
2024-08-17,NIFTYBEES.NS,0.0,ETF
2024-08-18,NIFTYBEES.NS,0.0,ETF
2024-08-19,NIFTYBEES.NS,0.002264326075437806,ETF
2024-08-20,NIFTYBEES.NS,0.005101460969458849,ETF
2024-08-21,NIFTYBEES.NS,0.001051403252147587,ETF
2024-08-22,NIFTYBEES.NS,0.001303838459753015,ETF
2024-08-23,NIFTYBEES.NS,0.00043401009989629813,ETF
2024-08-24,NIFTYBEES.NS,0.0,ETF
2024-08-25,NIFTYBEES.NS,0.0,ETF
2024-08-26,NIFTYBEES.NS,0.008098301464016133,ETF
2024-08-27,NIFTYBEES.NS,-0.0005020231412201648,ETF
2024-08-28,NIFTYBEES.NS,0.0008611059342069627,ETF
2024-08-29,NIFTYBEES.NS,0.004158613508125519,ETF
2024-08-30,NIFTYBEES.NS,0.0034986806404704307,ETF
2024-08-31,NIFTYBEES.NS,0.0,ETF
2024-09-01,NIFTYBEES.NS,0.0,ETF
2024-09-02,NIFTYBEES.NS,0.0013164424805836017,ETF
2024-09-03,NIFTYBEES.NS,0.0009592787420924509,ETF
2024-09-04,NIFTYBEES.NS,-0.0015618431048548542,ETF
2024-09-05,NIFTYBEES.NS,-0.003021921598423294,ETF
2024-09-06,NIFTYBEES.NS,-0.009307083477978928,ETF
2024-09-07,NIFTYBEES.NS,0.0,ETF
2024-09-08,NIFTYBEES.NS,0.0,ETF
2024-09-09,NIFTYBEES.NS,-0.00050397611671682,ETF
2024-09-10,NIFTYBEES.NS,0.00547399730388487,ETF
2024-09-11,NIFTYBEES.NS,-0.005945571595743493,ETF
2024-09-12,NIFTYBEES.NS,0.01862788337170307,ETF
2024-09-13,NIFTYBEES.NS,0.0016978918355787798,ETF
2024-09-14,NIFTYBEES.NS,0.0,ETF
2024-09-15,NIFTYBEES.NS,0.0,ETF
2024-09-16,NIFTYBEES.NS,0.00028244843241664874,ETF
2024-09-17,NIFTYBEES.NS,0.0021888151191888916,ETF
2024-09-18,NIFTYBEES.NS,-0.0018670233876714182,ETF
2024-09-19,NIFTYBEES.NS,0.001976383770196266,ETF
2024-09-20,NIFTYBEES.NS,0.011200311796937257,ETF
2024-09-21,NIFTYBEES.NS,0.0,ETF
2024-09-22,NIFTYBEES.NS,0.0,ETF
2024-09-23,NIFTYBEES.NS,0.007802125345714339,ETF
2024-09-24,NIFTYBEES.NS,-0.00013827519675213562,ETF
2024-09-25,NIFTYBEES.NS,0.0027307589984664205,ETF
2024-09-26,NIFTYBEES.NS,0.005032891425106323,ETF
2024-09-27,NIFTYBEES.NS,0.0014406223471792323,ETF
2024-09-28,NIFTYBEES.NS,0.0,ETF
2024-09-29,NIFTYBEES.NS,0.0,ETF
2024-09-30,NIFTYBEES.NS,-0.01229577121923875,ETF
2024-10-01,NIFTYBEES.NS,-0.000381496176149021,ETF
2024-10-02,NIFTYBEES.NS,0.0,ETF
2024-10-03,NIFTYBEES.NS,-0.01935680710766252,ETF
2024-10-04,NIFTYBEES.NS,-0.008985137511003272,ETF
2024-10-05,NIFTYBEES.NS,0.0,ETF
2024-10-06,NIFTYBEES.NS,0.0,ETF
2024-10-07,NIFTYBEES.NS,-0.007638708468614475,ETF
2024-10-08,NIFTYBEES.NS,0.00499976289354187,ETF
2024-10-09,NIFTYBEES.NS,-0.0024337605248236915,ETF
2024-10-10,NIFTYBEES.NS,0.0020808932610700825,ETF
2024-10-11,NIFTYBEES.NS,-0.002076572136106014,ETF
2024-10-12,NIFTYBEES.NS,0.0,ETF
2024-10-13,NIFTYBEES.NS,0.0,ETF
2024-10-14,NIFTYBEES.NS,0.007319203989621492,ETF
2024-10-15,NIFTYBEES.NS,-0.0033125201631661882,ETF
2024-10-16,NIFTYBEES.NS,-0.004752837923330144,ETF
2024-10-17,NIFTYBEES.NS,-0.00649909356766154,ETF
2024-10-18,NIFTYBEES.NS,0.003035875277309641,ETF
2024-10-19,NIFTYBEES.NS,0.0,ETF
2024-10-20,NIFTYBEES.NS,0.0,ETF
2024-10-21,NIFTYBEES.NS,-0.0038193981308546343,ETF
2024-10-22,NIFTYBEES.NS,-0.010525567509171996,ETF
2024-10-23,NIFTYBEES.NS,-0.0017180919173039877,ETF
2024-10-24,NIFTYBEES.NS,-0.003551947100628894,ETF
2024-10-25,NIFTYBEES.NS,-0.006026694694570733,ETF
2024-10-26,NIFTYBEES.NS,0.0,ETF
2024-10-27,NIFTYBEES.NS,0.0,ETF
2024-10-28,NIFTYBEES.NS,0.0055086889006756845,ETF
2024-10-29,NIFTYBEES.NS,0.005956521343958299,ETF
2024-10-30,NIFTYBEES.NS,-0.005226772524296486,ETF
2024-10-31,NIFTYBEES.NS,-0.00558490958707869,ETF
2024-11-01,NIFTYBEES.NS,0.0,ETF
2024-11-02,NIFTYBEES.NS,0.0,ETF
2024-11-03,NIFTYBEES.NS,0.0,ETF
2024-11-04,NIFTYBEES.NS,-0.008018080513900516,ETF
2024-11-05,NIFTYBEES.NS,0.008641588682794854,ETF
2024-11-06,NIFTYBEES.NS,0.011521825099650718,ETF
2024-11-07,NIFTYBEES.NS,-0.011719146479359344,ETF
2024-11-08,NIFTYBEES.NS,-0.0024751141393445364,ETF
2024-11-09,NIFTYBEES.NS,0.0,ETF
2024-11-10,NIFTYBEES.NS,0.0,ETF
2024-11-11,NIFTYBEES.NS,-0.0002592575807696118,ETF
2024-11-12,NIFTYBEES.NS,-0.010297817703700307,ETF
2024-11-13,NIFTYBEES.NS,-0.013249412846715103,ETF
2024-11-14,NIFTYBEES.NS,-0.0002655413455051603,ETF
2024-11-15,NIFTYBEES.NS,0.0,ETF
2024-11-16,NIFTYBEES.NS,0.0,ETF
2024-11-17,NIFTYBEES.NS,0.0,ETF
2024-11-18,NIFTYBEES.NS,-0.0041734873959407,ETF
2024-11-19,NIFTYBEES.NS,0.0022859987835757156,ETF
2024-11-20,NIFTYBEES.NS,0.0,ETF
2024-11-21,NIFTYBEES.NS,-0.006766255102213625,ETF
2024-11-22,NIFTYBEES.NS,0.021317220806332582,ETF
2024-11-23,NIFTYBEES.NS,0.0,ETF
2024-11-24,NIFTYBEES.NS,0.0,ETF
2024-11-25,NIFTYBEES.NS,0.0145020829168796,ETF
2024-11-26,NIFTYBEES.NS,-0.0007018152169906422,ETF
2024-11-27,NIFTYBEES.NS,0.0036963109647938364,ETF
2024-11-28,NIFTYBEES.NS,-0.014215274904884057,ETF
2024-11-29,NIFTYBEES.NS,0.008218814506977257,ETF
2024-11-30,NIFTYBEES.NS,0.0,ETF
2024-12-01,NIFTYBEES.NS,0.0,ETF
2024-12-02,NIFTYBEES.NS,0.005558025688680912,ETF
2024-12-03,NIFTYBEES.NS,0.00589581426312713,ETF
2024-12-04,NIFTYBEES.NS,0.0016484052727057108,ETF
2024-12-05,NIFTYBEES.NS,0.00910661163241766,ETF
2024-12-06,NIFTYBEES.NS,-0.00014500051817500914,ETF
2024-12-07,NIFTYBEES.NS,0.0,ETF
2024-12-08,NIFTYBEES.NS,0.0,ETF
2024-12-09,NIFTYBEES.NS,-0.0026822902032691553,ETF
2024-12-10,NIFTYBEES.NS,-0.0016719559066827872,ETF
2024-12-11,NIFTYBEES.NS,0.0010558051283486858,ETF
2024-12-12,NIFTYBEES.NS,-0.0031639637535921805,ETF
2024-12-13,NIFTYBEES.NS,0.007223569590152579,ETF
2024-12-14,NIFTYBEES.NS,0.0,ETF
2024-12-15,NIFTYBEES.NS,0.0,ETF
2024-12-16,NIFTYBEES.NS,-0.002173194780927923,ETF
2024-12-17,NIFTYBEES.NS,-0.01183392491510682,ETF
2024-12-18,NIFTYBEES.NS,-0.0055836786674596794,ETF
2024-12-19,NIFTYBEES.NS,-0.008533422439697014,ETF
2024-12-20,NIFTYBEES.NS,-0.01579798249017239,ETF
2024-12-21,NIFTYBEES.NS,0.0,ETF
2024-12-22,NIFTYBEES.NS,0.0,ETF
2024-12-23,NIFTYBEES.NS,0.0057164860894025615,ETF
2024-12-24,NIFTYBEES.NS,-0.0006399662176870269,ETF
2024-12-25,NIFTYBEES.NS,0.0,ETF
2024-12-26,NIFTYBEES.NS,0.0006780790236213807,ETF
2024-12-27,NIFTYBEES.NS,0.0027101335653711978,ETF
2024-12-28,NIFTYBEES.NS,0.0,ETF
2024-12-29,NIFTYBEES.NS,0.0,ETF
2024-12-30,NIFTYBEES.NS,-0.007582940126024895,ETF
2024-12-31,NIFTYBEES.NS,0.0003782808388346215,ETF
2025-01-01,NIFTYBEES.NS,0.0042348663818883026,ETF
2025-01-02,NIFTYBEES.NS,0.01619043777942708,ETF
2025-01-03,NIFTYBEES.NS,-0.005483755996886441,ETF
2025-01-04,NIFTYBEES.NS,0.0,ETF
2025-01-05,NIFTYBEES.NS,0.0,ETF
2025-01-06,NIFTYBEES.NS,-0.014641751880189124,ETF
2025-01-07,NIFTYBEES.NS,0.0025710550799107335,ETF
2025-01-08,NIFTYBEES.NS,-0.000905077051819636,ETF
2025-01-09,NIFTYBEES.NS,-0.006681335654291076,ETF
2025-01-10,NIFTYBEES.NS,-0.0035340782722840247,ETF
2025-01-11,NIFTYBEES.NS,0.0,ETF
2025-01-12,NIFTYBEES.NS,0.0,ETF
2025-01-13,NIFTYBEES.NS,-0.014567947930881009,ETF
2025-01-14,NIFTYBEES.NS,0.0033282348663101757,ETF
2025-01-15,NIFTYBEES.NS,0.0012341926814316562,ETF
2025-01-16,NIFTYBEES.NS,0.004391766343358361,ETF
2025-01-17,NIFTYBEES.NS,-0.003643802556701603,ETF
2025-01-18,NIFTYBEES.NS,0.0,ETF
2025-01-19,NIFTYBEES.NS,0.0,ETF
2025-01-20,NIFTYBEES.NS,0.005851405456886782,ETF
2025-01-21,NIFTYBEES.NS,-0.012935836703573789,ETF
2025-01-22,NIFTYBEES.NS,0.003644691667864741,ETF
2025-01-23,NIFTYBEES.NS,0.00254975331870555,ETF
2025-01-24,NIFTYBEES.NS,-0.005086537222247833,ETF
2025-01-25,NIFTYBEES.NS,0.0,ETF
2025-01-26,NIFTYBEES.NS,0.0,ETF
2025-01-27,NIFTYBEES.NS,-0.009682791650956202,ETF
2025-01-28,NIFTYBEES.NS,0.0064139548484505315,ETF
2025-01-29,NIFTYBEES.NS,0.00796649600714594,ETF
2025-01-30,NIFTYBEES.NS,0.003238477608442203,ETF
2025-01-31,NIFTYBEES.NS,0.010683263262838194,ETF
2025-02-01,NIFTYBEES.NS,-0.003307966225047476,ETF
2025-02-02,NIFTYBEES.NS,0.0,ETF
2025-02-03,NIFTYBEES.NS,-0.002517848585874116,ETF
2025-02-04,NIFTYBEES.NS,0.01369176791047555,ETF
2025-02-05,NIFTYBEES.NS,0.0007546206988979787,ETF
2025-02-06,NIFTYBEES.NS,-0.0033176432905277498,ETF
2025-02-07,NIFTYBEES.NS,-0.0023451795916274998,ETF
2025-02-08,NIFTYBEES.NS,0.0,ETF
2025-02-09,NIFTYBEES.NS,0.0,ETF
2025-02-10,NIFTYBEES.NS,-0.007014241150770095,ETF
2025-02-11,NIFTYBEES.NS,-0.012791165259972148,ETF
2025-02-12,NIFTYBEES.NS,-0.0010829580062524657,ETF
2025-02-13,NIFTYBEES.NS,-0.0003870971858530581,ETF
2025-02-14,NIFTYBEES.NS,-0.0047255729064158425,ETF
2025-02-15,NIFTYBEES.NS,0.0,ETF
2025-02-16,NIFTYBEES.NS,0.0,ETF
2025-02-17,NIFTYBEES.NS,0.0006225846932528256,ETF
2025-02-18,NIFTYBEES.NS,-0.0010500915135703837,ETF
2025-02-19,NIFTYBEES.NS,0.00019474502125849114,ETF
2025-02-20,NIFTYBEES.NS,-0.00015574192315970237,ETF
2025-02-21,NIFTYBEES.NS,-0.0051392146889291945,ETF
2025-02-22,NIFTYBEES.NS,0.0,ETF
2025-02-23,NIFTYBEES.NS,0.0,ETF
2025-02-24,NIFTYBEES.NS,-0.010409751006991708,ETF
2025-02-25,NIFTYBEES.NS,-0.00047453284100351656,ETF
2025-02-26,NIFTYBEES.NS,0.0,ETF
2025-02-27,NIFTYBEES.NS,-0.0007517406188179976,ETF
2025-02-28,NIFTYBEES.NS,-0.01627336335952434,ETF
2025-03-01,NIFTYBEES.NS,0.0,ETF
2025-03-02,NIFTYBEES.NS,0.0,ETF
2025-03-03,NIFTYBEES.NS,-0.0016099573411051393,ETF
2025-03-04,NIFTYBEES.NS,-0.0022575994827821466,ETF
2025-03-05,NIFTYBEES.NS,0.012081256487173953,ETF
2025-03-06,NIFTYBEES.NS,0.009062617020044073,ETF
2025-03-07,NIFTYBEES.NS,0.00035606859699544025,ETF
2025-03-08,NIFTYBEES.NS,0.0,ETF
2025-03-09,NIFTYBEES.NS,0.0,ETF
2025-03-10,NIFTYBEES.NS,-0.0043110123148157875,ETF
2025-03-11,NIFTYBEES.NS,0.001310831503692933,ETF
2025-03-12,NIFTYBEES.NS,-0.00134876362829639,ETF
2025-03-13,NIFTYBEES.NS,-0.00270123111039966,ETF
2025-03-14,NIFTYBEES.NS,0.0,ETF
2025-03-15,NIFTYBEES.NS,0.0,ETF
2025-03-16,NIFTYBEES.NS,0.0,ETF
2025-03-17,NIFTYBEES.NS,0.004461065594195679,ETF
2025-03-18,NIFTYBEES.NS,0.0,ETF
2025-03-19,NIFTYBEES.NS,0.017923783260082926,ETF
2025-03-20,NIFTYBEES.NS,0.010206447185808543,ETF
2025-03-21,NIFTYBEES.NS,0.0068255011710642854,ETF
2025-03-22,NIFTYBEES.NS,0.0,ETF
2025-03-23,NIFTYBEES.NS,0.0,ETF
2025-03-24,NIFTYBEES.NS,0.014592660048388106,ETF
2025-03-25,NIFTYBEES.NS,-0.000641687104842581,ETF
2025-03-26,NIFTYBEES.NS,-0.006912767778105344,ETF
2025-03-27,NIFTYBEES.NS,0.0031571590304813046,ETF
2025-03-28,NIFTYBEES.NS,-0.001971787470470887,ETF
2025-03-29,NIFTYBEES.NS,0.0,ETF
2025-03-30,NIFTYBEES.NS,0.0,ETF
2025-03-31,NIFTYBEES.NS,0.0,ETF
2025-04-01,NIFTYBEES.NS,-0.01371522916590584,ETF
2025-04-02,NIFTYBEES.NS,0.007858276182429735,ETF
2025-04-03,NIFTYBEES.NS,-0.0045101021529331264,ETF
2025-04-04,NIFTYBEES.NS,-0.012669845278474923,ETF
2025-04-05,NIFTYBEES.NS,0.0,ETF
2025-04-06,NIFTYBEES.NS,0.0,ETF
2025-04-07,NIFTYBEES.NS,-0.03134234501405608,ETF
2025-04-08,NIFTYBEES.NS,0.0145322963809289,ETF
2025-04-09,NIFTYBEES.NS,-0.006687252426571311,ETF
2025-04-10,NIFTYBEES.NS,0.0,ETF
2025-04-11,NIFTYBEES.NS,0.019678932659157766,ETF
2025-04-12,NIFTYBEES.NS,0.0,ETF
2025-04-13,NIFTYBEES.NS,0.0,ETF
2025-04-14,NIFTYBEES.NS,0.0,ETF
2025-04-15,NIFTYBEES.NS,0.019142844368936318,ETF
2025-04-16,NIFTYBEES.NS,0.003986692852333107,ETF
2025-04-17,NIFTYBEES.NS,0.017677846657532248,ETF
2025-04-18,NIFTYBEES.NS,0.0,ETF
2025-04-19,NIFTYBEES.NS,0.0,ETF
2025-04-20,NIFTYBEES.NS,0.0,ETF
2025-04-21,NIFTYBEES.NS,0.0118556447842868,ETF
2025-04-22,NIFTYBEES.NS,0.0012976476458919084,ETF
2025-04-23,NIFTYBEES.NS,0.006554414409405407,ETF
2025-04-24,NIFTYBEES.NS,-0.0032006294376624167,ETF
2025-04-25,NIFTYBEES.NS,-0.00856249204538162,ETF
2025-04-26,NIFTYBEES.NS,0.0,ETF
2025-04-27,NIFTYBEES.NS,0.0,ETF
2025-04-28,NIFTYBEES.NS,0.012172836072792403,ETF
2025-04-29,NIFTYBEES.NS,3.6814144353414235e-05,ETF
2025-04-30,NIFTYBEES.NS,0.00029416561063722035,ETF
2025-05-01,NIFTYBEES.NS,0.0,ETF
2025-05-02,NIFTYBEES.NS,-0.000808857783749839,ETF
2025-05-03,NIFTYBEES.NS,0.0,ETF
2025-05-04,NIFTYBEES.NS,0.0,ETF
2025-05-05,NIFTYBEES.NS,0.009640599553594642,ETF
2025-05-06,NIFTYBEES.NS,-0.006523592147532509,ETF
2025-05-07,NIFTYBEES.NS,0.0006970008699636043,ETF
2025-05-08,NIFTYBEES.NS,-0.006415190971746365,ETF
2025-05-09,NIFTYBEES.NS,-0.009408272690945685,ETF
2025-05-10,NIFTYBEES.NS,0.0,ETF
2025-05-11,NIFTYBEES.NS,0.0,ETF
2025-05-12,NIFTYBEES.NS,0.038921421978931336,ETF
2025-05-13,NIFTYBEES.NS,-0.011794681709780819,ETF
2025-05-14,NIFTYBEES.NS,0.003337614540560807,ETF
2025-05-15,NIFTYBEES.NS,0.013016617884004322,ETF
2025-05-16,NIFTYBEES.NS,0.00014269202779648715,ETF
2025-05-17,NIFTYBEES.NS,0.0,ETF
2025-05-18,NIFTYBEES.NS,0.0,ETF
2025-05-19,NIFTYBEES.NS,-0.0035687521162510727,ETF
2025-05-20,NIFTYBEES.NS,-0.00830907516794177,ETF
2025-05-21,NIFTYBEES.NS,0.0023835209275033797,ETF
2025-05-22,NIFTYBEES.NS,-0.005908788337193771,ETF
2025-05-23,NIFTYBEES.NS,0.008915919765238867,ETF
2025-05-24,NIFTYBEES.NS,0.0,ETF
2025-05-25,NIFTYBEES.NS,0.0,ETF
2025-05-26,NIFTYBEES.NS,0.005460428774337167,ETF
2025-05-27,NIFTYBEES.NS,-0.0058594968116225665,ETF
2025-05-28,NIFTYBEES.NS,-0.002012569842205769,ETF
2025-05-29,NIFTYBEES.NS,0.0030609892183459664,ETF
2025-05-30,NIFTYBEES.NS,-0.0020464109525825114,ETF
2025-05-31,NIFTYBEES.NS,0.0,ETF
2025-06-01,NIFTYBEES.NS,0.0,ETF
2025-06-02,NIFTYBEES.NS,-0.0013310613215911093,ETF
2025-06-03,NIFTYBEES.NS,-0.006592280438067921,ETF
2025-06-04,NIFTYBEES.NS,0.002502094023625112,ETF
2025-06-05,NIFTYBEES.NS,0.005751271023058724,ETF
2025-06-06,NIFTYBEES.NS,0.008811409151564087,ETF
2025-06-07,NIFTYBEES.NS,0.0,ETF
2025-06-08,NIFTYBEES.NS,0.0,ETF
2025-06-09,NIFTYBEES.NS,0.003030324789716987,ETF
2025-06-10,NIFTYBEES.NS,0.00014220204035519934,ETF
2025-06-11,NIFTYBEES.NS,0.0017057480499074185,ETF
2025-06-12,NIFTYBEES.NS,-0.010359325081558457,ETF
2025-06-13,NIFTYBEES.NS,-0.006632034495637873,ETF
2025-06-14,NIFTYBEES.NS,0.0,ETF
2025-06-15,NIFTYBEES.NS,0.0,ETF
2025-06-16,NIFTYBEES.NS,0.009382916081728032,ETF
2025-06-17,NIFTYBEES.NS,-0.00396859428207319,ETF
2025-06-18,NIFTYBEES.NS,-0.0012563484264205282,ETF
2025-06-19,NIFTYBEES.NS,-0.001185978234069296,ETF
2025-06-20,NIFTYBEES.NS,0.012917837755331174,ETF
2025-06-21,NIFTYBEES.NS,0.0,ETF
2025-06-22,NIFTYBEES.NS,0.0,ETF
2025-06-23,NIFTYBEES.NS,-0.002273586672957406,ETF
2025-06-24,NIFTYBEES.NS,0.0020295070638320922,ETF
2025-06-25,NIFTYBEES.NS,0.007035536502355555,ETF
2025-06-26,NIFTYBEES.NS,0.01051484050605711,ETF
2025-06-27,NIFTYBEES.NS,0.0054819537216332925,ETF
2025-06-28,NIFTYBEES.NS,0.0,ETF
2025-06-29,NIFTYBEES.NS,0.0,ETF
2025-06-30,NIFTYBEES.NS,-0.005035358148631319,ETF
2025-07-01,NIFTYBEES.NS,0.0011517453527558619,ETF
2025-07-02,NIFTYBEES.NS,-0.003695431502324764,ETF
2025-07-03,NIFTYBEES.NS,-0.0013646305988004315,ETF
2025-07-04,NIFTYBEES.NS,0.0025227606649513845,ETF
2025-07-05,NIFTYBEES.NS,0.0,ETF
2025-07-06,NIFTYBEES.NS,0.0,ETF
2025-07-07,NIFTYBEES.NS,-0.00013972957740227,ETF
2025-07-08,NIFTYBEES.NS,0.0029363313747834408,ETF
2025-07-09,NIFTYBEES.NS,-0.0014290322988954607,ETF
2025-07-10,NIFTYBEES.NS,-0.004677125088623502,ETF
2025-07-11,NIFTYBEES.NS,-0.0071890106754801675,ETF
2025-07-12,NIFTYBEES.NS,0.0,ETF
2025-07-13,NIFTYBEES.NS,0.0,ETF
2025-07-14,NIFTYBEES.NS,-0.001412856900782411,ETF
2025-07-15,NIFTYBEES.NS,0.00346648868433741,ETF
2025-07-16,NIFTYBEES.NS,-0.00017620569120713192,ETF
2025-07-17,NIFTYBEES.NS,-0.002855831456558988,ETF
2025-07-18,NIFTYBEES.NS,-0.004949948601460141,ETF
2025-07-19,NIFTYBEES.NS,0.0,ETF
2025-07-20,NIFTYBEES.NS,0.0,ETF
2025-07-21,NIFTYBEES.NS,0.002949284409782038,ETF
2025-07-22,NIFTYBEES.NS,-0.0006731468675424956,ETF
2025-07-23,NIFTYBEES.NS,0.005175989708824158,ETF
2025-07-24,NIFTYBEES.NS,-0.005043532190378119,ETF
2025-07-25,NIFTYBEES.NS,-0.007337849271294106,ETF
2025-07-26,NIFTYBEES.NS,0.0,ETF
2025-07-27,NIFTYBEES.NS,0.0,ETF
2025-07-28,NIFTYBEES.NS,-0.005499441315698572,ETF
2025-07-29,NIFTYBEES.NS,0.00574529124787948,ETF
2025-07-30,NIFTYBEES.NS,0.00014284174888423706,ETF
2025-07-31,NIFTYBEES.NS,-0.0031056834399136868,ETF
2025-08-01,NIFTYBEES.NS,-0.006839517278941498,ETF
2025-08-02,NIFTYBEES.NS,0.0,ETF
2025-08-03,NIFTYBEES.NS,0.0,ETF
2025-08-04,NIFTYBEES.NS,0.005408328707374066,ETF
2025-08-05,NIFTYBEES.NS,-0.00254614107777551,ETF
2025-08-06,NIFTYBEES.NS,-0.0029841700083782507,ETF
2025-08-07,NIFTYBEES.NS,-7.208183566353998e-05,ETF
2025-08-08,NIFTYBEES.NS,-0.007753593098310585,ETF
2025-08-09,NIFTYBEES.NS,0.0,ETF
2025-08-10,NIFTYBEES.NS,0.0,ETF
2025-08-11,NIFTYBEES.NS,0.007814181078791949,ETF
2025-08-12,NIFTYBEES.NS,-0.0027047494568435138,ETF
2025-08-13,NIFTYBEES.NS,0.005351777041366468,ETF
2025-08-14,NIFTYBEES.NS,0.0007554204048469959,ETF
2025-08-15,NIFTYBEES.NS,0.0,ETF
2025-08-16,NIFTYBEES.NS,0.0,ETF
2025-08-17,NIFTYBEES.NS,0.0,ETF
2025-08-18,NIFTYBEES.NS,0.01020736881626405,ETF
2025-08-19,NIFTYBEES.NS,0.003166414443618537,ETF
2025-08-20,NIFTYBEES.NS,0.001986088720260737,ETF
2025-08-21,NIFTYBEES.NS,0.0019113994263100231,ETF
2025-08-22,NIFTYBEES.NS,-0.008160805407043004,ETF
2025-08-23,NIFTYBEES.NS,0.0,ETF
2025-08-24,NIFTYBEES.NS,0.0,ETF
2025-08-25,NIFTYBEES.NS,0.003312529566451561,ETF
2025-08-26,NIFTYBEES.NS,-0.009336853703485026,ETF
2025-08-27,NIFTYBEES.NS,0.0,ETF
2025-08-28,NIFTYBEES.NS,-0.007597187636361302,ETF
2025-08-29,NIFTYBEES.NS,-0.003141570578113817,ETF
2025-08-30,NIFTYBEES.NS,0.0,ETF
2025-08-31,NIFTYBEES.NS,0.0,ETF
2025-09-01,NIFTYBEES.NS,0.007679472346360239,ETF
2025-09-02,NIFTYBEES.NS,-0.0017973974159339878,ETF
2025-09-03,NIFTYBEES.NS,0.004537632522542578,ETF
2025-09-04,NIFTYBEES.NS,0.0013623176291910344,ETF
2025-09-05,NIFTYBEES.NS,0.0010024300871933622,ETF
2025-09-06,NIFTYBEES.NS,0.0,ETF
2025-09-07,NIFTYBEES.NS,0.0,ETF
2025-09-08,NIFTYBEES.NS,0.0013947929983770813,ETF
2025-09-09,NIFTYBEES.NS,0.0019644213355143325,ETF
2025-09-10,NIFTYBEES.NS,0.004633876642805346,ETF
2025-09-11,NIFTYBEES.NS,0.002448206253093499,ETF
2025-09-12,NIFTYBEES.NS,0.003468697096104423,ETF
2025-09-13,NIFTYBEES.NS,0.0,ETF
2025-09-14,NIFTYBEES.NS,0.0,ETF
2025-09-15,NIFTYBEES.NS,-0.0013756644739277846,ETF
2025-09-16,NIFTYBEES.NS,0.006251835129190919,ETF
2025-09-17,NIFTYBEES.NS,0.0038260250687820463,ETF
2025-09-18,NIFTYBEES.NS,0.002517662749294658,ETF
2025-09-19,NIFTYBEES.NS,-0.0027904369601811085,ETF
2025-09-20,NIFTYBEES.NS,0.0,ETF
2025-09-21,NIFTYBEES.NS,0.0,ETF
2025-09-22,NIFTYBEES.NS,-0.004931807248026332,ETF
2025-09-23,NIFTYBEES.NS,-0.0004920529215950431,ETF
2025-09-24,NIFTYBEES.NS,-0.005169689429048163,ETF
2025-09-25,NIFTYBEES.NS,-0.005797562995365824,ETF
2025-09-26,NIFTYBEES.NS,-0.008889205258173272,ETF
2025-09-27,NIFTYBEES.NS,0.0,ETF
2025-09-28,NIFTYBEES.NS,0.0,ETF
2025-09-29,NIFTYBEES.NS,-0.0007174488643878485,ETF
2025-09-30,NIFTYBEES.NS,-0.003662021612545141,ETF
2025-10-01,NIFTYBEES.NS,0.010774073473337475,ETF
2025-10-02,NIFTYBEES.NS,0.0,ETF
2025-10-03,NIFTYBEES.NS,0.002317186103367508,ETF
2025-10-04,NIFTYBEES.NS,0.0,ETF
2025-10-05,NIFTYBEES.NS,0.0,ETF
2025-10-06,NIFTYBEES.NS,0.006793297898817663,ETF
2025-10-07,NIFTYBEES.NS,0.0012011033634560242,ETF
2025-10-08,NIFTYBEES.NS,-0.003634306361764428,ETF
2025-10-09,NIFTYBEES.NS,0.005913955950419769,ETF
2025-10-10,NIFTYBEES.NS,0.005175149740807461,ETF
2025-10-11,NIFTYBEES.NS,0.0,ETF
2025-10-12,NIFTYBEES.NS,0.0,ETF
2025-10-13,NIFTYBEES.NS,-0.0030820061610196126,ETF
2025-10-14,NIFTYBEES.NS,-0.0033375918990329323,ETF
2025-10-15,NIFTYBEES.NS,0.008389456316156396,ETF
2025-10-16,NIFTYBEES.NS,0.009193570858449851,ETF
2025-10-17,NIFTYBEES.NS,0.005091794799263694,ETF
2025-10-18,NIFTYBEES.NS,0.0,ETF
2025-10-19,NIFTYBEES.NS,0.0,ETF
2025-10-20,NIFTYBEES.NS,0.005824075009904561,ETF
2025-10-21,NIFTYBEES.NS,3.4296464494598666e-05,ETF
2025-10-22,NIFTYBEES.NS,0.0,ETF
2025-10-23,NIFTYBEES.NS,0.0017816820500551334,ETF
2025-10-24,NIFTYBEES.NS,0.0,ETF
2025-10-25,NIFTYBEES.NS,0.0,ETF
2025-10-26,NIFTYBEES.NS,0.0,ETF
2025-10-27,NIFTYBEES.NS,0.0032832566332074986,ETF
2025-10-28,NIFTYBEES.NS,-0.0008522242877055941,ETF
2025-10-29,NIFTYBEES.NS,0.004776505859197977,ETF
2025-10-30,NIFTYBEES.NS,-0.006519570213019965,ETF
2025-10-31,NIFTYBEES.NS,-0.0051268031609862375,ETF
2025-11-01,NIFTYBEES.NS,0.0,ETF
2025-11-02,NIFTYBEES.NS,0.0,ETF
2025-11-03,NIFTYBEES.NS,0.0009276471887667004,ETF
2025-11-04,NIFTYBEES.NS,-0.006040877737272687,ETF
2025-11-05,NIFTYBEES.NS,0.0,ETF
2025-11-06,NIFTYBEES.NS,-0.004661784317785744,ETF
2025-11-07,NIFTYBEES.NS,0.0006939085963353353,ETF
2025-11-08,NIFTYBEES.NS,0.0,ETF
2025-11-09,NIFTYBEES.NS,0.0,ETF
2025-11-10,NIFTYBEES.NS,0.0036402294552817516,ETF
2025-11-11,NIFTYBEES.NS,0.004594345693151425,ETF
2025-11-12,NIFTYBEES.NS,0.006533229656260131,ETF
2025-11-13,NIFTYBEES.NS,-0.0011273113244381072,ETF
2025-11-14,NIFTYBEES.NS,0.00150474332838324,ETF
2025-11-15,NIFTYBEES.NS,0.0,ETF
2025-11-16,NIFTYBEES.NS,0.0,ETF
2025-11-17,NIFTYBEES.NS,0.0038930939477270776,ETF
2025-11-18,NIFTYBEES.NS,-0.0034017076431184234,ETF
2025-11-19,NIFTYBEES.NS,0.004778625424620486,ETF
2025-11-20,NIFTYBEES.NS,0.0043143647529171325,ETF
2025-11-21,NIFTYBEES.NS,-0.004464914283637933,ETF
2025-11-22,NIFTYBEES.NS,0.0,ETF
2025-11-23,NIFTYBEES.NS,0.0,ETF
2025-11-24,NIFTYBEES.NS,-0.0034656819307780085,ETF
2025-11-25,NIFTYBEES.NS,-0.0021138600170182986,ETF
2025-11-26,NIFTYBEES.NS,0.011377672451743592,ETF
2025-11-27,NIFTYBEES.NS,0.0013851006674876487,ETF
2025-11-28,NIFTYBEES.NS,0.00023607315117302186,ETF
2025-11-29,NIFTYBEES.NS,0.0,ETF
2025-11-30,NIFTYBEES.NS,0.0,ETF
2025-12-01,NIFTYBEES.NS,-0.0013153365837109687,ETF
2025-12-02,NIFTYBEES.NS,-0.004863230029461207,ETF
2025-12-03,NIFTYBEES.NS,-0.0029186718877761697,ETF
2025-12-04,NIFTYBEES.NS,0.0019401203128042166,ETF
2025-12-05,NIFTYBEES.NS,0.0055712697477356965,ETF
2025-12-06,NIFTYBEES.NS,0.0,ETF
2025-12-07,NIFTYBEES.NS,0.0,ETF
2025-12-08,NIFTYBEES.NS,-0.00864834794141156,ETF
2025-12-09,NIFTYBEES.NS,-0.003748529758927255,ETF
2025-12-10,NIFTYBEES.NS,-0.0027022696371764576,ETF
2025-12-11,NIFTYBEES.NS,0.004698844589996254,ETF
2025-12-12,NIFTYBEES.NS,0.006008294847339224,ETF
2025-12-13,NIFTYBEES.NS,0.0,ETF
2025-12-14,NIFTYBEES.NS,0.0,ETF
2025-12-15,NIFTYBEES.NS,-0.0005089887517110148,ETF
2025-12-16,NIFTYBEES.NS,-0.006382850642600468,ETF
2025-12-17,NIFTYBEES.NS,-0.003246129280200849,ETF
2025-12-18,NIFTYBEES.NS,0.00044566482678232155,ETF
2025-12-19,NIFTYBEES.NS,0.005514998254211312,ETF
2025-12-20,NIFTYBEES.NS,0.0,ETF
2025-12-21,NIFTYBEES.NS,0.0,ETF
2025-12-22,NIFTYBEES.NS,0.007635075484988096,ETF
2025-12-23,NIFTYBEES.NS,-3.385222882867911e-05,ETF
2025-12-24,NIFTYBEES.NS,-0.000608741478083763,ETF
2025-12-25,NIFTYBEES.NS,0.0,ETF
2025-12-26,NIFTYBEES.NS,-0.0035194874616645277,ETF
2025-12-27,NIFTYBEES.NS,0.0,ETF
2025-12-28,NIFTYBEES.NS,0.0,ETF
2025-12-29,NIFTYBEES.NS,-0.0044488134096600795,ETF
2025-12-30,NIFTYBEES.NS,0.0005799537140511735,ETF
2025-12-31,NIFTYBEES.NS,0.006784365828053973,ETF
2026-01-01,NIFTYBEES.NS,6.768823892566722e-05,ETF
2026-01-02,NIFTYBEES.NS,0.007517019339855935,ETF
2026-01-03,NIFTYBEES.NS,0.0,ETF
2026-01-04,NIFTYBEES.NS,0.0,ETF
2026-01-05,NIFTYBEES.NS,-0.0038312356835066286,ETF
2026-01-06,NIFTYBEES.NS,-0.0013157944860797688,ETF
2026-01-07,NIFTYBEES.NS,-0.0010134038379242538,ETF
2026-01-08,NIFTYBEES.NS,-0.009434629153946328,ETF
2026-01-09,NIFTYBEES.NS,-0.007988244278149259,ETF
2026-01-10,NIFTYBEES.NS,0.0,ETF
2026-01-11,NIFTYBEES.NS,0.0,ETF
2026-01-12,NIFTYBEES.NS,0.004404827404342226,ETF
2026-01-13,NIFTYBEES.NS,-0.002535341921933054,ETF
2026-01-14,NIFTYBEES.NS,-0.0016144032316157686,ETF
2026-01-15,NIFTYBEES.NS,0.0,ETF
2026-01-16,NIFTYBEES.NS,0.0013073862176589124,ETF
2026-01-17,NIFTYBEES.NS,0.0,ETF
2026-01-18,NIFTYBEES.NS,0.0,ETF
2026-01-19,NIFTYBEES.NS,-0.004844707327898989,ETF
2026-01-20,NIFTYBEES.NS,-0.011566502251281197,ETF
2026-01-21,NIFTYBEES.NS,-0.0046457544290090524,ETF
2026-01-22,NIFTYBEES.NS,0.005825488939881884,ETF
2026-01-23,NIFTYBEES.NS,-0.009420403431308455,ETF
2026-01-24,NIFTYBEES.NS,0.0,ETF
2026-01-25,NIFTYBEES.NS,0.0,ETF
2026-01-26,NIFTYBEES.NS,0.0,ETF
2026-01-27,NIFTYBEES.NS,0.004614129624515906,ETF
2026-01-28,NIFTYBEES.NS,0.004873375376587941,ETF
2026-01-29,NIFTYBEES.NS,0.002651721169772747,ETF
2026-01-30,NIFTYBEES.NS,-0.0022270388061856883,ETF
2026-01-31,NIFTYBEES.NS,0.0,ETF
2026-02-01,NIFTYBEES.NS,0.0,ETF
2026-02-02,NIFTYBEES.NS,-0.009730437826596772,ETF
2026-02-03,NIFTYBEES.NS,0.025709613757135763,ETF
2026-02-04,NIFTYBEES.NS,0.0014077862788672846,ETF
2026-02-05,NIFTYBEES.NS,-0.004457355803786367,ETF
2026-02-06,NIFTYBEES.NS,0.0010331936857677082,ETF
2026-02-07,NIFTYBEES.NS,0.0,ETF
2026-02-08,NIFTYBEES.NS,0.0,ETF
2026-02-09,NIFTYBEES.NS,0.006571490460067331,ETF
2026-02-10,NIFTYBEES.NS,0.003418102298143877,ETF
2026-02-11,NIFTYBEES.NS,0.000987902123360529,ETF
2026-02-12,NIFTYBEES.NS,-0.0053769510193141246,ETF
2026-02-13,NIFTYBEES.NS,-0.01163305855643404,ETF
2026-02-14,NIFTYBEES.NS,0.0,ETF
2026-02-15,NIFTYBEES.NS,0.0,ETF
2026-02-16,NIFTYBEES.NS,0.006542786306590109,ETF
2026-02-17,NIFTYBEES.NS,0.0026137681335871576,ETF
2026-02-18,NIFTYBEES.NS,0.0023326811847796947,ETF
2026-02-19,NIFTYBEES.NS,-0.013073262028176047,ETF
2026-02-20,NIFTYBEES.NS,0.002947520941547488,ETF
2026-02-21,NIFTYBEES.NS,0.0,ETF
2026-02-22,NIFTYBEES.NS,0.0,ETF
2026-02-23,NIFTYBEES.NS,0.004218100385028123,ETF
2026-02-24,NIFTYBEES.NS,-0.008951647423799614,ETF
2026-02-25,NIFTYBEES.NS,0.002709740360458346,ETF
2026-02-26,NIFTYBEES.NS,-0.00017329560233070307,ETF
2026-02-27,NIFTYBEES.NS,-0.011400575855664452,ETF
2026-02-28,NIFTYBEES.NS,0.0,ETF
2026-03-01,NIFTYBEES.NS,0.0,ETF
2026-03-02,NIFTYBEES.NS,-0.011777544843851628,ETF
2026-03-03,NIFTYBEES.NS,0.0,ETF
2026-03-04,NIFTYBEES.NS,-0.016457930164937573,ETF
2026-03-05,NIFTYBEES.NS,0.011035368979398497,ETF
2026-03-06,NIFTYBEES.NS,-0.011057628093544603,ETF
2026-03-07,NIFTYBEES.NS,0.0,ETF
2026-03-08,NIFTYBEES.NS,0.0,ETF
2026-03-09,NIFTYBEES.NS,-0.017421051658306985,ETF
2026-03-10,NIFTYBEES.NS,0.00928712522792674,ETF
2026-03-11,NIFTYBEES.NS,-0.015966591938653574,ETF
2026-03-12,NIFTYBEES.NS,-0.00968360120058065,ETF
2026-03-13,NIFTYBEES.NS,-0.019593938763018737,ETF
2026-03-14,NIFTYBEES.NS,0.0,ETF
2026-03-15,NIFTYBEES.NS,0.0,ETF
2026-03-16,NIFTYBEES.NS,0.009478816137779678,ETF
2026-03-17,NIFTYBEES.NS,0.007466668078345506,ETF
2026-03-18,NIFTYBEES.NS,0.008496739716109758,ETF
2026-03-19,NIFTYBEES.NS,-0.02713134304758058,ETF
2026-03-20,NIFTYBEES.NS,-0.0001907057603385276,ETF
2026-03-21,NIFTYBEES.NS,0.0,ETF
2026-03-22,NIFTYBEES.NS,0.0,ETF
2026-03-23,NIFTYBEES.NS,-0.026405209426248133,ETF
2026-03-24,NIFTYBEES.NS,0.01834212340871133,ETF
2026-03-25,NIFTYBEES.NS,0.01627991842716603,ETF
2026-03-26,NIFTYBEES.NS,0.0,ETF
2026-03-27,NIFTYBEES.NS,-0.019578819048534757,ETF
2026-03-28,NIFTYBEES.NS,0.0,ETF
2026-03-29,NIFTYBEES.NS,0.0,ETF
2026-03-30,NIFTYBEES.NS,-0.021051457756809056,ETF
2026-03-31,NIFTYBEES.NS,0.0,ETF
2026-04-01,NIFTYBEES.NS,0.015822323733413413,ETF
2026-04-02,NIFTYBEES.NS,0.000621375556209447,ETF
2026-04-03,NIFTYBEES.NS,0.0,ETF
2026-04-04,NIFTYBEES.NS,0.0,ETF
2026-04-05,NIFTYBEES.NS,0.0,ETF
2026-04-06,NIFTYBEES.NS,0.010248106822546621,ETF
2026-04-07,NIFTYBEES.NS,0.00468780488262488,ETF
2026-04-08,NIFTYBEES.NS,0.03904842393931074,ETF
2026-04-09,NIFTYBEES.NS,-0.008060963267250143,ETF
2026-04-10,NIFTYBEES.NS,0.0091284354217267,ETF
2026-04-11,NIFTYBEES.NS,0.0,ETF
2026-04-12,NIFTYBEES.NS,0.0,ETF
2026-04-13,NIFTYBEES.NS,-0.00893555096261378,ETF
2026-04-14,NIFTYBEES.NS,0.0,ETF
2026-04-15,NIFTYBEES.NS,0.01576877475972438,ETF
2026-04-16,NIFTYBEES.NS,0.0006575709558522824,ETF
2026-04-17,NIFTYBEES.NS,0.007008515512330948,ETF
2026-04-18,NIFTYBEES.NS,0.0,ETF
2026-04-19,NIFTYBEES.NS,0.0,ETF
2026-04-20,NIFTYBEES.NS,-0.0023924445347128787,ETF
2026-04-21,NIFTYBEES.NS,0.008793334191609103,ETF
2026-04-22,NIFTYBEES.NS,-0.007167777975636946,ETF
2026-04-23,NIFTYBEES.NS,-0.0068205078468390745,ETF
2026-04-24,NIFTYBEES.NS,-0.009753117082441198,ETF
2026-04-25,NIFTYBEES.NS,0.0,ETF
2026-04-26,NIFTYBEES.NS,0.0,ETF
2026-04-27,NIFTYBEES.NS,0.005274973975796904,ETF
2026-04-28,NIFTYBEES.NS,-0.003816153197083727,ETF
2026-04-29,NIFTYBEES.NS,0.006077773057727942,ETF
2026-04-30,NIFTYBEES.NS,-0.004100593479899994,ETF
2026-05-01,NIFTYBEES.NS,0.0,ETF
2026-05-02,NIFTYBEES.NS,0.0,ETF
2026-05-03,NIFTYBEES.NS,0.0,ETF
2026-05-04,NIFTYBEES.NS,0.004080678326944254,ETF
2026-05-05,NIFTYBEES.NS,-0.0030023701628543176,ETF
2026-05-06,NIFTYBEES.NS,0.012596486768729598,ETF
2026-05-07,NIFTYBEES.NS,-0.0020309633927425574,ETF
2026-05-08,NIFTYBEES.NS,-0.00447000372971651,ETF
2026-05-09,NIFTYBEES.NS,0.0,ETF
2026-05-10,NIFTYBEES.NS,0.0,ETF
2026-05-11,NIFTYBEES.NS,-0.014017654609286057,ETF
2026-05-12,NIFTYBEES.NS,-0.018696846339986584,ETF
2026-05-13,NIFTYBEES.NS,0.0014714758211653578,ETF
2026-05-14,NIFTYBEES.NS,0.00998340066346759,ETF
2026-05-15,NIFTYBEES.NS,-0.002946803520136543,ETF
2026-05-16,NIFTYBEES.NS,0.0,ETF
2026-05-17,NIFTYBEES.NS,0.0,ETF
2026-05-18,NIFTYBEES.NS,0.0010475076396700977,ETF
2026-05-19,NIFTYBEES.NS,0.00011211144630496328,ETF
2026-05-20,NIFTYBEES.NS,0.0016441929131614241,ETF
2026-05-21,NIFTYBEES.NS,0.0005969172519901811,ETF
2026-05-22,NIFTYBEES.NS,0.003318350086844335,ETF
2026-05-23,NIFTYBEES.NS,0.0,ETF
2026-05-24,NIFTYBEES.NS,0.0,ETF
2026-05-25,NIFTYBEES.NS,0.010739442829100776,ETF
2026-05-26,NIFTYBEES.NS,-0.004264876296035003,ETF
2026-05-27,NIFTYBEES.NS,0.0004062174596433099,ETF
2026-05-28,NIFTYBEES.NS,0.0,ETF
2026-05-29,NIFTYBEES.NS,-0.011663112252288221,ETF
2026-05-30,NIFTYBEES.NS,0.0,ETF
2026-05-31,NIFTYBEES.NS,0.0,ETF
2026-06-01,NIFTYBEES.NS,-0.008439800492671234,ETF
2026-06-02,NIFTYBEES.NS,0.0018830973963857023,ETF
2023-01-03,RELIANCE.NS,-0.007317846942682227,Equity
2023-01-04,RELIANCE.NS,-0.015056372900683068,Equity
2023-01-05,RELIANCE.NS,-0.0017867113818760272,Equity
2023-01-06,RELIANCE.NS,0.009088885255934764,Equity
2023-01-07,RELIANCE.NS,0.0,Equity
2023-01-08,RELIANCE.NS,0.0,Equity
2023-01-09,RELIANCE.NS,0.023611361306151935,Equity
2023-01-10,RELIANCE.NS,-0.014787286023285828,Equity
2023-01-11,RELIANCE.NS,-0.01260555979156397,Equity
2023-01-12,RELIANCE.NS,-0.02159420047461358,Equity
2023-01-13,RELIANCE.NS,-0.001618224691639858,Equity
2023-01-14,RELIANCE.NS,0.0,Equity
2023-01-15,RELIANCE.NS,0.0,Equity
2023-01-16,RELIANCE.NS,-0.009523522608857027,Equity
2023-01-17,RELIANCE.NS,0.014197364859497963,Equity
2023-01-18,RELIANCE.NS,-0.0016538705922585217,Equity
2023-01-19,RELIANCE.NS,-0.0010708374651342556,Equity
2023-01-20,RELIANCE.NS,-0.011892980161563704,Equity
2023-01-21,RELIANCE.NS,0.0,Equity
2023-01-22,RELIANCE.NS,0.0,Equity
2023-01-23,RELIANCE.NS,-0.005056059476819086,Equity
2023-01-24,RELIANCE.NS,-0.005904560308146678,Equity
2023-01-25,RELIANCE.NS,-0.01382486439006081,Equity
2023-01-26,RELIANCE.NS,0.0,Equity
2023-01-27,RELIANCE.NS,-0.018971289245408918,Equity
2023-01-28,RELIANCE.NS,0.0,Equity
2023-01-29,RELIANCE.NS,0.0,Equity
2023-01-30,RELIANCE.NS,0.009583675454915452,Equity
2023-01-31,RELIANCE.NS,-0.0025004051188896037,Equity
2023-02-01,RELIANCE.NS,-0.005926381183538054,Equity
2023-02-02,RELIANCE.NS,-0.0055345290661914515,Equity
2023-02-03,RELIANCE.NS,0.0008810710385502851,Equity
2023-02-04,RELIANCE.NS,0.0,Equity
2023-02-05,RELIANCE.NS,0.0,Equity
2023-02-06,RELIANCE.NS,-0.007535498857808909,Equity
2023-02-07,RELIANCE.NS,-0.002401102737233929,Equity
2023-02-08,RELIANCE.NS,0.019970567736533607,Equity
2023-02-09,RELIANCE.NS,0.0017431839370580793,Equity
2023-02-10,RELIANCE.NS,-0.008233935613976229,Equity
2023-02-11,RELIANCE.NS,0.0,Equity
2023-02-12,RELIANCE.NS,0.0,Equity
2023-02-13,RELIANCE.NS,-0.0056920287222117505,Equity
2023-02-14,RELIANCE.NS,0.023565085912361505,Equity
2023-02-15,RELIANCE.NS,0.022644065555321946,Equity
2023-02-16,RELIANCE.NS,-0.0007811255266741979,Equity
2023-02-17,RELIANCE.NS,0.004176742358842578,Equity
2023-02-18,RELIANCE.NS,0.0,Equity
2023-02-19,RELIANCE.NS,0.0,Equity
2023-02-20,RELIANCE.NS,-0.010572882062098832,Equity
2023-02-21,RELIANCE.NS,0.008159430471287976,Equity
2023-02-22,RELIANCE.NS,-0.022677781427524635,Equity
2023-02-23,RELIANCE.NS,-0.004792167607163611,Equity
2023-02-24,RELIANCE.NS,0.006842678152528814,Equity
2023-02-25,RELIANCE.NS,0.0,Equity
2023-02-26,RELIANCE.NS,0.0,Equity
2023-02-27,RELIANCE.NS,-0.006649328655966902,Equity
2023-02-28,RELIANCE.NS,-0.01913130190652368,Equity
2023-03-01,RELIANCE.NS,0.009192379673834017,Equity
2023-03-02,RELIANCE.NS,-0.007615374040462974,Equity
2023-03-03,RELIANCE.NS,0.025515304630292057,Equity
2023-03-04,RELIANCE.NS,0.0,Equity
2023-03-05,RELIANCE.NS,0.0,Equity
2023-03-06,RELIANCE.NS,0.009767736974090058,Equity
2023-03-07,RELIANCE.NS,0.0,Equity
2023-03-08,RELIANCE.NS,0.0035911804923451918,Equity
2023-03-09,RELIANCE.NS,-0.024034590376451392,Equity
2023-03-10,RELIANCE.NS,-0.015492084678396023,Equity
2023-03-11,RELIANCE.NS,0.0,Equity
2023-03-12,RELIANCE.NS,0.0,Equity
2023-03-13,RELIANCE.NS,-0.016446548515850257,Equity
2023-03-14,RELIANCE.NS,-0.0037425253085450194,Equity
2023-03-15,RELIANCE.NS,-0.017091736536458013,Equity
2023-03-16,RELIANCE.NS,-0.004984330095755052,Equity
2023-03-17,RELIANCE.NS,-0.0012578657152514383,Equity
2023-03-18,RELIANCE.NS,0.0,Equity
2023-03-19,RELIANCE.NS,0.0,Equity
2023-03-20,RELIANCE.NS,-0.009828593079971859,Equity
2023-03-21,RELIANCE.NS,0.031095783633779517,Equity
2023-03-22,RELIANCE.NS,0.0030401228113476897,Equity
2023-03-23,RELIANCE.NS,-0.01265031944699424,Equity
2023-03-24,RELIANCE.NS,-0.019797240492086643,Equity
2023-03-25,RELIANCE.NS,0.0,Equity
2023-03-26,RELIANCE.NS,0.0,Equity
2023-03-27,RELIANCE.NS,0.015544805179437349,Equity
2023-03-28,RELIANCE.NS,0.004670462623840299,Equity
2023-03-29,RELIANCE.NS,-0.005916375657558426,Equity
2023-03-30,RELIANCE.NS,0.0,Equity
2023-03-31,RELIANCE.NS,0.0431153545620222,Equity
2023-04-01,RELIANCE.NS,0.0,Equity
2023-04-02,RELIANCE.NS,0.0,Equity
2023-04-03,RELIANCE.NS,0.00017161391183129204,Equity
2023-04-04,RELIANCE.NS,0.0,Equity
2023-04-05,RELIANCE.NS,-0.0024019531267025496,Equity
2023-04-06,RELIANCE.NS,0.006707216402868088,Equity
2023-04-07,RELIANCE.NS,0.0,Equity
2023-04-08,RELIANCE.NS,0.0,Equity
2023-04-09,RELIANCE.NS,0.0,Equity
2023-04-10,RELIANCE.NS,-0.007089658518245612,Equity
2023-04-11,RELIANCE.NS,0.004946597997528501,Equity
2023-04-12,RELIANCE.NS,0.00440857578897802,Equity
2023-04-13,RELIANCE.NS,0.003771374655578308,Equity
2023-04-14,RELIANCE.NS,0.0,Equity
2023-04-15,RELIANCE.NS,0.0,Equity
2023-04-16,RELIANCE.NS,0.0,Equity
2023-04-17,RELIANCE.NS,0.005073180123777998,Equity
2023-04-18,RELIANCE.NS,-0.011446948301233273,Equity
2023-04-19,RELIANCE.NS,0.004977936522083004,Equity
2023-04-20,RELIANCE.NS,-0.0025297913601445288,Equity
2023-04-21,RELIANCE.NS,0.0012574464263079843,Equity
2023-04-22,RELIANCE.NS,0.0,Equity
2023-04-23,RELIANCE.NS,0.0,Equity
2023-04-24,RELIANCE.NS,0.003831465166304504,Equity
2023-04-25,RELIANCE.NS,0.0076546618999151494,Equity
2023-04-26,RELIANCE.NS,-0.005871009970824459,Equity
2023-04-27,RELIANCE.NS,0.006329077382472015,Equity
2023-04-28,RELIANCE.NS,0.01827890363026685,Equity
2023-04-29,RELIANCE.NS,0.0,Equity
2023-04-30,RELIANCE.NS,0.0,Equity
2023-05-01,RELIANCE.NS,0.0,Equity
2023-05-02,RELIANCE.NS,0.008490070980749609,Equity
2023-05-03,RELIANCE.NS,-0.00858236750432706,Equity
2023-05-04,RELIANCE.NS,0.011528404448272411,Equity
2023-05-05,RELIANCE.NS,-0.0025530362364671877,Equity
2023-05-06,RELIANCE.NS,0.0,Equity
2023-05-07,RELIANCE.NS,0.0,Equity
2023-05-08,RELIANCE.NS,0.012347750322027062,Equity
2023-05-09,RELIANCE.NS,0.003094666705899529,Equity
2023-05-10,RELIANCE.NS,0.006876407039037247,Equity
2023-05-11,RELIANCE.NS,-0.006529005968829105,Equity
2023-05-12,RELIANCE.NS,0.0016329250122366634,Equity
2023-05-13,RELIANCE.NS,0.0,Equity
2023-05-14,RELIANCE.NS,0.0,Equity
2023-05-15,RELIANCE.NS,0.0019723318141513513,Equity
2023-05-16,RELIANCE.NS,-0.01424117909301359,Equity
2023-05-17,RELIANCE.NS,-0.005909365678753775,Equity
2023-05-18,RELIANCE.NS,-0.0021520370135895694,Equity
2023-05-19,RELIANCE.NS,0.003245509108342981,Equity
2023-05-20,RELIANCE.NS,0.0,Equity
2023-05-21,RELIANCE.NS,0.0,Equity
2023-05-22,RELIANCE.NS,0.00534408472392478,Equity
2023-05-23,RELIANCE.NS,-0.0001833179969257248,Equity
2023-05-24,RELIANCE.NS,-0.005825961955903014,Equity
2023-05-25,RELIANCE.NS,-0.00012284113014715548,Equity
2023-05-26,RELIANCE.NS,0.027275177223661906,Equity
2023-05-27,RELIANCE.NS,0.0,Equity
2023-05-28,RELIANCE.NS,0.0,Equity
2023-05-29,RELIANCE.NS,0.005625304653326557,Equity
2023-05-30,RELIANCE.NS,-0.00025790129032332576,Equity
2023-05-31,RELIANCE.NS,-0.01986161209619708,Equity
2023-06-01,RELIANCE.NS,-0.002692365614762382,Equity
2023-06-02,RELIANCE.NS,-0.0032680465833422323,Equity
2023-06-03,RELIANCE.NS,0.0,Equity
2023-06-04,RELIANCE.NS,0.0,Equity
2023-06-05,RELIANCE.NS,0.008981088632976197,Equity
2023-06-06,RELIANCE.NS,0.0008475843253030746,Equity
2023-06-07,RELIANCE.NS,0.0075827558042227405,Equity
2023-06-08,RELIANCE.NS,0.0006003982174092037,Equity
2023-06-09,RELIANCE.NS,-0.007081068347842723,Equity
2023-06-10,RELIANCE.NS,0.0,Equity
2023-06-11,RELIANCE.NS,0.0,Equity
2023-06-12,RELIANCE.NS,0.0008864898643006214,Equity
2023-06-13,RELIANCE.NS,0.014773657669752804,Equity
2023-06-14,RELIANCE.NS,0.012297308736523682,Equity
2023-06-15,RELIANCE.NS,0.0002744434660606476,Equity
2023-06-16,RELIANCE.NS,0.009735408097244713,Equity
2023-06-17,RELIANCE.NS,0.0,Equity
2023-06-18,RELIANCE.NS,0.0,Equity
2023-06-19,RELIANCE.NS,-0.009932564181680537,Equity
2023-06-20,RELIANCE.NS,0.0020769665976194673,Equity
2023-06-21,RELIANCE.NS,0.002815661835301242,Equity
2023-06-22,RELIANCE.NS,-0.011231128854577332,Equity
2023-06-23,RELIANCE.NS,-0.008183672162911604,Equity
2023-06-24,RELIANCE.NS,0.0,Equity
2023-06-25,RELIANCE.NS,0.0,Equity
2023-06-26,RELIANCE.NS,-0.007635090280301071,Equity
2023-06-27,RELIANCE.NS,0.0003607857306724416,Equity
2023-06-28,RELIANCE.NS,0.01323874951584103,Equity
2023-06-29,RELIANCE.NS,0.0,Equity
2023-06-30,RELIANCE.NS,0.00820318900730177,Equity
2023-07-01,RELIANCE.NS,0.0,Equity
2023-07-02,RELIANCE.NS,0.0,Equity
2023-07-03,RELIANCE.NS,0.025664238955634522,Equity
2023-07-04,RELIANCE.NS,-0.010303294122121165,Equity
2023-07-05,RELIANCE.NS,-0.0016416790845353857,Equity
2023-07-06,RELIANCE.NS,0.02099047816519084,Equity
2023-07-07,RELIANCE.NS,-0.0019516771665121224,Equity
2023-07-08,RELIANCE.NS,0.0,Equity
2023-07-09,RELIANCE.NS,0.0,Equity
2023-07-10,RELIANCE.NS,0.03852136695901098,Equity
2023-07-11,RELIANCE.NS,0.01084068045046327,Equity
2023-07-12,RELIANCE.NS,0.0011033059813654322,Equity
2023-07-13,RELIANCE.NS,-0.008942320122229841,Equity
2023-07-14,RELIANCE.NS,-0.0008383881967419793,Equity
2023-07-15,RELIANCE.NS,0.0,Equity
2023-07-16,RELIANCE.NS,0.0,Equity
2023-07-17,RELIANCE.NS,0.020432662990144124,Equity
2023-07-18,RELIANCE.NS,0.008492153248868206,Equity
2023-07-19,RELIANCE.NS,0.007587453680580669,Equity
2023-07-20,RELIANCE.NS,-0.0012110160113818491,Equity
2023-07-21,RELIANCE.NS,-0.030956034959494394,Equity
2023-07-22,RELIANCE.NS,0.0,Equity
2023-07-23,RELIANCE.NS,0.0,Equity
2023-07-24,RELIANCE.NS,-0.020226453762084984,Equity
2023-07-25,RELIANCE.NS,-0.000643187255803146,Equity
2023-07-26,RELIANCE.NS,0.016252271022634934,Equity
2023-07-27,RELIANCE.NS,-0.00930256143102326,Equity
2023-07-28,RELIANCE.NS,0.010049186754339967,Equity
2023-07-29,RELIANCE.NS,0.0,Equity
2023-07-30,RELIANCE.NS,0.0,Equity
2023-07-31,RELIANCE.NS,0.008465680377409468,Equity
2023-08-01,RELIANCE.NS,-0.014141513112179482,Equity
2023-08-02,RELIANCE.NS,-0.010683463121801684,Equity
2023-08-03,RELIANCE.NS,-0.004203031225325504,Equity
2023-08-04,RELIANCE.NS,0.013591102765711627,Equity
2023-08-05,RELIANCE.NS,0.0,Equity
2023-08-06,RELIANCE.NS,0.0,Equity
2023-08-07,RELIANCE.NS,0.005698252275666782,Equity
2023-08-08,RELIANCE.NS,-0.006022619466385271,Equity
2023-08-09,RELIANCE.NS,0.006597185054120214,Equity
2023-08-10,RELIANCE.NS,0.0044550500308568886,Equity
2023-08-11,RELIANCE.NS,0.004218488758902961,Equity
2023-08-12,RELIANCE.NS,0.0,Equity
2023-08-13,RELIANCE.NS,0.0,Equity
2023-08-14,RELIANCE.NS,0.011817227450572343,Equity
2023-08-15,RELIANCE.NS,0.0,Equity
2023-08-16,RELIANCE.NS,-0.0008148843915689596,Equity
2023-08-17,RELIANCE.NS,-0.014426274382724147,Equity
2023-08-18,RELIANCE.NS,0.007407409568482626,Equity
2023-08-19,RELIANCE.NS,0.0,Equity
2023-08-20,RELIANCE.NS,0.0,Equity
2023-08-21,RELIANCE.NS,-0.010911451236625624,Equity
2023-08-22,RELIANCE.NS,-0.0002381397614932279,Equity
2023-08-23,RELIANCE.NS,0.0011114208967042405,Equity
2023-08-24,RELIANCE.NS,-0.016810678936159063,Equity
2023-08-25,RELIANCE.NS,-0.004617245392697478,Equity
2023-08-26,RELIANCE.NS,0.0,Equity
2023-08-27,RELIANCE.NS,0.0,Equity
2023-08-28,RELIANCE.NS,-0.00996634044703304,Equity
2023-08-29,RELIANCE.NS,-0.009575326553045493,Equity
2023-08-30,RELIANCE.NS,-0.0009502163263850338,Equity
2023-08-31,RELIANCE.NS,-0.0045698721851635815,Equity
2023-09-01,RELIANCE.NS,0.002347180139612881,Equity
2023-09-02,RELIANCE.NS,0.0,Equity
2023-09-03,RELIANCE.NS,0.0,Equity
2023-09-04,RELIANCE.NS,-0.0008081872384706479,Equity
2023-09-05,RELIANCE.NS,0.005351327527525873,Equity
2023-09-06,RELIANCE.NS,0.002104193449001812,Equity
2023-09-07,RELIANCE.NS,0.0013587018437817289,Equity
2023-09-08,RELIANCE.NS,0.0066612164456441025,Equity
2023-09-09,RELIANCE.NS,0.0,Equity
2023-09-10,RELIANCE.NS,0.0,Equity
2023-09-11,RELIANCE.NS,0.010783439915323711,Equity
2023-09-12,RELIANCE.NS,-0.01444676395906297,Equity
2023-09-13,RELIANCE.NS,0.005002351722485532,Equity
2023-09-14,RELIANCE.NS,0.0009179448791560851,Equity
2023-09-15,RELIANCE.NS,0.0018546574157023432,Equity
2023-09-16,RELIANCE.NS,0.0,Equity
2023-09-17,RELIANCE.NS,0.0,Equity
2023-09-18,RELIANCE.NS,-0.008706756907667312,Equity
2023-09-19,RELIANCE.NS,0.0,Equity
2023-09-20,RELIANCE.NS,-0.022286551149168776,Equity
2023-09-21,RELIANCE.NS,-0.007283390526491962,Equity
2023-09-22,RELIANCE.NS,-0.004165238784385572,Equity
2023-09-23,RELIANCE.NS,0.0,Equity
2023-09-24,RELIANCE.NS,0.0,Equity
2023-09-25,RELIANCE.NS,-0.0061571762983752,Equity
2023-09-26,RELIANCE.NS,0.0008758885382182946,Equity
2023-09-27,RELIANCE.NS,0.011270017825820933,Equity
2023-09-28,RELIANCE.NS,-0.014690305766588474,Equity
2023-09-29,RELIANCE.NS,0.004669853732779838,Equity
2023-09-30,RELIANCE.NS,0.0,Equity
2023-10-01,RELIANCE.NS,0.0,Equity
2023-10-02,RELIANCE.NS,0.0,Equity
2023-10-03,RELIANCE.NS,-0.011449936132283511,Equity
2023-10-04,RELIANCE.NS,-0.0017255535877011008,Equity
2023-10-05,RELIANCE.NS,-2.1468539502689232e-05,Equity
2023-10-06,RELIANCE.NS,0.0016852102500659605,Equity
2023-10-07,RELIANCE.NS,0.0,Equity
2023-10-08,RELIANCE.NS,0.0,Equity
2023-10-09,RELIANCE.NS,-0.008520313119544265,Equity
2023-10-10,RELIANCE.NS,0.004416409321920778,Equity
2023-10-11,RELIANCE.NS,0.015876854862132417,Equity
2023-10-12,RELIANCE.NS,0.0018548984063984086,Equity
2023-10-13,RELIANCE.NS,-4.250222979673701e-05,Equity
2023-10-14,RELIANCE.NS,0.0,Equity
2023-10-15,RELIANCE.NS,0.0,Equity
2023-10-16,RELIANCE.NS,-0.002234707288520932,Equity
2023-10-17,RELIANCE.NS,0.00477803910903396,Equity
2023-10-18,RELIANCE.NS,-0.013268170571580029,Equity
2023-10-19,RELIANCE.NS,-0.007680782866891889,Equity
2023-10-20,RELIANCE.NS,-0.003056974870395357,Equity
2023-10-21,RELIANCE.NS,0.0,Equity
2023-10-22,RELIANCE.NS,0.0,Equity
2023-10-23,RELIANCE.NS,-0.015614907520662857,Equity
2023-10-24,RELIANCE.NS,0.0,Equity
2023-10-25,RELIANCE.NS,-0.0023196147689855673,Equity
2023-10-26,RELIANCE.NS,-0.013928698015187257,Equity
2023-10-27,RELIANCE.NS,0.0176511199924001,Equity
2023-10-28,RELIANCE.NS,0.0,Equity
2023-10-29,RELIANCE.NS,0.0,Equity
2023-10-30,RELIANCE.NS,0.020610839735573316,Equity
2023-10-31,RELIANCE.NS,-0.01063791204998632,Equity
2023-11-01,RELIANCE.NS,0.0041522675846532575,Equity
2023-11-02,RELIANCE.NS,0.009924298360359796,Equity
2023-11-03,RELIANCE.NS,-0.00021550362550659674,Equity
2023-11-04,RELIANCE.NS,0.0,Equity
2023-11-05,RELIANCE.NS,0.0,Equity
2023-11-06,RELIANCE.NS,0.00832004213882076,Equity
2023-11-07,RELIANCE.NS,-0.006498527100767593,Equity
2023-11-08,RELIANCE.NS,0.005207045079708594,Equity
2023-11-09,RELIANCE.NS,-0.010852376575814171,Equity
2023-11-10,RELIANCE.NS,0.0018827013309943297,Equity
2023-11-11,RELIANCE.NS,0.0,Equity
2023-11-12,RELIANCE.NS,0.0,Equity
2023-11-13,RELIANCE.NS,-0.00012951321411958094,Equity
2023-11-14,RELIANCE.NS,0.0,Equity
2023-11-15,RELIANCE.NS,0.018080750207099205,Equity
2023-11-16,RELIANCE.NS,0.0018035497993185157,Equity
2023-11-17,RELIANCE.NS,-0.002181512827418408,Equity
2023-11-18,RELIANCE.NS,0.0,Equity
2023-11-19,RELIANCE.NS,0.0,Equity
2023-11-20,RELIANCE.NS,-0.00263212134007329,Equity
2023-11-21,RELIANCE.NS,0.012577891440507694,Equity
2023-11-22,RELIANCE.NS,0.0039093774606135945,Equity
2023-11-23,RELIANCE.NS,0.0030567865924862048,Equity
2023-11-24,RELIANCE.NS,-0.0006679754440481744,Equity
2023-11-25,RELIANCE.NS,0.0,Equity
2023-11-26,RELIANCE.NS,0.0,Equity
2023-11-27,RELIANCE.NS,0.0,Equity
2023-11-28,RELIANCE.NS,0.00020886901180094952,Equity
2023-11-29,RELIANCE.NS,0.0026311177982716316,Equity
2023-11-30,RELIANCE.NS,-0.00968464262088975,Equity
2023-12-01,RELIANCE.NS,0.007087475090490347,Equity
2023-12-02,RELIANCE.NS,0.0,Equity
2023-12-03,RELIANCE.NS,0.0,Equity
2023-12-04,RELIANCE.NS,0.010817360041088797,Equity
2023-12-05,RELIANCE.NS,0.007251501401328131,Equity
2023-12-06,RELIANCE.NS,0.009578512750230361,Equity
2023-12-07,RELIANCE.NS,-0.0016457133354845777,Equity
2023-12-08,RELIANCE.NS,-0.0005291219788321477,Equity
2023-12-09,RELIANCE.NS,0.0,Equity
2023-12-10,RELIANCE.NS,0.0,Equity
2023-12-11,RELIANCE.NS,0.00146602116867256,Equity
2023-12-12,RELIANCE.NS,-0.014353436331283831,Equity
2023-12-13,RELIANCE.NS,0.0040840263150419,Equity
2023-12-14,RELIANCE.NS,0.012407878893459401,Equity
2023-12-15,RELIANCE.NS,0.012763046382958443,Equity
2023-12-16,RELIANCE.NS,0.0,Equity
2023-12-17,RELIANCE.NS,0.0,Equity
2023-12-18,RELIANCE.NS,0.010177910915635469,Equity
2023-12-19,RELIANCE.NS,0.01471637000434134,Equity
2023-12-20,RELIANCE.NS,-0.012098842466514048,Equity
2023-12-21,RELIANCE.NS,0.014007963870131368,Equity
2023-12-22,RELIANCE.NS,0.0009756131270208801,Equity
2023-12-23,RELIANCE.NS,0.0,Equity
2023-12-24,RELIANCE.NS,0.0,Equity
2023-12-25,RELIANCE.NS,0.0,Equity
2023-12-26,RELIANCE.NS,0.0050680518472365765,Equity
2023-12-27,RELIANCE.NS,0.003413530291134226,Equity
2023-12-28,RELIANCE.NS,0.007228825626734547,Equity
2023-12-29,RELIANCE.NS,-0.007906325163964278,Equity
2023-12-30,RELIANCE.NS,0.0,Equity
2023-12-31,RELIANCE.NS,0.0,Equity
2024-01-01,RELIANCE.NS,0.002050396168889357,Equity
2024-01-02,RELIANCE.NS,0.008281083212096307,Equity
2024-01-03,RELIANCE.NS,-0.010874167335911844,Equity
2024-01-04,RELIANCE.NS,0.005167727650784659,Equity
2024-01-05,RELIANCE.NS,0.004255552919257832,Equity
2024-01-06,RELIANCE.NS,0.0,Equity
2024-01-07,RELIANCE.NS,0.0,Equity
2024-01-08,RELIANCE.NS,-0.007803793461718667,Equity
2024-01-09,RELIANCE.NS,-0.0026474528378201967,Equity
2024-01-10,RELIANCE.NS,0.02697150762976075,Equity
2024-01-11,RELIANCE.NS,0.026300923271046495,Equity
2024-01-12,RELIANCE.NS,0.007960064576844506,Equity
2024-01-13,RELIANCE.NS,0.0,Equity
2024-01-14,RELIANCE.NS,0.0,Equity
2024-01-15,RELIANCE.NS,0.01707131014197394,Equity
2024-01-16,RELIANCE.NS,-0.013987324778040766,Equity
2024-01-17,RELIANCE.NS,-0.00949357378245308,Equity
2024-01-18,RELIANCE.NS,0.00468214079532725,Equity
2024-01-19,RELIANCE.NS,-0.00036551886013491686,Equity
2024-01-20,RELIANCE.NS,0.0,Equity
2024-01-21,RELIANCE.NS,0.0,Equity
2024-01-22,RELIANCE.NS,0.0,Equity
2024-01-23,RELIANCE.NS,-0.028428808417957585,Equity
2024-01-24,RELIANCE.NS,0.011516122729174016,Equity
2024-01-25,RELIANCE.NS,0.00684581273665974,Equity
2024-01-26,RELIANCE.NS,0.0,Equity
2024-01-27,RELIANCE.NS,0.0,Equity
2024-01-28,RELIANCE.NS,0.0,Equity
2024-01-29,RELIANCE.NS,0.07019207209119882,Equity
2024-01-30,RELIANCE.NS,-0.02791689228070482,Equity
2024-01-31,RELIANCE.NS,0.01349796178636642,Equity
2024-02-01,RELIANCE.NS,1.7498419108363805e-05,Equity
2024-02-02,RELIANCE.NS,0.021764204567248813,Equity
2024-02-03,RELIANCE.NS,0.0,Equity
2024-02-04,RELIANCE.NS,0.0,Equity
2024-02-05,RELIANCE.NS,-0.012811227643454104,Equity
2024-02-06,RELIANCE.NS,-0.007800454661908263,Equity
2024-02-07,RELIANCE.NS,0.010050469389959238,Equity
2024-02-08,RELIANCE.NS,0.005529920201540195,Equity
2024-02-09,RELIANCE.NS,0.007326911261691604,Equity
2024-02-10,RELIANCE.NS,0.0,Equity
2024-02-11,RELIANCE.NS,0.0,Equity
2024-02-12,RELIANCE.NS,-0.005750451759874653,Equity
2024-02-13,RELIANCE.NS,0.008778908604551328,Equity
2024-02-14,RELIANCE.NS,0.011108435435896347,Equity
2024-02-15,RELIANCE.NS,-0.0072737074332756,Equity
2024-02-16,RELIANCE.NS,-0.006816910580907831,Equity
2024-02-17,RELIANCE.NS,0.0,Equity
2024-02-18,RELIANCE.NS,0.0,Equity
2024-02-19,RELIANCE.NS,0.009191620663659084,Equity
2024-02-20,RELIANCE.NS,-0.002018222149101634,Equity
2024-02-21,RELIANCE.NS,-0.002260388873158603,Equity
2024-02-22,RELIANCE.NS,0.009572719437904942,Equity
2024-02-23,RELIANCE.NS,0.00801423284464442,Equity
2024-02-24,RELIANCE.NS,0.0,Equity
2024-02-25,RELIANCE.NS,0.0,Equity
2024-02-26,RELIANCE.NS,-0.004217973849401924,Equity
2024-02-27,RELIANCE.NS,-0.001126117932493731,Equity
2024-02-28,RELIANCE.NS,-0.020210035106284052,Equity
2024-02-29,RELIANCE.NS,0.0035552472908801924,Equity
2024-03-01,RELIANCE.NS,0.021443640697963895,Equity
2024-03-02,RELIANCE.NS,0.0,Equity
2024-03-03,RELIANCE.NS,0.0,Equity
2024-03-04,RELIANCE.NS,0.010237124249434348,Equity
2024-03-05,RELIANCE.NS,-0.0047765134225737915,Equity
2024-03-06,RELIANCE.NS,0.0018664936519132702,Equity
2024-03-07,RELIANCE.NS,-0.016017931430034826,Equity
2024-03-08,RELIANCE.NS,0.0,Equity
2024-03-09,RELIANCE.NS,0.0,Equity
2024-03-10,RELIANCE.NS,0.0,Equity
2024-03-11,RELIANCE.NS,-0.00833387242770911,Equity
2024-03-12,RELIANCE.NS,0.006017466206097666,Equity
2024-03-13,RELIANCE.NS,-0.029313676306674474,Equity
2024-03-14,RELIANCE.NS,-0.0004887439906255953,Equity
2024-03-15,RELIANCE.NS,-0.009256227853697174,Equity
2024-03-16,RELIANCE.NS,0.0,Equity
2024-03-17,RELIANCE.NS,0.0,Equity
2024-03-18,RELIANCE.NS,0.014983516493044968,Equity
2024-03-19,RELIANCE.NS,-0.009882072088765459,Equity
2024-03-20,RELIANCE.NS,0.012980132816030832,Equity
2024-03-21,RELIANCE.NS,0.005004384894973679,Equity
2024-03-22,RELIANCE.NS,0.0027912400118077496,Equity
2024-03-23,RELIANCE.NS,0.0,Equity
2024-03-24,RELIANCE.NS,0.0,Equity
2024-03-25,RELIANCE.NS,0.0,Equity
2024-03-26,RELIANCE.NS,-0.009243837322053361,Equity
2024-03-27,RELIANCE.NS,0.03556876117604446,Equity
2024-03-28,RELIANCE.NS,-0.00468904311904772,Equity
2024-03-29,RELIANCE.NS,0.0,Equity
2024-03-30,RELIANCE.NS,0.0,Equity
2024-03-31,RELIANCE.NS,0.0,Equity
2024-04-01,RELIANCE.NS,-0.0007234337753940778,Equity
2024-04-02,RELIANCE.NS,0.0014647281291491066,Equity
2024-04-03,RELIANCE.NS,-0.010323035879955644,Equity
2024-04-04,RELIANCE.NS,-0.005894904358534014,Equity
2024-04-05,RELIANCE.NS,-0.0019311995654422986,Equity
2024-04-06,RELIANCE.NS,0.0,Equity
2024-04-07,RELIANCE.NS,0.0,Equity
2024-04-08,RELIANCE.NS,0.01772141919922743,Equity
2024-04-09,RELIANCE.NS,-0.015023746924568426,Equity
2024-04-10,RELIANCE.NS,0.010880323249758295,Equity
2024-04-11,RELIANCE.NS,0.0,Equity
2024-04-12,RELIANCE.NS,-0.008397700493873339,Equity
2024-04-13,RELIANCE.NS,0.0,Equity
2024-04-14,RELIANCE.NS,0.0,Equity
2024-04-15,RELIANCE.NS,-0.00158474992307589,Equity
2024-04-16,RELIANCE.NS,0.0006315648789145811,Equity
2024-04-17,RELIANCE.NS,0.0,Equity
2024-04-18,RELIANCE.NS,-0.0009722963905730575,Equity
2024-04-19,RELIANCE.NS,0.003960994375364457,Equity
2024-04-20,RELIANCE.NS,0.0,Equity
2024-04-21,RELIANCE.NS,0.0,Equity
2024-04-22,RELIANCE.NS,0.006615009792733995,Equity
2024-04-23,RELIANCE.NS,-0.013869611113239366,Equity
2024-04-24,RELIANCE.NS,-0.006270014606944763,Equity
2024-04-25,RELIANCE.NS,0.006757739970109977,Equity
2024-04-26,RELIANCE.NS,-0.0050855596537233705,Equity
2024-04-27,RELIANCE.NS,0.0,Equity
2024-04-28,RELIANCE.NS,0.0,Equity
2024-04-29,RELIANCE.NS,0.008588228142784482,Equity
2024-04-30,RELIANCE.NS,0.0013480721435161769,Equity
2024-05-01,RELIANCE.NS,0.0,Equity
2024-05-02,RELIANCE.NS,-0.00030663818010823185,Equity
2024-05-03,RELIANCE.NS,-0.02219498694878652,Equity
2024-05-04,RELIANCE.NS,0.0,Equity
2024-05-05,RELIANCE.NS,0.0,Equity
2024-05-06,RELIANCE.NS,-0.010094142707927745,Equity
2024-05-07,RELIANCE.NS,-0.012715588039204029,Equity
2024-05-08,RELIANCE.NS,0.012183706411740047,Equity
2024-05-09,RELIANCE.NS,-0.017218325805192114,Equity
2024-05-10,RELIANCE.NS,0.009540023943340525,Equity
2024-05-11,RELIANCE.NS,0.0,Equity
2024-05-12,RELIANCE.NS,0.0,Equity
2024-05-13,RELIANCE.NS,-0.0033572108910882026,Equity
2024-05-14,RELIANCE.NS,0.012386715848007324,Equity
2024-05-15,RELIANCE.NS,-0.002675751700564555,Equity
2024-05-16,RELIANCE.NS,0.006407549125266865,Equity
2024-05-17,RELIANCE.NS,0.007261438264315689,Equity
2024-05-18,RELIANCE.NS,0.0,Equity
2024-05-19,RELIANCE.NS,0.0,Equity
2024-05-20,RELIANCE.NS,0.0,Equity
2024-05-21,RELIANCE.NS,0.0002960210860205592,Equity
2024-05-22,RELIANCE.NS,0.01707722870623285,Equity
2024-05-23,RELIANCE.NS,0.017389513638671694,Equity
2024-05-24,RELIANCE.NS,-0.003903004241625929,Equity
2024-05-25,RELIANCE.NS,0.0,Equity
2024-05-26,RELIANCE.NS,0.0,Equity
2024-05-27,RELIANCE.NS,-0.009457830264325784,Equity
2024-05-28,RELIANCE.NS,-0.006854327138920202,Equity
2024-05-29,RELIANCE.NS,-0.010592536700236299,Equity
2024-05-30,RELIANCE.NS,-0.011053153891567913,Equity
2024-05-31,RELIANCE.NS,0.003895184900022164,Equity
2024-06-01,RELIANCE.NS,0.0,Equity
2024-06-02,RELIANCE.NS,0.0,Equity
2024-06-03,RELIANCE.NS,0.055875967019565875,Equity
2024-06-04,RELIANCE.NS,-0.07485140469382034,Equity
2024-06-05,RELIANCE.NS,0.016800530945147996,Equity
2024-06-06,RELIANCE.NS,0.007636796949228142,Equity
2024-06-07,RELIANCE.NS,0.026788121774310447,Equity
2024-06-08,RELIANCE.NS,0.0,Equity
2024-06-09,RELIANCE.NS,0.0,Equity
2024-06-10,RELIANCE.NS,0.0009865011142895508,Equity
2024-06-11,RELIANCE.NS,-0.010007397316991185,Equity
2024-06-12,RELIANCE.NS,0.00456514418370868,Equity
2024-06-13,RELIANCE.NS,0.0013155191170037828,Equity
2024-06-14,RELIANCE.NS,0.008394530689067148,Equity
2024-06-15,RELIANCE.NS,0.0,Equity
2024-06-16,RELIANCE.NS,0.0,Equity
2024-06-17,RELIANCE.NS,0.0,Equity
2024-06-18,RELIANCE.NS,0.0023518619517457484,Equity
2024-06-19,RELIANCE.NS,-0.015107836072132064,Equity
2024-06-20,RELIANCE.NS,0.010317777671551509,Equity
2024-06-21,RELIANCE.NS,-0.01323205483244827,Equity
2024-06-22,RELIANCE.NS,0.0,Equity
2024-06-23,RELIANCE.NS,0.0,Equity
2024-06-24,RELIANCE.NS,-0.008750573559260566,Equity
2024-06-25,RELIANCE.NS,0.008793185758779076,Equity
2024-06-26,RELIANCE.NS,0.0411752309284259,Equity
2024-06-27,RELIANCE.NS,0.010914598130828956,Equity
2024-06-28,RELIANCE.NS,0.02276961880408601,Equity
2024-06-29,RELIANCE.NS,0.0,Equity
2024-06-30,RELIANCE.NS,0.0,Equity
2024-07-01,RELIANCE.NS,-0.0033537739776928754,Equity
2024-07-02,RELIANCE.NS,0.0032208945831146973,Equity
2024-07-03,RELIANCE.NS,-0.0081460837695011,Equity
2024-07-04,RELIANCE.NS,0.001030653444264562,Equity
2024-07-05,RELIANCE.NS,0.022264705796238182,Equity
2024-07-06,RELIANCE.NS,0.0,Equity
2024-07-07,RELIANCE.NS,0.0,Equity
2024-07-08,RELIANCE.NS,0.0077268850843073,Equity
2024-07-09,RELIANCE.NS,-0.006636928858169577,Equity
2024-07-10,RELIANCE.NS,-0.003804414522040611,Equity
2024-07-11,RELIANCE.NS,-0.002256606012083995,Equity
2024-07-12,RELIANCE.NS,0.010169875248472238,Equity
2024-07-13,RELIANCE.NS,0.0,Equity
2024-07-14,RELIANCE.NS,0.0,Equity
2024-07-15,RELIANCE.NS,0.00031314816413607893,Equity
2024-07-16,RELIANCE.NS,-0.01313216821093699,Equity
2024-07-17,RELIANCE.NS,0.0,Equity
2024-07-18,RELIANCE.NS,0.006613864970271832,Equity
2024-07-19,RELIANCE.NS,-0.019868638319029297,Equity
2024-07-20,RELIANCE.NS,0.0,Equity
2024-07-21,RELIANCE.NS,0.0,Equity
2024-07-22,RELIANCE.NS,-0.03502873474372403,Equity
2024-07-23,RELIANCE.NS,-0.008512924756103102,Equity
2024-07-24,RELIANCE.NS,0.005242276345356123,Equity
2024-07-25,RELIANCE.NS,-0.0022063263314091586,Equity
2024-07-26,RELIANCE.NS,0.011139825692611405,Equity
2024-07-27,RELIANCE.NS,0.0,Equity
2024-07-28,RELIANCE.NS,0.0,Equity
2024-07-29,RELIANCE.NS,0.00733918996237426,Equity
2024-07-30,RELIANCE.NS,-0.004572140385751489,Equity
2024-07-31,RELIANCE.NS,-0.005105223617864252,Equity
2024-08-01,RELIANCE.NS,0.006559719728269409,Equity
2024-08-02,RELIANCE.NS,-0.01054265181437275,Equity
2024-08-03,RELIANCE.NS,0.0,Equity
2024-08-04,RELIANCE.NS,0.0,Equity
2024-08-05,RELIANCE.NS,-0.03468225539398906,Equity
2024-08-06,RELIANCE.NS,0.006028527428176833,Equity
2024-08-07,RELIANCE.NS,0.006026438290091196,Equity
2024-08-08,RELIANCE.NS,-0.010717881823910314,Equity
2024-08-09,RELIANCE.NS,0.017372518396532755,Equity
2024-08-10,RELIANCE.NS,0.0,Equity
2024-08-11,RELIANCE.NS,0.0,Equity
2024-08-12,RELIANCE.NS,-0.009275626479931298,Equity
2024-08-13,RELIANCE.NS,0.0020539625708344555,Equity
2024-08-14,RELIANCE.NS,-0.001212744997132864,Equity
2024-08-15,RELIANCE.NS,0.0,Equity
2024-08-16,RELIANCE.NS,0.011184445901998963,Equity
2024-08-17,RELIANCE.NS,0.0,Equity
2024-08-18,RELIANCE.NS,0.0,Equity
2024-08-19,RELIANCE.NS,0.01031767040923448,Equity
2024-08-20,RELIANCE.NS,0.005072514903698089,Equity
2024-08-21,RELIANCE.NS,0.0018216343472330365,Equity
2024-08-22,RELIANCE.NS,-0.0003670172821144124,Equity
2024-08-23,RELIANCE.NS,0.001234884122548019,Equity
2024-08-24,RELIANCE.NS,0.0,Equity
2024-08-25,RELIANCE.NS,0.0,Equity
2024-08-26,RELIANCE.NS,0.008416841559635069,Equity
2024-08-27,RELIANCE.NS,-0.008032538192779826,Equity
2024-08-28,RELIANCE.NS,-0.001432843330646083,Equity
2024-08-29,RELIANCE.NS,0.01510038896552457,Equity
2024-08-30,RELIANCE.NS,-0.007429660332829102,Equity
2024-08-31,RELIANCE.NS,0.0,Equity
2024-09-01,RELIANCE.NS,0.0,Equity
2024-09-02,RELIANCE.NS,0.004388498360848425,Equity
2024-09-03,RELIANCE.NS,-0.004699108263862328,Equity
2024-09-04,RELIANCE.NS,0.003594813625582116,Equity
2024-09-05,RELIANCE.NS,-0.01424521020586289,Equity
2024-09-06,RELIANCE.NS,-0.018855016312041895,Equity
2024-09-07,RELIANCE.NS,0.0,Equity
2024-09-08,RELIANCE.NS,0.0,Equity
2024-09-09,RELIANCE.NS,-0.00162130368612734,Equity
2024-09-10,RELIANCE.NS,-0.0006324620380312451,Equity
2024-09-11,RELIANCE.NS,-0.006859264657110176,Equity
2024-09-12,RELIANCE.NS,0.01949704083806436,Equity
2024-09-13,RELIANCE.NS,-0.004848646273265755,Equity
2024-09-14,RELIANCE.NS,0.0,Equity
2024-09-15,RELIANCE.NS,0.0,Equity
2024-09-16,RELIANCE.NS,-0.0008657800417685158,Equity
2024-09-17,RELIANCE.NS,0.000645712066227766,Equity
2024-09-18,RELIANCE.NS,-0.006011103043068844,Equity
2024-09-19,RELIANCE.NS,0.00425370267595615,Equity
2024-09-20,RELIANCE.NS,0.011056912440321032,Equity
2024-09-21,RELIANCE.NS,0.0,Equity
2024-09-22,RELIANCE.NS,0.0,Equity
2024-09-23,RELIANCE.NS,0.005013660610634352,Equity
2024-09-24,RELIANCE.NS,-0.002678525558589717,Equity
2024-09-25,RELIANCE.NS,0.003071732849347697,Equity
2024-09-26,RELIANCE.NS,0.0026774947777858937,Equity
2024-09-27,RELIANCE.NS,0.018842467075386393,Equity
2024-09-28,RELIANCE.NS,0.0,Equity
2024-09-29,RELIANCE.NS,0.0,Equity
2024-09-30,RELIANCE.NS,-0.03249956174131363,Equity
2024-10-01,RELIANCE.NS,-0.007957679890677194,Equity
2024-10-02,RELIANCE.NS,0.0,Equity
2024-10-03,RELIANCE.NS,-0.03949269208533057,Equity
2024-10-04,RELIANCE.NS,-0.014534730523430572,Equity
2024-10-05,RELIANCE.NS,0.0,Equity
2024-10-06,RELIANCE.NS,0.0,Equity
2024-10-07,RELIANCE.NS,-0.011395420352580121,Equity
2024-10-08,RELIANCE.NS,0.0194239966524532,Equity
2024-10-09,RELIANCE.NS,-0.01628076313106086,Equity
2024-10-10,RELIANCE.NS,-0.0025825772062730845,Equity
2024-10-11,RELIANCE.NS,0.0007658021900851519,Equity
2024-10-12,RELIANCE.NS,0.0,Equity
2024-10-13,RELIANCE.NS,0.0,Equity
2024-10-14,RELIANCE.NS,0.0003097665148292794,Equity
2024-10-15,RELIANCE.NS,-0.02076462740368623,Equity
2024-10-16,RELIANCE.NS,0.007477531023245998,Equity
2024-10-17,RELIANCE.NS,0.0017355366215876522,Equity
2024-10-18,RELIANCE.NS,0.002119514103785969,Equity
2024-10-19,RELIANCE.NS,0.0,Equity
2024-10-20,RELIANCE.NS,0.0,Equity
2024-10-21,RELIANCE.NS,0.007283144152932186,Equity
2024-10-22,RELIANCE.NS,-0.018879655477459623,Equity
2024-10-23,RELIANCE.NS,-0.0035917520257832125,Equity
2024-10-24,RELIANCE.NS,0.0009526096826493191,Equity
2024-10-25,RELIANCE.NS,-0.008919334931152934,Equity
2024-10-26,RELIANCE.NS,0.0,Equity
2024-10-27,RELIANCE.NS,0.0,Equity
2024-10-28,RELIANCE.NS,0.004895114899429842,Equity
2024-10-29,RELIANCE.NS,0.004234301118042572,Equity
2024-10-30,RELIANCE.NS,0.0029104745988790537,Equity
2024-10-31,RELIANCE.NS,-0.008817617250717169,Equity
2024-11-01,RELIANCE.NS,0.004954757886030059,Equity
2024-11-02,RELIANCE.NS,0.0,Equity
2024-11-03,RELIANCE.NS,0.0,Equity
2024-11-04,RELIANCE.NS,-0.02726622615482377,Equity
2024-11-05,RELIANCE.NS,0.002419062081197243,Equity
2024-11-06,RELIANCE.NS,0.015360433017062691,Equity
2024-11-07,RELIANCE.NS,-0.014863959263467397,Equity
2024-11-08,RELIANCE.NS,-0.01677333590404584,Equity
2024-11-09,RELIANCE.NS,0.0,Equity
2024-11-10,RELIANCE.NS,0.0,Equity
2024-11-11,RELIANCE.NS,-0.008607642550177097,Equity
2024-11-12,RELIANCE.NS,0.0012179710824313794,Equity
2024-11-13,RELIANCE.NS,-0.017422017670066903,Equity
2024-11-14,RELIANCE.NS,0.012419645590951989,Equity
2024-11-15,RELIANCE.NS,0.0,Equity
2024-11-16,RELIANCE.NS,0.0,Equity
2024-11-17,RELIANCE.NS,0.0,Equity
2024-11-18,RELIANCE.NS,-0.005403915411881233,Equity
2024-11-19,RELIANCE.NS,-0.01514973443612555,Equity
2024-11-20,RELIANCE.NS,0.0,Equity
2024-11-21,RELIANCE.NS,-0.015020332373453904,Equity
2024-11-22,RELIANCE.NS,0.03466883977199631,Equity
2024-11-23,RELIANCE.NS,0.0,Equity
2024-11-24,RELIANCE.NS,0.0,Equity
2024-11-25,RELIANCE.NS,0.017069672210535236,Equity
2024-11-26,RELIANCE.NS,0.0067599179252813,Equity
2024-11-27,RELIANCE.NS,-0.0019295034595612215,Equity
2024-11-28,RELIANCE.NS,-0.017321295773564005,Equity
2024-11-29,RELIANCE.NS,0.016839745390603067,Equity
2024-11-30,RELIANCE.NS,0.0,Equity
2024-12-01,RELIANCE.NS,0.0,Equity
2024-12-02,RELIANCE.NS,0.013117256434050262,Equity
2024-12-03,RELIANCE.NS,0.010808475462453115,Equity
2024-12-04,RELIANCE.NS,-0.010844142312697147,Equity
2024-12-05,RELIANCE.NS,0.010008087816572253,Equity
2024-12-06,RELIANCE.NS,-0.007942226821521237,Equity
2024-12-07,RELIANCE.NS,0.0,Equity
2024-12-08,RELIANCE.NS,0.0,Equity
2024-12-09,RELIANCE.NS,-0.01250425525373744,Equity
2024-12-10,RELIANCE.NS,-0.00795284633887361,Equity
2024-12-11,RELIANCE.NS,-0.005175693128900094,Equity
2024-12-12,RELIANCE.NS,-0.0119698620049552,Equity
2024-12-13,RELIANCE.NS,0.007878676953671393,Equity
2024-12-14,RELIANCE.NS,0.0,Equity
2024-12-15,RELIANCE.NS,0.0,Equity
2024-12-16,RELIANCE.NS,-0.003574623896608675,Equity
2024-12-17,RELIANCE.NS,-0.018134560064890004,Equity
2024-12-18,RELIANCE.NS,0.006383971681293232,Equity
2024-12-19,RELIANCE.NS,-0.018192738883663018,Equity
2024-12-20,RELIANCE.NS,-0.02043955684943488,Equity
2024-12-21,RELIANCE.NS,0.0,Equity
2024-12-22,RELIANCE.NS,0.0,Equity
2024-12-23,RELIANCE.NS,0.014104370921263154,Equity
2024-12-24,RELIANCE.NS,0.0003680846263756088,Equity
2024-12-25,RELIANCE.NS,0.0,Equity
2024-12-26,RELIANCE.NS,-0.0050705022120551835,Equity
2024-12-27,RELIANCE.NS,0.0036990497900886155,Equity
2024-12-28,RELIANCE.NS,0.0,Equity
2024-12-29,RELIANCE.NS,0.0,Equity
2024-12-30,RELIANCE.NS,-0.008476419522493672,Equity
2024-12-31,RELIANCE.NS,0.003923329216690696,Equity
2025-01-01,RELIANCE.NS,0.004771936716607028,Equity
2025-01-02,RELIANCE.NS,0.016827029703506913,Equity
2025-01-03,RELIANCE.NS,0.007529441814037696,Equity
2025-01-04,RELIANCE.NS,0.0,Equity
2025-01-05,RELIANCE.NS,0.0,Equity
2025-01-06,RELIANCE.NS,-0.026495670484899647,Equity
2025-01-07,RELIANCE.NS,0.018760205607393887,Equity
2025-01-08,RELIANCE.NS,0.01986546439436765,Equity
2025-01-09,RELIANCE.NS,-0.008494697133453744,Equity
2025-01-10,RELIANCE.NS,-0.01024104070102605,Equity
2025-01-11,RELIANCE.NS,0.0,Equity
2025-01-12,RELIANCE.NS,0.0,Equity
2025-01-13,RELIANCE.NS,-0.0016507167448225335,Equity
2025-01-14,RELIANCE.NS,-0.0008871691810375948,Equity
2025-01-15,RELIANCE.NS,0.010857611082177643,Equity
2025-01-16,RELIANCE.NS,0.01138000913164694,Equity
2025-01-17,RELIANCE.NS,0.028346965549963965,Equity
2025-01-18,RELIANCE.NS,0.0,Equity
2025-01-19,RELIANCE.NS,0.0,Equity
2025-01-20,RELIANCE.NS,0.002380295885440198,Equity
2025-01-21,RELIANCE.NS,-0.02432108515219722,Equity
2025-01-22,RELIANCE.NS,0.0026693883355755066,Equity
2025-01-23,RELIANCE.NS,-0.010531664616998282,Equity
2025-01-24,RELIANCE.NS,-0.013729990211083898,Equity
2025-01-25,RELIANCE.NS,0.0,Equity
2025-01-26,RELIANCE.NS,0.0,Equity
2025-01-27,RELIANCE.NS,-0.013600350710330056,Equity
2025-01-28,RELIANCE.NS,0.004107958579064652,Equity
2025-01-29,RELIANCE.NS,0.0008910860517084007,Equity
2025-01-30,RELIANCE.NS,0.014204806410186954,Equity
2025-01-31,RELIANCE.NS,0.00961644545190632,Equity
2025-02-01,RELIANCE.NS,-0.0003952541600500403,Equity
2025-02-02,RELIANCE.NS,0.0,Equity
2025-02-03,RELIANCE.NS,-0.014787187771117871,Equity
2025-02-04,RELIANCE.NS,0.031543373023227295,Equity
2025-02-05,RELIANCE.NS,-0.0054466343126137184,Equity
2025-02-06,RELIANCE.NS,0.002620966195432839,Equity
2025-02-07,RELIANCE.NS,-0.011587600097353934,Equity
2025-02-08,RELIANCE.NS,0.0,Equity
2025-02-09,RELIANCE.NS,0.0,Equity
2025-02-10,RELIANCE.NS,-0.010302329044276082,Equity
2025-02-11,RELIANCE.NS,-0.014996216167547205,Equity
2025-02-12,RELIANCE.NS,-0.014819589803139244,Equity
2025-02-13,RELIANCE.NS,-0.0003699251274362769,Equity
2025-02-14,RELIANCE.NS,0.0009456132785348181,Equity
2025-02-15,RELIANCE.NS,0.0,Equity
2025-02-16,RELIANCE.NS,0.0,Equity
2025-02-17,RELIANCE.NS,0.006284708364159508,Equity
2025-02-18,RELIANCE.NS,0.0004082259939102162,Equity
2025-02-19,RELIANCE.NS,0.0016728435660231522,Equity
2025-02-20,RELIANCE.NS,0.004521595523635513,Equity
2025-02-21,RELIANCE.NS,-0.003933480806973422,Equity
2025-02-22,RELIANCE.NS,0.0,Equity
2025-02-23,RELIANCE.NS,0.0,Equity
2025-02-24,RELIANCE.NS,-0.011073565444983391,Equity
2025-02-25,RELIANCE.NS,-0.008686365125215811,Equity
2025-02-26,RELIANCE.NS,0.0,Equity
2025-02-27,RELIANCE.NS,0.0025747328055609753,Equity
2025-02-28,RELIANCE.NS,-0.0057990343606695305,Equity
2025-03-01,RELIANCE.NS,0.0,Equity
2025-03-02,RELIANCE.NS,0.0,Equity
2025-03-03,RELIANCE.NS,-0.02403966050217987,Equity
2025-03-04,RELIANCE.NS,-0.007982871931567215,Equity
2025-03-05,RELIANCE.NS,0.011791037549914618,Equity
2025-03-06,RELIANCE.NS,0.02892140024113332,Equity
2025-03-07,RELIANCE.NS,0.033234190762060356,Equity
2025-03-08,RELIANCE.NS,0.0,Equity
2025-03-09,RELIANCE.NS,0.0,Equity
2025-03-10,RELIANCE.NS,-0.00912152760140239,Equity
2025-03-11,RELIANCE.NS,0.007186715457569104,Equity
2025-03-12,RELIANCE.NS,0.007816857918678366,Equity
2025-03-13,RELIANCE.NS,-0.007278886208929469,Equity
2025-03-14,RELIANCE.NS,0.0,Equity
2025-03-15,RELIANCE.NS,0.0,Equity
2025-03-16,RELIANCE.NS,0.0,Equity
2025-03-17,RELIANCE.NS,-0.007252312899922453,Equity
2025-03-18,RELIANCE.NS,0.0,Equity
2025-03-19,RELIANCE.NS,0.006699849341436304,Equity
2025-03-20,RELIANCE.NS,0.017640212849612702,Equity
2025-03-21,RELIANCE.NS,0.005673014136038379,Equity
2025-03-22,RELIANCE.NS,0.0,Equity
2025-03-23,RELIANCE.NS,0.0,Equity
2025-03-24,RELIANCE.NS,0.02017473148609139,Equity
2025-03-25,RELIANCE.NS,-0.012787017018420888,Equity
2025-03-26,RELIANCE.NS,-0.009646359885421396,Equity
2025-03-27,RELIANCE.NS,0.004045309001149411,Equity
2025-03-28,RELIANCE.NS,-0.0024252686646160093,Equity
2025-03-29,RELIANCE.NS,0.0,Equity
2025-03-30,RELIANCE.NS,0.0,Equity
2025-03-31,RELIANCE.NS,0.0,Equity
2025-04-01,RELIANCE.NS,-0.017645697364857216,Equity
2025-04-02,RELIANCE.NS,-0.001157479996779065,Equity
2025-04-03,RELIANCE.NS,-0.0019582414871938125,Equity
2025-04-04,RELIANCE.NS,-0.035236730882516665,Equity
2025-04-05,RELIANCE.NS,0.0,Equity
2025-04-06,RELIANCE.NS,0.0,Equity
2025-04-07,RELIANCE.NS,-0.03237320012537581,Equity
2025-04-08,RELIANCE.NS,0.014154659879601628,Equity
2025-04-09,RELIANCE.NS,0.0026645084100167526,Equity
2025-04-10,RELIANCE.NS,0.0,Equity
2025-04-11,RELIANCE.NS,0.02834603302253491,Equity
2025-04-12,RELIANCE.NS,0.0,Equity
2025-04-13,RELIANCE.NS,0.0,Equity
2025-04-14,RELIANCE.NS,0.0,Equity
2025-04-15,RELIANCE.NS,0.017351043116696552,Equity
2025-04-16,RELIANCE.NS,-0.0006450569141414064,Equity
2025-04-17,RELIANCE.NS,0.028403098904663304,Equity
2025-04-18,RELIANCE.NS,0.0,Equity
2025-04-19,RELIANCE.NS,0.0,Equity
2025-04-20,RELIANCE.NS,0.0,Equity
2025-04-21,RELIANCE.NS,0.016476986482864886,Equity
2025-04-22,RELIANCE.NS,-0.003319137245686554,Equity
2025-04-23,RELIANCE.NS,0.006815381959146771,Equity
2025-04-24,RELIANCE.NS,0.0012307636032609093,Equity
2025-04-25,RELIANCE.NS,-0.00092191447484824,Equity
2025-04-26,RELIANCE.NS,0.0,Equity
2025-04-27,RELIANCE.NS,0.0,Equity
2025-04-28,RELIANCE.NS,0.05259921775599641,Equity
2025-04-29,RELIANCE.NS,0.022574441711784132,Equity
2025-04-30,RELIANCE.NS,0.0037865358682445116,Equity
2025-05-01,RELIANCE.NS,0.0,Equity
2025-05-02,RELIANCE.NS,0.0105338689707426,Equity
2025-05-03,RELIANCE.NS,0.0,Equity
2025-05-04,RELIANCE.NS,0.0,Equity
2025-05-05,RELIANCE.NS,0.008099711223408246,Equity
2025-05-06,RELIANCE.NS,-0.007266131195719505,Equity
2025-05-07,RELIANCE.NS,-0.010486376706539735,Equity
2025-05-08,RELIANCE.NS,0.0007112888248419491,Equity
2025-05-09,RELIANCE.NS,-0.021179860130747574,Equity
2025-05-10,RELIANCE.NS,0.0,Equity
2025-05-11,RELIANCE.NS,0.0,Equity
2025-05-12,RELIANCE.NS,0.04305836840007893,Equity
2025-05-13,RELIANCE.NS,-0.014479658083635383,Equity
2025-05-14,RELIANCE.NS,0.006145466662176524,Equity
2025-05-15,RELIANCE.NS,0.020921047503038803,Equity
2025-05-16,RELIANCE.NS,0.0015128840393894283,Equity
2025-05-17,RELIANCE.NS,0.0,Equity
2025-05-18,RELIANCE.NS,0.0,Equity
2025-05-19,RELIANCE.NS,-0.010711357251580567,Equity
2025-05-20,RELIANCE.NS,-0.011243797996968508,Equity
2025-05-21,RELIANCE.NS,0.0032289512519809715,Equity
2025-05-22,RELIANCE.NS,-0.0138537886130784,Equity
2025-05-23,RELIANCE.NS,0.012345698336225563,Equity
2025-05-24,RELIANCE.NS,0.0,Equity
2025-05-25,RELIANCE.NS,0.0,Equity
2025-05-26,RELIANCE.NS,0.005606926734152973,Equity
2025-05-27,RELIANCE.NS,-0.008851447302390625,Equity
2025-05-28,RELIANCE.NS,-0.0064692549661740095,Equity
2025-05-29,RELIANCE.NS,0.003468033906426582,Equity
2025-05-30,RELIANCE.NS,0.0021864706617111818,Equity
2025-05-31,RELIANCE.NS,0.0,Equity
2025-06-01,RELIANCE.NS,0.0,Equity
2025-06-02,RELIANCE.NS,-0.005067230857700444,Equity
2025-06-03,RELIANCE.NS,-0.005800366381819577,Equity
2025-06-04,RELIANCE.NS,0.012806793550152351,Equity
2025-06-05,RELIANCE.NS,0.013277143550585846,Equity
2025-06-06,RELIANCE.NS,0.0007625878399228903,Equity
2025-06-07,RELIANCE.NS,0.0,Equity
2025-06-08,RELIANCE.NS,0.0,Equity
2025-06-09,RELIANCE.NS,0.003671726306536005,Equity
2025-06-10,RELIANCE.NS,-0.007109420686643664,Equity
2025-06-11,RELIANCE.NS,0.007229763129792621,Equity
2025-06-12,RELIANCE.NS,-0.0050383296741072225,Equity
2025-06-13,RELIANCE.NS,-0.009503249619472132,Equity
2025-06-14,RELIANCE.NS,0.0,Equity
2025-06-15,RELIANCE.NS,0.0,Equity
2025-06-16,RELIANCE.NS,0.006933242924857197,Equity
2025-06-17,RELIANCE.NS,-0.004590421274910161,Equity
2025-06-18,RELIANCE.NS,-0.000768555586478592,Equity
2025-06-19,RELIANCE.NS,0.002237681333301822,Equity
2025-06-20,RELIANCE.NS,0.022953964664555127,Equity
2025-06-21,RELIANCE.NS,0.0,Equity
2025-06-22,RELIANCE.NS,0.0,Equity
2025-06-23,RELIANCE.NS,-0.006411091226272259,Equity
2025-06-24,RELIANCE.NS,-0.0041186603572820335,Equity
2025-06-25,RELIANCE.NS,0.0113730948011328,Equity
2025-06-26,RELIANCE.NS,0.019082622846425812,Equity
2025-06-27,RELIANCE.NS,0.013442103526425164,Equity
2025-06-28,RELIANCE.NS,0.0,Equity
2025-06-29,RELIANCE.NS,0.0,Equity
2025-06-30,RELIANCE.NS,-0.00976637419870141,Equity
2025-07-01,RELIANCE.NS,0.018525950721715922,Equity
2025-07-02,RELIANCE.NS,-0.006281049417176665,Equity
2025-07-03,RELIANCE.NS,-0.0006584619297647087,Equity
2025-07-04,RELIANCE.NS,0.0062591062466228475,Equity
2025-07-05,RELIANCE.NS,0.0,Equity
2025-07-06,RELIANCE.NS,0.0,Equity
2025-07-07,RELIANCE.NS,0.009297400045306103,Equity
2025-07-08,RELIANCE.NS,-0.0025300264737670997,Equity
2025-07-09,RELIANCE.NS,-0.012096769051145873,Equity
2025-07-10,RELIANCE.NS,-0.0011849948205391314,Equity
2025-07-11,RELIANCE.NS,-0.014500390162414223,Equity
2025-07-12,RELIANCE.NS,0.0,Equity
2025-07-13,RELIANCE.NS,0.0,Equity
2025-07-14,RELIANCE.NS,-0.007691341105986238,Equity
2025-07-15,RELIANCE.NS,0.001145866813303309,Equity
2025-07-16,RELIANCE.NS,0.000134571057024635,Equity
2025-07-17,RELIANCE.NS,-0.006192735592645882,Equity
2025-07-18,RELIANCE.NS,-0.0002709488089376322,Equity
2025-07-19,RELIANCE.NS,0.0,Equity
2025-07-20,RELIANCE.NS,0.0,Equity
2025-07-21,RELIANCE.NS,-0.032113810742112725,Equity
2025-07-22,RELIANCE.NS,-0.011059717912765832,Equity
2025-07-23,RELIANCE.NS,0.008352115762336965,Equity
2025-07-24,RELIANCE.NS,-0.015232325679389147,Equity
2025-07-25,RELIANCE.NS,-0.007983514051346452,Equity
2025-07-26,RELIANCE.NS,0.0,Equity
2025-07-27,RELIANCE.NS,0.0,Equity
2025-07-28,RELIANCE.NS,-0.002945985510221405,Equity
2025-07-29,RELIANCE.NS,0.02125975975975969,Equity
2025-07-30,RELIANCE.NS,-0.004939675437482083,Equity
2025-07-31,RELIANCE.NS,-0.014112535066659326,Equity
2025-08-01,RELIANCE.NS,0.0025176286015586857,Equity
2025-08-02,RELIANCE.NS,0.0,Equity
2025-08-03,RELIANCE.NS,0.0,Equity
2025-08-04,RELIANCE.NS,0.012771800208446038,Equity
2025-08-05,RELIANCE.NS,-0.014027686005308682,Equity
2025-08-06,RELIANCE.NS,0.0007905453001302298,Equity
2025-08-07,RELIANCE.NS,-0.0024412135056487427,Equity
2025-08-08,RELIANCE.NS,-0.015546252622128498,Equity
2025-08-09,RELIANCE.NS,0.0,Equity
2025-08-10,RELIANCE.NS,0.0,Equity
2025-08-11,RELIANCE.NS,0.01345224258102995,Equity
2025-08-12,RELIANCE.NS,-0.004184048258546014,Equity
2025-08-13,RELIANCE.NS,0.001593678131886156,Equity
2025-08-14,RELIANCE.NS,-0.0023962869917331098,Equity
2025-08-15,RELIANCE.NS,0.0,Equity
2025-08-16,RELIANCE.NS,0.0,Equity
2025-08-17,RELIANCE.NS,0.0,Equity
2025-08-18,RELIANCE.NS,0.005750401851047249,Equity
2025-08-19,RELIANCE.NS,0.027791869270527236,Equity
2025-08-20,RELIANCE.NS,-0.0049996308062804085,Equity
2025-08-21,RELIANCE.NS,0.00835106074177272,Equity
2025-08-22,RELIANCE.NS,-0.010948973274587437,Equity
2025-08-23,RELIANCE.NS,0.0,Equity
2025-08-24,RELIANCE.NS,0.0,Equity
2025-08-25,RELIANCE.NS,0.0024127338432242684,Equity
2025-08-26,RELIANCE.NS,-0.01960919697764063,Equity
2025-08-27,RELIANCE.NS,0.0,Equity
2025-08-28,RELIANCE.NS,0.0007220737832127622,Equity
2025-08-29,RELIANCE.NS,-0.02070861731481788,Equity
2025-08-30,RELIANCE.NS,0.0,Equity
2025-08-31,RELIANCE.NS,0.0,Equity
2025-09-01,RELIANCE.NS,-0.002431422691227758,Equity
2025-09-02,RELIANCE.NS,0.009306429838784158,Equity
2025-09-03,RELIANCE.NS,0.004463941153265649,Equity
2025-09-04,RELIANCE.NS,-0.009689586911244885,Equity
2025-09-05,RELIANCE.NS,0.011550026195769059,Equity
2025-09-06,RELIANCE.NS,0.0,Equity
2025-09-07,RELIANCE.NS,0.0,Equity
2025-09-08,RELIANCE.NS,0.0025454545454546285,Equity
2025-09-09,RELIANCE.NS,-0.0016685156533369216,Equity
2025-09-10,RELIANCE.NS,0.0005813463570054633,Equity
2025-09-11,RELIANCE.NS,0.0045751988584785686,Equity
2025-09-12,RELIANCE.NS,0.008457999536533478,Equity
2025-09-13,RELIANCE.NS,0.0,Equity
2025-09-14,RELIANCE.NS,0.0,Equity
2025-09-15,RELIANCE.NS,0.0030824722782258895,Equity
2025-09-16,RELIANCE.NS,0.004287858065198158,Equity
2025-09-17,RELIANCE.NS,0.006048530352708692,Equity
2025-09-18,RELIANCE.NS,0.0008487417813216602,Equity
2025-09-19,RELIANCE.NS,-0.005371007481227874,Equity
2025-09-20,RELIANCE.NS,0.0,Equity
2025-09-21,RELIANCE.NS,0.0,Equity
2025-09-22,RELIANCE.NS,-0.011936939417859782,Equity
2025-09-23,RELIANCE.NS,-0.0005752385818038608,Equity
2025-09-24,RELIANCE.NS,-0.0048928252908457814,Equity
2025-09-25,RELIANCE.NS,-0.007664479816296144,Equity
2025-09-26,RELIANCE.NS,0.0037889471578049783,Equity
2025-09-27,RELIANCE.NS,0.0,Equity
2025-09-28,RELIANCE.NS,0.0,Equity
2025-09-29,RELIANCE.NS,-0.003484267452727674,Equity
2025-09-30,RELIANCE.NS,-0.00641029175052632,Equity
2025-10-01,RELIANCE.NS,0.0034457120028408283,Equity
2025-10-02,RELIANCE.NS,0.0,Equity
2025-10-03,RELIANCE.NS,-0.003872234198061264,Equity
2025-10-04,RELIANCE.NS,0.0,Equity
2025-10-05,RELIANCE.NS,0.0,Equity
2025-10-06,RELIANCE.NS,0.008508123352075403,Equity
2025-10-07,RELIANCE.NS,0.007127308238636276,Equity
2025-10-08,RELIANCE.NS,-0.012565008521473686,Equity
2025-10-09,RELIANCE.NS,0.00760569272222944,Equity
2025-10-10,RELIANCE.NS,0.002830528527754783,Equity
2025-10-11,RELIANCE.NS,0.0,Equity
2025-10-12,RELIANCE.NS,0.0,Equity
2025-10-13,RELIANCE.NS,-0.00484906376828953,Equity
2025-10-14,RELIANCE.NS,0.0006545632102272769,Equity
2025-10-15,RELIANCE.NS,-0.0011628574442528183,Equity
2025-10-16,RELIANCE.NS,0.017463435310553166,Equity
2025-10-17,RELIANCE.NS,0.013230350678671732,Equity
2025-10-18,RELIANCE.NS,0.0,Equity
2025-10-19,RELIANCE.NS,0.0,Equity
2025-10-20,RELIANCE.NS,0.035290794944111026,Equity
2025-10-21,RELIANCE.NS,-0.0010908764678105864,Equity
2025-10-22,RELIANCE.NS,0.0,Equity
2025-10-23,RELIANCE.NS,-0.011465961860274265,Equity
2025-10-24,RELIANCE.NS,0.0022093006889927214,Equity
2025-10-25,RELIANCE.NS,0.0,Equity
2025-10-26,RELIANCE.NS,0.0,Equity
2025-10-27,RELIANCE.NS,0.022389088279559433,Equity
2025-10-28,RELIANCE.NS,0.0018866982509178065,Equity
2025-10-29,RELIANCE.NS,0.011634895738622308,Equity
2025-10-30,RELIANCE.NS,-0.01043740970716267,Equity
2025-10-31,RELIANCE.NS,-0.0014107998561890822,Equity
2025-11-01,RELIANCE.NS,0.0,Equity
2025-11-02,RELIANCE.NS,0.0,Equity
2025-11-03,RELIANCE.NS,-0.0011437521624487745,Equity
2025-11-04,RELIANCE.NS,-0.007813010013761779,Equity
2025-11-05,RELIANCE.NS,0.0,Equity
2025-11-06,RELIANCE.NS,0.015613332686976289,Equity
2025-11-07,RELIANCE.NS,-0.012098105662256109,Equity
2025-11-08,RELIANCE.NS,0.0,Equity
2025-11-09,RELIANCE.NS,0.0,Equity
2025-11-10,RELIANCE.NS,0.007645499883710993,Equity
2025-11-11,RELIANCE.NS,0.002752954711284339,Equity
2025-11-12,RELIANCE.NS,0.012119978096986506,Equity
2025-11-13,RELIANCE.NS,-0.0003969405133559256,Equity
2025-11-14,RELIANCE.NS,0.0052948572842219654,Equity
2025-11-15,RELIANCE.NS,0.0,Equity
2025-11-16,RELIANCE.NS,0.0,Equity
2025-11-17,RELIANCE.NS,-0.00039500663394154145,Equity
2025-11-18,RELIANCE.NS,0.0007244783972617519,Equity
2025-11-19,RELIANCE.NS,-0.0003290772620546667,Equity
2025-11-20,RELIANCE.NS,0.019882777461620593,Equity
2025-11-21,RELIANCE.NS,-0.0016138403197988316,Equity
2025-11-22,RELIANCE.NS,0.0,Equity
2025-11-23,RELIANCE.NS,0.0,Equity
2025-11-24,RELIANCE.NS,-0.006918370193185419,Equity
2025-11-25,RELIANCE.NS,0.002474071682668333,Equity
2025-11-26,RELIANCE.NS,0.019614258751649682,Equity
2025-11-27,RELIANCE.NS,-0.004140391043325198,Equity
2025-11-28,RELIANCE.NS,0.0026224737891213934,Equity
2025-11-29,RELIANCE.NS,0.0,Equity
2025-11-30,RELIANCE.NS,0.0,Equity
2025-12-01,RELIANCE.NS,-0.0008931575209329967,Equity
2025-12-02,RELIANCE.NS,-0.012642824255459595,Equity
2025-12-03,RELIANCE.NS,-0.004850287630582373,Equity
2025-12-04,RELIANCE.NS,-0.0020795900316122884,Equity
2025-12-05,RELIANCE.NS,0.0032560563164194534,Equity
2025-12-06,RELIANCE.NS,0.0,Equity
2025-12-07,RELIANCE.NS,0.0,Equity
2025-12-08,RELIANCE.NS,0.0015578504816928795,Equity
2025-12-09,RELIANCE.NS,-0.008813982881359372,Equity
2025-12-10,RELIANCE.NS,0.004903883797748421,Equity
2025-12-11,RELIANCE.NS,0.005270333435660968,Equity
2025-12-12,RELIANCE.NS,0.007443365695792847,Equity
2025-12-13,RELIANCE.NS,0.0,Equity
2025-12-14,RELIANCE.NS,0.0,Equity
2025-12-15,RELIANCE.NS,-0.000192771492531274,Equity
2025-12-16,RELIANCE.NS,-0.00893195140719727,Equity
2025-12-17,RELIANCE.NS,0.001361586928259051,Equity
2025-12-18,RELIANCE.NS,0.0,Equity
2025-12-19,RELIANCE.NS,0.013403231575140895,Equity
2025-12-20,RELIANCE.NS,0.0,Equity
2025-12-21,RELIANCE.NS,0.0,Equity
2025-12-22,RELIANCE.NS,0.006581080434985509,Equity
2025-12-23,RELIANCE.NS,-0.0029834157479688983,Equity
2025-12-24,RELIANCE.NS,-0.00795823542916263,Equity
2025-12-25,RELIANCE.NS,0.0,Equity
2025-12-26,RELIANCE.NS,0.0006417661605289116,Equity
2025-12-27,RELIANCE.NS,0.0,Equity
2025-12-28,RELIANCE.NS,0.0,Equity
2025-12-29,RELIANCE.NS,-0.00872240636982824,Equity
2025-12-30,RELIANCE.NS,-0.003752540663449322,Equity
2025-12-31,RELIANCE.NS,0.019872694256131362,Equity
2026-01-01,RELIANCE.NS,0.003311227133873107,Equity
2026-01-02,RELIANCE.NS,0.01059918348626332,Equity
2026-01-03,RELIANCE.NS,0.0,Equity
2026-01-04,RELIANCE.NS,0.0,Equity
2026-01-05,RELIANCE.NS,-0.008917963202122792,Equity
2026-01-06,RELIANCE.NS,-0.04467397572439846,Equity
2026-01-07,RELIANCE.NS,-0.002255256347255541,Equity
2026-01-08,RELIANCE.NS,-0.02233743962015211,Equity
2026-01-09,RELIANCE.NS,0.003196024289552124,Equity
2026-01-10,RELIANCE.NS,0.0,Equity
2026-01-11,RELIANCE.NS,0.0,Equity
2026-01-12,RELIANCE.NS,0.005354776711371523,Equity
2026-01-13,RELIANCE.NS,-0.020496159212876952,Equity
2026-01-14,RELIANCE.NS,0.004129955808330088,Equity
2026-01-15,RELIANCE.NS,0.0,Equity
2026-01-16,RELIANCE.NS,-0.0006169621496692201,Equity
2026-01-17,RELIANCE.NS,0.0,Equity
2026-01-18,RELIANCE.NS,0.0,Equity
2026-01-19,RELIANCE.NS,-0.030386204874322198,Equity
2026-01-20,RELIANCE.NS,-0.01386529140099435,Equity
2026-01-21,RELIANCE.NS,0.0076039997029679895,Equity
2026-01-22,RELIANCE.NS,-0.0014950702138959437,Equity
2026-01-23,RELIANCE.NS,-0.011693422042112323,Equity
2026-01-24,RELIANCE.NS,0.0,Equity
2026-01-25,RELIANCE.NS,0.0,Equity
2026-01-26,RELIANCE.NS,0.0,Equity
2026-01-27,RELIANCE.NS,-0.0040400950036596495,Equity
2026-01-28,RELIANCE.NS,0.011734843297265485,Equity
2026-01-29,RELIANCE.NS,-0.004081013368041231,Equity
2026-01-30,RELIANCE.NS,0.0031632094996854043,Equity
2026-01-31,RELIANCE.NS,0.0,Equity
2026-02-01,RELIANCE.NS,0.0,Equity
2026-02-02,RELIANCE.NS,-0.003583201886569798,Equity
2026-02-03,RELIANCE.NS,0.0335874211391467,Equity
2026-02-04,RELIANCE.NS,0.013708213469390218,Equity
2026-02-05,RELIANCE.NS,-0.00919825917416861,Equity
2026-02-06,RELIANCE.NS,0.00512680080982153,Equity
2026-02-07,RELIANCE.NS,0.0,Equity
2026-02-08,RELIANCE.NS,0.0,Equity
2026-02-09,RELIANCE.NS,0.007444117999951816,Equity
2026-02-10,RELIANCE.NS,-0.00212094665963225,Equity
2026-02-11,RELIANCE.NS,0.006993452980373682,Equity
2026-02-12,RELIANCE.NS,-0.013481260581519106,Equity
2026-02-13,RELIANCE.NS,-0.02022227091891593,Equity
2026-02-14,RELIANCE.NS,0.0,Equity
2026-02-15,RELIANCE.NS,0.0,Equity
2026-02-16,RELIANCE.NS,0.012327416385575107,Equity
2026-02-17,RELIANCE.NS,-0.009811408966302837,Equity
2026-02-18,RELIANCE.NS,0.012860188916461679,Equity
2026-02-19,RELIANCE.NS,-0.02206344810296834,Equity
2026-02-20,RELIANCE.NS,0.007023784614446527,Equity
2026-02-21,RELIANCE.NS,0.0,Equity
2026-02-22,RELIANCE.NS,0.0,Equity
2026-02-23,RELIANCE.NS,0.006058880821484758,Equity
2026-02-24,RELIANCE.NS,0.0005602582830006586,Equity
2026-02-25,RELIANCE.NS,-0.0212066403923884,Equity
2026-02-26,RELIANCE.NS,0.0059349651970861395,Equity
2026-02-27,RELIANCE.NS,-0.009169763979471224,Equity
2026-02-28,RELIANCE.NS,0.0,Equity
2026-03-01,RELIANCE.NS,0.0,Equity
2026-03-02,RELIANCE.NS,-0.02575509275075405,Equity
2026-03-03,RELIANCE.NS,0.0,Equity
2026-03-04,RELIANCE.NS,-0.009572901325478611,Equity
2026-03-05,RELIANCE.NS,0.03301117056807623,Equity
2026-03-06,RELIANCE.NS,0.011083938493924306,Equity
2026-03-07,RELIANCE.NS,0.0,Equity
2026-03-08,RELIANCE.NS,0.0,Equity
2026-03-09,RELIANCE.NS,0.013667390734995788,Equity
2026-03-10,RELIANCE.NS,-0.010674123013957204,Equity
2026-03-11,RELIANCE.NS,-0.013202794585166266,Equity
2026-03-12,RELIANCE.NS,0.0014386419725551658,Equity
2026-03-13,RELIANCE.NS,-0.008260307716804527,Equity
2026-03-14,RELIANCE.NS,0.0,Equity
2026-03-15,RELIANCE.NS,0.0,Equity
2026-03-16,RELIANCE.NS,0.010429510337738757,Equity
2026-03-17,RELIANCE.NS,0.00179198626890531,Equity
2026-03-18,RELIANCE.NS,0.007512879352761903,Equity
2026-03-19,RELIANCE.NS,-0.01654706850493126,Equity
2026-03-20,RELIANCE.NS,0.021374909403697906,Equity
2026-03-21,RELIANCE.NS,0.0,Equity
2026-03-22,RELIANCE.NS,0.0,Equity
2026-03-23,RELIANCE.NS,-0.00466627225114169,Equity
2026-03-24,RELIANCE.NS,0.002841312587912981,Equity
2026-03-25,RELIANCE.NS,0.0009207584026444948,Equity
2026-03-26,RELIANCE.NS,0.0,Equity
2026-03-27,RELIANCE.NS,-0.045998160868305105,Equity
2026-03-28,RELIANCE.NS,0.0,Equity
2026-03-29,RELIANCE.NS,0.0,Equity
2026-03-30,RELIANCE.NS,-0.003115459719557956,Equity
2026-03-31,RELIANCE.NS,0.0,Equity
2026-04-01,RELIANCE.NS,0.018825750649750228,Equity
2026-04-02,RELIANCE.NS,-0.013657575108639186,Equity
2026-04-03,RELIANCE.NS,0.0,Equity
2026-04-04,RELIANCE.NS,0.0,Equity
2026-04-05,RELIANCE.NS,0.0,Equity
2026-04-06,RELIANCE.NS,-0.033913401575805247,Equity
2026-04-07,RELIANCE.NS,-7.662726272639198e-05,Equity
2026-04-08,RELIANCE.NS,0.03311365479888573,Equity
2026-04-09,RELIANCE.NS,-0.013206742976157093,Equity
2026-04-10,RELIANCE.NS,0.015187933211936011,Equity
2026-04-11,RELIANCE.NS,0.0,Equity
2026-04-12,RELIANCE.NS,0.0,Equity
2026-04-13,RELIANCE.NS,-0.02599613157701075,Equity
2026-04-14,RELIANCE.NS,0.0,Equity
2026-04-15,RELIANCE.NS,0.022051555424202007,Equity
2026-04-16,RELIANCE.NS,-0.0005951393291736551,Equity
2026-04-17,RELIANCE.NS,0.016154210067069963,Equity
2026-04-18,RELIANCE.NS,0.0,Equity
2026-04-19,RELIANCE.NS,0.0,Equity
2026-04-20,RELIANCE.NS,-0.0012453854739010728,Equity
2026-04-21,RELIANCE.NS,-0.00733514240580857,Equity
2026-04-22,RELIANCE.NS,0.006502568861526781,Equity
2026-04-23,RELIANCE.NS,-0.013728765514316121,Equity
2026-04-24,RELIANCE.NS,-0.011612308547293337,Equity
2026-04-25,RELIANCE.NS,0.0,Equity
2026-04-26,RELIANCE.NS,0.0,Equity
2026-04-27,RELIANCE.NS,0.02861876683431186,Equity
2026-04-28,RELIANCE.NS,0.01691314596580784,Equity
2026-04-29,RELIANCE.NS,0.026279789299736178,Equity
2026-04-30,RELIANCE.NS,0.0037884273337811525,Equity
2026-05-01,RELIANCE.NS,0.0,Equity
2026-05-02,RELIANCE.NS,0.0,Equity
2026-05-03,RELIANCE.NS,0.0,Equity
2026-05-04,RELIANCE.NS,0.022574731377921875,Equity
2026-05-05,RELIANCE.NS,0.0003417401464993475,Equity
2026-05-06,RELIANCE.NS,-0.01755940940186629,Equity
2026-05-07,RELIANCE.NS,-0.0011823306303094805,Equity
2026-05-08,RELIANCE.NS,-0.0006962818785671843,Equity
2026-05-09,RELIANCE.NS,0.0,Equity
2026-05-10,RELIANCE.NS,0.0,Equity
2026-05-11,RELIANCE.NS,-0.03274805016654536,Equity
2026-05-12,RELIANCE.NS,-0.01743261203218327,Equity
2026-05-13,RELIANCE.NS,-0.0038122809177969508,Equity
2026-05-14,RELIANCE.NS,0.0022078303592845128,Equity
2026-05-15,RELIANCE.NS,-0.018651801662013523,Equity
2026-05-16,RELIANCE.NS,0.0,Equity
2026-05-17,RELIANCE.NS,0.0,Equity
2026-05-18,RELIANCE.NS,-0.0003741394723628666,Equity
2026-05-19,RELIANCE.NS,-0.009881033760724134,Equity
2026-05-20,RELIANCE.NS,0.027973086388352053,Equity
2026-05-21,RELIANCE.NS,-0.007428091452994945,Equity
2026-05-22,RELIANCE.NS,0.0036307235497208268,Equity
2026-05-23,RELIANCE.NS,0.0,Equity
2026-05-24,RELIANCE.NS,0.0,Equity
2026-05-25,RELIANCE.NS,0.009228497600590524,Equity
2026-05-26,RELIANCE.NS,-0.007827323461503277,Equity
2026-05-27,RELIANCE.NS,-0.004276375889786577,Equity
2026-05-28,RELIANCE.NS,0.0,Equity
2026-05-29,RELIANCE.NS,-0.021695704426601292,Equity
2026-05-30,RELIANCE.NS,0.0,Equity
2026-05-31,RELIANCE.NS,0.0,Equity
2026-06-01,RELIANCE.NS,-0.0009082282896019089,Equity
2026-06-02,RELIANCE.NS,-0.004090927586410942,Equity
2023-01-03,SILVERBEES.NS,0.014777597562562361,ETF
2023-01-04,SILVERBEES.NS,0.0008738195658699599,ETF
2023-01-05,SILVERBEES.NS,-0.026335007996266646,ETF
2023-01-06,SILVERBEES.NS,-0.0005977423284794225,ETF
2023-01-07,SILVERBEES.NS,0.0,ETF
2023-01-08,SILVERBEES.NS,0.0,ETF
2023-01-09,SILVERBEES.NS,0.01599879992174391,ETF
2023-01-10,SILVERBEES.NS,-0.012803460724953086,ETF
2023-01-11,SILVERBEES.NS,0.0068574697661933914,ETF
2023-01-12,SILVERBEES.NS,-0.005774346822059018,ETF
2023-01-13,SILVERBEES.NS,0.00044674279397161065,ETF
2023-01-14,SILVERBEES.NS,0.0,ETF
2023-01-15,SILVERBEES.NS,0.0,ETF
2023-01-16,SILVERBEES.NS,0.016076240341598824,ETF
2023-01-17,SILVERBEES.NS,-0.003076458803115023,ETF
2023-01-18,SILVERBEES.NS,0.002204171781892361,ETF
2023-01-19,SILVERBEES.NS,-0.02140761216720677,ETF
2023-01-20,SILVERBEES.NS,0.01273596795517018,ETF
2023-01-21,SILVERBEES.NS,0.0,ETF
2023-01-22,SILVERBEES.NS,0.0,ETF
2023-01-23,SILVERBEES.NS,-0.001035651703164553,ETF
2023-01-24,SILVERBEES.NS,-0.0031101761687397644,ETF
2023-01-25,SILVERBEES.NS,-0.0008913617704638943,ETF
2023-01-26,SILVERBEES.NS,0.0,ETF
2023-01-27,SILVERBEES.NS,0.003271393616403273,ETF
2023-01-28,SILVERBEES.NS,0.0,ETF
2023-01-29,SILVERBEES.NS,0.0,ETF
2023-01-30,SILVERBEES.NS,-0.00029649136059006764,ETF
2023-01-31,SILVERBEES.NS,-0.006968029838003487,ETF
2023-02-01,SILVERBEES.NS,0.02582854047229577,ETF
2023-02-02,SILVERBEES.NS,0.027506904596590998,ETF
2023-02-03,SILVERBEES.NS,-0.02436262404925693,ETF
2023-02-04,SILVERBEES.NS,0.0,ETF
2023-02-05,SILVERBEES.NS,0.0,ETF
2023-02-06,SILVERBEES.NS,-0.028455272395868092,ETF
2023-02-07,SILVERBEES.NS,-0.0016437629013954513,ETF
2023-02-08,SILVERBEES.NS,0.00044901632080684983,ETF
2023-02-09,SILVERBEES.NS,-0.0014960873668451447,ETF
2023-02-10,SILVERBEES.NS,-0.01048841730068717,ETF
2023-02-11,SILVERBEES.NS,0.0,ETF
2023-02-12,SILVERBEES.NS,0.0,ETF
2023-02-13,SILVERBEES.NS,-0.0063597541357175436,ETF
2023-02-14,SILVERBEES.NS,-0.0009144344022662398,ETF
2023-02-15,SILVERBEES.NS,-0.01159235105456946,ETF
2023-02-16,SILVERBEES.NS,0.0027777823564607562,ETF
2023-02-17,SILVERBEES.NS,-0.013388776571819028,ETF
2023-02-18,SILVERBEES.NS,0.0,ETF
2023-02-19,SILVERBEES.NS,0.0,ETF
2023-02-20,SILVERBEES.NS,0.019029811403653785,ETF
2023-02-21,SILVERBEES.NS,-0.003214435612840183,ETF
2023-02-22,SILVERBEES.NS,0.0015356030390576425,ETF
2023-02-23,SILVERBEES.NS,-0.010579614052310338,ETF
2023-02-24,SILVERBEES.NS,-0.009762858598101998,ETF
2023-02-25,SILVERBEES.NS,0.0,ETF
2023-02-26,SILVERBEES.NS,0.0,ETF
2023-02-27,SILVERBEES.NS,-0.015492983643605296,ETF
2023-02-28,SILVERBEES.NS,-0.006835166209167798,ETF
2023-03-01,SILVERBEES.NS,0.02048653631041719,ETF
2023-03-02,SILVERBEES.NS,-0.008626086128280197,ETF
2023-03-03,SILVERBEES.NS,0.005220721971751274,ETF
2023-03-04,SILVERBEES.NS,0.0,ETF
2023-03-05,SILVERBEES.NS,0.0,ETF
2023-03-06,SILVERBEES.NS,0.002832865951876151,ETF
2023-03-07,SILVERBEES.NS,0.0,ETF
2023-03-08,SILVERBEES.NS,-0.03797868702576701,ETF
2023-03-09,SILVERBEES.NS,-0.0058727669630037616,ETF
2023-03-10,SILVERBEES.NS,0.005251061733433815,ETF
2023-03-11,SILVERBEES.NS,0.0,ETF
2023-03-12,SILVERBEES.NS,0.0,ETF
2023-03-13,SILVERBEES.NS,0.030035915817861136,ETF
2023-03-14,SILVERBEES.NS,0.028684710487443255,ETF
2023-03-15,SILVERBEES.NS,0.0075488805442105456,ETF
2023-03-16,SILVERBEES.NS,0.012843980402022392,ETF
2023-03-17,SILVERBEES.NS,-0.005283793559910821,ETF
2023-03-18,SILVERBEES.NS,0.0,ETF
2023-03-19,SILVERBEES.NS,0.0,ETF
2023-03-20,SILVERBEES.NS,0.025800530641820973,ETF
2023-03-21,SILVERBEES.NS,-0.0034028072200106285,ETF
2023-03-22,SILVERBEES.NS,0.0010391878591144987,ETF
2023-03-23,SILVERBEES.NS,0.012309088347890462,ETF
2023-03-24,SILVERBEES.NS,0.010547922621891859,ETF
2023-03-25,SILVERBEES.NS,0.0,ETF
2023-03-26,SILVERBEES.NS,0.0,ETF
2023-03-27,SILVERBEES.NS,-0.008118369972969774,ETF
2023-03-28,SILVERBEES.NS,-0.0016077260054866427,ETF
2023-03-29,SILVERBEES.NS,0.013028830646422351,ETF
2023-03-30,SILVERBEES.NS,0.0,ETF
2023-03-31,SILVERBEES.NS,0.021242793143511296,ETF
2023-04-01,SILVERBEES.NS,0.0,ETF
2023-04-02,SILVERBEES.NS,0.0,ETF
2023-04-03,SILVERBEES.NS,-0.003962060089877206,ETF
2023-04-04,SILVERBEES.NS,0.0,ETF
2023-04-05,SILVERBEES.NS,0.036368768018063324,ETF
2023-04-06,SILVERBEES.NS,0.003701223903443074,ETF
2023-04-07,SILVERBEES.NS,0.0,ETF
2023-04-08,SILVERBEES.NS,0.0,ETF
2023-04-09,SILVERBEES.NS,0.0,ETF
2023-04-10,SILVERBEES.NS,0.0002731035609537802,ETF
2023-04-11,SILVERBEES.NS,0.004505759703441026,ETF
2023-04-12,SILVERBEES.NS,0.0038058825670563845,ETF
2023-04-13,SILVERBEES.NS,0.013676400231536823,ETF
2023-04-14,SILVERBEES.NS,0.0,ETF
2023-04-15,SILVERBEES.NS,0.0,ETF
2023-04-16,SILVERBEES.NS,0.0,ETF
2023-04-17,SILVERBEES.NS,-0.0032059559419285177,ETF
2023-04-18,SILVERBEES.NS,-0.012597191192804003,ETF
2023-04-19,SILVERBEES.NS,-0.00922910290932799,ETF
2023-04-20,SILVERBEES.NS,0.021506845134578345,ETF
2023-04-21,SILVERBEES.NS,-0.008448400911844067,ETF
2023-04-22,SILVERBEES.NS,0.0,ETF
2023-04-23,SILVERBEES.NS,0.0,ETF
2023-04-24,SILVERBEES.NS,-0.0036516670752736458,ETF
2023-04-25,SILVERBEES.NS,0.0008145132276327072,ETF
2023-04-26,SILVERBEES.NS,-0.0029838764503791193,ETF
2023-04-27,SILVERBEES.NS,-0.0008162860324378851,ETF
2023-04-28,SILVERBEES.NS,-0.00503737416692096,ETF
2023-04-29,SILVERBEES.NS,0.0,ETF
2023-04-30,SILVERBEES.NS,0.0,ETF
2023-05-01,SILVERBEES.NS,0.0,ETF
2023-05-02,SILVERBEES.NS,-0.0012315813496177608,ETF
2023-05-03,SILVERBEES.NS,0.019454799834220937,ETF
2023-05-04,SILVERBEES.NS,0.009944870680692386,ETF
2023-05-05,SILVERBEES.NS,0.010379225062667086,ETF
2023-05-06,SILVERBEES.NS,0.0,ETF
2023-05-07,SILVERBEES.NS,0.0,ETF
2023-05-08,SILVERBEES.NS,-0.008955620998850833,ETF
2023-05-09,SILVERBEES.NS,-0.0002657361204837505,ETF
2023-05-10,SILVERBEES.NS,0.0025255191218094275,ETF
2023-05-11,SILVERBEES.NS,-0.020286380488495737,ETF
2023-05-12,SILVERBEES.NS,-0.0378942086193883,ETF
2023-05-13,SILVERBEES.NS,0.0,ETF
2023-05-14,SILVERBEES.NS,0.0,ETF
2023-05-15,SILVERBEES.NS,0.010409418079680544,ETF
2023-05-16,SILVERBEES.NS,-0.00807464591771645,ETF
2023-05-17,SILVERBEES.NS,-0.004210569147478083,ETF
2023-05-18,SILVERBEES.NS,-0.003946424120372161,ETF
2023-05-19,SILVERBEES.NS,0.007641162155352044,ETF
2023-05-20,SILVERBEES.NS,0.0,ETF
2023-05-21,SILVERBEES.NS,0.0,ETF
2023-05-22,SILVERBEES.NS,0.0066002138287573064,ETF
2023-05-23,SILVERBEES.NS,-0.024553601126357516,ETF
2023-05-24,SILVERBEES.NS,0.007151029935553943,ETF
2023-05-25,SILVERBEES.NS,-0.009940314774828818,ETF
2023-05-26,SILVERBEES.NS,0.0004302750827831492,ETF
2023-05-27,SILVERBEES.NS,0.0,ETF
2023-05-28,SILVERBEES.NS,0.0,ETF
2023-05-29,SILVERBEES.NS,0.006451569150425662,ETF
2023-05-30,SILVERBEES.NS,-0.0034187731367919527,ETF
2023-05-31,SILVERBEES.NS,0.0031446715777896372,ETF
2023-06-01,SILVERBEES.NS,0.0017099279860388616,ETF
2023-06-02,SILVERBEES.NS,0.016785209871285733,ETF
2023-06-03,SILVERBEES.NS,0.0,ETF
2023-06-04,SILVERBEES.NS,0.0,ETF
2023-06-05,SILVERBEES.NS,-0.011891522993796477,ETF
2023-06-06,SILVERBEES.NS,0.001415915438263582,ETF
2023-06-07,SILVERBEES.NS,-0.0002828258378553272,ETF
2023-06-08,SILVERBEES.NS,0.004949773421761394,ETF
2023-06-09,SILVERBEES.NS,0.022516270172910025,ETF
2023-06-10,SILVERBEES.NS,0.0,ETF
2023-06-11,SILVERBEES.NS,0.0,ETF
2023-06-12,SILVERBEES.NS,-0.0042665176488277945,ETF
2023-06-13,SILVERBEES.NS,-0.0011057613371381336,ETF
2023-06-14,SILVERBEES.NS,-0.01093113771728127,ETF
2023-06-15,SILVERBEES.NS,-0.019026308708470996,ETF
2023-06-16,SILVERBEES.NS,0.019537864568242247,ETF
2023-06-17,SILVERBEES.NS,0.0,ETF
2023-06-18,SILVERBEES.NS,0.0,ETF
2023-06-19,SILVERBEES.NS,0.0034969926908712257,ETF
2023-06-20,SILVERBEES.NS,-0.004042388126049845,ETF
2023-06-21,SILVERBEES.NS,-0.02925117462782545,ETF
2023-06-22,SILVERBEES.NS,-0.018310326719798153,ETF
2023-06-23,SILVERBEES.NS,-0.00998667517041485,ETF
2023-06-24,SILVERBEES.NS,0.0,ETF
2023-06-25,SILVERBEES.NS,0.0,ETF
2023-06-26,SILVERBEES.NS,0.015873010483541394,ETF
2023-06-27,SILVERBEES.NS,0.00467289251077152,ETF
2023-06-28,SILVERBEES.NS,-0.006104735170198716,ETF
2023-06-29,SILVERBEES.NS,0.0,ETF
2023-06-30,SILVERBEES.NS,-0.011845533652068974,ETF
2023-07-01,SILVERBEES.NS,0.0,ETF
2023-07-02,SILVERBEES.NS,0.0,ETF
2023-07-03,SILVERBEES.NS,0.01376350909243862,ETF
2023-07-04,SILVERBEES.NS,0.00759119186958257,ETF
2023-07-05,SILVERBEES.NS,-0.0014488333669187003,ETF
2023-07-06,SILVERBEES.NS,0.011897848470833194,ETF
2023-07-07,SILVERBEES.NS,-0.011471113376372521,ETF
2023-07-08,SILVERBEES.NS,0.0,ETF
2023-07-09,SILVERBEES.NS,0.0,ETF
2023-07-10,SILVERBEES.NS,0.010298796915130692,ETF
2023-07-11,SILVERBEES.NS,0.005025103610242665,ETF
2023-07-12,SILVERBEES.NS,-0.0015714372907366103,ETF
2023-07-13,SILVERBEES.NS,0.032336559679026156,ETF
2023-07-14,SILVERBEES.NS,0.020235607118441745,ETF
2023-07-15,SILVERBEES.NS,0.0,ETF
2023-07-16,SILVERBEES.NS,0.0,ETF
2023-07-17,SILVERBEES.NS,0.002716980662734292,ETF
2023-07-18,SILVERBEES.NS,0.0032516664558013275,ETF
2023-07-19,SILVERBEES.NS,0.00499655775745067,ETF
2023-07-20,SILVERBEES.NS,0.0045687177593487505,ETF
2023-07-21,SILVERBEES.NS,-0.01752280832738795,ETF
2023-07-22,SILVERBEES.NS,0.0,ETF
2023-07-23,SILVERBEES.NS,0.0,ETF
2023-07-24,SILVERBEES.NS,-0.002995147725650904,ETF
2023-07-25,SILVERBEES.NS,-0.000819407145126072,ETF
2023-07-26,SILVERBEES.NS,0.005603439556779888,ETF
2023-07-27,SILVERBEES.NS,0.0077466659505252,ETF
2023-07-28,SILVERBEES.NS,-0.023600808684936303,ETF
2023-07-29,SILVERBEES.NS,0.0,ETF
2023-07-30,SILVERBEES.NS,0.0,ETF
2023-07-31,SILVERBEES.NS,0.003867386372868875,ETF
2023-08-01,SILVERBEES.NS,0.009493704437383066,ETF
2023-08-02,SILVERBEES.NS,-0.0054518401377263714,ETF
2023-08-03,SILVERBEES.NS,-0.025078824180360226,ETF
2023-08-04,SILVERBEES.NS,0.0,ETF
2023-08-05,SILVERBEES.NS,0.0,ETF
2023-08-06,SILVERBEES.NS,0.0,ETF
2023-08-07,SILVERBEES.NS,-0.001405657506030944,ETF
2023-08-08,SILVERBEES.NS,-0.010135152187839447,ETF
2023-08-09,SILVERBEES.NS,-0.01294078550432387,ETF
2023-08-10,SILVERBEES.NS,0.0010084957661864458,ETF
2023-08-11,SILVERBEES.NS,-0.0033103532789430234,ETF
2023-08-12,SILVERBEES.NS,0.0,ETF
2023-08-13,SILVERBEES.NS,0.0,ETF
2023-08-14,SILVERBEES.NS,0.0010108259180392487,ETF
2023-08-15,SILVERBEES.NS,0.0,ETF
2023-08-16,SILVERBEES.NS,0.005193315232781881,ETF
2023-08-17,SILVERBEES.NS,-0.007319203989621492,ETF
2023-08-18,SILVERBEES.NS,0.006650268854267116,ETF
2023-08-19,SILVERBEES.NS,0.0,ETF
2023-08-20,SILVERBEES.NS,0.0,ETF
2023-08-21,SILVERBEES.NS,0.0014362502866638316,ETF
2023-08-22,SILVERBEES.NS,0.01749596346731397,ETF
2023-08-23,SILVERBEES.NS,0.009443352038881914,ETF
2023-08-24,SILVERBEES.NS,0.012845547803183033,ETF
2023-08-25,SILVERBEES.NS,0.00013788442382445254,ETF
2023-08-26,SILVERBEES.NS,0.0,ETF
2023-08-27,SILVERBEES.NS,0.0,ETF
2023-08-28,SILVERBEES.NS,-0.0009648475793210265,ETF
2023-08-29,SILVERBEES.NS,0.0028973382277384108,ETF
2023-08-30,SILVERBEES.NS,0.010868082115750965,ETF
2023-08-31,SILVERBEES.NS,-0.002585770722999259,ETF
2023-09-01,SILVERBEES.NS,0.003547579928811162,ETF
2023-09-02,SILVERBEES.NS,0.0,ETF
2023-09-03,SILVERBEES.NS,0.0,ETF
2023-09-04,SILVERBEES.NS,-0.015227772945078932,ETF
2023-09-05,SILVERBEES.NS,-0.016567678354081683,ETF
2023-09-06,SILVERBEES.NS,-0.0015443016308780422,ETF
2023-09-07,SILVERBEES.NS,-0.010123751306206574,ETF
2023-09-08,SILVERBEES.NS,-0.0032670930674489895,ETF
2023-09-09,SILVERBEES.NS,0.0,ETF
2023-09-10,SILVERBEES.NS,0.0,ETF
2023-09-11,SILVERBEES.NS,0.006270520919024136,ETF
2023-09-12,SILVERBEES.NS,-0.004531931625239349,ETF
2023-09-13,SILVERBEES.NS,-0.0034143955134949833,ETF
2023-09-14,SILVERBEES.NS,-0.011277671393442157,ETF
2023-09-15,SILVERBEES.NS,0.021224388902150393,ETF
2023-09-16,SILVERBEES.NS,0.0,ETF
2023-09-17,SILVERBEES.NS,0.0,ETF
2023-09-18,SILVERBEES.NS,0.004948373497946079,ETF
2023-09-19,SILVERBEES.NS,0.0,ETF
2023-09-20,SILVERBEES.NS,0.0,ETF
2023-09-21,SILVERBEES.NS,-0.0021103196681878655,ETF
2023-09-22,SILVERBEES.NS,0.012688587649889449,ETF
2023-09-23,SILVERBEES.NS,0.0,ETF
2023-09-24,SILVERBEES.NS,0.0,ETF
2023-09-25,SILVERBEES.NS,-0.0016706493599190075,ETF
2023-09-26,SILVERBEES.NS,-0.016455171109202915,ETF
2023-09-27,SILVERBEES.NS,-0.007939849259690157,ETF
2023-09-28,SILVERBEES.NS,-0.006002546257224295,ETF
2023-09-29,SILVERBEES.NS,0.01452184705275017,ETF
2023-09-30,SILVERBEES.NS,0.0,ETF
2023-10-01,SILVERBEES.NS,0.0,ETF
2023-10-02,SILVERBEES.NS,0.0,ETF
2023-10-03,SILVERBEES.NS,-0.04010762896228981,ETF
2023-10-04,SILVERBEES.NS,-0.009892304224598192,ETF
2023-10-05,SILVERBEES.NS,0.004920993782714378,ETF
2023-10-06,SILVERBEES.NS,0.012761546492663589,ETF
2023-10-07,SILVERBEES.NS,0.0,ETF
2023-10-08,SILVERBEES.NS,0.0,ETF
2023-10-09,SILVERBEES.NS,0.015531099759615419,ETF
2023-10-10,SILVERBEES.NS,0.0020199018118574052,ETF
2023-10-11,SILVERBEES.NS,0.001007915016560501,ETF
2023-10-12,SILVERBEES.NS,-0.008918227087534425,ETF
2023-10-13,SILVERBEES.NS,-0.003047882145456593,ETF
2023-10-14,SILVERBEES.NS,0.0,ETF
2023-10-15,SILVERBEES.NS,0.0,ETF
2023-10-16,SILVERBEES.NS,0.014994886339907865,ETF
2023-10-17,SILVERBEES.NS,0.0011474731734648635,ETF
2023-10-18,SILVERBEES.NS,0.015042913702807414,ETF
2023-10-19,SILVERBEES.NS,-0.008045161709247184,ETF
2023-10-20,SILVERBEES.NS,0.006829871446653923,ETF
2023-10-21,SILVERBEES.NS,0.0,ETF
2023-10-22,SILVERBEES.NS,0.0,ETF
2023-10-23,SILVERBEES.NS,0.002261108364677744,ETF
2023-10-24,SILVERBEES.NS,0.0,ETF
2023-10-25,SILVERBEES.NS,-0.012831303669058935,ETF
2023-10-26,SILVERBEES.NS,0.008284447706937037,ETF
2023-10-27,SILVERBEES.NS,-0.005949825623094318,ETF
2023-10-28,SILVERBEES.NS,0.0,ETF
2023-10-29,SILVERBEES.NS,0.0,ETF
2023-10-30,SILVERBEES.NS,0.009690755635172854,ETF
2023-10-31,SILVERBEES.NS,0.002681756464337104,ETF
2023-11-01,SILVERBEES.NS,-0.018721872380550453,ETF
2023-11-02,SILVERBEES.NS,0.01391480753754859,ETF
2023-11-03,SILVERBEES.NS,-0.012167524145986541,ETF
2023-11-04,SILVERBEES.NS,0.0,ETF
2023-11-05,SILVERBEES.NS,0.0,ETF
2023-11-06,SILVERBEES.NS,0.013606372850107684,ETF
2023-11-07,SILVERBEES.NS,-0.010315045388808564,ETF
2023-11-08,SILVERBEES.NS,-0.00956593603922673,ETF
2023-11-09,SILVERBEES.NS,-0.0021623399155235035,ETF
2023-11-10,SILVERBEES.NS,0.006789962617951506,ETF
2023-11-11,SILVERBEES.NS,0.0,ETF
2023-11-12,SILVERBEES.NS,0.0,ETF
2023-11-13,SILVERBEES.NS,-0.015210290584786623,ETF
2023-11-14,SILVERBEES.NS,0.0,ETF
2023-11-15,SILVERBEES.NS,0.03249312904238133,ETF
2023-11-16,SILVERBEES.NS,0.007902872618829049,ETF
2023-11-17,SILVERBEES.NS,0.011901407111638562,ETF
2023-11-18,SILVERBEES.NS,0.0,ETF
2023-11-19,SILVERBEES.NS,0.0,ETF
2023-11-20,SILVERBEES.NS,-0.009547458752759197,ETF
2023-11-21,SILVERBEES.NS,0.0,ETF
2023-11-22,SILVERBEES.NS,0.008382208141559211,ETF
2023-11-23,SILVERBEES.NS,-0.0038791739832785277,ETF
2023-11-24,SILVERBEES.NS,-0.00041722918859854463,ETF
2023-11-25,SILVERBEES.NS,0.0,ETF
2023-11-26,SILVERBEES.NS,0.0,ETF
2023-11-27,SILVERBEES.NS,0.0,ETF
2023-11-28,SILVERBEES.NS,0.02142758949039525,ETF
2023-11-29,SILVERBEES.NS,0.00912679656071358,ETF
2023-11-30,SILVERBEES.NS,0.007154410990776849,ETF
2023-12-01,SILVERBEES.NS,0.008041796933557999,ETF
2023-12-02,SILVERBEES.NS,0.0,ETF
2023-12-03,SILVERBEES.NS,0.0,ETF
2023-12-04,SILVERBEES.NS,-0.0007977338030061842,ETF
2023-12-05,SILVERBEES.NS,-0.020093175057494528,ETF
2023-12-06,SILVERBEES.NS,-0.00814772513707318,ETF
2023-12-07,SILVERBEES.NS,-0.00301206486781902,ETF
2023-12-08,SILVERBEES.NS,-0.0052183089125305004,ETF
2023-12-09,SILVERBEES.NS,0.0,ETF
2023-12-10,SILVERBEES.NS,0.0,ETF
2023-12-11,SILVERBEES.NS,-0.028851517074087285,ETF
2023-12-12,SILVERBEES.NS,-0.0012792656694048388,ETF
2023-12-13,SILVERBEES.NS,-0.00811271957719295,ETF
2023-12-14,SILVERBEES.NS,0.0413258308584421,ETF
2023-12-15,SILVERBEES.NS,0.0034449497182211797,ETF
2023-12-16,SILVERBEES.NS,0.0,ETF
2023-12-17,SILVERBEES.NS,0.0,ETF
2023-12-18,SILVERBEES.NS,-0.004257038724154061,ETF
2023-12-19,SILVERBEES.NS,-0.0017929234447994213,ETF
2023-12-20,SILVERBEES.NS,0.003868560642673824,ETF
2023-12-21,SILVERBEES.NS,0.00660605151867566,ETF
2023-12-22,SILVERBEES.NS,0.00464867336782171,ETF
2023-12-23,SILVERBEES.NS,0.0,ETF
2023-12-24,SILVERBEES.NS,0.0,ETF
2023-12-25,SILVERBEES.NS,0.0,ETF
2023-12-26,SILVERBEES.NS,-0.002313633513515656,ETF
2023-12-27,SILVERBEES.NS,-0.0034101760786471313,ETF
2023-12-28,SILVERBEES.NS,0.004516860690968683,ETF
2023-12-29,SILVERBEES.NS,-0.016487247506958402,ETF
2023-12-30,SILVERBEES.NS,0.0,ETF
2023-12-31,SILVERBEES.NS,0.0,ETF
2024-01-01,SILVERBEES.NS,0.004156318238977663,ETF
2024-01-02,SILVERBEES.NS,0.007312344850300967,ETF
2024-01-03,SILVERBEES.NS,-0.019449469343806203,ETF
2024-01-04,SILVERBEES.NS,-0.012571503597186728,ETF
2024-01-05,SILVERBEES.NS,-0.0022634553201776875,ETF
2024-01-06,SILVERBEES.NS,0.0,ETF
2024-01-07,SILVERBEES.NS,0.0,ETF
2024-01-08,SILVERBEES.NS,-0.001559628700629645,ETF
2024-01-09,SILVERBEES.NS,0.0063902952192231854,ETF
2024-01-10,SILVERBEES.NS,-0.005361998985259353,ETF
2024-01-11,SILVERBEES.NS,-0.0008511499561923985,ETF
2024-01-12,SILVERBEES.NS,-0.0025557334146788513,ETF
2024-01-13,SILVERBEES.NS,0.0,ETF
2024-01-14,SILVERBEES.NS,0.0,ETF
2024-01-15,SILVERBEES.NS,0.0,ETF
2024-01-16,SILVERBEES.NS,0.006405650508785499,ETF
2024-01-17,SILVERBEES.NS,-0.008910852625342747,ETF
2024-01-18,SILVERBEES.NS,-0.0031397348603010578,ETF
2024-01-19,SILVERBEES.NS,0.004438155973663038,ETF
2024-01-20,SILVERBEES.NS,0.0,ETF
2024-01-21,SILVERBEES.NS,0.0,ETF
2024-01-22,SILVERBEES.NS,0.0,ETF
2024-01-23,SILVERBEES.NS,-0.010404836357325364,ETF
2024-01-24,SILVERBEES.NS,0.010082053077421715,ETF
2024-01-25,SILVERBEES.NS,-0.00014251400580866935,ETF
2024-01-26,SILVERBEES.NS,0.0,ETF
2024-01-27,SILVERBEES.NS,0.0,ETF
2024-01-28,SILVERBEES.NS,0.0,ETF
2024-01-29,SILVERBEES.NS,0.004420957593428865,ETF
2024-01-30,SILVERBEES.NS,0.004969451549120318,ETF
2024-01-31,SILVERBEES.NS,-0.0026844086561615965,ETF
2024-02-01,SILVERBEES.NS,-0.008641351644745776,ETF
2024-02-02,SILVERBEES.NS,0.0115747001963169,ETF
2024-02-03,SILVERBEES.NS,0.0,ETF
2024-02-04,SILVERBEES.NS,0.0,ETF
2024-02-05,SILVERBEES.NS,-0.02217826916964838,ETF
2024-02-06,SILVERBEES.NS,-0.0031782897547439903,ETF
2024-02-07,SILVERBEES.NS,-0.0021739351576652854,ETF
2024-02-08,SILVERBEES.NS,0.0007262607533187193,ETF
2024-02-09,SILVERBEES.NS,0.009288815318938104,ETF
2024-02-10,SILVERBEES.NS,0.0,ETF
2024-02-11,SILVERBEES.NS,0.0,ETF
2024-02-12,SILVERBEES.NS,0.004745496501438851,ETF
2024-02-13,SILVERBEES.NS,0.002146756699415109,ETF
2024-02-14,SILVERBEES.NS,-0.029991410665527907,ETF
2024-02-15,SILVERBEES.NS,0.017815063561440025,ETF
2024-02-16,SILVERBEES.NS,0.011283182983966356,ETF
2024-02-17,SILVERBEES.NS,0.0,ETF
2024-02-18,SILVERBEES.NS,0.0,ETF
2024-02-19,SILVERBEES.NS,0.0014303886265605303,ETF
2024-02-20,SILVERBEES.NS,-0.0029995583211670507,ETF
2024-02-21,SILVERBEES.NS,-0.001862534056282228,ETF
2024-02-22,SILVERBEES.NS,-0.00014345496050827133,ETF
2024-02-23,SILVERBEES.NS,-0.012776442323488957,ETF
2024-02-24,SILVERBEES.NS,0.0,ETF
2024-02-25,SILVERBEES.NS,0.0,ETF
2024-02-26,SILVERBEES.NS,0.001308767946468059,ETF
2024-02-27,SILVERBEES.NS,-0.0026140038277711053,ETF
2024-02-28,SILVERBEES.NS,-0.009755360599420726,ETF
2024-02-29,SILVERBEES.NS,0.004117023533332764,ETF
2024-03-01,SILVERBEES.NS,0.008053820691020563,ETF
2024-03-02,SILVERBEES.NS,0.0,ETF
2024-03-03,SILVERBEES.NS,0.0,ETF
2024-03-04,SILVERBEES.NS,0.011766490864010049,ETF
2024-03-05,SILVERBEES.NS,0.020244020126703788,ETF
2024-03-06,SILVERBEES.NS,-0.005628960177694209,ETF
2024-03-07,SILVERBEES.NS,0.008632790112408806,ETF
2024-03-08,SILVERBEES.NS,0.0,ETF
2024-03-09,SILVERBEES.NS,0.0,ETF
2024-03-10,SILVERBEES.NS,0.0,ETF
2024-03-11,SILVERBEES.NS,0.007015574906002797,ETF
2024-03-12,SILVERBEES.NS,0.002508016073498931,ETF
2024-03-13,SILVERBEES.NS,-0.00958992135201997,ETF
2024-03-14,SILVERBEES.NS,0.01810273472994295,ETF
2024-03-15,SILVERBEES.NS,0.0024810516554680806,ETF
2024-03-16,SILVERBEES.NS,0.0,ETF
2024-03-17,SILVERBEES.NS,0.0,ETF
2024-03-18,SILVERBEES.NS,-0.0009624596671704566,ETF
2024-03-19,SILVERBEES.NS,-0.003165474061949891,ETF
2024-03-20,SILVERBEES.NS,0.0008283523172849527,ETF
2024-03-21,SILVERBEES.NS,0.01779557116212982,ETF
2024-03-22,SILVERBEES.NS,-0.017755456495905264,ETF
2024-03-23,SILVERBEES.NS,0.0,ETF
2024-03-24,SILVERBEES.NS,0.0,ETF
2024-03-25,SILVERBEES.NS,0.0,ETF
2024-03-26,SILVERBEES.NS,0.004967581127192311,ETF
2024-03-27,SILVERBEES.NS,-0.006728071959969717,ETF
2024-03-28,SILVERBEES.NS,0.001105914225942195,ETF
2024-03-29,SILVERBEES.NS,0.0,ETF
2024-03-30,SILVERBEES.NS,0.0,ETF
2024-03-31,SILVERBEES.NS,0.0,ETF
2024-04-01,SILVERBEES.NS,0.022231436772418345,ETF
2024-04-02,SILVERBEES.NS,0.013643146736251444,ETF
2024-04-03,SILVERBEES.NS,0.015058598609160478,ETF
2024-04-04,SILVERBEES.NS,0.024419071223109157,ETF
2024-04-05,SILVERBEES.NS,-0.0020504425889763533,ETF
2024-04-06,SILVERBEES.NS,0.0,ETF
2024-04-07,SILVERBEES.NS,0.0,ETF
2024-04-08,SILVERBEES.NS,0.03415944444449881,ETF
2024-04-09,SILVERBEES.NS,0.00596055338643553,ETF
2024-04-10,SILVERBEES.NS,-0.0011110228973183478,ETF
2024-04-11,SILVERBEES.NS,0.0,ETF
2024-04-12,SILVERBEES.NS,0.023974326313699335,ETF
2024-04-13,SILVERBEES.NS,0.0,ETF
2024-04-14,SILVERBEES.NS,0.0,ETF
2024-04-15,SILVERBEES.NS,-0.016895987395201706,ETF
2024-04-16,SILVERBEES.NS,0.00454214032335476,ETF
2024-04-17,SILVERBEES.NS,0.0,ETF
2024-04-18,SILVERBEES.NS,-0.0004888294590280617,ETF
2024-04-19,SILVERBEES.NS,-0.0029343179005145714,ETF
2024-04-20,SILVERBEES.NS,0.0,ETF
2024-04-21,SILVERBEES.NS,0.0,ETF
2024-04-22,SILVERBEES.NS,-0.015573319741691405,ETF
2024-04-23,SILVERBEES.NS,-0.021300437350201373,ETF
2024-04-24,SILVERBEES.NS,0.0068728639127499935,ETF
2024-04-25,SILVERBEES.NS,0.002907290175257149,ETF
2024-04-26,SILVERBEES.NS,0.0055457834851968535,ETF
2024-04-27,SILVERBEES.NS,0.0,ETF
2024-04-28,SILVERBEES.NS,0.0,ETF
2024-04-29,SILVERBEES.NS,-0.004387045368217324,ETF
2024-04-30,SILVERBEES.NS,-0.010953074949507924,ETF
2024-05-01,SILVERBEES.NS,0.0,ETF
2024-05-02,SILVERBEES.NS,-0.001654751240553587,ETF
2024-05-03,SILVERBEES.NS,0.0029325941098894415,ETF
2024-05-04,SILVERBEES.NS,0.0,ETF
2024-05-05,SILVERBEES.NS,0.0,ETF
2024-05-06,SILVERBEES.NS,0.014238432049895833,ETF
2024-05-07,SILVERBEES.NS,0.0035096362945739035,ETF
2024-05-08,SILVERBEES.NS,-0.0034973618265720097,ETF
2024-05-09,SILVERBEES.NS,0.009651595440494765,ETF
2024-05-10,SILVERBEES.NS,0.030540024720942194,ETF
2024-05-11,SILVERBEES.NS,0.0,ETF
2024-05-12,SILVERBEES.NS,0.0,ETF
2024-05-13,SILVERBEES.NS,-0.012528621717423416,ETF
2024-05-14,SILVERBEES.NS,0.007319732404365897,ETF
2024-05-15,SILVERBEES.NS,0.006297646178857974,ETF
2024-05-16,SILVERBEES.NS,0.015043928933596185,ETF
2024-05-17,SILVERBEES.NS,0.005454194140870783,ETF
2024-05-18,SILVERBEES.NS,0.0,ETF
2024-05-19,SILVERBEES.NS,0.0,ETF
2024-05-20,SILVERBEES.NS,0.0,ETF
2024-05-21,SILVERBEES.NS,0.0734669281053748,ETF
2024-05-22,SILVERBEES.NS,-0.0024167991173603687,ETF
2024-05-23,SILVERBEES.NS,-0.030283009293394225,ETF
2024-05-24,SILVERBEES.NS,-0.0005677427180260652,ETF
2024-05-25,SILVERBEES.NS,0.0,ETF
2024-05-26,SILVERBEES.NS,0.0,ETF
2024-05-27,SILVERBEES.NS,0.010907840713225703,ETF
2024-05-28,SILVERBEES.NS,0.025064580161207717,ETF
2024-05-29,SILVERBEES.NS,0.013815813359572271,ETF
2024-05-30,SILVERBEES.NS,-0.017412942097053685,ETF
2024-05-31,SILVERBEES.NS,-0.0027517887088486237,ETF
2024-06-01,SILVERBEES.NS,0.0,ETF
2024-06-02,SILVERBEES.NS,0.0,ETF
2024-06-03,SILVERBEES.NS,-0.02737302173628009,ETF
2024-06-04,SILVERBEES.NS,-0.009192069481860021,ETF
2024-06-05,SILVERBEES.NS,-0.006184869208877841,ETF
2024-06-06,SILVERBEES.NS,0.023856168893716667,ETF
2024-06-07,SILVERBEES.NS,0.006078353644607626,ETF
2024-06-08,SILVERBEES.NS,0.0,ETF
2024-06-09,SILVERBEES.NS,0.0,ETF
2024-06-10,SILVERBEES.NS,-0.02282390890820185,ETF
2024-06-11,SILVERBEES.NS,-0.012937912763888448,ETF
2024-06-12,SILVERBEES.NS,0.007075752428135962,ETF
2024-06-13,SILVERBEES.NS,-0.0027643154182577234,ETF
2024-06-14,SILVERBEES.NS,-0.005428519412834509,ETF
2024-06-15,SILVERBEES.NS,0.0,ETF
2024-06-16,SILVERBEES.NS,0.0,ETF
2024-06-17,SILVERBEES.NS,0.0,ETF
2024-06-18,SILVERBEES.NS,0.001741975668513307,ETF
2024-06-19,SILVERBEES.NS,0.007651240625667022,ETF
2024-06-20,SILVERBEES.NS,0.018177656055441416,ETF
2024-06-21,SILVERBEES.NS,0.002259852522510597,ETF
2024-06-22,SILVERBEES.NS,0.0,ETF
2024-06-23,SILVERBEES.NS,0.0,ETF
2024-06-24,SILVERBEES.NS,-0.019278457083493072,ETF
2024-06-25,SILVERBEES.NS,-0.0020692069156924564,ETF
2024-06-26,SILVERBEES.NS,-0.017739902762788362,ETF
2024-06-27,SILVERBEES.NS,-0.0024627546937957545,ETF
2024-06-28,SILVERBEES.NS,0.009875429007701442,ETF
2024-06-29,SILVERBEES.NS,0.0,ETF
2024-06-30,SILVERBEES.NS,0.0,ETF
2024-07-01,SILVERBEES.NS,-0.003725258313619584,ETF
2024-07-02,SILVERBEES.NS,0.004323382908052675,ETF
2024-07-03,SILVERBEES.NS,0.017335724794281582,ETF
2024-07-04,SILVERBEES.NS,0.005146351048465947,ETF
2024-07-05,SILVERBEES.NS,0.008988518841887672,ETF
2024-07-06,SILVERBEES.NS,0.0,ETF
2024-07-07,SILVERBEES.NS,0.0,ETF
2024-07-08,SILVERBEES.NS,0.008570163888306892,ETF
2024-07-09,SILVERBEES.NS,0.004695864909221914,ETF
2024-07-10,SILVERBEES.NS,-0.001780588259766236,ETF
2024-07-11,SILVERBEES.NS,0.0036789503041465554,ETF
2024-07-12,SILVERBEES.NS,-0.0046650913544374895,ETF
2024-07-13,SILVERBEES.NS,0.0,ETF
2024-07-14,SILVERBEES.NS,0.0,ETF
2024-07-15,SILVERBEES.NS,-0.0023434782171890545,ETF
2024-07-16,SILVERBEES.NS,0.004250528489174288,ETF
2024-07-17,SILVERBEES.NS,0.0,ETF
2024-07-18,SILVERBEES.NS,-0.0038984014132310563,ETF
2024-07-19,SILVERBEES.NS,-0.0281784259696638,ETF
2024-07-20,SILVERBEES.NS,0.0,ETF
2024-07-21,SILVERBEES.NS,0.0,ETF
2024-07-22,SILVERBEES.NS,-0.00701876176099514,ETF
2024-07-23,SILVERBEES.NS,-0.032329094054076246,ETF
2024-07-24,SILVERBEES.NS,-0.007184749835622228,ETF
2024-07-25,SILVERBEES.NS,-0.03666627404717693,ETF
2024-07-26,SILVERBEES.NS,-0.0008764203382629621,ETF
2024-07-27,SILVERBEES.NS,0.0,ETF
2024-07-28,SILVERBEES.NS,0.0,ETF
2024-07-29,SILVERBEES.NS,0.007017512997218089,ETF
2024-07-30,SILVERBEES.NS,-0.004479848277965104,ETF
2024-07-31,SILVERBEES.NS,0.022999954223632768,ETF
2024-08-01,SILVERBEES.NS,0.006109482189315729,ETF
2024-08-02,SILVERBEES.NS,-0.0036433742495228794,ETF
2024-08-03,SILVERBEES.NS,0.0,ETF
2024-08-04,SILVERBEES.NS,0.0,ETF
2024-08-05,SILVERBEES.NS,-0.03778642661538989,ETF
2024-08-06,SILVERBEES.NS,-0.020901969531906595,ETF
2024-08-07,SILVERBEES.NS,0.01656098802089323,ETF
2024-08-08,SILVERBEES.NS,-0.015527570643270483,ETF
2024-08-09,SILVERBEES.NS,0.01745311571754926,ETF
2024-08-10,SILVERBEES.NS,0.0,ETF
2024-08-11,SILVERBEES.NS,0.0,ETF
2024-08-12,SILVERBEES.NS,0.01448538035393021,ETF
2024-08-13,SILVERBEES.NS,-0.006638261568222892,ETF
2024-08-14,SILVERBEES.NS,0.0039087781809505895,ETF
2024-08-15,SILVERBEES.NS,0.0,ETF
2024-08-16,SILVERBEES.NS,0.00489825893236584,ETF
2024-08-17,SILVERBEES.NS,0.0,ETF
2024-08-18,SILVERBEES.NS,0.0,ETF
2024-08-19,SILVERBEES.NS,0.024871863650012482,ETF
2024-08-20,SILVERBEES.NS,0.016707350568073487,ETF
2024-08-21,SILVERBEES.NS,-0.005037852758821737,ETF
2024-08-22,SILVERBEES.NS,-0.0006027175913517757,ETF
2024-08-23,SILVERBEES.NS,-0.005066322813205293,ETF
2024-08-24,SILVERBEES.NS,0.0,ETF
2024-08-25,SILVERBEES.NS,0.0,ETF
2024-08-26,SILVERBEES.NS,0.020004774846382967,ETF
2024-08-27,SILVERBEES.NS,-0.0016640840867583329,ETF
2024-08-28,SILVERBEES.NS,-0.008334289392143757,ETF
2024-08-29,SILVERBEES.NS,-0.00012008807924746012,ETF
2024-08-30,SILVERBEES.NS,-0.002521602876450313,ETF
2024-08-31,SILVERBEES.NS,0.0,ETF
2024-09-01,SILVERBEES.NS,0.0,ETF
2024-09-02,SILVERBEES.NS,-0.0262429314215058,ETF
2024-09-03,SILVERBEES.NS,-0.00457414698199865,ETF
2024-09-04,SILVERBEES.NS,-0.01403374690174275,ETF
2024-09-05,SILVERBEES.NS,0.021287346698564136,ETF
2024-09-06,SILVERBEES.NS,0.0029600130531521884,ETF
2024-09-07,SILVERBEES.NS,0.0,ETF
2024-09-08,SILVERBEES.NS,0.0,ETF
2024-09-09,SILVERBEES.NS,-0.019060539320888137,ETF
2024-09-10,SILVERBEES.NS,0.007145539912389642,ETF
2024-09-11,SILVERBEES.NS,0.011824802351760422,ETF
2024-09-12,SILVERBEES.NS,-0.0007380681254524069,ETF
2024-09-13,SILVERBEES.NS,0.03557797944374652,ETF
2024-09-14,SILVERBEES.NS,0.0,ETF
2024-09-15,SILVERBEES.NS,0.0,ETF
2024-09-16,SILVERBEES.NS,0.02520203338050453,ETF
2024-09-17,SILVERBEES.NS,-0.009972178010835275,ETF
2024-09-18,SILVERBEES.NS,-0.0049191635331014005,ETF
2024-09-19,SILVERBEES.NS,0.01942092212405,ETF
2024-09-20,SILVERBEES.NS,-0.001500949688279185,ETF
2024-09-21,SILVERBEES.NS,0.0,ETF
2024-09-22,SILVERBEES.NS,0.0,ETF
2024-09-23,SILVERBEES.NS,-0.013066660949914266,ETF
2024-09-24,SILVERBEES.NS,0.009138825931360506,ETF
2024-09-25,SILVERBEES.NS,0.02298854545539908,ETF
2024-09-26,SILVERBEES.NS,0.009987484364114119,ETF
2024-09-27,SILVERBEES.NS,-0.007304208804162049,ETF
2024-09-28,SILVERBEES.NS,0.0,ETF
2024-09-29,SILVERBEES.NS,0.0,ETF
2024-09-30,SILVERBEES.NS,-0.0033959184378481444,ETF
2024-10-01,SILVERBEES.NS,-0.004202666319109261,ETF
2024-10-02,SILVERBEES.NS,0.0,ETF
2024-10-03,SILVERBEES.NS,0.008896986376043525,ETF
2024-10-04,SILVERBEES.NS,0.01594125167618099,ETF
2024-10-05,SILVERBEES.NS,0.0,ETF
2024-10-06,SILVERBEES.NS,0.0,ETF
2024-10-07,SILVERBEES.NS,-0.0047852248192200575,ETF
2024-10-08,SILVERBEES.NS,-0.01979197849744352,ETF
2024-10-09,SILVERBEES.NS,-0.015172276699659482,ETF
2024-10-10,SILVERBEES.NS,-0.0009266978959556749,ETF
2024-10-11,SILVERBEES.NS,0.016927525617074224,ETF
2024-10-12,SILVERBEES.NS,0.0,ETF
2024-10-13,SILVERBEES.NS,0.0,ETF
2024-10-14,SILVERBEES.NS,0.007752825359408355,ETF
2024-10-15,SILVERBEES.NS,-0.00859828194907164,ETF
2024-10-16,SILVERBEES.NS,0.018600992056392318,ETF
2024-10-17,SILVERBEES.NS,-0.0075062265550617235,ETF
2024-10-18,SILVERBEES.NS,0.013771320364998285,ETF
2024-10-19,SILVERBEES.NS,0.0,ETF
2024-10-20,SILVERBEES.NS,0.0,ETF
2024-10-21,SILVERBEES.NS,0.05378022450010089,ETF
2024-10-22,SILVERBEES.NS,0.002535903057029998,ETF
2024-10-23,SILVERBEES.NS,0.01296377943233229,ETF
2024-10-24,SILVERBEES.NS,-0.010300674825538425,ETF
2024-10-25,SILVERBEES.NS,-0.025967211410660718,ETF
2024-10-26,SILVERBEES.NS,0.0,ETF
2024-10-27,SILVERBEES.NS,0.0,ETF
2024-10-28,SILVERBEES.NS,0.010577395697779046,ETF
2024-10-29,SILVERBEES.NS,0.018263367880321457,ETF
2024-10-30,SILVERBEES.NS,0.0034613157513152526,ETF
2024-10-31,SILVERBEES.NS,-0.014633652688135546,ETF
2024-11-01,SILVERBEES.NS,0.0,ETF
2024-11-02,SILVERBEES.NS,0.0,ETF
2024-11-03,SILVERBEES.NS,0.0,ETF
2024-11-04,SILVERBEES.NS,-0.021427778879792525,ETF
2024-11-05,SILVERBEES.NS,-0.005853668461000994,ETF
2024-11-06,SILVERBEES.NS,-0.010903936429864314,ETF
2024-11-07,SILVERBEES.NS,-0.029985682374113476,ETF
2024-11-08,SILVERBEES.NS,0.012956011107233323,ETF
2024-11-09,SILVERBEES.NS,0.0,ETF
2024-11-10,SILVERBEES.NS,0.0,ETF
2024-11-11,SILVERBEES.NS,-0.007292650246990218,ETF
2024-11-12,SILVERBEES.NS,-0.02961124149162586,ETF
2024-11-13,SILVERBEES.NS,0.02038201709247378,ETF
2024-11-14,SILVERBEES.NS,-0.03367192018822596,ETF
2024-11-15,SILVERBEES.NS,0.0,ETF
2024-11-16,SILVERBEES.NS,0.0,ETF
2024-11-17,SILVERBEES.NS,0.0,ETF
2024-11-18,SILVERBEES.NS,0.02669494931580574,ETF
2024-11-19,SILVERBEES.NS,0.0218591988714254,ETF
2024-11-20,SILVERBEES.NS,0.0,ETF
2024-11-21,SILVERBEES.NS,-0.008106296140249603,ETF
2024-11-22,SILVERBEES.NS,0.003859295949761421,ETF
2024-11-23,SILVERBEES.NS,0.0,ETF
2024-11-24,SILVERBEES.NS,0.0,ETF
2024-11-25,SILVERBEES.NS,-0.01775214440845796,ETF
2024-11-26,SILVERBEES.NS,-0.009899857064127882,ETF
2024-11-27,SILVERBEES.NS,0.0067433343478064955,ETF
2024-11-28,SILVERBEES.NS,-0.01663003664294649,ETF
2024-11-29,SILVERBEES.NS,0.020786806944782743,ETF
2024-11-30,SILVERBEES.NS,0.0,ETF
2024-12-01,SILVERBEES.NS,0.0,ETF
2024-12-02,SILVERBEES.NS,-0.010124220800229788,ETF
2024-12-03,SILVERBEES.NS,0.01847973408846948,ETF
2024-12-04,SILVERBEES.NS,-0.0010270037739515958,ETF
2024-12-05,SILVERBEES.NS,0.011537607101524738,ETF
2024-12-06,SILVERBEES.NS,-0.0006776418511607041,ETF
2024-12-07,SILVERBEES.NS,0.0,ETF
2024-12-08,SILVERBEES.NS,0.0,ETF
2024-12-09,SILVERBEES.NS,0.0024861704827003894,ETF
2024-12-10,SILVERBEES.NS,0.015781778157226478,ETF
2024-12-11,SILVERBEES.NS,-0.0006658257483893593,ETF
2024-12-12,SILVERBEES.NS,0.013547957245569231,ETF
2024-12-13,SILVERBEES.NS,-0.044045105630797665,ETF
2024-12-14,SILVERBEES.NS,0.0,ETF
2024-12-15,SILVERBEES.NS,0.0,ETF
2024-12-16,SILVERBEES.NS,0.0002291878861480079,ETF
2024-12-17,SILVERBEES.NS,-0.010198228759977224,ETF
2024-12-18,SILVERBEES.NS,0.00405193464511,ETF
2024-12-19,SILVERBEES.NS,-0.023636607545385546,ETF
2024-12-20,SILVERBEES.NS,-0.020429893135319843,ETF
2024-12-21,SILVERBEES.NS,0.0,ETF
2024-12-22,SILVERBEES.NS,0.0,ETF
2024-12-23,SILVERBEES.NS,0.030620868100962317,ETF
2024-12-24,SILVERBEES.NS,-0.002222421531867136,ETF
2024-12-25,SILVERBEES.NS,0.0,ETF
2024-12-26,SILVERBEES.NS,0.001524000571712536,ETF
2024-12-27,SILVERBEES.NS,0.00327752286429428,ETF
2024-12-28,SILVERBEES.NS,0.0,ETF
2024-12-29,SILVERBEES.NS,0.0,ETF
2024-12-30,SILVERBEES.NS,-0.008867135040818708,ETF
2024-12-31,SILVERBEES.NS,-0.014361314127555591,ETF
2025-01-01,SILVERBEES.NS,0.0014331196987533712,ETF
2025-01-02,SILVERBEES.NS,0.01180677259135643,ETF
2025-01-03,SILVERBEES.NS,0.012022681712509531,ETF
2025-01-04,SILVERBEES.NS,0.0,ETF
2025-01-05,SILVERBEES.NS,0.0,ETF
2025-01-06,SILVERBEES.NS,0.0008152771293572503,ETF
2025-01-07,SILVERBEES.NS,0.01326660520888856,ETF
2025-01-08,SILVERBEES.NS,0.001493020028409342,ETF
2025-01-09,SILVERBEES.NS,0.0008027488219497503,ETF
2025-01-10,SILVERBEES.NS,0.0030938957585302518,ETF
2025-01-11,SILVERBEES.NS,0.0,ETF
2025-01-12,SILVERBEES.NS,0.0,ETF
2025-01-13,SILVERBEES.NS,-0.0028558373016381866,ETF
2025-01-14,SILVERBEES.NS,-0.011685236129714616,ETF
2025-01-15,SILVERBEES.NS,0.012171126609661354,ETF
2025-01-16,SILVERBEES.NS,0.01866694066782726,ETF
2025-01-17,SILVERBEES.NS,-0.014614901258734325,ETF
2025-01-18,SILVERBEES.NS,0.0,ETF
2025-01-19,SILVERBEES.NS,0.0,ETF
2025-01-20,SILVERBEES.NS,0.0009127419242664914,ETF
2025-01-21,SILVERBEES.NS,0.0009118226216713321,ETF
2025-01-22,SILVERBEES.NS,0.009110614668039307,ETF
2025-01-23,SILVERBEES.NS,-0.008576934104452372,ETF
2025-01-24,SILVERBEES.NS,0.009334088890915249,ETF
2025-01-25,SILVERBEES.NS,0.0,ETF
2025-01-26,SILVERBEES.NS,0.0,ETF
2025-01-27,SILVERBEES.NS,-0.012180014135073414,ETF
2025-01-28,SILVERBEES.NS,-0.005594221763399743,ETF
2025-01-29,SILVERBEES.NS,0.010447803421945512,ETF
2025-01-30,SILVERBEES.NS,0.01692986964666998,ETF
2025-01-31,SILVERBEES.NS,0.0130726052396124,ETF
2025-02-01,SILVERBEES.NS,-0.006176216718900895,ETF
2025-02-02,SILVERBEES.NS,0.0,ETF
2025-02-03,SILVERBEES.NS,0.004660949573859652,ETF
2025-02-04,SILVERBEES.NS,0.006185767879650195,ETF
2025-02-05,SILVERBEES.NS,0.021297645399062093,ETF
2025-02-06,SILVERBEES.NS,-0.012791599022046629,ETF
2025-02-07,SILVERBEES.NS,0.009690843363805435,ETF
2025-02-08,SILVERBEES.NS,0.0,ETF
2025-02-09,SILVERBEES.NS,0.0,ETF
2025-02-10,SILVERBEES.NS,0.0023724100436166573,ETF
2025-02-11,SILVERBEES.NS,-0.016998324405970155,ETF
2025-02-12,SILVERBEES.NS,-0.0008755809198843778,ETF
2025-02-13,SILVERBEES.NS,0.015992979185350586,ETF
2025-02-14,SILVERBEES.NS,0.0211320656007834,ETF
2025-02-15,SILVERBEES.NS,0.0,ETF
2025-02-16,SILVERBEES.NS,0.0,ETF
2025-02-17,SILVERBEES.NS,-0.019533296293996028,ETF
2025-02-18,SILVERBEES.NS,0.0037690983396576616,ETF
2025-02-19,SILVERBEES.NS,0.014483408297189637,ETF
2025-02-20,SILVERBEES.NS,0.0,ETF
2025-02-21,SILVERBEES.NS,-0.005287648190665184,ETF
2025-02-22,SILVERBEES.NS,0.0,ETF
2025-02-23,SILVERBEES.NS,0.0,ETF
2025-02-24,SILVERBEES.NS,-0.009036769042988668,ETF
2025-02-25,SILVERBEES.NS,-0.0032184897040006266,ETF
2025-02-26,SILVERBEES.NS,0.0,ETF
2025-02-27,SILVERBEES.NS,-0.01011734371279116,ETF
2025-02-28,SILVERBEES.NS,-0.016418420313019988,ETF
2025-03-01,SILVERBEES.NS,0.0,ETF
2025-03-02,SILVERBEES.NS,0.0,ETF
2025-03-03,SILVERBEES.NS,0.010501929993936843,ETF
2025-03-04,SILVERBEES.NS,0.01225243487931027,ETF
2025-03-05,SILVERBEES.NS,0.0082135755566497,ETF
2025-03-06,SILVERBEES.NS,0.0024653845565647536,ETF
2025-03-07,SILVERBEES.NS,0.0060949499068065904,ETF
2025-03-08,SILVERBEES.NS,0.0,ETF
2025-03-09,SILVERBEES.NS,0.0,ETF
2025-03-10,SILVERBEES.NS,0.00010630392836397107,ETF
2025-03-11,SILVERBEES.NS,-0.00478211429903419,ETF
2025-03-12,SILVERBEES.NS,0.01409503121534339,ETF
2025-03-13,SILVERBEES.NS,0.0025270912991965933,ETF
2025-03-14,SILVERBEES.NS,0.0,ETF
2025-03-15,SILVERBEES.NS,0.0,ETF
2025-03-16,SILVERBEES.NS,0.0,ETF
2025-03-17,SILVERBEES.NS,0.013338979988164468,ETF
2025-03-18,SILVERBEES.NS,0.0,ETF
2025-03-19,SILVERBEES.NS,-0.0007255357834643483,ETF
2025-03-20,SILVERBEES.NS,-0.005912325511535754,ETF
2025-03-21,SILVERBEES.NS,-0.01732049349065512,ETF
2025-03-22,SILVERBEES.NS,0.0,ETF
2025-03-23,SILVERBEES.NS,0.0,ETF
2025-03-24,SILVERBEES.NS,0.0,ETF
2025-03-25,SILVERBEES.NS,0.004141000089028513,ETF
2025-03-26,SILVERBEES.NS,0.012371768771501257,ETF
2025-03-27,SILVERBEES.NS,0.0016712311017288428,ETF
2025-03-28,SILVERBEES.NS,0.017726766644351244,ETF
2025-03-29,SILVERBEES.NS,0.0,ETF
2025-03-30,SILVERBEES.NS,0.0,ETF
2025-03-31,SILVERBEES.NS,0.0,ETF
2025-04-01,SILVERBEES.NS,-0.009016365442375496,ETF
2025-04-02,SILVERBEES.NS,0.0013440576072918375,ETF
2025-04-03,SILVERBEES.NS,-0.03675784837048812,ETF
2025-04-04,SILVERBEES.NS,-0.03826776353080752,ETF
2025-04-05,SILVERBEES.NS,0.0,ETF
2025-04-06,SILVERBEES.NS,0.0,ETF
2025-04-07,SILVERBEES.NS,-0.029982193544437097,ETF
2025-04-08,SILVERBEES.NS,0.004711061333565247,ETF
2025-04-09,SILVERBEES.NS,0.006061285046875753,ETF
2025-04-10,SILVERBEES.NS,0.0,ETF
2025-04-11,SILVERBEES.NS,0.027282044930949434,ETF
2025-04-12,SILVERBEES.NS,0.0,ETF
2025-04-13,SILVERBEES.NS,0.0,ETF
2025-04-14,SILVERBEES.NS,0.0,ETF
2025-04-15,SILVERBEES.NS,0.02047137786759734,ETF
2025-04-16,SILVERBEES.NS,0.017132962590982626,ETF
2025-04-17,SILVERBEES.NS,-0.017484001453001108,ETF
2025-04-18,SILVERBEES.NS,0.0,ETF
2025-04-19,SILVERBEES.NS,0.0,ETF
2025-04-20,SILVERBEES.NS,0.0,ETF
2025-04-21,SILVERBEES.NS,0.00911454323472416,ETF
2025-04-22,SILVERBEES.NS,-0.006989263719128003,ETF
2025-04-23,SILVERBEES.NS,0.012885787342375776,ETF
2025-04-24,SILVERBEES.NS,0.011866587550645402,ETF
2025-04-25,SILVERBEES.NS,0.0,ETF
2025-04-26,SILVERBEES.NS,0.0,ETF
2025-04-27,SILVERBEES.NS,0.0,ETF
2025-04-28,SILVERBEES.NS,-0.015742185311662604,ETF
2025-04-29,SILVERBEES.NS,0.01620861364832793,ETF
2025-04-30,SILVERBEES.NS,-0.03221712772107954,ETF
2025-05-01,SILVERBEES.NS,0.0,ETF
2025-05-02,SILVERBEES.NS,-0.001091531330688067,ETF
2025-05-03,SILVERBEES.NS,0.0,ETF
2025-05-04,SILVERBEES.NS,0.0,ETF
2025-05-05,SILVERBEES.NS,-0.0012018464269181184,ETF
2025-05-06,SILVERBEES.NS,0.017612875139008333,ETF
2025-05-07,SILVERBEES.NS,-0.0025800674309894855,ETF
2025-05-08,SILVERBEES.NS,-0.0020478814820662494,ETF
2025-05-09,SILVERBEES.NS,0.004752159615608376,ETF
2025-05-10,SILVERBEES.NS,0.0,ETF
2025-05-11,SILVERBEES.NS,0.0,ETF
2025-05-12,SILVERBEES.NS,-0.017091221743028462,ETF
2025-05-13,SILVERBEES.NS,0.027012261097498103,ETF
2025-05-14,SILVERBEES.NS,-0.006176145335288763,ETF
2025-05-15,SILVERBEES.NS,-0.019607862371709195,ETF
2025-05-16,SILVERBEES.NS,0.008415263858649213,ETF
2025-05-17,SILVERBEES.NS,0.0,ETF
2025-05-18,SILVERBEES.NS,0.0,ETF
2025-05-19,SILVERBEES.NS,0.005852399860989177,ETF
2025-05-20,SILVERBEES.NS,-0.0032323610629758637,ETF
2025-05-21,SILVERBEES.NS,0.018916873414649205,ETF
2025-05-22,SILVERBEES.NS,0.0020156461670468584,ETF
2025-05-23,SILVERBEES.NS,-0.004552676750338214,ETF
2025-05-24,SILVERBEES.NS,0.0,ETF
2025-05-25,SILVERBEES.NS,0.0,ETF
2025-05-26,SILVERBEES.NS,0.005637166854020492,ETF
2025-05-27,SILVERBEES.NS,-0.0052882071270404785,ETF
2025-05-28,SILVERBEES.NS,0.008931380230028818,ETF
2025-05-29,SILVERBEES.NS,-0.002740037284253871,ETF
2025-05-30,SILVERBEES.NS,-0.002958879714928475,ETF
2025-05-31,SILVERBEES.NS,0.0,ETF
2025-06-01,SILVERBEES.NS,0.0,ETF
2025-06-02,SILVERBEES.NS,0.0028617305440126195,ETF
2025-06-03,SILVERBEES.NS,0.026844227877800275,ETF
2025-06-04,SILVERBEES.NS,0.009674709516075186,ETF
2025-06-05,SILVERBEES.NS,0.02670746979953509,ETF
2025-06-06,SILVERBEES.NS,0.01677921386937853,ETF
2025-06-07,SILVERBEES.NS,0.0,ETF
2025-06-08,SILVERBEES.NS,0.0,ETF
2025-06-09,SILVERBEES.NS,0.005663452601503582,ETF
2025-06-10,SILVERBEES.NS,0.008544566473110526,ETF
2025-06-11,SILVERBEES.NS,-0.010493924506235985,ETF
2025-06-12,SILVERBEES.NS,-0.007005265900510538,ETF
2025-06-13,SILVERBEES.NS,0.016166975948942452,ETF
2025-06-14,SILVERBEES.NS,0.0,ETF
2025-06-15,SILVERBEES.NS,0.0,ETF
2025-06-16,SILVERBEES.NS,-0.0013499121674315218,ETF
2025-06-17,SILVERBEES.NS,0.005986316002789538,ETF
2025-06-18,SILVERBEES.NS,0.019579622494726223,ETF
2025-06-19,SILVERBEES.NS,-0.019768483828994987,ETF
2025-06-20,SILVERBEES.NS,-0.007874769196705267,ETF
2025-06-21,SILVERBEES.NS,0.0,ETF
2025-06-22,SILVERBEES.NS,0.0,ETF
2025-06-23,SILVERBEES.NS,0.004355866695103572,ETF
2025-06-24,SILVERBEES.NS,-0.010119535756940579,ETF
2025-06-25,SILVERBEES.NS,-0.008081022670169302,ETF
2025-06-26,SILVERBEES.NS,0.020121742314721525,ETF
2025-06-27,SILVERBEES.NS,-0.021841591806031735,ETF
2025-06-28,SILVERBEES.NS,0.0,ETF
2025-06-29,SILVERBEES.NS,0.0,ETF
2025-06-30,SILVERBEES.NS,0.007967711286790413,ETF
2025-07-01,SILVERBEES.NS,0.009270976255734142,ETF
2025-07-02,SILVERBEES.NS,-0.006961914846748907,ETF
2025-07-03,SILVERBEES.NS,0.011392461860826542,ETF
2025-07-04,SILVERBEES.NS,0.0002888108068126449,ETF
2025-07-05,SILVERBEES.NS,0.0,ETF
2025-07-06,SILVERBEES.NS,0.0,ETF
2025-07-07,SILVERBEES.NS,-0.0010587161572289672,ETF
2025-07-08,SILVERBEES.NS,0.002890407743684653,ETF
2025-07-09,SILVERBEES.NS,-0.004803535571054618,ETF
2025-07-10,SILVERBEES.NS,0.0011584395291472926,ETF
2025-07-11,SILVERBEES.NS,0.028734002345389698,ETF
2025-07-12,SILVERBEES.NS,0.0,ETF
2025-07-13,SILVERBEES.NS,0.0,ETF
2025-07-14,SILVERBEES.NS,0.031211867330202425,ETF
2025-07-15,SILVERBEES.NS,-0.016269708605245792,ETF
2025-07-16,SILVERBEES.NS,-0.0040654386746635796,ETF
2025-07-17,SILVERBEES.NS,-0.006030258097764585,ETF
2025-07-18,SILVERBEES.NS,0.018387168489133465,ETF
2025-07-19,SILVERBEES.NS,0.0,ETF
2025-07-20,SILVERBEES.NS,0.0,ETF
2025-07-21,SILVERBEES.NS,0.0023829358883331597,ETF
2025-07-22,SILVERBEES.NS,0.007588865144159351,ETF
2025-07-23,SILVERBEES.NS,0.016424729928426363,ETF
2025-07-24,SILVERBEES.NS,-0.009820537926454431,ETF
2025-07-25,SILVERBEES.NS,-0.0020737836925360797,ETF
2025-07-26,SILVERBEES.NS,0.0,ETF
2025-07-27,SILVERBEES.NS,0.0,ETF
2025-07-28,SILVERBEES.NS,-0.01472711645214686,ETF
2025-07-29,SILVERBEES.NS,0.004309890675431971,ETF
2025-07-30,SILVERBEES.NS,0.0032870765283605774,ETF
2025-07-31,SILVERBEES.NS,-0.027120456880484367,ETF
2025-08-01,SILVERBEES.NS,-0.011131921650330057,ETF
2025-08-02,SILVERBEES.NS,0.0,ETF
2025-08-03,SILVERBEES.NS,0.0,ETF
2025-08-04,SILVERBEES.NS,0.022514400473280904,ETF
2025-08-05,SILVERBEES.NS,0.005273451230740189,ETF
2025-08-06,SILVERBEES.NS,0.004785538611643991,ETF
2025-08-07,SILVERBEES.NS,0.012822875269881573,ETF
2025-08-08,SILVERBEES.NS,0.00352685280512377,ETF
2025-08-09,SILVERBEES.NS,0.0,ETF
2025-08-10,SILVERBEES.NS,0.0,ETF
2025-08-11,SILVERBEES.NS,-0.013066635682492889,ETF
2025-08-12,SILVERBEES.NS,-0.0023739455332826287,ETF
2025-08-13,SILVERBEES.NS,0.01821341593320036,ETF
2025-08-14,SILVERBEES.NS,-0.003775264439957904,ETF
2025-08-15,SILVERBEES.NS,0.0,ETF
2025-08-16,SILVERBEES.NS,0.0,ETF
2025-08-17,SILVERBEES.NS,0.0,ETF
2025-08-18,SILVERBEES.NS,-0.0069476158056435144,ETF
2025-08-19,SILVERBEES.NS,-0.005905814200462212,ETF
2025-08-20,SILVERBEES.NS,-0.022118688578181,ETF
2025-08-21,SILVERBEES.NS,0.019908448689985425,ETF
2025-08-22,SILVERBEES.NS,0.007422997967429179,ETF
2025-08-23,SILVERBEES.NS,0.0,ETF
2025-08-24,SILVERBEES.NS,0.0,ETF
2025-08-25,SILVERBEES.NS,0.01928502447645508,ETF
2025-08-26,SILVERBEES.NS,-0.001249436732132625,ETF
2025-08-27,SILVERBEES.NS,0.0,ETF
2025-08-28,SILVERBEES.NS,0.007774060304870378,ETF
2025-08-29,SILVERBEES.NS,0.007093483422742075,ETF
2025-08-30,SILVERBEES.NS,0.0,ETF
2025-08-31,SILVERBEES.NS,0.0,ETF
2025-09-01,SILVERBEES.NS,0.0441098294247968,ETF
2025-09-02,SILVERBEES.NS,-0.005733980072347711,ETF
2025-09-03,SILVERBEES.NS,0.008905058008243483,ETF
2025-09-04,SILVERBEES.NS,0.0005884305259158396,ETF
2025-09-05,SILVERBEES.NS,-0.0001679966669871913,ETF
2025-09-06,SILVERBEES.NS,0.0,ETF
2025-09-07,SILVERBEES.NS,0.0,ETF
2025-09-08,SILVERBEES.NS,0.010419274359394715,ETF
2025-09-09,SILVERBEES.NS,-0.0004989401962057771,ETF
2025-09-10,SILVERBEES.NS,-0.007072186423575544,ETF
2025-09-11,SILVERBEES.NS,-0.0003351205577346583,ETF
2025-09-12,SILVERBEES.NS,0.03654652555591298,ETF
2025-09-13,SILVERBEES.NS,0.0,ETF
2025-09-14,SILVERBEES.NS,0.0,ETF
2025-09-15,SILVERBEES.NS,-0.004690294467720513,ETF
2025-09-16,SILVERBEES.NS,0.012512194447650504,ETF
2025-09-17,SILVERBEES.NS,-0.02294977168446588,ETF
2025-09-18,SILVERBEES.NS,0.010512473364321595,ETF
2025-09-19,SILVERBEES.NS,0.004957742244900976,ETF
2025-09-20,SILVERBEES.NS,0.0,ETF
2025-09-21,SILVERBEES.NS,0.0,ETF
2025-09-22,SILVERBEES.NS,0.036959155992147386,ETF
2025-09-23,SILVERBEES.NS,0.011854658071984936,ETF
2025-09-24,SILVERBEES.NS,0.00192693070306027,ETF
2025-09-25,SILVERBEES.NS,0.01830902010500024,ETF
2025-09-26,SILVERBEES.NS,0.0048349279538904,ETF
2025-09-27,SILVERBEES.NS,0.0,ETF
2025-09-28,SILVERBEES.NS,0.0,ETF
2025-09-29,SILVERBEES.NS,0.045485326679318705,ETF
2025-09-30,SILVERBEES.NS,-0.021501440291016527,ETF
2025-10-01,SILVERBEES.NS,0.027926711166512908,ETF
2025-10-02,SILVERBEES.NS,0.0,ETF
2025-10-03,SILVERBEES.NS,-0.0007864489468195623,ETF
2025-10-04,SILVERBEES.NS,0.0,ETF
2025-10-05,SILVERBEES.NS,0.0,ETF
2025-10-06,SILVERBEES.NS,0.027976558498777893,ETF
2025-10-07,SILVERBEES.NS,0.001044123040198297,ETF
2025-10-08,SILVERBEES.NS,0.04943669162479036,ETF
2025-10-09,SILVERBEES.NS,0.03465189982194539,ETF
2025-10-10,SILVERBEES.NS,-0.014344297135205464,ETF
2025-10-11,SILVERBEES.NS,0.0,ETF
2025-10-12,SILVERBEES.NS,0.0,ETF
2025-10-13,SILVERBEES.NS,0.06769749410669901,ETF
2025-10-14,SILVERBEES.NS,0.060666918844298534,ETF
2025-10-15,SILVERBEES.NS,-0.032987207162728294,ETF
2025-10-16,SILVERBEES.NS,-0.06733502022495674,ETF
2025-10-17,SILVERBEES.NS,0.021563508968093004,ETF
2025-10-18,SILVERBEES.NS,0.0,ETF
2025-10-19,SILVERBEES.NS,0.0,ETF
2025-10-20,SILVERBEES.NS,-0.07334992734498413,ETF
2025-10-21,SILVERBEES.NS,-0.023652762392305737,ETF
2025-10-22,SILVERBEES.NS,0.0,ETF
2025-10-23,SILVERBEES.NS,-0.023124573570412643,ETF
2025-10-24,SILVERBEES.NS,0.0,ETF
2025-10-25,SILVERBEES.NS,0.0,ETF
2025-10-26,SILVERBEES.NS,0.0,ETF
2025-10-27,SILVERBEES.NS,-0.021769735696363646,ETF
2025-10-28,SILVERBEES.NS,-0.03629822343086142,ETF
2025-10-29,SILVERBEES.NS,0.05470448739088729,ETF
2025-10-30,SILVERBEES.NS,-0.004322260251164001,ETF
2025-10-31,SILVERBEES.NS,0.013877006041511653,ETF
2025-11-01,SILVERBEES.NS,0.0,ETF
2025-11-02,SILVERBEES.NS,0.0,ETF
2025-11-03,SILVERBEES.NS,0.0,ETF
2025-11-04,SILVERBEES.NS,-0.017687964138900725,ETF
2025-11-05,SILVERBEES.NS,0.0,ETF
2025-11-06,SILVERBEES.NS,0.013433404243001101,ETF
2025-11-07,SILVERBEES.NS,0.0015511613753287357,ETF
2025-11-08,SILVERBEES.NS,0.0,ETF
2025-11-09,SILVERBEES.NS,0.0,ETF
2025-11-10,SILVERBEES.NS,0.023160811090824573,ETF
2025-11-11,SILVERBEES.NS,0.01864598033680198,ETF
2025-11-12,SILVERBEES.NS,0.01499494207998775,ETF
2025-11-13,SILVERBEES.NS,0.04538491962151059,ETF
2025-11-14,SILVERBEES.NS,-0.024380940354830738,ETF
2025-11-15,SILVERBEES.NS,0.0,ETF
2025-11-16,SILVERBEES.NS,0.0,ETF
2025-11-17,SILVERBEES.NS,-0.028317868285562597,ETF
2025-11-18,SILVERBEES.NS,-0.015713110170978983,ETF
2025-11-19,SILVERBEES.NS,0.025787956966009773,ETF
2025-11-20,SILVERBEES.NS,-0.015762138251975588,ETF
2025-11-21,SILVERBEES.NS,-0.022298823766921494,ETF
2025-11-22,SILVERBEES.NS,0.0,ETF
2025-11-23,SILVERBEES.NS,0.0,ETF
2025-11-24,SILVERBEES.NS,0.016518068624791882,ETF
2025-11-25,SILVERBEES.NS,0.015229844066340759,ETF
2025-11-26,SILVERBEES.NS,0.01553704762679442,ETF
2025-11-27,SILVERBEES.NS,0.026773922282611773,ETF
2025-11-28,SILVERBEES.NS,0.006872237284464733,ETF
2025-11-29,SILVERBEES.NS,0.0,ETF
2025-11-30,SILVERBEES.NS,0.0,ETF
2025-12-01,SILVERBEES.NS,0.0602156164070764,ETF
2025-12-02,SILVERBEES.NS,-0.005234404312817964,ETF
2025-12-03,SILVERBEES.NS,0.0268537712576975,ETF
2025-12-04,SILVERBEES.NS,-0.015078322399575406,ETF
2025-12-05,SILVERBEES.NS,0.017701180680960604,ETF
2025-12-06,SILVERBEES.NS,0.0,ETF
2025-12-07,SILVERBEES.NS,0.0,ETF
2025-12-08,SILVERBEES.NS,0.0038782682484115316,ETF
2025-12-09,SILVERBEES.NS,0.0015804511721420056,ETF
2025-12-10,SILVERBEES.NS,0.02442868716539759,ETF
2025-12-11,SILVERBEES.NS,0.0203092757928951,ETF
2025-12-12,SILVERBEES.NS,0.029521937931838327,ETF
2025-12-13,SILVERBEES.NS,0.0,ETF
2025-12-14,SILVERBEES.NS,0.0,ETF
2025-12-15,SILVERBEES.NS,0.004018846547285682,ETF
2025-12-16,SILVERBEES.NS,-0.0009736175719978757,ETF
2025-12-17,SILVERBEES.NS,0.04044615908797233,ETF
2025-12-18,SILVERBEES.NS,0.005724348583281413,ETF
2025-12-19,SILVERBEES.NS,-0.0036220478533514067,ETF
2025-12-20,SILVERBEES.NS,0.0,ETF
2025-12-21,SILVERBEES.NS,0.0,ETF
2025-12-22,SILVERBEES.NS,0.038377645842043284,ETF
2025-12-23,SILVERBEES.NS,0.009202282400468942,ETF
2025-12-24,SILVERBEES.NS,0.036870026705717374,ETF
2025-12-25,SILVERBEES.NS,0.0,ETF
2025-12-26,SILVERBEES.NS,0.05075759017749082,ETF
2025-12-27,SILVERBEES.NS,0.0,ETF
2025-12-28,SILVERBEES.NS,0.0,ETF
2025-12-29,SILVERBEES.NS,-0.007277716893772879,ETF
2025-12-30,SILVERBEES.NS,-0.0001832452972866383,ETF
2025-12-31,SILVERBEES.NS,-0.012740085021542114,ETF
2026-01-01,SILVERBEES.NS,-0.0022280821791673677,ETF
2026-01-02,SILVERBEES.NS,0.03219352531840958,ETF
2026-01-03,SILVERBEES.NS,0.0,ETF
2026-01-04,SILVERBEES.NS,0.0,ETF
2026-01-05,SILVERBEES.NS,0.016541209941465462,ETF
2026-01-06,SILVERBEES.NS,0.027090541776331856,ETF
2026-01-07,SILVERBEES.NS,0.011698712649559573,ETF
2026-01-08,SILVERBEES.NS,-0.04621096519393131,ETF
2026-01-09,SILVERBEES.NS,0.030599903257925165,ETF
2026-01-10,SILVERBEES.NS,0.0,ETF
2026-01-11,SILVERBEES.NS,0.0,ETF
2026-01-12,SILVERBEES.NS,0.05634419091655274,ETF
2026-01-13,SILVERBEES.NS,0.025313286413890523,ETF
2026-01-14,SILVERBEES.NS,0.05330449017902339,ETF
2026-01-15,SILVERBEES.NS,0.0,ETF
2026-01-16,SILVERBEES.NS,0.025227369371038977,ETF
2026-01-17,SILVERBEES.NS,0.0,ETF
2026-01-18,SILVERBEES.NS,0.0,ETF
2026-01-19,SILVERBEES.NS,0.05014106904398119,ETF
2026-01-20,SILVERBEES.NS,0.05184655337431976,ETF
2026-01-21,SILVERBEES.NS,0.043881452096158347,ETF
2026-01-22,SILVERBEES.NS,-0.11075706345216407,ETF
2026-01-23,SILVERBEES.NS,0.059579478869279834,ETF
2026-01-24,SILVERBEES.NS,0.0,ETF
2026-01-25,SILVERBEES.NS,0.0,ETF
2026-01-26,SILVERBEES.NS,0.0,ETF
2026-01-27,SILVERBEES.NS,0.08581284519666399,ETF
2026-01-28,SILVERBEES.NS,0.04461221457759912,ETF
2026-01-29,SILVERBEES.NS,0.05987412268741088,ETF
2026-01-30,SILVERBEES.NS,-0.18592819753599454,ETF
2026-01-31,SILVERBEES.NS,0.0,ETF
2026-02-01,SILVERBEES.NS,0.0,ETF
2026-02-02,SILVERBEES.NS,-0.23226754395823246,ETF
2026-02-03,SILVERBEES.NS,0.12457940162014847,ETF
2026-02-04,SILVERBEES.NS,0.0737042583336347,ETF
2026-02-05,SILVERBEES.NS,-0.10976393550227193,ETF
2026-02-06,SILVERBEES.NS,-0.050587900971607036,ETF
2026-02-07,SILVERBEES.NS,0.0,ETF
2026-02-08,SILVERBEES.NS,0.0,ETF
2026-02-09,SILVERBEES.NS,0.08571678543564065,ETF
2026-02-10,SILVERBEES.NS,0.0004924512822297444,ETF
2026-02-11,SILVERBEES.NS,0.014559870750262771,ETF
2026-02-12,SILVERBEES.NS,-0.008004187114937222,ETF
2026-02-13,SILVERBEES.NS,-0.052202606424286646,ETF
2026-02-14,SILVERBEES.NS,0.0,ETF
2026-02-15,SILVERBEES.NS,0.0,ETF
2026-02-16,SILVERBEES.NS,-0.02252990563208601,ETF
2026-02-17,SILVERBEES.NS,-0.032110509234406615,ETF
2026-02-18,SILVERBEES.NS,0.017042356455281293,ETF
2026-02-19,SILVERBEES.NS,0.04209309491193447,ETF
2026-02-20,SILVERBEES.NS,0.014621964346084537,ETF
2026-02-21,SILVERBEES.NS,0.0,ETF
2026-02-22,SILVERBEES.NS,0.0,ETF
2026-02-23,SILVERBEES.NS,0.05726482685897727,ETF
2026-02-24,SILVERBEES.NS,0.0019986409388002002,ETF
2026-02-25,SILVERBEES.NS,0.010292423704075793,ETF
2026-02-26,SILVERBEES.NS,-0.02839092770545415,ETF
2026-02-27,SILVERBEES.NS,0.027432333849359836,ETF
2026-02-28,SILVERBEES.NS,0.0,ETF
2026-03-01,SILVERBEES.NS,0.0,ETF
2026-03-02,SILVERBEES.NS,0.0863889741260282,ETF
2026-03-03,SILVERBEES.NS,0.0,ETF
2026-03-04,SILVERBEES.NS,-0.0694701874978263,ETF
2026-03-05,SILVERBEES.NS,-0.029894018975181624,ETF
2026-03-06,SILVERBEES.NS,-0.004719066686196816,ETF
2026-03-07,SILVERBEES.NS,0.0,ETF
2026-03-08,SILVERBEES.NS,0.0,ETF
2026-03-09,SILVERBEES.NS,0.0009726272430981009,ETF
2026-03-10,SILVERBEES.NS,0.037854275722735364,ETF
2026-03-11,SILVERBEES.NS,-0.018178285746666356,ETF
2026-03-12,SILVERBEES.NS,0.007191376459281917,ETF
2026-03-13,SILVERBEES.NS,-0.03554238464235082,ETF
2026-03-14,SILVERBEES.NS,0.0,ETF
2026-03-15,SILVERBEES.NS,0.0,ETF
2026-03-16,SILVERBEES.NS,-0.04503255559840391,ETF
2026-03-17,SILVERBEES.NS,0.03173721002957586,ETF
2026-03-18,SILVERBEES.NS,-0.015608761328252618,ETF
2026-03-19,SILVERBEES.NS,-0.07654033138591221,ETF
2026-03-20,SILVERBEES.NS,0.004201288642319723,ETF
2026-03-21,SILVERBEES.NS,0.0,ETF
2026-03-22,SILVERBEES.NS,0.0,ETF
2026-03-23,SILVERBEES.NS,-0.11996357597190999,ETF
2026-03-24,SILVERBEES.NS,0.09709587056270408,ETF
2026-03-25,SILVERBEES.NS,0.0429089572564163,ETF
2026-03-26,SILVERBEES.NS,0.0,ETF
2026-03-27,SILVERBEES.NS,-0.04028542246730249,ETF
2026-03-28,SILVERBEES.NS,0.0,ETF
2026-03-29,SILVERBEES.NS,0.0,ETF
2026-03-30,SILVERBEES.NS,0.016847067440257435,ETF
2026-03-31,SILVERBEES.NS,0.0,ETF
2026-04-01,SILVERBEES.NS,0.04040168295798496,ETF
2026-04-02,SILVERBEES.NS,-0.03941106136991224,ETF
2026-04-03,SILVERBEES.NS,0.0,ETF
2026-04-04,SILVERBEES.NS,0.0,ETF
2026-04-05,SILVERBEES.NS,0.0,ETF
2026-04-06,SILVERBEES.NS,0.02977544813816979,ETF
2026-04-07,SILVERBEES.NS,-0.010567524291376862,ETF
2026-04-08,SILVERBEES.NS,0.047948021225687976,ETF
2026-04-09,SILVERBEES.NS,-0.029274004451373514,ETF
2026-04-10,SILVERBEES.NS,0.012107364664740494,ETF
2026-04-11,SILVERBEES.NS,0.0,ETF
2026-04-12,SILVERBEES.NS,0.0,ETF
2026-04-13,SILVERBEES.NS,-0.006930308607569824,ETF
2026-04-14,SILVERBEES.NS,0.0,ETF
2026-04-15,SILVERBEES.NS,0.04493932771255715,ETF
2026-04-16,SILVERBEES.NS,0.012293684563289276,ETF
2026-04-17,SILVERBEES.NS,0.0007143680635091076,ETF
2026-04-18,SILVERBEES.NS,0.0,ETF
2026-04-19,SILVERBEES.NS,0.0,ETF
2026-04-20,SILVERBEES.NS,-0.003653292682528342,ETF
2026-04-21,SILVERBEES.NS,0.0005900425132865372,ETF
2026-04-22,SILVERBEES.NS,-0.005812749511501569,ETF
2026-04-23,SILVERBEES.NS,-0.026945729963328002,ETF
2026-04-24,SILVERBEES.NS,-0.007750245105969444,ETF
2026-04-25,SILVERBEES.NS,0.0,ETF
2026-04-26,SILVERBEES.NS,0.0,ETF
2026-04-27,SILVERBEES.NS,0.012418280041398111,ETF
2026-04-28,SILVERBEES.NS,-0.025962228941885823,ETF
2026-04-29,SILVERBEES.NS,-0.002358380231268442,ETF
2026-04-30,SILVERBEES.NS,0.014719014704177802,ETF
2026-05-01,SILVERBEES.NS,0.0,ETF
2026-05-02,SILVERBEES.NS,0.0,ETF
2026-05-03,SILVERBEES.NS,0.0,ETF
2026-05-04,SILVERBEES.NS,0.012571431254292609,ETF
2026-05-05,SILVERBEES.NS,-0.006381321482932245,ETF
2026-05-06,SILVERBEES.NS,0.024465927381923436,ETF
2026-05-07,SILVERBEES.NS,0.02110962869326416,ETF
2026-05-08,SILVERBEES.NS,0.003048762613163225,ETF
2026-05-09,SILVERBEES.NS,0.0,ETF
2026-05-10,SILVERBEES.NS,0.0,ETF
2026-05-11,SILVERBEES.NS,0.004663343155790978,ETF
2026-05-12,SILVERBEES.NS,0.04442787317744612,ETF
2026-05-13,SILVERBEES.NS,0.06908463672231924,ETF
2026-05-14,SILVERBEES.NS,0.005604554868942069,ETF
2026-05-15,SILVERBEES.NS,-0.07780602791176316,ETF
2026-05-16,SILVERBEES.NS,0.0,ETF
2026-05-17,SILVERBEES.NS,0.0,ETF
2026-05-18,SILVERBEES.NS,0.013247938674143533,ETF
2026-05-19,SILVERBEES.NS,0.00035549192838035815,ETF
2026-05-20,SILVERBEES.NS,-0.0023296992611673284,ETF
2026-05-21,SILVERBEES.NS,-0.00273095239216814,ETF
2026-05-22,SILVERBEES.NS,0.0022621425672433304,ETF
2026-05-23,SILVERBEES.NS,0.0,ETF
2026-05-24,SILVERBEES.NS,0.0,ETF
2026-05-25,SILVERBEES.NS,0.013819615054831313,ETF
2026-05-26,SILVERBEES.NS,-0.01851347699786554,ETF
2026-05-27,SILVERBEES.NS,-0.005650834521406578,ETF
2026-05-28,SILVERBEES.NS,0.0,ETF
2026-05-29,SILVERBEES.NS,-0.0020010405801844655,ETF
2026-05-30,SILVERBEES.NS,0.0,ETF
2026-05-31,SILVERBEES.NS,0.0,ETF
2026-06-01,SILVERBEES.NS,0.0006817105998073725,ETF
2026-06-02,SILVERBEES.NS,0.00809491194521561,ETF
2023-01-03,TCS.NS,0.015300004058378835,Equity
2023-01-04,TCS.NS,0.00099639676668839,Equity
2023-01-05,TCS.NS,-0.0010708697606022222,Equity
2023-01-06,TCS.NS,-0.030065697343433784,Equity
2023-01-07,TCS.NS,0.0,Equity
2023-01-08,TCS.NS,0.0,Equity
2023-01-09,TCS.NS,0.033753371481333616,Equity
2023-01-10,TCS.NS,-0.010105837643667126,Equity
2023-01-11,TCS.NS,0.01287139042734764,Equity
2023-01-12,TCS.NS,0.0016972808537278894,Equity
2023-01-13,TCS.NS,0.012056346248532357,Equity
2023-01-14,TCS.NS,0.0,Equity
2023-01-15,TCS.NS,0.0,Equity
2023-01-16,TCS.NS,0.010455903861885885,Equity
2023-01-17,TCS.NS,0.013302133885658707,Equity
2023-01-18,TCS.NS,0.0034336367057381523,Equity
2023-01-19,TCS.NS,-0.004985083165677029,Equity
2023-01-20,TCS.NS,-0.002964731445600721,Equity
2023-01-21,TCS.NS,0.0,Equity
2023-01-22,TCS.NS,0.0,Equity
2023-01-23,TCS.NS,0.015402249725642747,Equity
2023-01-24,TCS.NS,0.006266837244949031,Equity
2023-01-25,TCS.NS,-0.0019061540179337033,Equity
2023-01-26,TCS.NS,0.0,Equity
2023-01-27,TCS.NS,-0.0054523750910219215,Equity
2023-01-28,TCS.NS,0.0,Equity
2023-01-29,TCS.NS,0.0,Equity
2023-01-30,TCS.NS,0.006625480056235311,Equity
2023-01-31,TCS.NS,-0.021827986943454114,Equity
2023-02-01,TCS.NS,0.014782591071484497,Equity
2023-02-02,TCS.NS,0.015271261920768442,Equity
2023-02-03,TCS.NS,0.006328749260837263,Equity
2023-02-04,TCS.NS,0.0,Equity
2023-02-05,TCS.NS,0.0,Equity
2023-02-06,TCS.NS,-0.00641813758805676,Equity
2023-02-07,TCS.NS,0.0036416833661725434,Equity
2023-02-08,TCS.NS,0.013693096973870666,Equity
2023-02-09,TCS.NS,0.005894724451308564,Equity
2023-02-10,TCS.NS,-0.0009320026377231949,Equity
2023-02-11,TCS.NS,0.0,Equity
2023-02-12,TCS.NS,0.0,Equity
2023-02-13,TCS.NS,-0.015589726131119752,Equity
2023-02-14,TCS.NS,0.005082594674548524,Equity
2023-02-15,TCS.NS,0.005871290392411632,Equity
2023-02-16,TCS.NS,0.010622892586489963,Equity
2023-02-17,TCS.NS,-0.015991823201846223,Equity
2023-02-18,TCS.NS,0.0,Equity
2023-02-19,TCS.NS,0.0,Equity
2023-02-20,TCS.NS,-0.003955799926315784,Equity
2023-02-21,TCS.NS,-0.010409147204665903,Equity
2023-02-22,TCS.NS,-0.014329363683689755,Equity
2023-02-23,TCS.NS,0.0036013755294406202,Equity
2023-02-24,TCS.NS,-0.003910655430642285,Equity
2023-02-25,TCS.NS,0.0,Equity
2023-02-26,TCS.NS,0.0,Equity
2023-02-27,TCS.NS,-0.020173720168007225,Equity
2023-02-28,TCS.NS,-0.00570254387643776,Equity
2023-03-01,TCS.NS,0.021990171740729147,Equity
2023-03-02,TCS.NS,-0.018976957227441527,Equity
2023-03-03,TCS.NS,0.006232291083491326,Equity
2023-03-04,TCS.NS,0.0,Equity
2023-03-05,TCS.NS,0.0,Equity
2023-03-06,TCS.NS,0.008886553483594462,Equity
2023-03-07,TCS.NS,0.0,Equity
2023-03-08,TCS.NS,0.005501233907454495,Equity
2023-03-09,TCS.NS,-0.015794631303055695,Equity
2023-03-10,TCS.NS,-0.0017529117695700425,Equity
2023-03-11,TCS.NS,0.0,Equity
2023-03-12,TCS.NS,0.0,Equity
2023-03-13,TCS.NS,-0.01472538738562923,Equity
2023-03-14,TCS.NS,-0.02041464998110698,Equity
2023-03-15,TCS.NS,-0.004992382791528027,Equity
2023-03-16,TCS.NS,-0.00434521094417839,Equity
2023-03-17,TCS.NS,-0.0017896831293578996,Equity
2023-03-18,TCS.NS,0.0,Equity
2023-03-19,TCS.NS,0.0,Equity
2023-03-20,TCS.NS,-0.011323104244325477,Equity
2023-03-21,TCS.NS,-0.011834730302934027,Equity
2023-03-22,TCS.NS,0.007952059129314515,Equity
2023-03-23,TCS.NS,-0.0019642736978543462,Equity
2023-03-24,TCS.NS,-0.001328253163244586,Equity
2023-03-25,TCS.NS,0.0,Equity
2023-03-26,TCS.NS,0.0,Equity
2023-03-27,TCS.NS,0.000576758652586884,Equity
2023-03-28,TCS.NS,-0.002049850481646409,Equity
2023-03-29,TCS.NS,0.007381476785838004,Equity
2023-03-30,TCS.NS,0.0,Equity
2023-03-31,TCS.NS,0.021345102051225195,Equity
2023-04-01,TCS.NS,0.0,Equity
2023-04-02,TCS.NS,0.0,Equity
2023-04-03,TCS.NS,-0.0018401227498257011,Equity
2023-04-04,TCS.NS,0.0,Equity
2023-04-05,TCS.NS,0.012437357274728944,Equity
2023-04-06,TCS.NS,-0.0058955437021254165,Equity
2023-04-07,TCS.NS,0.0,Equity
2023-04-08,TCS.NS,0.0,Equity
2023-04-09,TCS.NS,0.0,Equity
2023-04-10,TCS.NS,0.0132580103995239,Equity
2023-04-11,TCS.NS,-0.015198947221661374,Equity
2023-04-12,TCS.NS,0.008665871979716577,Equity
2023-04-13,TCS.NS,-0.016287741016351998,Equity
2023-04-14,TCS.NS,0.0,Equity
2023-04-15,TCS.NS,0.0,Equity
2023-04-16,TCS.NS,0.0,Equity
2023-04-17,TCS.NS,-0.015476135631284249,Equity
2023-04-18,TCS.NS,-0.002786980151583185,Equity
2023-04-19,TCS.NS,-0.01314381145007082,Equity
2023-04-20,TCS.NS,0.004919736414575215,Equity
2023-04-21,TCS.NS,0.018052691771827556,Equity
2023-04-22,TCS.NS,0.0,Equity
2023-04-23,TCS.NS,0.0,Equity
2023-04-24,TCS.NS,0.004413436520938285,Equity
2023-04-25,TCS.NS,0.000377901147704085,Equity
2023-04-26,TCS.NS,0.006974255244542871,Equity
2023-04-27,TCS.NS,-0.0031893384610880426,Equity
2023-04-28,TCS.NS,0.009818154656529687,Equity
2023-04-29,TCS.NS,0.0,Equity
2023-04-30,TCS.NS,0.0,Equity
2023-05-01,TCS.NS,0.0,Equity
2023-05-02,TCS.NS,4.663764712908858e-05,Equity
2023-05-03,TCS.NS,-0.012269307983917566,Equity
2023-05-04,TCS.NS,0.012830400757737781,Equity
2023-05-05,TCS.NS,0.003105020053933316,Equity
2023-05-06,TCS.NS,0.0,Equity
2023-05-07,TCS.NS,0.0,Equity
2023-05-08,TCS.NS,0.006159752640471083,Equity
2023-05-09,TCS.NS,0.010044119330534507,Equity
2023-05-10,TCS.NS,0.0010813408429770632,Equity
2023-05-11,TCS.NS,-0.001414743953610964,Equity
2023-05-12,TCS.NS,-0.0023917977143804725,Equity
2023-05-13,TCS.NS,0.0,Equity
2023-05-14,TCS.NS,0.0,Equity
2023-05-15,TCS.NS,-0.005879114287075993,Equity
2023-05-16,TCS.NS,0.0009523348197946202,Equity
2023-05-17,TCS.NS,-0.01517735710256296,Equity
2023-05-18,TCS.NS,-0.00275790138873655,Equity
2023-05-19,TCS.NS,0.007187733629722137,Equity
2023-05-20,TCS.NS,0.0,Equity
2023-05-21,TCS.NS,0.0,Equity
2023-05-22,TCS.NS,0.023535220471126772,Equity
2023-05-23,TCS.NS,-0.0005002501250624958,Equity
2023-05-24,TCS.NS,0.001910764506557694,Equity
2023-05-25,TCS.NS,-0.002981881459765745,Equity
2023-05-26,TCS.NS,0.010748546285420879,Equity
2023-05-27,TCS.NS,0.0,Equity
2023-05-28,TCS.NS,0.0,Equity
2023-05-29,TCS.NS,-0.0025683580007835882,Equity
2023-05-30,TCS.NS,-0.0012500475068294437,Equity
2023-05-31,TCS.NS,-0.008051339949476266,Equity
2023-06-01,TCS.NS,0.010487929785133243,Equity
2023-06-02,TCS.NS,-0.005535501151661126,Equity
2023-06-03,TCS.NS,0.0,Equity
2023-06-04,TCS.NS,0.0,Equity
2023-06-05,TCS.NS,-0.005052130517984144,Equity
2023-06-06,TCS.NS,-0.0172092279735937,Equity
2023-06-07,TCS.NS,0.013179294645855322,Equity
2023-06-08,TCS.NS,-0.01174071040249236,Equity
2023-06-09,TCS.NS,-0.008388986531913445,Equity
2023-06-10,TCS.NS,0.0,Equity
2023-06-11,TCS.NS,0.0,Equity
2023-06-12,TCS.NS,0.011716101861882988,Equity
2023-06-13,TCS.NS,-0.000985717904689376,Equity
2023-06-14,TCS.NS,0.0022660286814628616,Equity
2023-06-15,TCS.NS,-0.003331355310081996,Equity
2023-06-16,TCS.NS,-0.012871643621375495,Equity
2023-06-17,TCS.NS,0.0,Equity
2023-06-18,TCS.NS,0.0,Equity
2023-06-19,TCS.NS,0.01118139869649748,Equity
2023-06-20,TCS.NS,0.005388659141145613,Equity
2023-06-21,TCS.NS,0.009449323321310876,Equity
2023-06-22,TCS.NS,-0.006046198497778654,Equity
2023-06-23,TCS.NS,-0.006839226066481796,Equity
2023-06-24,TCS.NS,0.0,Equity
2023-06-25,TCS.NS,0.0,Equity
2023-06-26,TCS.NS,-0.008301619128782578,Equity
2023-06-27,TCS.NS,0.0024140194998851783,Equity
2023-06-28,TCS.NS,0.005660913061757089,Equity
2023-06-29,TCS.NS,0.0,Equity
2023-06-30,TCS.NS,0.026994675869609797,Equity
2023-07-01,TCS.NS,0.0,Equity
2023-07-02,TCS.NS,0.0,Equity
2023-07-03,TCS.NS,-0.009069391924434234,Equity
2023-07-04,TCS.NS,0.011169587693571348,Equity
2023-07-05,TCS.NS,0.003354333060242798,Equity
2023-07-06,TCS.NS,0.000888532635614725,Equity
2023-07-07,TCS.NS,0.001911000243375982,Equity
2023-07-08,TCS.NS,0.0,Equity
2023-07-09,TCS.NS,0.0,Equity
2023-07-10,TCS.NS,-0.017210961388570034,Equity
2023-07-11,TCS.NS,0.00013762269928885296,Equity
2023-07-12,TCS.NS,-0.0038201775104851343,Equity
2023-07-13,TCS.NS,0.024740358347059788,Equity
2023-07-14,TCS.NS,0.05211716904892483,Equity
2023-07-15,TCS.NS,0.0,Equity
2023-07-16,TCS.NS,0.0,Equity
2023-07-17,TCS.NS,-0.006529981744137103,Equity
2023-07-18,TCS.NS,0.001474948591352554,Equity
2023-07-19,TCS.NS,-0.007663890187084577,Equity
2023-07-20,TCS.NS,0.0006499845758545231,Equity
2023-07-21,TCS.NS,-0.02743045356067475,Equity
2023-07-22,TCS.NS,0.0,Equity
2023-07-23,TCS.NS,0.0,Equity
2023-07-24,TCS.NS,0.007852623873457087,Equity
2023-07-25,TCS.NS,0.0012960885543069622,Equity
2023-07-26,TCS.NS,-0.0031919449822476187,Equity
2023-07-27,TCS.NS,0.0025381470913001802,Equity
2023-07-28,TCS.NS,-0.012217099720596258,Equity
2023-07-29,TCS.NS,0.0,Equity
2023-07-30,TCS.NS,0.0,Equity
2023-07-31,TCS.NS,0.019684885903145988,Equity
2023-08-01,TCS.NS,0.008943425547883965,Equity
2023-08-02,TCS.NS,-0.0033023817198297722,Equity
2023-08-03,TCS.NS,-0.011829327795203959,Equity
2023-08-04,TCS.NS,0.012823853743789027,Equity
2023-08-05,TCS.NS,0.0,Equity
2023-08-06,TCS.NS,0.0,Equity
2023-08-07,TCS.NS,0.01176119292143829,Equity
2023-08-08,TCS.NS,-0.00386062924288455,Equity
2023-08-09,TCS.NS,-0.002333659772453589,Equity
2023-08-10,TCS.NS,-0.005891802768397958,Equity
2023-08-11,TCS.NS,0.0019466040917768268,Equity
2023-08-12,TCS.NS,0.0,Equity
2023-08-13,TCS.NS,0.0,Equity
2023-08-14,TCS.NS,0.00030440353976279866,Equity
2023-08-15,TCS.NS,0.0,Equity
2023-08-16,TCS.NS,0.0024782691048912397,Equity
2023-08-17,TCS.NS,-0.006549194133161906,Equity
2023-08-18,TCS.NS,-0.019981097317028573,Equity
2023-08-19,TCS.NS,0.0,Equity
2023-08-20,TCS.NS,0.0,Equity
2023-08-21,TCS.NS,0.010260973734745882,Equity
2023-08-22,TCS.NS,-0.00573242965790155,Equity
2023-08-23,TCS.NS,0.004760315263474091,Equity
2023-08-24,TCS.NS,-0.0030897868575411325,Equity
2023-08-25,TCS.NS,-0.0019039192680986305,Equity
2023-08-26,TCS.NS,0.0,Equity
2023-08-27,TCS.NS,0.0,Equity
2023-08-28,TCS.NS,-0.0017007480675931275,Equity
2023-08-29,TCS.NS,0.00017787738771191108,Equity
2023-08-30,TCS.NS,0.0043837321160078435,Equity
2023-08-31,TCS.NS,-0.010070809742720455,Equity
2023-09-01,TCS.NS,0.006672821074261925,Equity
2023-09-02,TCS.NS,0.0,Equity
2023-09-03,TCS.NS,0.0,Equity
2023-09-04,TCS.NS,0.011630105997050277,Equity
2023-09-05,TCS.NS,0.003173799188568971,Equity
2023-09-06,TCS.NS,0.00016040561725705338,Equity
2023-09-07,TCS.NS,0.007390833524197005,Equity
2023-09-08,TCS.NS,-0.003863512011287429,Equity
2023-09-09,TCS.NS,0.0,Equity
2023-09-10,TCS.NS,0.0,Equity
2023-09-11,TCS.NS,0.011258111772030288,Equity
2023-09-12,TCS.NS,0.028773419889545515,Equity
2023-09-13,TCS.NS,-0.0036164601644825822,Equity
2023-09-14,TCS.NS,-0.002186203689137578,Equity
2023-09-15,TCS.NS,0.010744182092890187,Equity
2023-09-16,TCS.NS,0.0,Equity
2023-09-17,TCS.NS,0.0,Equity
2023-09-18,TCS.NS,0.0021817693482395484,Equity
2023-09-19,TCS.NS,0.0,Equity
2023-09-20,TCS.NS,-2.784894936702642e-05,Equity
2023-09-21,TCS.NS,-0.005754255504457517,Equity
2023-09-22,TCS.NS,0.005118045911585156,Equity
2023-09-23,TCS.NS,0.0,Equity
2023-09-24,TCS.NS,0.0,Equity
2023-09-25,TCS.NS,-0.0073535287409519645,Equity
2023-09-26,TCS.NS,0.0023902239193818176,Equity
2023-09-27,TCS.NS,0.001003971161348094,Equity
2023-09-28,TCS.NS,-0.014640798690224055,Equity
2023-09-29,TCS.NS,-0.002304397546726067,Equity
2023-09-30,TCS.NS,0.0,Equity
2023-10-01,TCS.NS,0.0,Equity
2023-10-02,TCS.NS,0.0,Equity
2023-10-03,TCS.NS,-0.004180144122908014,Equity
2023-10-04,TCS.NS,0.006801698423214431,Equity
2023-10-05,TCS.NS,0.014585548196335063,Equity
2023-10-06,TCS.NS,0.00892925593541527,Equity
2023-10-07,TCS.NS,0.0,Equity
2023-10-08,TCS.NS,0.0,Equity
2023-10-09,TCS.NS,0.004680474442648519,Equity
2023-10-10,TCS.NS,-0.002597488935394132,Equity
2023-10-11,TCS.NS,-0.005235740836957992,Equity
2023-10-12,TCS.NS,-0.018656906683145125,Equity
2023-10-13,TCS.NS,0.00798868328771185,Equity
2023-10-14,TCS.NS,0.0,Equity
2023-10-15,TCS.NS,0.0,Equity
2023-10-16,TCS.NS,-0.013106275364048736,Equity
2023-10-17,TCS.NS,-0.0048239817741371205,Equity
2023-10-18,TCS.NS,-0.005645752286921657,Equity
2023-10-19,TCS.NS,-0.006497456872555207,Equity
2023-10-20,TCS.NS,0.011256882448056338,Equity
2023-10-21,TCS.NS,0.0,Equity
2023-10-22,TCS.NS,0.0,Equity
2023-10-23,TCS.NS,-0.024151944037840933,Equity
2023-10-24,TCS.NS,0.0,Equity
2023-10-25,TCS.NS,-0.005879391292111902,Equity
2023-10-26,TCS.NS,-0.015737034338040856,Equity
2023-10-27,TCS.NS,0.0042556342721729035,Equity
2023-10-28,TCS.NS,0.0,Equity
2023-10-29,TCS.NS,0.0,Equity
2023-10-30,TCS.NS,0.008236536832728847,Equity
2023-10-31,TCS.NS,-0.0029008160914369974,Equity
2023-11-01,TCS.NS,-0.011309704368993811,Equity
2023-11-02,TCS.NS,0.00884212232634285,Equity
2023-11-03,TCS.NS,-0.002738114856117524,Equity
2023-11-04,TCS.NS,0.0,Equity
2023-11-05,TCS.NS,0.0,Equity
2023-11-06,TCS.NS,0.00875879592424944,Equity
2023-11-07,TCS.NS,-0.0028991219079071984,Equity
2023-11-08,TCS.NS,0.0032932749820755447,Equity
2023-11-09,TCS.NS,-0.01008397801810812,Equity
2023-11-10,TCS.NS,-0.004182421621563237,Equity
2023-11-11,TCS.NS,0.0,Equity
2023-11-12,TCS.NS,0.0,Equity
2023-11-13,TCS.NS,-0.000569903257527149,Equity
2023-11-14,TCS.NS,0.0,Equity
2023-11-15,TCS.NS,0.02183671071938953,Equity
2023-11-16,TCS.NS,0.02747996003323583,Equity
2023-11-17,TCS.NS,0.0013149522090718513,Equity
2023-11-18,TCS.NS,0.0,Equity
2023-11-19,TCS.NS,0.0,Equity
2023-11-20,TCS.NS,0.004896811178354055,Equity
2023-11-21,TCS.NS,-0.0026708744388559413,Equity
2023-11-22,TCS.NS,0.005683427523488049,Equity
2023-11-23,TCS.NS,-0.006203757358235751,Equity
2023-11-24,TCS.NS,-0.014579883273686756,Equity
2023-11-25,TCS.NS,0.0,Equity
2023-11-26,TCS.NS,0.0,Equity
2023-11-27,TCS.NS,0.0,Equity
2023-11-28,TCS.NS,0.0037746994608636175,Equity
2023-11-29,TCS.NS,0.012564391770869765,Equity
2023-11-30,TCS.NS,-0.0074420522152011115,Equity
2023-12-01,TCS.NS,0.006895619130042663,Equity
2023-12-02,TCS.NS,0.0,Equity
2023-12-03,TCS.NS,0.0,Equity
2023-12-04,TCS.NS,0.0002278183019281954,Equity
2023-12-05,TCS.NS,0.005452172684309309,Equity
2023-12-06,TCS.NS,0.02052895929508214,Equity
2023-12-07,TCS.NS,0.0029965440993360293,Equity
2023-12-08,TCS.NS,0.0032643225902191375,Equity
2023-12-09,TCS.NS,0.0,Equity
2023-12-10,TCS.NS,0.0,Equity
2023-12-11,TCS.NS,0.004466696484204613,Equity
2023-12-12,TCS.NS,0.00801581018673514,Equity
2023-12-13,TCS.NS,-0.02139110756470286,Equity
2023-12-14,TCS.NS,0.020508884378531267,Equity
2023-12-15,TCS.NS,0.0528326438347233,Equity
2023-12-16,TCS.NS,0.0,Equity
2023-12-17,TCS.NS,0.0,Equity
2023-12-18,TCS.NS,-0.0004663657849230951,Equity
2023-12-19,TCS.NS,-0.011142165416443084,Equity
2023-12-20,TCS.NS,-0.009472670487529755,Equity
2023-12-21,TCS.NS,0.001970851860809919,Equity
2023-12-22,TCS.NS,0.009637049257931407,Equity
2023-12-23,TCS.NS,0.0,Equity
2023-12-24,TCS.NS,0.0,Equity
2023-12-25,TCS.NS,0.0,Equity
2023-12-26,TCS.NS,-0.007439903275768378,Equity
2023-12-27,TCS.NS,0.004123224208585352,Equity
2023-12-28,TCS.NS,-0.0029649163302968295,Equity
2023-12-29,TCS.NS,-0.0017107234235836932,Equity
2023-12-30,TCS.NS,0.0,Equity
2023-12-31,TCS.NS,0.0,Equity
2024-01-01,TCS.NS,0.004666218302530334,Equity
2024-01-02,TCS.NS,-0.007320771912084689,Equity
2024-01-03,TCS.NS,-0.02417278432530945,Equity
2024-01-04,TCS.NS,-0.006758352759471231,Equity
2024-01-05,TCS.NS,0.019390307932854567,Equity
2024-01-06,TCS.NS,0.0,Equity
2024-01-07,TCS.NS,0.0,Equity
2024-01-08,TCS.NS,-0.015944608139034644,Equity
2024-01-09,TCS.NS,0.0031533762326374504,Equity
2024-01-10,TCS.NS,0.006274038172471963,Equity
2024-01-11,TCS.NS,0.0060596745055592205,Equity
2024-01-12,TCS.NS,0.039418437254611804,Equity
2024-01-13,TCS.NS,0.0,Equity
2024-01-14,TCS.NS,0.0,Equity
2024-01-15,TCS.NS,0.005408470681814714,Equity
2024-01-16,TCS.NS,-0.010886708576667403,Equity
2024-01-17,TCS.NS,0.006034209473694485,Equity
2024-01-18,TCS.NS,0.004633751869143277,Equity
2024-01-19,TCS.NS,0.01740377112571756,Equity
2024-01-20,TCS.NS,0.0,Equity
2024-01-21,TCS.NS,0.0,Equity
2024-01-22,TCS.NS,0.0,Equity
2024-01-23,TCS.NS,-0.02150617360121243,Equity
2024-01-24,TCS.NS,-0.0042636168648122474,Equity
2024-01-25,TCS.NS,-0.008199391441597204,Equity
2024-01-26,TCS.NS,0.0,Equity
2024-01-27,TCS.NS,0.0,Equity
2024-01-28,TCS.NS,0.0,Equity
2024-01-29,TCS.NS,-0.0024406880600529313,Equity
2024-01-30,TCS.NS,-0.00011856701900092581,Equity
2024-01-31,TCS.NS,0.00405223760343465,Equity
2024-02-01,TCS.NS,0.010010569758817756,Equity
2024-02-02,TCS.NS,0.029098527965116583,Equity
2024-02-03,TCS.NS,0.0,Equity
2024-02-04,TCS.NS,0.0,Equity
2024-02-05,TCS.NS,0.0017649223251232637,Equity
2024-02-06,TCS.NS,0.04094823650368662,Equity
2024-02-07,TCS.NS,-0.012717539546816203,Equity
2024-02-08,TCS.NS,0.012416046169138717,Equity
2024-02-09,TCS.NS,-9.68229993237868e-05,Equity
2024-02-10,TCS.NS,0.0,Equity
2024-02-11,TCS.NS,0.0,Equity
2024-02-12,TCS.NS,-0.0031447861670516053,Equity
2024-02-13,TCS.NS,0.006989058896850864,Equity
2024-02-14,TCS.NS,-0.011905027613597685,Equity
2024-02-15,TCS.NS,0.0007561019888848719,Equity
2024-02-16,TCS.NS,0.006117104498086112,Equity
2024-02-17,TCS.NS,0.0,Equity
2024-02-18,TCS.NS,0.0,Equity
2024-02-19,TCS.NS,-0.0059346342717395695,Equity
2024-02-20,TCS.NS,-0.017824936020098048,Equity
2024-02-21,TCS.NS,-0.009713007606001245,Equity
2024-02-22,TCS.NS,0.023950892054432904,Equity
2024-02-23,TCS.NS,-0.008563465092573774,Equity
2024-02-24,TCS.NS,0.0,Equity
2024-02-25,TCS.NS,0.0,Equity
2024-02-26,TCS.NS,-0.012598362335967228,Equity
2024-02-27,TCS.NS,0.02583060677917648,Equity
2024-02-28,TCS.NS,0.0035450510909338373,Equity
2024-02-29,TCS.NS,-0.005790325008728225,Equity
2024-03-01,TCS.NS,-0.0001831834500100049,Equity
2024-03-02,TCS.NS,0.0,Equity
2024-03-03,TCS.NS,0.0,Equity
2024-03-04,TCS.NS,-0.0033339309528999106,Equity
2024-03-05,TCS.NS,-0.016810897368542688,Equity
2024-03-06,TCS.NS,0.013010708433939033,Equity
2024-03-07,TCS.NS,0.01089985601072918,Equity
2024-03-08,TCS.NS,0.0,Equity
2024-03-09,TCS.NS,0.0,Equity
2024-03-10,TCS.NS,0.0,Equity
2024-03-11,TCS.NS,0.0033465792193292376,Equity
2024-03-12,TCS.NS,0.016956284467095628,Equity
2024-03-13,TCS.NS,-0.010316559276330906,Equity
2024-03-14,TCS.NS,0.014123930353368452,Equity
2024-03-15,TCS.NS,0.002768726056784354,Equity
2024-03-16,TCS.NS,0.0,Equity
2024-03-17,TCS.NS,0.0,Equity
2024-03-18,TCS.NS,-0.01582035654477787,Equity
2024-03-19,TCS.NS,-0.042191392673003536,Equity
2024-03-20,TCS.NS,-0.0016093130784650134,Equity
2024-03-21,TCS.NS,0.0005163711104883006,Equity
2024-03-22,TCS.NS,-0.015618158301523688,Equity
2024-03-23,TCS.NS,0.0,Equity
2024-03-24,TCS.NS,0.0,Equity
2024-03-25,TCS.NS,0.0,Equity
2024-03-26,TCS.NS,-0.008540222544239029,Equity
2024-03-27,TCS.NS,-0.009439017153807239,Equity
2024-03-28,TCS.NS,0.009216662358188632,Equity
2024-03-29,TCS.NS,0.0,Equity
2024-03-30,TCS.NS,0.0,Equity
2024-03-31,TCS.NS,0.0,Equity
2024-04-01,TCS.NS,0.010435149121888587,Equity
2024-04-02,TCS.NS,-0.008412605360510472,Equity
2024-04-03,TCS.NS,0.016349917322031393,Equity
2024-04-04,TCS.NS,0.014186874248570236,Equity
2024-04-05,TCS.NS,-0.006007429320512903,Equity
2024-04-06,TCS.NS,0.0,Equity
2024-04-07,TCS.NS,0.0,Equity
2024-04-08,TCS.NS,-0.00168371891813901,Equity
2024-04-09,TCS.NS,-0.006544979213590207,Equity
2024-04-10,TCS.NS,0.00965389251246851,Equity
2024-04-11,TCS.NS,0.0,Equity
2024-04-12,TCS.NS,0.004203725954574411,Equity
2024-04-13,TCS.NS,0.0,Equity
2024-04-14,TCS.NS,0.0,Equity
2024-04-15,TCS.NS,-0.01504479405562087,Equity
2024-04-16,TCS.NS,-0.017355044070994308,Equity
2024-04-17,TCS.NS,0.0,Equity
2024-04-18,TCS.NS,-0.002788628120326986,Equity
2024-04-19,TCS.NS,-0.009269883356296416,Equity
2024-04-20,TCS.NS,0.0,Equity
2024-04-21,TCS.NS,0.0,Equity
2024-04-22,TCS.NS,0.010036164064487485,Equity
2024-04-23,TCS.NS,0.0026134764111187536,Equity
2024-04-24,TCS.NS,-0.011265557891324773,Equity
2024-04-25,TCS.NS,0.005520743890227386,Equity
2024-04-26,TCS.NS,-0.008008345002765815,Equity
2024-04-27,TCS.NS,0.0,Equity
2024-04-28,TCS.NS,0.0,Equity
2024-04-29,TCS.NS,0.012783446811833743,Equity
2024-04-30,TCS.NS,-0.012802967626297845,Equity
2024-05-01,TCS.NS,0.0,Equity
2024-05-02,TCS.NS,0.011163048506245943,Equity
2024-05-03,TCS.NS,-0.005151192179197905,Equity
2024-05-04,TCS.NS,0.0,Equity
2024-05-05,TCS.NS,0.0,Equity
2024-05-06,TCS.NS,0.020203632503100977,Equity
2024-05-07,TCS.NS,0.014766360184036209,Equity
2024-05-08,TCS.NS,-0.0005025940724271427,Equity
2024-05-09,TCS.NS,-0.004211798090323349,Equity
2024-05-10,TCS.NS,-0.01674161873003821,Equity
2024-05-11,TCS.NS,0.0,Equity
2024-05-12,TCS.NS,0.0,Equity
2024-05-13,TCS.NS,0.013842243848083635,Equity
2024-05-14,TCS.NS,-0.011804065177041911,Equity
2024-05-15,TCS.NS,-0.005331718734961632,Equity
2024-05-16,TCS.NS,0.012602446942532097,Equity
2024-05-17,TCS.NS,-0.017136701038155344,Equity
2024-05-18,TCS.NS,0.0,Equity
2024-05-19,TCS.NS,0.0,Equity
2024-05-20,TCS.NS,0.0,Equity
2024-05-21,TCS.NS,-0.0036255467784354067,Equity
2024-05-22,TCS.NS,0.003088934036272084,Equity
2024-05-23,TCS.NS,0.016036072310051885,Equity
2024-05-24,TCS.NS,-0.011288249991909471,Equity
2024-05-25,TCS.NS,0.0,Equity
2024-05-26,TCS.NS,0.0,Equity
2024-05-27,TCS.NS,-0.000636398279710404,Equity
2024-05-28,TCS.NS,-0.001858592026827477,Equity
2024-05-29,TCS.NS,-0.009440358813042504,Equity
2024-05-30,TCS.NS,-0.017759157244084833,Equity
2024-05-31,TCS.NS,-0.017438134999917643,Equity
2024-06-01,TCS.NS,0.0,Equity
2024-06-02,TCS.NS,0.0,Equity
2024-06-03,TCS.NS,0.008690060089497464,Equity
2024-06-04,TCS.NS,0.003281129557501705,Equity
2024-06-05,TCS.NS,0.008465665323814653,Equity
2024-06-06,TCS.NS,0.02240785679355084,Equity
2024-06-07,TCS.NS,0.016590906743931377,Equity
2024-06-08,TCS.NS,0.0,Equity
2024-06-09,TCS.NS,0.0,Equity
2024-06-10,TCS.NS,-0.009052408347081653,Equity
2024-06-11,TCS.NS,-0.00171041758017354,Equity
2024-06-12,TCS.NS,-0.00530882904369534,Equity
2024-06-13,TCS.NS,0.012135795719426579,Equity
2024-06-14,TCS.NS,-0.011887207801374866,Equity
2024-06-15,TCS.NS,0.0,Equity
2024-06-16,TCS.NS,0.0,Equity
2024-06-17,TCS.NS,0.0,Equity
2024-06-18,TCS.NS,-0.004423120896518751,Equity
2024-06-19,TCS.NS,-0.0035123192780824875,Equity
2024-06-20,TCS.NS,-0.0038009394236562244,Equity
2024-06-21,TCS.NS,0.006204917203905591,Equity
2024-06-22,TCS.NS,0.0,Equity
2024-06-23,TCS.NS,0.0,Equity
2024-06-24,TCS.NS,0.0015876514046548884,Equity
2024-06-25,TCS.NS,0.005672333646983496,Equity
2024-06-26,TCS.NS,0.004533127578223217,Equity
2024-06-27,TCS.NS,0.020306748041128087,Equity
2024-06-28,TCS.NS,-0.0076255401227272035,Equity
2024-06-29,TCS.NS,0.0,Equity
2024-06-30,TCS.NS,0.0,Equity
2024-07-01,TCS.NS,0.018967012691978535,Equity
2024-07-02,TCS.NS,0.00985374909195702,Equity
2024-07-03,TCS.NS,-0.012981095383273522,Equity
2024-07-04,TCS.NS,0.014046973958232956,Equity
2024-07-05,TCS.NS,-0.0022754845079037134,Equity
2024-07-06,TCS.NS,0.0,Equity
2024-07-07,TCS.NS,0.0,Equity
2024-07-08,TCS.NS,-0.004636373905713254,Equity
2024-07-09,TCS.NS,-0.001928198184634855,Equity
2024-07-10,TCS.NS,-0.01915701811418835,Equity
2024-07-11,TCS.NS,0.003722129262992313,Equity
2024-07-12,TCS.NS,0.06632773540395198,Equity
2024-07-13,TCS.NS,0.0,Equity
2024-07-14,TCS.NS,0.0,Equity
2024-07-15,TCS.NS,-0.003525432286192842,Equity
2024-07-16,TCS.NS,0.002218636090777215,Equity
2024-07-17,TCS.NS,0.0,Equity
2024-07-18,TCS.NS,0.03281115946421975,Equity
2024-07-19,TCS.NS,-0.0007316237871877185,Equity
2024-07-20,TCS.NS,0.0,Equity
2024-07-21,TCS.NS,0.0,Equity
2024-07-22,TCS.NS,-0.003497939924534066,Equity
2024-07-23,TCS.NS,0.00349851447852334,Equity
2024-07-24,TCS.NS,0.000906508167351161,Equity
2024-07-25,TCS.NS,0.00377350429010348,Equity
2024-07-26,TCS.NS,0.01511865651283073,Equity
2024-07-27,TCS.NS,0.0,Equity
2024-07-28,TCS.NS,0.0,Equity
2024-07-29,TCS.NS,-0.001538368255150413,Equity
2024-07-30,TCS.NS,-0.0035949172571896337,Equity
2024-07-31,TCS.NS,0.004581477468260875,Equity
2024-08-01,TCS.NS,0.0026793165913094885,Equity
2024-08-02,TCS.NS,-0.025937421432057017,Equity
2024-08-03,TCS.NS,0.0,Equity
2024-08-04,TCS.NS,0.0,Equity
2024-08-05,TCS.NS,-0.029885363410053656,Equity
2024-08-06,TCS.NS,0.0038869185716474686,Equity
2024-08-07,TCS.NS,0.007012483700914229,Equity
2024-08-08,TCS.NS,-0.006642412736747705,Equity
2024-08-09,TCS.NS,0.013469115176092616,Equity
2024-08-10,TCS.NS,0.0,Equity
2024-08-11,TCS.NS,0.0,Equity
2024-08-12,TCS.NS,-0.007827407067811598,Equity
2024-08-13,TCS.NS,0.0003099577090861505,Equity
2024-08-14,TCS.NS,0.023421643700308747,Equity
2024-08-15,TCS.NS,0.0,Equity
2024-08-16,TCS.NS,0.028123927967443896,Equity
2024-08-17,TCS.NS,0.0,Equity
2024-08-18,TCS.NS,0.0,Equity
2024-08-19,TCS.NS,0.01674581626829097,Equity
2024-08-20,TCS.NS,0.00741649976787051,Equity
2024-08-21,TCS.NS,0.006234642485379638,Equity
2024-08-22,TCS.NS,-0.010875780358457598,Equity
2024-08-23,TCS.NS,-0.00846279470298017,Equity
2024-08-24,TCS.NS,0.0,Equity
2024-08-25,TCS.NS,0.0,Equity
2024-08-26,TCS.NS,0.00863596040516601,Equity
2024-08-27,TCS.NS,-0.0011770570578379935,Equity
2024-08-28,TCS.NS,0.001978912137626132,Equity
2024-08-29,TCS.NS,0.001276108103443141,Equity
2024-08-30,TCS.NS,0.009297889279385574,Equity
2024-08-31,TCS.NS,0.0,Equity
2024-09-01,TCS.NS,0.0,Equity
2024-09-02,TCS.NS,-0.007180899083918835,Equity
2024-09-03,TCS.NS,-0.0019244018197245305,Equity
2024-09-04,TCS.NS,-0.007335514472947113,Equity
2024-09-05,TCS.NS,-0.0007365683058578876,Equity
2024-09-06,TCS.NS,-0.004289538976158136,Equity
2024-09-07,TCS.NS,0.0,Equity
2024-09-08,TCS.NS,0.0,Equity
2024-09-09,TCS.NS,-0.0016155655370726496,Equity
2024-09-10,TCS.NS,0.01310238138507036,Equity
2024-09-11,TCS.NS,-0.006322103173319382,Equity
2024-09-12,TCS.NS,0.008561362499159841,Equity
2024-09-13,TCS.NS,0.0010845730988846558,Equity
2024-09-14,TCS.NS,0.0,Equity
2024-09-15,TCS.NS,0.0,Equity
2024-09-16,TCS.NS,-0.0020675174049853418,Equity
2024-09-17,TCS.NS,-0.0016837073805054947,Equity
2024-09-18,TCS.NS,-0.03540026025585441,Equity
2024-09-19,TCS.NS,-0.011504324893252482,Equity
2024-09-20,TCS.NS,-0.002618694119225884,Equity
2024-09-21,TCS.NS,0.0,Equity
2024-09-22,TCS.NS,0.0,Equity
2024-09-23,TCS.NS,-0.0038272556054025353,Equity
2024-09-24,TCS.NS,0.0006557457347444728,Equity
2024-09-25,TCS.NS,0.0008078559601940594,Equity
2024-09-26,TCS.NS,0.004152364725796831,Equity
2024-09-27,TCS.NS,0.0037742061633860846,Equity
2024-09-28,TCS.NS,0.0,Equity
2024-09-29,TCS.NS,0.0,Equity
2024-09-30,TCS.NS,-0.009330131496502858,Equity
2024-10-01,TCS.NS,0.004545034302665618,Equity
2024-10-02,TCS.NS,0.0,Equity
2024-10-03,TCS.NS,-0.012861937215963515,Equity
2024-10-04,TCS.NS,0.004606946793910716,Equity
2024-10-05,TCS.NS,0.0,Equity
2024-10-06,TCS.NS,0.0,Equity
2024-10-07,TCS.NS,0.004844572699382654,Equity
2024-10-08,TCS.NS,-0.004587137164857369,Equity
2024-10-09,TCS.NS,-7.054110620130505e-05,Equity
2024-10-10,TCS.NS,-0.0060076011560462605,Equity
2024-10-11,TCS.NS,-0.01849840209964715,Equity
2024-10-12,TCS.NS,0.0,Equity
2024-10-13,TCS.NS,0.0,Equity
2024-10-14,TCS.NS,-0.0030247406285383027,Equity
2024-10-15,TCS.NS,-0.004798569324801938,Equity
2024-10-16,TCS.NS,-0.005307483148753733,Equity
2024-10-17,TCS.NS,0.0034311527686610166,Equity
2024-10-18,TCS.NS,0.005867160539810623,Equity
2024-10-19,TCS.NS,0.0,Equity
2024-10-20,TCS.NS,0.0,Equity
2024-10-21,TCS.NS,-0.010477599008656635,Equity
2024-10-22,TCS.NS,-0.015772644080189413,Equity
2024-10-23,TCS.NS,0.012638504919497473,Equity
2024-10-24,TCS.NS,-0.0045127674310322385,Equity
2024-10-25,TCS.NS,0.002383962029733677,Equity
2024-10-26,TCS.NS,0.0,Equity
2024-10-27,TCS.NS,0.0,Equity
2024-10-28,TCS.NS,0.008206952421560887,Equity
2024-10-29,TCS.NS,-0.0038134611603661828,Equity
2024-10-30,TCS.NS,0.0023066749117370833,Equity
2024-10-31,TCS.NS,-0.028447878480500788,Equity
2024-11-01,TCS.NS,0.003968658835864947,Equity
2024-11-02,TCS.NS,0.0,Equity
2024-11-03,TCS.NS,0.0,Equity
2024-11-04,TCS.NS,-0.005032350638571437,Equity
2024-11-05,TCS.NS,0.0018161764996034169,Equity
2024-11-06,TCS.NS,0.04237861670026222,Equity
2024-11-07,TCS.NS,0.0027176930242540642,Equity
2024-11-08,TCS.NS,-0.0009395574802976148,Equity
2024-11-09,TCS.NS,0.0,Equity
2024-11-10,TCS.NS,0.0,Equity
2024-11-11,TCS.NS,0.012466769594010385,Equity
2024-11-12,TCS.NS,-0.0003096617893434406,Equity
2024-11-13,TCS.NS,-0.01120922900330934,Equity
2024-11-14,TCS.NS,-0.001072289054454001,Equity
2024-11-15,TCS.NS,0.0,Equity
2024-11-16,TCS.NS,0.0,Equity
2024-11-17,TCS.NS,0.0,Equity
2024-11-18,TCS.NS,-0.030487836703790627,Equity
2024-11-19,TCS.NS,0.0049882200690742895,Equity
2024-11-20,TCS.NS,0.0,Equity
2024-11-21,TCS.NS,0.008243392313576292,Equity
2024-11-22,TCS.NS,0.04216950339051717,Equity
2024-11-23,TCS.NS,0.0,Equity
2024-11-24,TCS.NS,0.0,Equity
2024-11-25,TCS.NS,0.01660939750648671,Equity
2024-11-26,TCS.NS,0.008713782546406534,Equity
2024-11-27,TCS.NS,-0.004629609941301682,Equity
2024-11-28,TCS.NS,-0.020230512985085047,Equity
2024-11-29,TCS.NS,0.006113178372465056,Equity
2024-11-30,TCS.NS,0.0,Equity
2024-12-01,TCS.NS,0.0,Equity
2024-12-02,TCS.NS,0.0013580639710579767,Equity
2024-12-03,TCS.NS,0.00610309104891571,Equity
2024-12-04,TCS.NS,0.012003804222163073,Equity
2024-12-05,TCS.NS,0.025181243113049145,Equity
2024-12-06,TCS.NS,-0.004155246474657592,Equity
2024-12-07,TCS.NS,0.0,Equity
2024-12-08,TCS.NS,0.0,Equity
2024-12-09,TCS.NS,0.0014959561445806457,Equity
2024-12-10,TCS.NS,-0.004402578701759863,Equity
2024-12-11,TCS.NS,-0.0011504780601010456,Equity
2024-12-12,TCS.NS,0.0062112576630832805,Equity
2024-12-13,TCS.NS,0.004253740794173622,Equity
2024-12-14,TCS.NS,0.0,Equity
2024-12-15,TCS.NS,0.0,Equity
2024-12-16,TCS.NS,-0.01312068355245044,Equity
2024-12-17,TCS.NS,-0.01963663590606013,Equity
2024-12-18,TCS.NS,0.004470583161652719,Equity
2024-12-19,TCS.NS,-0.017468626240536578,Equity
2024-12-20,TCS.NS,-0.0237833173180938,Equity
2024-12-21,TCS.NS,0.0,Equity
2024-12-22,TCS.NS,0.0,Equity
2024-12-23,TCS.NS,-0.0028775170381354354,Equity
2024-12-24,TCS.NS,0.005098338170099304,Equity
2024-12-25,TCS.NS,0.0,Equity
2024-12-26,TCS.NS,-0.002488300185939485,Equity
2024-12-27,TCS.NS,-0.0010195024317850576,Equity
2024-12-28,TCS.NS,0.0,Equity
2024-12-29,TCS.NS,0.0,Equity
2024-12-30,TCS.NS,-0.0014526601251680926,Equity
2024-12-31,TCS.NS,-0.015389090453166943,Equity
2025-01-01,TCS.NS,0.004310478752773461,Equity
2025-01-02,TCS.NS,0.015392188778322602,Equity
2025-01-03,TCS.NS,-0.018164422635735256,Equity
2025-01-04,TCS.NS,0.0,Equity
2025-01-05,TCS.NS,0.0,Equity
2025-01-06,TCS.NS,-0.0011950496848917025,Equity
2025-01-07,TCS.NS,-0.01628817833268703,Equity
2025-01-08,TCS.NS,0.019884246249257886,Equity
2025-01-09,TCS.NS,-0.016928719953390958,Equity
2025-01-10,TCS.NS,0.056154645945164505,Equity
2025-01-11,TCS.NS,0.0,Equity
2025-01-12,TCS.NS,0.0,Equity
2025-01-13,TCS.NS,0.005966275754191397,Equity
2025-01-14,TCS.NS,-0.013527973616994426,Equity
2025-01-15,TCS.NS,0.003909789977126765,Equity
2025-01-16,TCS.NS,-0.010189385789596384,Equity
2025-01-17,TCS.NS,-0.0014526010800791633,Equity
2025-01-18,TCS.NS,0.0,Equity
2025-01-19,TCS.NS,0.0,Equity
2025-01-20,TCS.NS,-0.011274593692104484,Equity
2025-01-21,TCS.NS,-0.010287440760391453,Equity
2025-01-22,TCS.NS,0.029919294644671135,Equity
2025-01-23,TCS.NS,-0.002682466245448323,Equity
2025-01-24,TCS.NS,0.001664608472415674,Equity
2025-01-25,TCS.NS,0.0,Equity
2025-01-26,TCS.NS,0.0,Equity
2025-01-27,TCS.NS,-0.0210003087555376,Equity
2025-01-28,TCS.NS,-0.006112853138369623,Equity
2025-01-29,TCS.NS,0.01472653472950003,Equity
2025-01-30,TCS.NS,6.100653413065871e-05,Equity
2025-01-31,TCS.NS,0.0030122402112182645,Equity
2025-02-01,TCS.NS,-0.00954438331219487,Equity
2025-02-02,TCS.NS,0.0,Equity
2025-02-03,TCS.NS,-0.0011047367355226934,Equity
2025-02-04,TCS.NS,0.009437928053990463,Equity
2025-02-05,TCS.NS,-0.0038835010762950928,Equity
2025-02-06,TCS.NS,-0.0020410251243766497,Equity
2025-02-07,TCS.NS,-0.01306715454990881,Equity
2025-02-08,TCS.NS,0.0,Equity
2025-02-09,TCS.NS,0.0,Equity
2025-02-10,TCS.NS,0.0018737354414148921,Equity
2025-02-11,TCS.NS,-0.01818205569930298,Equity
2025-02-12,TCS.NS,-0.0033808585174266437,Equity
2025-02-13,TCS.NS,-0.010126172755431373,Equity
2025-02-14,TCS.NS,0.006316999245639554,Equity
2025-02-15,TCS.NS,0.0,Equity
2025-02-16,TCS.NS,0.0,Equity
2025-02-17,TCS.NS,-0.007713226587994004,Equity
2025-02-18,TCS.NS,-0.008016367383880563,Equity
2025-02-19,TCS.NS,-0.02300421453882384,Equity
2025-02-20,TCS.NS,-0.0012420940813202552,Equity
2025-02-21,TCS.NS,0.0017463100132770748,Equity
2025-02-22,TCS.NS,0.0,Equity
2025-02-23,TCS.NS,0.0,Equity
2025-02-24,TCS.NS,-0.029160093610685278,Equity
2025-02-25,TCS.NS,-0.012528570107226411,Equity
2025-02-26,TCS.NS,0.0,Equity
2025-02-27,TCS.NS,-0.0046836659864240016,Equity
2025-02-28,TCS.NS,-0.03579196618558678,Equity
2025-03-01,TCS.NS,0.0,Equity
2025-03-02,TCS.NS,0.0,Equity
2025-03-03,TCS.NS,0.0028134750764443606,Equity
2025-03-04,TCS.NS,0.011164941171538656,Equity
2025-03-05,TCS.NS,0.004246960210777306,Equity
2025-03-06,TCS.NS,0.015378994743034502,Equity
2025-03-07,TCS.NS,0.002665438210438298,Equity
2025-03-08,TCS.NS,0.0,Equity
2025-03-09,TCS.NS,0.0,Equity
2025-03-10,TCS.NS,-0.005967558018319052,Equity
2025-03-11,TCS.NS,-0.003997596335909903,Equity
2025-03-12,TCS.NS,-0.019327042378735837,Equity
2025-03-13,TCS.NS,0.0013832553309724993,Equity
2025-03-14,TCS.NS,0.0,Equity
2025-03-15,TCS.NS,0.0,Equity
2025-03-16,TCS.NS,0.0,Equity
2025-03-17,TCS.NS,-0.0038023614904025838,Equity
2025-03-18,TCS.NS,0.0,Equity
2025-03-19,TCS.NS,-0.00017141499122907966,Equity
2025-03-20,TCS.NS,0.018887065370746248,Equity
2025-03-21,TCS.NS,0.004195737272326694,Equity
2025-03-22,TCS.NS,0.0,Equity
2025-03-23,TCS.NS,0.0,Equity
2025-03-24,TCS.NS,0.014211397307396956,Equity
2025-03-25,TCS.NS,0.007936191045921692,Equity
2025-03-26,TCS.NS,-0.0060009354743185694,Equity
2025-03-27,TCS.NS,0.0042356119806243875,Equity
2025-03-28,TCS.NS,-0.012338426906135291,Equity
2025-03-29,TCS.NS,0.0,Equity
2025-03-30,TCS.NS,0.0,Equity
2025-03-31,TCS.NS,0.0,Equity
2025-04-01,TCS.NS,-0.015348729105523096,Equity
2025-04-02,TCS.NS,-0.0019291760663351365,Equity
2025-04-03,TCS.NS,-0.03972980071675969,Equity
2025-04-04,TCS.NS,-0.030486370094789828,Equity
2025-04-05,TCS.NS,0.0,Equity
2025-04-06,TCS.NS,0.0,Equity
2025-04-07,TCS.NS,-0.007683105439198812,Equity
2025-04-08,TCS.NS,0.005772559768934871,Equity
2025-04-09,TCS.NS,-0.014075461521160793,Equity
2025-04-10,TCS.NS,0.0,Equity
2025-04-11,TCS.NS,-0.004651037726914886,Equity
2025-04-12,TCS.NS,0.0,Equity
2025-04-13,TCS.NS,0.0,Equity
2025-04-14,TCS.NS,0.0,Equity
2025-04-15,TCS.NS,0.005167822936647637,Equity
2025-04-16,TCS.NS,0.00788129081071709,Equity
2025-04-17,TCS.NS,0.0076668640629695695,Equity
2025-04-18,TCS.NS,0.0,Equity
2025-04-19,TCS.NS,0.0,Equity
2025-04-20,TCS.NS,0.0,Equity
2025-04-21,TCS.NS,0.0068811628941796155,Equity
2025-04-22,TCS.NS,-0.002167652444348911,Equity
2025-04-23,TCS.NS,0.029748953810074585,Equity
2025-04-24,TCS.NS,-0.0033401108154708092,Equity
2025-04-25,TCS.NS,0.013640629822486261,Equity
2025-04-26,TCS.NS,0.0,Equity
2025-04-27,TCS.NS,0.0,Equity
2025-04-28,TCS.NS,-0.0013050343498672845,Equity
2025-04-29,TCS.NS,0.008421657398234306,Equity
2025-04-30,TCS.NS,-0.005413985550614675,Equity
2025-05-01,TCS.NS,0.0,Equity
2025-05-02,TCS.NS,-0.006572738006580314,Equity
2025-05-03,TCS.NS,0.0,Equity
2025-05-04,TCS.NS,0.0,Equity
2025-05-05,TCS.NS,0.006791195926342031,Equity
2025-05-06,TCS.NS,0.0016500136142427735,Equity
2025-05-07,TCS.NS,-0.00430639342159056,Equity
2025-05-08,TCS.NS,0.0011030458377072616,Equity
2025-05-09,TCS.NS,-0.002493518655220517,Equity
2025-05-10,TCS.NS,0.0,Equity
2025-05-11,TCS.NS,0.0,Equity
2025-05-12,TCS.NS,0.05235005544503579,Equity
2025-05-13,TCS.NS,-0.02911276886322356,Equity
2025-05-14,TCS.NS,0.009587534980955992,Equity
2025-05-15,TCS.NS,0.008791825230010542,Equity
2025-05-16,TCS.NS,-0.00519556859918302,Equity
2025-05-17,TCS.NS,0.0,Equity
2025-05-18,TCS.NS,0.0,Equity
2025-05-19,TCS.NS,-0.011933921378091017,Equity
2025-05-20,TCS.NS,-0.005825755096098839,Equity
2025-05-21,TCS.NS,0.007860904003960556,Equity
2025-05-22,TCS.NS,-0.013840972400465668,Equity
2025-05-23,TCS.NS,0.01081410613692202,Equity
2025-05-24,TCS.NS,0.0,Equity
2025-05-25,TCS.NS,0.0,Equity
2025-05-26,TCS.NS,0.006458701386563126,Equity
2025-05-27,TCS.NS,-0.010912299503323175,Equity
2025-05-28,TCS.NS,-0.0002858782719049602,Equity
2025-05-29,TCS.NS,0.00011454503043273334,Equity
2025-05-30,TCS.NS,-0.009919854008038742,Equity
2025-05-31,TCS.NS,0.0,Equity
2025-06-01,TCS.NS,0.0,Equity
2025-06-02,TCS.NS,-0.0039266700303633995,Equity
2025-06-03,TCS.NS,-0.012928288468312843,Equity
2025-06-04,TCS.NS,0.001688691122290198,Equity
2025-06-05,TCS.NS,-0.0028986283883503106,Equity
2025-06-06,TCS.NS,0.0038860340556197137,Equity
2025-06-07,TCS.NS,0.0,Equity
2025-06-08,TCS.NS,0.0,Equity
2025-06-09,TCS.NS,0.011140000062983102,Equity
2025-06-10,TCS.NS,0.01198163919721873,Equity
2025-06-11,TCS.NS,0.0025989509084201057,Equity
2025-06-12,TCS.NS,-0.010858531616231626,Equity
2025-06-13,TCS.NS,0.003348692003312337,Equity
2025-06-14,TCS.NS,0.0,Equity
2025-06-15,TCS.NS,0.0,Equity
2025-06-16,TCS.NS,0.014684818659511878,Equity
2025-06-17,TCS.NS,0.005434413812478667,Equity
2025-06-18,TCS.NS,-0.01817765121575332,Equity
2025-06-19,TCS.NS,-0.007938845991960597,Equity
2025-06-20,TCS.NS,0.0034170652279357228,Equity
2025-06-21,TCS.NS,0.0,Equity
2025-06-22,TCS.NS,0.0,Equity
2025-06-23,TCS.NS,-0.012253678991469008,Equity
2025-06-24,TCS.NS,-0.000942953306426797,Equity
2025-06-25,TCS.NS,0.016045261369229236,Equity
2025-06-26,TCS.NS,-0.0008708197594616829,Equity
2025-06-27,TCS.NS,-0.00020340769448767837,Equity
2025-06-28,TCS.NS,0.0,Equity
2025-06-29,TCS.NS,0.0,Equity
2025-06-30,TCS.NS,0.006073607566565498,Equity
2025-07-01,TCS.NS,-0.009329938700471052,Equity
2025-07-02,TCS.NS,-0.0018659083670304888,Equity
2025-07-03,TCS.NS,-0.006572611265967643,Equity
2025-07-04,TCS.NS,0.00558687104331379,Equity
2025-07-05,TCS.NS,0.0,Equity
2025-07-06,TCS.NS,0.0,Equity
2025-07-07,TCS.NS,-0.0023685202650908233,Equity
2025-07-08,TCS.NS,-0.0016121654678560304,Equity
2025-07-09,TCS.NS,-0.00657618220574907,Equity
2025-07-10,TCS.NS,-0.0005320458049818955,Equity
2025-07-11,TCS.NS,-0.034299095986013994,Equity
2025-07-12,TCS.NS,0.0,Equity
2025-07-13,TCS.NS,0.0,Equity
2025-07-14,TCS.NS,-0.013257864901282113,Equity
2025-07-15,TCS.NS,0.009184804235823796,Equity
2025-07-16,TCS.NS,-0.002529826399684465,Equity
2025-07-17,TCS.NS,-0.007392296705583057,Equity
2025-07-18,TCS.NS,-0.006014033559251342,Equity
2025-07-19,TCS.NS,0.0,Equity
2025-07-20,TCS.NS,0.0,Equity
2025-07-21,TCS.NS,-0.009937582018090807,Equity
2025-07-22,TCS.NS,0.0004432884637219914,Equity
2025-07-23,TCS.NS,0.006171753554381043,Equity
2025-07-24,TCS.NS,-0.009782654348917563,Equity
2025-07-25,TCS.NS,-0.003875515950202746,Equity
2025-07-26,TCS.NS,0.0,Equity
2025-07-27,TCS.NS,0.0,Equity
2025-07-28,TCS.NS,-0.018017717231082253,Equity
2025-07-29,TCS.NS,-0.007566631692159542,Equity
2025-07-30,TCS.NS,-0.0007853957923936727,Equity
2025-07-31,TCS.NS,-0.005501677783149805,Equity
2025-08-01,TCS.NS,-0.011130181047813936,Equity
2025-08-02,TCS.NS,0.0,Equity
2025-08-03,TCS.NS,0.0,Equity
2025-08-04,TCS.NS,0.023776199867045822,Equity
2025-08-05,TCS.NS,-0.003415202838898179,Equity
2025-08-06,TCS.NS,-0.010313734566168908,Equity
2025-08-07,TCS.NS,0.004847866689295488,Equity
2025-08-08,TCS.NS,-0.0034788630601445547,Equity
2025-08-09,TCS.NS,0.0,Equity
2025-08-10,TCS.NS,0.0,Equity
2025-08-11,TCS.NS,0.0014490897194667784,Equity
2025-08-12,TCS.NS,-0.0017758284572829686,Equity
2025-08-13,TCS.NS,0.0002635197811460266,Equity
2025-08-14,TCS.NS,-0.004578022576437912,Equity
2025-08-15,TCS.NS,0.0,Equity
2025-08-16,TCS.NS,0.0,Equity
2025-08-17,TCS.NS,0.0,Equity
2025-08-18,TCS.NS,-0.0036727184701851323,Equity
2025-08-19,TCS.NS,0.0016605079279763402,Equity
2025-08-20,TCS.NS,0.027319004354164678,Equity
2025-08-21,TCS.NS,0.00129105131437246,Equity
2025-08-22,TCS.NS,-0.015664429849671868,Equity
2025-08-23,TCS.NS,0.0,Equity
2025-08-24,TCS.NS,0.0,Equity
2025-08-25,TCS.NS,0.028356362879367714,Equity
2025-08-26,TCS.NS,0.005285578329201401,Equity
2025-08-27,TCS.NS,0.0,Equity
2025-08-28,TCS.NS,-0.02011273473855002,Equity
2025-08-29,TCS.NS,-0.0029091595733984343,Equity
2025-08-30,TCS.NS,0.0,Equity
2025-08-31,TCS.NS,0.0,Equity
2025-09-01,TCS.NS,0.009044633390449919,Equity
2025-09-02,TCS.NS,-0.00035342389759773774,Equity
2025-09-03,TCS.NS,-0.00449949836701069,Equity
2025-09-04,TCS.NS,-0.0005809712326982908,Equity
2025-09-05,TCS.NS,-0.01531164196988577,Equity
2025-09-06,TCS.NS,0.0,Equity
2025-09-07,TCS.NS,0.0,Equity
2025-09-08,TCS.NS,-0.009611906648667512,Equity
2025-09-09,TCS.NS,0.010069489614001226,Equity
2025-09-10,TCS.NS,0.019872862179952655,Equity
2025-09-11,TCS.NS,0.004565907064507435,Equity
2025-09-12,TCS.NS,0.002944786626815743,Equity
2025-09-13,TCS.NS,0.0,Equity
2025-09-14,TCS.NS,0.0,Equity
2025-09-15,TCS.NS,-0.006861674378003113,Equity
2025-09-16,TCS.NS,0.01086165688112306,Equity
2025-09-17,TCS.NS,0.008614963806733211,Equity
2025-09-18,TCS.NS,0.0012291355417441974,Equity
2025-09-19,TCS.NS,-0.002360998013236637,Equity
2025-09-20,TCS.NS,0.0,Equity
2025-09-21,TCS.NS,0.0,Equity
2025-09-22,TCS.NS,-0.030102188967919608,Equity
2025-09-23,TCS.NS,-0.0037087591926079355,Equity
2025-09-24,TCS.NS,-0.008816597658398373,Equity
2025-09-25,TCS.NS,-0.02569680278772768,Equity
2025-09-26,TCS.NS,-0.019713269310984716,Equity
2025-09-27,TCS.NS,0.0,Equity
2025-09-28,TCS.NS,0.0,Equity
2025-09-29,TCS.NS,-0.001034811646485334,Equity
2025-09-30,TCS.NS,-0.0026587358657512716,Equity
2025-10-01,TCS.NS,0.008932277592013982,Equity
2025-10-02,TCS.NS,0.0,Equity
2025-10-03,TCS.NS,-0.004220804690743374,Equity
2025-10-04,TCS.NS,0.0,Equity
2025-10-05,TCS.NS,0.0,Equity
2025-10-06,TCS.NS,0.029808122758767652,Equity
2025-10-07,TCS.NS,-0.004918997911575351,Equity
2025-10-08,TCS.NS,0.017991033695036185,Equity
2025-10-09,TCS.NS,0.011396713979770823,Equity
2025-10-10,TCS.NS,-0.010908992993412303,Equity
2025-10-11,TCS.NS,0.0,Equity
2025-10-12,TCS.NS,0.0,Equity
2025-10-13,TCS.NS,-0.006967538045254629,Equity
2025-10-14,TCS.NS,-0.015595999220612056,Equity
2025-10-15,TCS.NS,0.006950838998199593,Equity
2025-10-16,TCS.NS,0.00030303824687116787,Equity
2025-10-17,TCS.NS,-0.002861368162788369,Equity
2025-10-18,TCS.NS,0.0,Equity
2025-10-19,TCS.NS,0.0,Equity
2025-10-20,TCS.NS,0.01789212924077943,Equity
2025-10-21,TCS.NS,-0.002818971571721174,Equity
2025-10-22,TCS.NS,0.0,Equity
2025-10-23,TCS.NS,0.022117190498978978,Equity
2025-10-24,TCS.NS,-0.003253894794834067,Equity
2025-10-25,TCS.NS,0.0,Equity
2025-10-26,TCS.NS,0.0,Equity
2025-10-27,TCS.NS,0.007084059878269544,Equity
2025-10-28,TCS.NS,-0.008752277009845044,Equity
2025-10-29,TCS.NS,-9.804758422282678e-05,Equity
2025-10-30,TCS.NS,-0.007293313141790492,Equity
2025-10-31,TCS.NS,0.007478627512437663,Equity
2025-11-01,TCS.NS,0.0,Equity
2025-11-02,TCS.NS,0.0,Equity
2025-11-03,TCS.NS,-0.013472780450379584,Equity
2025-11-04,TCS.NS,-0.008817390782921097,Equity
2025-11-05,TCS.NS,0.0,Equity
2025-11-06,TCS.NS,0.006922582326523319,Equity
2025-11-07,TCS.NS,-0.006343460119972333,Equity
2025-11-08,TCS.NS,0.0,Equity
2025-11-09,TCS.NS,0.0,Equity
2025-11-10,TCS.NS,0.011163734121479862,Equity
2025-11-11,TCS.NS,0.007206190697962578,Equity
2025-11-12,TCS.NS,0.027830601415513634,Equity
2025-11-13,TCS.NS,-0.00833392530190602,Equity
2025-11-14,TCS.NS,9.670078343848587e-05,Equity
2025-11-15,TCS.NS,0.0,Equity
2025-11-16,TCS.NS,0.0,Equity
2025-11-17,TCS.NS,-0.0012234873225525078,Equity
2025-11-18,TCS.NS,-0.004867457773390704,Equity
2025-11-19,TCS.NS,0.019630027631913904,Equity
2025-11-20,TCS.NS,-0.0009212875453690206,Equity
2025-11-21,TCS.NS,0.001844354313754959,Equity
2025-11-22,TCS.NS,0.0,Equity
2025-11-23,TCS.NS,0.0,Equity
2025-11-24,TCS.NS,-0.00298363137126445,Equity
2025-11-25,TCS.NS,-0.007003681386276384,Equity
2025-11-26,TCS.NS,0.01400995632808244,Equity
2025-11-27,TCS.NS,-0.008315069150053866,Equity
2025-11-28,TCS.NS,0.0002869230944093637,Equity
2025-11-29,TCS.NS,0.0,Equity
2025-11-30,TCS.NS,0.0,Equity
2025-12-01,TCS.NS,-0.0013067637813871658,Equity
2025-12-02,TCS.NS,0.000734041413797959,Equity
2025-12-03,TCS.NS,0.014127545636637429,Equity
2025-12-04,TCS.NS,0.015471670158700324,Equity
2025-12-05,TCS.NS,0.0027871096684977115,Equity
2025-12-06,TCS.NS,0.0,Equity
2025-12-07,TCS.NS,0.0,Equity
2025-12-08,TCS.NS,-0.000524952803265033,Equity
2025-12-09,TCS.NS,-0.00871317299137453,Equity
2025-12-10,TCS.NS,-0.005953238710909581,Equity
2025-12-11,TCS.NS,0.0008465724835029498,Equity
2025-12-12,TCS.NS,0.008960189416265196,Equity
2025-12-13,TCS.NS,0.0,Equity
2025-12-14,TCS.NS,0.0,Equity
2025-12-15,TCS.NS,0.003011891726799165,Equity
2025-12-16,TCS.NS,-0.007770323156119918,Equity
2025-12-17,TCS.NS,0.003962437846905864,Equity
2025-12-18,TCS.NS,0.01957857173281763,Equity
2025-12-19,TCS.NS,0.0003657750091270451,Equity
2025-12-20,TCS.NS,0.0,Equity
2025-12-21,TCS.NS,0.0,Equity
2025-12-22,TCS.NS,0.013071195490337306,Equity
2025-12-23,TCS.NS,-0.004481271833109757,Equity
2025-12-24,TCS.NS,0.0027190737520401687,Equity
2025-12-25,TCS.NS,0.0,Equity
2025-12-26,TCS.NS,-0.01175052477423244,Equity
2025-12-27,TCS.NS,0.0,Equity
2025-12-28,TCS.NS,0.0,Equity
2025-12-29,TCS.NS,-0.008689102293038431,Equity
2025-12-30,TCS.NS,-0.0014453670920915318,Equity
2025-12-31,TCS.NS,-0.012504656926251023,Equity
2026-01-01,TCS.NS,0.006612117723560518,Equity
2026-01-02,TCS.NS,0.007219440740225513,Equity
2026-01-03,TCS.NS,0.0,Equity
2026-01-04,TCS.NS,0.0,Equity
2026-01-05,TCS.NS,-0.01064376865428418,Equity
2026-01-06,TCS.NS,0.012344114146412233,Equity
2026-01-07,TCS.NS,0.01222431676989788,Equity
2026-01-08,TCS.NS,-0.027824973043654277,Equity
2026-01-09,TCS.NS,0.001217321254696424,Equity
2026-01-10,TCS.NS,0.0,Equity
2026-01-11,TCS.NS,0.0,Equity
2026-01-12,TCS.NS,0.009913268424588617,Equity
2026-01-13,TCS.NS,0.008766508315626753,Equity
2026-01-14,TCS.NS,-0.02310285931652034,Equity
2026-01-15,TCS.NS,0.0,Equity
2026-01-16,TCS.NS,0.022707718717677627,Equity
2026-01-17,TCS.NS,0.0,Equity
2026-01-18,TCS.NS,0.0,Equity
2026-01-19,TCS.NS,-0.013440536612122078,Equity
2026-01-20,TCS.NS,-0.019376668637503203,Equity
2026-01-21,TCS.NS,0.006543495026852808,Equity
2026-01-22,TCS.NS,0.008902797647401428,Equity
2026-01-23,TCS.NS,0.00384081514289214,Equity
2026-01-24,TCS.NS,0.0,Equity
2026-01-25,TCS.NS,0.0,Equity
2026-01-26,TCS.NS,0.0,Equity
2026-01-27,TCS.NS,-0.0014228918216465658,Equity
2026-01-28,TCS.NS,0.013331242772560037,Equity
2026-01-29,TCS.NS,-0.01740577305082225,Equity
2026-01-30,TCS.NS,-0.006519550190778212,Equity
2026-01-31,TCS.NS,0.0,Equity
2026-02-01,TCS.NS,0.0,Equity
2026-02-02,TCS.NS,0.014629223593825236,Equity
2026-02-03,TCS.NS,0.017573185237509392,Equity
2026-02-04,TCS.NS,-0.07013296431153393,Equity
2026-02-05,TCS.NS,-0.002534162806717699,Equity
2026-02-06,TCS.NS,-0.01668058397264016,Equity
2026-02-07,TCS.NS,0.0,Equity
2026-02-08,TCS.NS,0.0,Equity
2026-02-09,TCS.NS,0.00224368079401005,Equity
2026-02-10,TCS.NS,0.012346527667091323,Equity
2026-02-11,TCS.NS,-0.02506197258837939,Equity
2026-02-12,TCS.NS,-0.054883541672708036,Equity
2026-02-13,TCS.NS,-0.021053800357360153,Equity
2026-02-14,TCS.NS,0.0,Equity
2026-02-15,TCS.NS,0.0,Equity
2026-02-16,TCS.NS,0.005348844989931711,Equity
2026-02-17,TCS.NS,0.003990153160663201,Equity
2026-02-18,TCS.NS,-0.008279963611760421,Equity
2026-02-19,TCS.NS,-0.006308167479183724,Equity
2026-02-20,TCS.NS,0.003099443417877934,Equity
2026-02-21,TCS.NS,0.0,Equity
2026-02-22,TCS.NS,0.0,Equity
2026-02-23,TCS.NS,-0.0036855101361201736,Equity
2026-02-24,TCS.NS,-0.03833654308543211,Equity
2026-02-25,TCS.NS,0.021603236428103134,Equity
2026-02-26,TCS.NS,0.006997949563226857,Equity
2026-02-27,TCS.NS,-0.0038901305414312803,Equity
2026-02-28,TCS.NS,0.0,Equity
2026-03-01,TCS.NS,0.0,Equity
2026-03-02,TCS.NS,-0.009061973824279645,Equity
2026-03-03,TCS.NS,0.0,Equity
2026-03-04,TCS.NS,-0.00983346508309424,Equity
2026-03-05,TCS.NS,-0.0034778722279983354,Equity
2026-03-06,TCS.NS,-0.008220825105119678,Equity
2026-03-07,TCS.NS,0.0,Equity
2026-03-08,TCS.NS,0.0,Equity
2026-03-09,TCS.NS,-0.011808099373564862,Equity
2026-03-10,TCS.NS,-0.005657868160158008,Equity
2026-03-11,TCS.NS,-0.019179588562491356,Equity
2026-03-12,TCS.NS,-0.009128148250917567,Equity
2026-03-13,TCS.NS,-0.01306087927556765,Equity
2026-03-14,TCS.NS,0.0,Equity
2026-03-15,TCS.NS,0.0,Equity
2026-03-16,TCS.NS,-0.0005393516795713094,Equity
2026-03-17,TCS.NS,-0.007263813092570959,Equity
2026-03-18,TCS.NS,0.020529416937824285,Equity
2026-03-19,TCS.NS,-0.03474278709143175,Equity
2026-03-20,TCS.NS,0.014685940532580322,Equity
2026-03-21,TCS.NS,0.0,Equity
2026-03-22,TCS.NS,0.0,Equity
2026-03-23,TCS.NS,-0.0028444540133661933,Equity
2026-03-24,TCS.NS,0.006292466075149772,Equity
2026-03-25,TCS.NS,-0.008921148792098377,Equity
2026-03-26,TCS.NS,0.0,Equity
2026-03-27,TCS.NS,0.005215787857084653,Equity
2026-03-28,TCS.NS,0.0,Equity
2026-03-29,TCS.NS,0.0,Equity
2026-03-30,TCS.NS,-0.012930031171073164,Equity
2026-03-31,TCS.NS,0.0,Equity
2026-04-01,TCS.NS,0.020899635133357464,Equity
2026-04-02,TCS.NS,0.017648013826508935,Equity
2026-04-03,TCS.NS,0.0,Equity
2026-04-04,TCS.NS,0.0,Equity
2026-04-05,TCS.NS,0.0,Equity
2026-04-06,TCS.NS,0.009466687520655048,Equity
2026-04-07,TCS.NS,0.02663816097904914,Equity
2026-04-08,TCS.NS,0.007638359590691701,Equity
2026-04-09,TCS.NS,0.011644272446658555,Equity
2026-04-10,TCS.NS,-0.024990346641587058,Equity
2026-04-11,TCS.NS,0.0,Equity
2026-04-12,TCS.NS,0.0,Equity
2026-04-13,TCS.NS,-0.02048089570515821,Equity
2026-04-14,TCS.NS,0.0,Equity
2026-04-15,TCS.NS,0.033284682460986925,Equity
2026-04-16,TCS.NS,0.008610952540437866,Equity
2026-04-17,TCS.NS,0.0017851345251067574,Equity
2026-04-18,TCS.NS,0.0,Equity
2026-04-19,TCS.NS,0.0,Equity
2026-04-20,TCS.NS,-0.0007359784271475656,Equity
2026-04-21,TCS.NS,0.011978578170119825,Equity
2026-04-22,TCS.NS,-0.02758094503603281,Equity
2026-04-23,TCS.NS,-0.006578676094074809,Equity
2026-04-24,TCS.NS,-0.049528162336765824,Equity
2026-04-25,TCS.NS,0.0,Equity
2026-04-26,TCS.NS,0.0,Equity
2026-04-27,TCS.NS,0.021152415911687816,Equity
2026-04-28,TCS.NS,-0.0011848851520747106,Equity
2026-04-29,TCS.NS,0.01227142899654976,Equity
2026-04-30,TCS.NS,-0.00032327510781671176,Equity
2026-05-01,TCS.NS,0.0,Equity
2026-05-02,TCS.NS,0.0,Equity
2026-05-03,TCS.NS,0.0,Equity
2026-05-04,TCS.NS,-0.017219741222262996,Equity
2026-05-05,TCS.NS,-0.0016452286537053107,Equity
2026-05-06,TCS.NS,0.003336963592506903,Equity
2026-05-07,TCS.NS,-0.013960749648189608,Equity
2026-05-08,TCS.NS,-0.0029149216516913823,Equity
2026-05-09,TCS.NS,0.0,Equity
2026-05-10,TCS.NS,0.0,Equity
2026-05-11,TCS.NS,-0.0006264816544324647,Equity
2026-05-12,TCS.NS,-0.03869775585797153,Equity
2026-05-13,TCS.NS,-0.011954947426759732,Equity
2026-05-14,TCS.NS,-0.011791590304513377,Equity
2026-05-15,TCS.NS,0.008014171027814765,Equity
2026-05-16,TCS.NS,0.0,Equity
2026-05-17,TCS.NS,0.0,Equity
2026-05-18,TCS.NS,0.008480550617709248,Equity
2026-05-19,TCS.NS,0.019227519944718052,Equity
2026-05-20,TCS.NS,0.00012877103202590945,Equity
2026-05-21,TCS.NS,-8.590718196799241e-05,Equity
2026-05-22,TCS.NS,-0.004253940479922114,Equity
2026-05-23,TCS.NS,0.0,Equity
2026-05-24,TCS.NS,0.0,Equity
2026-05-25,TCS.NS,0.009578752515434275,Equity
2026-05-26,TCS.NS,-0.01386361696427274,Equity
2026-05-27,TCS.NS,0.00351462972129557,Equity
2026-05-28,TCS.NS,0.0,Equity
2026-05-29,TCS.NS,-0.011076109521473865,Equity
2026-05-30,TCS.NS,0.0,Equity
2026-05-31,TCS.NS,0.0,Equity
2026-06-01,TCS.NS,0.0170436945701109,Equity
2026-06-02,TCS.NS,0.0650735641833553,Equity
