Date,Asset,Close Price,Normalized Price
2023-01-01,BTC-INR,1375710.75,100.0
2023-01-02,BTC-INR,1380239.125,100.32916621462759
2023-01-03,BTC-INR,1380747.875,100.36614709887235
2023-01-04,BTC-INR,1394025.75,101.33131183281078
2023-01-05,BTC-INR,1391479.625,101.14623477355251
2023-01-06,BTC-INR,1394699.5,101.38028651735111
2023-01-07,BTC-INR,1394956.125,101.3989405112957
2023-01-08,BTC-INR,1406154.0,102.2129106718109
2023-01-09,BTC-INR,1413218.75,102.72644522113387
2023-01-10,BTC-INR,1424274.375,103.53007527200032
2023-01-11,BTC-INR,1464062.375,106.42225300630966
2023-01-12,BTC-INR,1530618.75,111.26021585569497
2023-01-13,BTC-INR,1618351.75,117.63750119710848
2023-01-14,BTC-INR,1705051.125,123.93965264863998
2023-01-15,BTC-INR,1697291.125,123.37558058625334
2023-01-16,BTC-INR,1728560.875,125.64856929409034
2023-01-17,BTC-INR,1725208.625,125.40489525141822
2023-01-18,BTC-INR,1684816.625,122.46881293905713
2023-01-19,BTC-INR,1713092.125,124.52415051637853
2023-01-20,BTC-INR,1836262.125,133.47734071279154
2023-01-21,BTC-INR,1844446.75,134.07227863851466
2023-01-22,BTC-INR,1839764.125,133.73190003785317
2023-01-23,BTC-INR,1868886.5,135.84879670381292
2023-01-24,BTC-INR,1847184.625,134.2712939475104
2023-01-25,BTC-INR,1884173.75,136.9600223011996
2023-01-26,BTC-INR,1875915.125,136.35970533776813
2023-01-27,BTC-INR,1881252.0,136.74764117384416
2023-01-28,BTC-INR,1877392.0,136.46705893662602
2023-01-29,BTC-INR,1937945.5,140.8686746105604
2023-01-30,BTC-INR,1863300.875,135.4427793051701
2023-01-31,BTC-INR,1892068.125,137.53386204185728
2023-02-01,BTC-INR,1938482.375,140.9076998925828
2023-02-02,BTC-INR,1925776.375,139.98410458012341
2023-02-03,BTC-INR,1934372.0,140.60891797203737
2023-02-04,BTC-INR,1924659.25,139.9029011003948
2023-02-05,BTC-INR,1890522.125,137.4214837675725
2023-02-06,BTC-INR,1883523.125,136.9127285659431
2023-02-07,BTC-INR,1924942.125,139.9234631989319
2023-02-08,BTC-INR,1896165.125,137.83167173768177
2023-02-09,BTC-INR,1800763.5,130.89695635510589
2023-02-10,BTC-INR,1786113.25,129.8320340958301
2023-02-11,BTC-INR,1804108.75,131.1401215698867
2023-02-12,BTC-INR,1797794.75,130.68115881190866
2023-02-13,BTC-INR,1801311.0,130.93675396517764
2023-02-14,BTC-INR,1841390.375,133.8501116604635
2023-02-15,BTC-INR,2011257.25,146.19768363371443
2023-02-16,BTC-INR,1953367.25,141.98967697243043
2023-02-17,BTC-INR,2034404.0,147.8802139185145
2023-02-18,BTC-INR,2040646.375,148.33397027681875
2023-02-19,BTC-INR,2013489.75,146.35996338619876
2023-02-20,BTC-INR,2053314.875,149.25483972557458
2023-02-21,BTC-INR,2024841.5,147.1851186741108
2023-02-22,BTC-INR,2003695.875,145.6480495627442
2023-02-23,BTC-INR,1978490.125,143.8158511881949
2023-02-24,BTC-INR,1923901.875,139.84784773979558
2023-02-25,BTC-INR,1921993.0,139.70909219107287
2023-02-26,BTC-INR,1953991.5,142.03505351688207
2023-02-27,BTC-INR,1944215.875,141.32446628042996
2023-02-28,BTC-INR,1912796.625,139.04061046262814
2023-03-01,BTC-INR,1948952.25,141.66875195239987
2023-03-02,BTC-INR,1933323.375,140.53269373667393
2023-03-03,BTC-INR,1827316.125,132.82705866767415
2023-03-04,BTC-INR,1826553.75,132.7716418585811
2023-03-05,BTC-INR,1833267.625,133.25967140985125
2023-03-06,BTC-INR,1835980.125,133.4568422177409
2023-03-07,BTC-INR,1823684.25,132.56305876798592
2023-03-08,BTC-INR,1780117.125,129.3961775758458
2023-03-09,BTC-INR,1670145.375,121.40236419610734
2023-03-10,BTC-INR,1655728.375,120.35439680906761
2023-03-11,BTC-INR,1691145.75,122.92887512872892
2023-03-12,BTC-INR,1817116.75,132.08566917137196
2023-03-13,BTC-INR,1994330.5,144.9672832752088
2023-03-14,BTC-INR,2036726.75,148.04905391631198
2023-03-15,BTC-INR,2016281.0,146.56285850786583
2023-03-16,BTC-INR,2069935.375,150.46297886383456
2023-03-17,BTC-INR,2263369.75,164.5236653126393
2023-03-18,BTC-INR,2225565.5,161.77568576824743
2023-03-19,BTC-INR,2314190.0,168.21777397610654
2023-03-20,BTC-INR,2291612.0,166.57658595747688
2023-03-21,BTC-INR,2329504.75,169.33099854020912
2023-03-22,BTC-INR,2253569.5,163.81128809235517
2023-03-23,BTC-INR,2330910.0,169.43314573939324
2023-03-24,BTC-INR,2264002.0,164.56962337468107
2023-03-25,BTC-INR,2264119.0,164.5781280694361
2023-03-26,BTC-INR,2305026.5,167.5516819215086
2023-03-27,BTC-INR,2231312.5,162.19343346702786
2023-03-28,BTC-INR,2240473.75,162.85936196980362
2023-03-29,BTC-INR,2331816.75,169.49905712374493
2023-03-30,BTC-INR,2301574.0,167.30072073653562
2023-03-31,BTC-INR,2340380.5,170.12155353151087
2023-04-01,BTC-INR,2334837.25,169.71861635885307
2023-04-02,BTC-INR,2317561.5,168.4628472954798
2023-04-03,BTC-INR,2282692.75,165.92824836180137
2023-04-04,BTC-INR,2313024.25,168.13303595977573
2023-04-05,BTC-INR,2309198.5,167.85494334474015
2023-04-06,BTC-INR,2294895.5,166.81526258335919
2023-04-07,BTC-INR,2286436.5,166.20038042153845
2023-04-08,BTC-INR,2287261.5,166.26034942301644
2023-04-09,BTC-INR,2320053.25,168.64397185236794
2023-04-10,BTC-INR,2431074.25,176.71405489853154
2023-04-11,BTC-INR,2481401.75,180.37234571293422
2023-04-12,BTC-INR,2470228.75,179.56018370867568
2023-04-13,BTC-INR,2483024.75,180.49032109402359
2023-04-14,BTC-INR,2495138.75,181.37088410481635
2023-04-15,BTC-INR,2481332.5,180.367311951295
2023-04-16,BTC-INR,2481161.75,180.35490018523151
2023-04-17,BTC-INR,2414636.5,175.51919980272015
2023-04-18,BTC-INR,2495886.75,181.4252559994897
2023-04-19,BTC-INR,2373287.0,172.51351710379527
2023-04-20,BTC-INR,2320158.0,168.6515860983132
2023-04-21,BTC-INR,2237820.75,162.66651619899025
2023-04-22,BTC-INR,2282171.5,165.89035885632208
2023-04-23,BTC-INR,2264012.5,164.57038661651805
2023-04-24,BTC-INR,2253019.25,163.77129058561184
2023-04-25,BTC-INR,2320992.25,168.7122274795047
2023-04-26,BTC-INR,2324043.25,168.934003750425
2023-04-27,BTC-INR,2409902.0,175.17505042393543
2023-04-28,BTC-INR,2398439.0,174.34180840703615
2023-04-29,BTC-INR,2390914.75,173.79487294113244
2023-04-30,BTC-INR,2392580.25,173.91593763441915
2023-05-01,BTC-INR,2297186.5,166.981794683221
2023-05-02,BTC-INR,2345458.5,170.4906718218201
2023-05-03,BTC-INR,2372143.25,172.4303782608372
2023-05-04,BTC-INR,2357329.5,171.35357123581392
2023-05-05,BTC-INR,2413838.0,175.46115707825936
2023-05-06,BTC-INR,2362367.75,171.71980011059736
2023-05-07,BTC-INR,2325622.0,169.0487626123442
2023-05-08,BTC-INR,2265099.5,164.64940031907142
2023-05-09,BTC-INR,2270933.25,165.0734538492194
2023-05-10,BTC-INR,2262778.25,164.48066935582207
2023-05-11,BTC-INR,2216779.75,161.1370522473565
2023-05-12,BTC-INR,2204879.25,160.27200848724922
2023-05-13,BTC-INR,2201664.25,160.03831110573208
2023-05-14,BTC-INR,2213713.25,160.91414928610538
2023-05-15,BTC-INR,2237068.0,162.61179902824776
2023-05-16,BTC-INR,2225014.75,161.73565191665472
2023-05-17,BTC-INR,2259062.5,164.21057260765025
2023-05-18,BTC-INR,2219703.75,161.34959692653416
2023-05-19,BTC-INR,2227546.0,161.91964771664394
2023-05-20,BTC-INR,2247409.5,163.36351954798639
2023-05-21,BTC-INR,2218027.0,161.22771447413638
2023-05-22,BTC-INR,2223963.5,161.65923687083205
2023-05-23,BTC-INR,2256766.25,164.04365888686993
2023-05-24,BTC-INR,2178254.25,158.33664525773315
2023-05-25,BTC-INR,2190703.5,159.2415774900356
2023-05-26,BTC-INR,2206072.75,160.35876364272067
2023-05-27,BTC-INR,2218380.25,161.25339211022376
2023-05-28,BTC-INR,2319173.75,168.5800412623075
2023-05-29,BTC-INR,2291254.0,166.5505630453204
2023-05-30,BTC-INR,2290547.75,166.49922594557032
2023-05-31,BTC-INR,2250169.0,163.56410677171783
2023-06-01,BTC-INR,2206660.5,160.40148701316755
2023-06-02,BTC-INR,2245427.5,163.21944856504174
2023-06-03,BTC-INR,2230943.25,162.16659279576032
2023-06-04,BTC-INR,2234883.5,162.453008381304
2023-06-05,BTC-INR,2125513.5,154.50293602779507
2023-06-06,BTC-INR,2247699.75,163.38461773305178
2023-06-07,BTC-INR,2176662.75,158.22095960215475
2023-06-08,BTC-INR,2186624.25,158.94505803636412
2023-06-09,BTC-INR,2182638.25,158.6553168971021
2023-06-10,BTC-INR,2130775.5,154.88542922267635
2023-06-11,BTC-INR,2138638.5,155.4569883240354
2023-06-12,BTC-INR,2132746.0,155.02866427408523
2023-06-13,BTC-INR,2132866.25,155.03740521036127
2023-06-14,BTC-INR,2061355.375,149.83930124846376
2023-06-15,BTC-INR,2095035.5,152.28749938895223
2023-06-16,BTC-INR,2156397.0,156.7478483394856
2023-06-17,BTC-INR,2171403.25,157.8386481315204
2023-06-18,BTC-INR,2157332.25,156.81583138025198
2023-06-19,BTC-INR,2201356.0,160.01590450608893
2023-06-20,BTC-INR,2322626.0,168.83098427485575
2023-06-21,BTC-INR,2460489.25,178.8522223875913
2023-06-22,BTC-INR,2450400.5,178.11887418921455
2023-06-23,BTC-INR,2515733.25,182.86789210595322
2023-06-24,BTC-INR,2504550.5,182.0550213771318
2023-06-25,BTC-INR,2498925.75,181.6461599940249
2023-06-26,BTC-INR,2482433.75,180.44736148205573
2023-06-27,BTC-INR,2516385.25,182.91528578954552
2023-06-28,BTC-INR,2467877.0,179.3892357096141
2023-06-29,BTC-INR,2498822.25,181.63863661020312
2023-06-30,BTC-INR,2502068.0,181.8745691999572
2023-07-01,BTC-INR,2511330.75,182.54787570715717
2023-07-02,BTC-INR,2513859.5,182.73168978289948
2023-07-03,BTC-INR,2553281.25,185.59724491503755
2023-07-04,BTC-INR,2523987.75,183.46790922437728
2023-07-05,BTC-INR,2514194.75,182.75605900440917
2023-07-06,BTC-INR,2475555.5,179.94738356155173
2023-07-07,BTC-INR,2508088.5,182.3121975313488
2023-07-08,BTC-INR,2503675.5,181.99141789071575
2023-07-09,BTC-INR,2492613.0,181.18728809817034
2023-07-10,BTC-INR,2509971.0,182.4490358892667
2023-07-11,BTC-INR,2523171.0,183.4085399129141
2023-07-12,BTC-INR,2492177.5,181.15563173435987
2023-07-13,BTC-INR,2582013.5,187.68578351226813
2023-07-14,BTC-INR,2491450.75,181.10280449578516
2023-07-15,BTC-INR,2487778.0,180.8358334046601
2023-07-16,BTC-INR,2482759.5,180.4710401514272
2023-07-17,BTC-INR,2473619.5,179.8066563047501
2023-07-18,BTC-INR,2450495.25,178.12576153817216
2023-07-19,BTC-INR,2454795.0,178.4383090704205
2023-07-20,BTC-INR,2445413.5,177.7563706614926
2023-07-21,BTC-INR,2452608.25,178.2793548716545
2023-07-22,BTC-INR,2441408.5,177.46524841795414
2023-07-23,BTC-INR,2467054.0,179.32941208753365
2023-07-24,BTC-INR,2387096.25,173.51730732641292
2023-07-25,BTC-INR,2395233.0,174.10876523280785
2023-07-26,BTC-INR,2406395.75,174.92018216765405
2023-07-27,BTC-INR,2406234.75,174.90847912615354
2023-07-28,BTC-INR,2411990.25,175.32684468737344
2023-07-29,BTC-INR,2415089.5,175.55212823625897
2023-07-30,BTC-INR,2407983.25,175.03557706443743
2023-07-31,BTC-INR,2403953.0,174.74261940600522
2023-08-01,BTC-INR,2442367.75,177.53497601149078
2023-08-02,BTC-INR,2411845.0,175.31628650862837
2023-08-03,BTC-INR,2415543.75,175.58514753192122
2023-08-04,BTC-INR,2403748.5,174.72775436260858
2023-08-05,BTC-INR,2401105.75,174.5356536612075
2023-08-06,BTC-INR,2401632.25,174.57392478760525
2023-08-07,BTC-INR,2416109.75,175.62628990142005
2023-08-08,BTC-INR,2466145.5,179.26337349620914
2023-08-09,BTC-INR,2449659.0,178.06497477758313
2023-08-10,BTC-INR,2436774.5,177.1284043538949
2023-08-11,BTC-INR,2438759.5,177.2726934059358
2023-08-12,BTC-INR,2440273.5,177.3827456098602
2023-08-13,BTC-INR,2427481.5,176.45289898330736
2023-08-14,BTC-INR,2449196.75,178.03137396433078
2023-08-15,BTC-INR,2426988.5,176.4170629618181
2023-08-16,BTC-INR,2389057.0,173.6598336532589
2023-08-17,BTC-INR,2215785.5,161.0647805143632
2023-08-18,BTC-INR,2166203.0,157.46064352553762
2023-08-19,BTC-INR,2170082.0,157.74260686703218
2023-08-20,BTC-INR,2178123.5,158.3271410796201
2023-08-21,BTC-INR,2171275.25,157.82934385007894
2023-08-22,BTC-INR,2162450.75,157.18789360336103
2023-08-23,BTC-INR,2181798.5,158.5942757225674
2023-08-24,BTC-INR,2162101.75,157.1625248984934
2023-08-25,BTC-INR,2150189.75,156.29664520685037
2023-08-26,BTC-INR,2146953.25,156.06138499680984
2023-08-27,BTC-INR,2156692.75,156.76934631789422
2023-08-28,BTC-INR,2158768.5,156.9202319600977
2023-08-29,BTC-INR,2287528.0,166.27972122773627
2023-08-30,BTC-INR,2257501.5,164.09710398788408
2023-08-31,BTC-INR,2144083.0,155.8527473889406
2023-09-01,BTC-INR,2134335.25,155.1441863778414
2023-09-02,BTC-INR,2139966.5,155.55352024399025
2023-09-03,BTC-INR,2148306.5,156.15975233165838
2023-09-04,BTC-INR,2135602.0,155.23626605374713
2023-09-05,BTC-INR,2142003.25,155.70157098794206
2023-09-06,BTC-INR,2144154.25,155.8579265299773
2023-09-07,BTC-INR,2184279.5,158.77461886519387
2023-09-08,BTC-INR,2151335.0,156.37989308435658
2023-09-09,BTC-INR,2150506.5,156.31966966893296
2023-09-10,BTC-INR,2144889.75,155.91138980341617
2023-09-11,BTC-INR,2086981.75,151.70207472755445
2023-09-12,BTC-INR,2140331.0,155.58001563918867
2023-09-13,BTC-INR,2175439.0,158.13200558329578
2023-09-14,BTC-INR,2203550.75,160.17544022244502
2023-09-15,BTC-INR,2211290.25,160.73802214600707
2023-09-16,BTC-INR,2207931.75,160.4938937927177
2023-09-17,BTC-INR,2204620.75,160.25321820011948
2023-09-18,BTC-INR,2227070.75,161.88510193730767
2023-09-19,BTC-INR,2264033.0,164.57187675534263
2023-09-20,BTC-INR,2254324.0,163.86613247007048
2023-09-21,BTC-INR,2201966.25,160.06026339475795
2023-09-22,BTC-INR,2208745.0,160.5530086902352
2023-09-23,BTC-INR,2208730.0,160.5519183447538
2023-09-24,BTC-INR,2178661.5,158.3662481375536
2023-09-25,BTC-INR,2183551.0,158.72166441964634
2023-09-26,BTC-INR,2183893.0,158.74652429662268
2023-09-27,BTC-INR,2193498.75,159.44476337049775
2023-09-28,BTC-INR,2248206.0,163.42141689304967
2023-09-29,BTC-INR,2238451.0,162.71232888163445
2023-09-30,BTC-INR,2243125.25,163.05209870606885
2023-10-01,BTC-INR,2323632.25,168.9041282842342
2023-10-02,BTC-INR,2294995.25,166.8225133808106
2023-10-03,BTC-INR,2282929.75,165.94547582040775
2023-10-04,BTC-INR,2314439.75,168.23592822837213
2023-10-05,BTC-INR,2281726.25,165.85799376794867
2023-10-06,BTC-INR,2322496.25,168.8215527864415
2023-10-07,BTC-INR,2324769.75,168.986812816575
2023-10-08,BTC-INR,2322100.25,168.79276766573207
2023-10-09,BTC-INR,2296908.25,166.96156877454072
2023-10-10,BTC-INR,2280317.25,165.7555739823942
2023-10-11,BTC-INR,2234504.5,162.4254589854735
2023-10-12,BTC-INR,2227842.25,161.94118203990192
2023-10-13,BTC-INR,2237086.5,162.61314378767483
2023-10-14,BTC-INR,2237030.75,162.6090913369689
2023-10-15,BTC-INR,2261925.25,164.4186650427788
2023-10-16,BTC-INR,2372727.0,172.472810872489
2023-10-17,BTC-INR,2365723.0,171.96369222236578
2023-10-18,BTC-INR,2358854.25,171.464404854
2023-10-19,BTC-INR,2387263.5,173.52946467853073
2023-10-20,BTC-INR,2471178.25,179.6292025776494
2023-10-21,BTC-INR,2490781.0,181.05412057003988
2023-10-22,BTC-INR,2494294.0,181.30947948178786
2023-10-23,BTC-INR,2747135.0,199.68841560626026
2023-10-24,BTC-INR,2814389.5,204.57712495159322
2023-10-25,BTC-INR,2868973.5,208.54481946877277
2023-10-26,BTC-INR,2844666.5,206.77795096098507
2023-10-27,BTC-INR,2828638.5,205.61288046924108
2023-10-28,BTC-INR,2843634.75,206.70295336428825
2023-10-29,BTC-INR,2880921.25,209.4132978171465
2023-10-30,BTC-INR,2872237.5,208.78207864552923
2023-10-31,BTC-INR,2887054.5,209.85912191207342
2023-11-01,BTC-INR,2950284.25,214.4552733923174
2023-11-02,BTC-INR,2908174.25,211.3943101774846
2023-11-03,BTC-INR,2888296.5,209.94940251793483
2023-11-04,BTC-INR,2917391.5,212.06430930339098
2023-11-05,BTC-INR,2914689.25,211.86788356491363
2023-11-06,BTC-INR,2915916.25,211.95707382529355
2023-11-07,BTC-INR,2950072.0,214.43984500375532
2023-11-08,BTC-INR,2967194.5,215.68447437079342
2023-11-09,BTC-INR,3057173.5,222.22502077562453
2023-11-10,BTC-INR,3108039.0,225.9224186479607
2023-11-11,BTC-INR,3093386.0,224.8572964920133
2023-11-12,BTC-INR,3086677.5,224.36965764787402
2023-11-13,BTC-INR,3036505.0,220.72263373677933
2023-11-14,BTC-INR,2950452.25,214.46748526170927
2023-11-15,BTC-INR,3151147.25,229.05594435458178
2023-11-16,BTC-INR,3005204.25,218.4473916482807
2023-11-17,BTC-INR,3048201.75,221.57286697076404
2023-11-18,BTC-INR,3047287.25,221.50639224124694
2023-11-19,BTC-INR,3114009.5,226.35641249441426
2023-11-20,BTC-INR,3122672.0,226.98608700993285
2023-11-21,BTC-INR,2984936.0,216.97409866136468
2023-11-22,BTC-INR,3120530.25,226.83040384761114
2023-11-23,BTC-INR,3107876.0,225.91057022706264
2023-11-24,BTC-INR,3142689.75,228.44117122730924
2023-11-25,BTC-INR,3149064.25,228.9045317120623
2023-11-26,BTC-INR,3122730.5,226.9903393573104
2023-11-27,BTC-INR,3105610.0,225.74585536966984
2023-11-28,BTC-INR,3154441.25,229.29538422230107
2023-11-29,BTC-INR,3154750.0,229.3178271667936
2023-11-30,BTC-INR,3143479.75,228.49859608933056
2023-12-01,BTC-INR,3220863.5,234.12359756584004
2023-12-02,BTC-INR,3286430.5,238.88964304451355
2023-12-03,BTC-INR,3327616.25,241.8834228052663
2023-12-04,BTC-INR,3502477.5,254.5940343927675
2023-12-05,BTC-INR,3672761.75,266.9719452290389
2023-12-06,BTC-INR,3645489.75,264.98955176442433
2023-12-07,BTC-INR,3608649.5,262.3116450896382
2023-12-08,BTC-INR,3684835.0,267.8495461346071
2023-12-09,BTC-INR,3648074.5,265.1774364632972
2023-12-10,BTC-INR,3652818.5,265.5222763942202
2023-12-11,BTC-INR,3437370.75,249.86144434794886
2023-12-12,BTC-INR,3456589.5,251.25844949601506
2023-12-13,BTC-INR,3572092.75,259.65434594445094
2023-12-14,BTC-INR,3583864.5,260.51003090584265
2023-12-15,BTC-INR,3481924.75,253.10006118655392
2023-12-16,BTC-INR,3507697.75,254.9734927927255
2023-12-17,BTC-INR,3434999.5,249.68907889976145
2023-12-18,BTC-INR,3543232.5,257.5565030657789
2023-12-19,BTC-INR,3512167.0,255.29836122891388
2023-12-20,BTC-INR,3634811.5,264.2133529886279
2023-12-21,BTC-INR,3646923.5,265.0937706200232
2023-12-22,BTC-INR,3666576.0,266.52230492492697
2023-12-23,BTC-INR,3645002.0,264.9540973638536
2023-12-24,BTC-INR,3577758.0,260.0661512603576
2023-12-25,BTC-INR,3627414.0,263.6756309420421
2023-12-26,BTC-INR,3536976.75,257.10177448275374
2023-12-27,BTC-INR,3617419.25,262.94911557534897
2023-12-28,BTC-INR,3533467.25,256.8466699849514
2023-12-29,BTC-INR,3503468.0,254.66603353939044
2023-12-30,BTC-INR,3508253.0,255.01385374796266
2023-12-31,BTC-INR,3517796.0,255.7075315432405
2024-01-01,BTC-INR,3674847.75,267.1235759406547
2024-01-02,BTC-INR,3743086.25,272.08381194956866
2024-01-03,BTC-INR,3570034.5,259.5047323719757
2024-01-04,BTC-INR,3677959.0,267.34973176592536
2024-01-05,BTC-INR,3673885.5,267.0536302780218
2024-01-06,BTC-INR,3659452.25,266.00448168337715
2024-01-07,BTC-INR,3654908.75,265.67421603705577
2024-01-08,BTC-INR,3900830.0,283.55015761852553
2024-01-09,BTC-INR,3835658.25,278.81284274328743
2024-01-10,BTC-INR,3870765.25,281.3647599976957
2024-01-11,BTC-INR,3852016.5,280.0019190080473
2024-01-12,BTC-INR,3551647.0,258.16815053600476
2024-01-13,BTC-INR,3550753.0,258.10316594531224
2024-01-14,BTC-INR,3463847.5,251.78603132962363
2024-01-15,BTC-INR,3522526.75,256.05140833565486
2024-01-16,BTC-INR,3585720.25,260.6449248143187
2024-01-17,BTC-INR,3553361.25,258.2927588521061
2024-01-18,BTC-INR,3431534.5,249.43720909355403
2024-01-19,BTC-INR,3459419.75,251.46417951593384
2024-01-20,BTC-INR,3463341.25,251.7492321696258
2024-01-21,BTC-INR,3453550.25,251.03752732905517
2024-01-22,BTC-INR,3282879.0,238.63148557936324
2024-01-23,BTC-INR,3316012.25,241.0399315408417
2024-01-24,BTC-INR,3330631.5,242.10260041945594
2024-01-25,BTC-INR,3320454.25,241.36281918273883
2024-01-26,BTC-INR,3475722.25,252.64920332998776
2024-01-27,BTC-INR,3500922.25,254.4809837387692
2024-01-28,BTC-INR,3493935.0,253.97308264110023
2024-01-29,BTC-INR,3599562.5,261.65111379699545
2024-01-30,BTC-INR,3569832.0,259.4900127079766
2024-01-31,BTC-INR,3536649.5,257.07798677883414
2024-02-01,BTC-INR,3572750.0,259.7021212489617
2024-02-02,BTC-INR,3584467.25,260.55384462177096
2024-02-03,BTC-INR,3568397.5,259.3857393351037
2024-02-04,BTC-INR,3534380.75,256.91307202476975
2024-02-05,BTC-INR,3542608.0,257.51110834890255
2024-02-06,BTC-INR,3579071.75,260.1616473521051
2024-02-07,BTC-INR,3677905.25,267.34582469461697
2024-02-08,BTC-INR,3759249.0,273.2586773782207
2024-02-09,BTC-INR,3913912.5,284.50112060256856
2024-02-10,BTC-INR,3965720.25,288.2670103435624
2024-02-11,BTC-INR,4008989.5,291.41223909168406
2024-02-12,BTC-INR,4146055.25,301.3755071696576
2024-02-13,BTC-INR,4131863.25,300.3438949648391
2024-02-14,BTC-INR,4302411.5,312.7409958815834
2024-02-15,BTC-INR,4311411.5,313.3952031704339
2024-02-16,BTC-INR,4330042.5,314.74948494805324
2024-02-17,BTC-INR,4288767.5,311.749217631686
2024-02-18,BTC-INR,4326905.5,314.5214573630395
2024-02-19,BTC-INR,4298738.5,312.4740066180336
2024-02-20,BTC-INR,4332682.0,314.94134940793333
2024-02-21,BTC-INR,4299430.5,312.52430788957633
2024-02-22,BTC-INR,4251773.5,309.06013491571537
2024-02-23,BTC-INR,4204763.0,305.64295583210355
2024-02-24,BTC-INR,4274313.5,310.6985607257921
2024-02-25,BTC-INR,4287817.5,311.6801624178629
2024-02-26,BTC-INR,4517304.0,328.36146697261756
2024-02-27,BTC-INR,4734914.0,344.1794723200353
2024-02-28,BTC-INR,5182407.0,376.7076036877665
2024-02-29,BTC-INR,5074217.5,368.8433415236451
2024-03-01,BTC-INR,5172978.5,376.02224886299683
2024-03-02,BTC-INR,5138946.5,373.5484730347568
2024-03-03,BTC-INR,5233194.5,380.39933176359926
2024-03-04,BTC-INR,5665394.5,411.8158195681759
2024-03-05,BTC-INR,5288164.5,384.3950845045007
2024-03-06,BTC-INR,5474922.0,397.97043092088944
2024-03-07,BTC-INR,5536280.0,402.4305254574772
2024-03-08,BTC-INR,5651993.0,410.8416685702282
2024-03-09,BTC-INR,5668443.0,412.03741411484935
2024-03-10,BTC-INR,5711783.0,415.18778565915835
2024-03-11,BTC-INR,5970307.5,433.97985368653985
2024-03-12,BTC-INR,5921178.0,430.408645131253
2024-03-13,BTC-INR,6053744.5,440.0448640820754
2024-03-14,BTC-INR,5923472.0,430.5753953002112
2024-03-15,BTC-INR,5752889.0,418.17576841643495
2024-03-16,BTC-INR,5413980.0,393.54057529898637
2024-03-17,BTC-INR,5668867.5,412.0682708919735
2024-03-18,BTC-INR,5600173.5,407.07492472527383
2024-03-19,BTC-INR,5139905.0,373.6181461110193
2024-03-20,BTC-INR,5640560.0,410.0106072442917
2024-03-21,BTC-INR,5449883.0,396.15035355360857
2024-03-22,BTC-INR,5331511.5,387.545964876701
2024-03-23,BTC-INR,5355205.5,389.2682745991481
2024-03-24,BTC-INR,5620988.5,408.5879608049876
2024-03-25,BTC-INR,5835813.0,424.203488996506
2024-03-26,BTC-INR,5832419.5,423.95681650375997
2024-03-27,BTC-INR,5789821.5,420.86038071593174
2024-03-28,BTC-INR,5899736.5,428.8500689552655
2024-03-29,BTC-INR,5827897.5,423.628113685962
2024-03-30,BTC-INR,5807258.0,422.1278346483809
2024-03-31,BTC-INR,5947552.5,432.3257995912295
2024-04-01,BTC-INR,5814062.0,422.6224153587518
2024-04-02,BTC-INR,5455028.0,396.52434205373476
2024-04-03,BTC-INR,5501053.5,399.8699217840669
2024-04-04,BTC-INR,5719224.0,415.7286697076402
2024-04-05,BTC-INR,5650676.5,410.74597258180904
2024-04-06,BTC-INR,5738843.5,417.154805252485
2024-04-07,BTC-INR,5777696.5,419.97901811845264
2024-04-08,BTC-INR,5964774.5,433.5776615832943
2024-04-09,BTC-INR,5754063.5,418.2611424676299
2024-04-10,BTC-INR,5887949.5,427.99327547596755
2024-04-11,BTC-INR,5839520.0,424.47294970981363
2024-04-12,BTC-INR,5618338.0,408.3952967584211
2024-04-13,BTC-INR,5336200.5,387.88680687419213
2024-04-14,BTC-INR,5496504.5,399.5392563444023
2024-04-15,BTC-INR,5296485.0,384.99989914304297
2024-04-16,BTC-INR,5338995.5,388.08997458222956
2024-04-17,BTC-INR,5122489.5,372.35221866224424
2024-04-18,BTC-INR,5306188.0,385.7052072901226
2024-04-19,BTC-INR,5322664.0,386.9028427669116
2024-04-20,BTC-INR,5418612.5,393.87731032849746
2024-04-21,BTC-INR,5413944.0,393.5379584698309
2024-04-22,BTC-INR,5573610.5,405.1440682570809
2024-04-23,BTC-INR,5531098.0,402.0538474384968
2024-04-24,BTC-INR,5356859.0,389.38846701604973
2024-04-25,BTC-INR,5370349.5,390.36908739718723
2024-04-26,BTC-INR,5317350.0,386.51656970769477
2024-04-27,BTC-INR,5289312.0,384.4784959338291
2024-04-28,BTC-INR,5263803.5,382.62429075297985
2024-04-29,BTC-INR,5327187.5,387.2316546192577
2024-04-30,BTC-INR,5063095.0,368.03485034917406
2024-05-01,BTC-INR,4858771.0,353.18260033949724
2024-05-02,BTC-INR,4931158.0,358.44438956372187
2024-05-03,BTC-INR,5243767.0,381.16784360375175
2024-05-04,BTC-INR,5327284.0,387.2386691751882
2024-05-05,BTC-INR,5338932.5,388.08539513120763
2024-05-06,BTC-INR,5275200.5,383.4527352497609
2024-05-07,BTC-INR,5202716.5,378.1838951247564
2024-05-08,BTC-INR,5107036.5,371.22894474728787
2024-05-09,BTC-INR,5262278.5,382.5134389623691
2024-05-10,BTC-INR,5079033.0,369.19337876802956
2024-05-11,BTC-INR,5079111.0,369.1990485645329
2024-05-12,BTC-INR,5132480.5,373.07846144256706
2024-05-13,BTC-INR,5252627.0,381.81187433477567
2024-05-14,BTC-INR,5141106.5,373.7054827840809
2024-05-15,BTC-INR,5526996.5,401.7557106390279
2024-05-16,BTC-INR,5445223.5,395.8116559022309
2024-05-17,BTC-INR,5585458.0,406.00525946315383
2024-05-18,BTC-INR,5576206.0,405.3327343702155
2024-05-19,BTC-INR,5521032.0,401.32215293076683
2024-05-20,BTC-INR,5952385.0,432.6770725604928
2024-05-21,BTC-INR,5843603.5,424.76977809470486
2024-05-22,BTC-INR,5756167.0,418.414045248974
2024-05-23,BTC-INR,5657632.0,411.25156578154235
2024-05-24,BTC-INR,5691692.0,413.72737692134774
2024-05-25,BTC-INR,5753143.0,418.1942315999202
2024-05-26,BTC-INR,5690595.0,413.6476363218067
2024-05-27,BTC-INR,5769932.5,419.4146552972708
2024-05-28,BTC-INR,5682712.5,413.0746597713219
2024-05-29,BTC-INR,5633712.0,409.5128281871753
2024-05-30,BTC-INR,5696249.5,414.05866022345174
2024-05-31,BTC-INR,5632740.5,409.4422101448288
2024-06-01,BTC-INR,5650878.5,410.76065590095885
2024-06-02,BTC-INR,5653942.0,410.9833407931137
2024-06-03,BTC-INR,5717563.5,415.60796846284734
2024-06-04,BTC-INR,5904867.5,429.223039799609
2024-06-05,BTC-INR,5926718.0,430.81134606238993
2024-06-06,BTC-INR,5906089.5,429.31186661149513
2024-06-07,BTC-INR,5791974.5,421.0168816373646
2024-06-08,BTC-INR,5788899.5,420.793360813674
2024-06-09,BTC-INR,5817547.0,422.87573895893445
2024-06-10,BTC-INR,5806462.5,422.07000999301636
2024-06-11,BTC-INR,5628759.0,409.1527961092112
2024-06-12,BTC-INR,5695030.5,413.9700514806619
2024-06-13,BTC-INR,5575985.5,405.3167062916387
2024-06-14,BTC-INR,5515329.0,400.90760357873194
2024-06-15,BTC-INR,5530360.5,402.00023878566043
2024-06-16,BTC-INR,5567829.5,404.7238491085426
2024-06-17,BTC-INR,5551969.0,403.5709541413412
2024-06-18,BTC-INR,5431403.0,394.8070479205022
2024-06-19,BTC-INR,5418972.5,393.9034786200515
2024-06-20,BTC-INR,5419796.0,393.9633385869813
2024-06-21,BTC-INR,5356224.5,389.34234540218574
2024-06-22,BTC-INR,5369292.5,390.29225438559666
2024-06-23,BTC-INR,5279561.0,383.769698681209
2024-06-24,BTC-INR,5029948.0,365.62540490433764
2024-06-25,BTC-INR,5155493.0,374.7512331353084
2024-06-26,BTC-INR,5082688.0,369.4590596170016
2024-06-27,BTC-INR,5140992.5,373.6971961584221
2024-06-28,BTC-INR,5028748.0,365.53817726582423
2024-06-29,BTC-INR,5076038.0,368.9756731202399
2024-06-30,BTC-INR,5225348.5,379.82900838711913
2024-07-01,BTC-INR,5244467.0,381.21872639288455
2024-07-02,BTC-INR,5178265.5,376.4065593003471
2024-07-03,BTC-INR,5024008.0,365.1936280936963
2024-07-04,BTC-INR,4757214.0,345.80045260240934
2024-07-05,BTC-INR,4729736.0,343.80308505984993
2024-07-06,BTC-INR,4866727.5,353.7609559276905
2024-07-07,BTC-INR,4661856.5,338.8689446527913
2024-07-08,BTC-INR,4732486.0,344.0029817314432
2024-07-09,BTC-INR,4843262.5,352.05529214625966
2024-07-10,BTC-INR,4821189.5,350.4508124255044
2024-07-11,BTC-INR,4789731.5,348.1641398818756
2024-07-12,BTC-INR,4835661.0,351.5027414011266
2024-07-13,BTC-INR,4946948.0,359.5921599071607
2024-07-14,BTC-INR,5077029.0,369.04770861171215
2024-07-15,BTC-INR,5422395.5,394.15229545891094
2024-07-16,BTC-INR,5437542.5,395.2533263260464
2024-07-17,BTC-INR,5358546.0,389.5110945378598
2024-07-18,BTC-INR,5353945.0,389.1766492338597
2024-07-19,BTC-INR,5585674.5,406.02099678293564
2024-07-20,BTC-INR,5623645.5,408.781097334596
2024-07-21,BTC-INR,5706615.0,414.8121252959607
2024-07-22,BTC-INR,5654934.5,411.0554853191341
2024-07-23,BTC-INR,5518611.0,401.14617117006605
2024-07-24,BTC-INR,5474461.5,397.9369573146099
2024-07-25,BTC-INR,5508497.5,400.411023901645
2024-07-26,BTC-INR,5686922.0,413.380647058257
2024-07-27,BTC-INR,5677502.5,412.69594644077614
2024-07-28,BTC-INR,5714931.5,415.41664917570785
2024-07-29,BTC-INR,5596217.5,406.78736427697464
2024-07-30,BTC-INR,5545915.0,403.130890705041
2024-07-31,BTC-INR,5409797.5,393.2365506339178
2024-08-01,BTC-INR,5473308.0,397.8531097470889
2024-08-02,BTC-INR,5144577.5,373.95778872848086
2024-08-03,BTC-INR,5083011.0,369.48253838970146
2024-08-04,BTC-INR,4866458.0,353.74136605387434
2024-08-05,BTC-INR,4535437.0,329.67954928025387
2024-08-06,BTC-INR,4703248.5,341.87771666391353
2024-08-07,BTC-INR,4619143.0,335.76411320475614
2024-08-08,BTC-INR,5182982.0,376.7494002645542
2024-08-09,BTC-INR,5111120.0,371.52577313217915
2024-08-10,BTC-INR,5116635.5,371.92669316569635
2024-08-11,BTC-INR,4929503.5,358.3241244571215
2024-08-12,BTC-INR,4979695.5,361.97256581734206
2024-08-13,BTC-INR,5084054.0,369.5583537455094
2024-08-14,BTC-INR,4932272.0,358.52536588814183
2024-08-15,BTC-INR,4832092.5,351.24334821109744
2024-08-16,BTC-INR,4939133.5,359.02412625619155
2024-08-17,BTC-INR,4988183.0,362.58951963557746
2024-08-18,BTC-INR,4905422.0,356.57364747640446
2024-08-19,BTC-INR,4990122.5,362.73050130632475
2024-08-20,BTC-INR,4944761.5,359.4332238808194
2024-08-21,BTC-INR,5132093.5,373.0503305291465
2024-08-22,BTC-INR,5068593.0,368.43449831296294
2024-08-23,BTC-INR,5371991.5,390.48844388255304
2024-08-24,BTC-INR,5379085.0,391.0040682607154
2024-08-25,BTC-INR,5392054.5,391.94681730879836
2024-08-26,BTC-INR,5274778.5,383.42206019688365
2024-08-27,BTC-INR,4993715.0,362.9916390491243
2024-08-28,BTC-INR,4954918.5,360.1715331511366
2024-08-29,BTC-INR,4982391.5,362.1685372452022
2024-08-30,BTC-INR,4959275.5,360.48824216863903
2024-08-31,BTC-INR,4946728.5,359.5762045182826
2024-09-01,BTC-INR,4807376.0,349.446713271667
2024-09-02,BTC-INR,4961154.0,360.62478976776185
2024-09-03,BTC-INR,4821406.0,350.4665497452862
2024-09-04,BTC-INR,4868592.0,353.8964858710307
2024-09-05,BTC-INR,4716545.5,342.8442715883408
2024-09-06,BTC-INR,4530921.0,329.35128260064846
2024-09-07,BTC-INR,4546957.0,330.5169346099825
2024-09-08,BTC-INR,4605750.5,334.79061641409726
2024-09-09,BTC-INR,4788566.0,348.07942003796944
2024-09-10,BTC-INR,4841469.0,351.92492317153153
2024-09-11,BTC-INR,4816436.0,350.1052819424432
2024-09-12,BTC-INR,4878213.5,354.59586980766124
2024-09-13,BTC-INR,5080805.5,369.3222212590837
2024-09-14,BTC-INR,5033313.5,365.8700420855183
2024-09-15,BTC-INR,4964555.0,360.8720074332486
2024-09-16,BTC-INR,4881435.5,354.8300760170697
2024-09-17,BTC-INR,5052098.0,367.2354817318975
2024-09-18,BTC-INR,5159754.5,375.0610002865791
2024-09-19,BTC-INR,5262750.0,382.547712155335
2024-09-20,BTC-INR,5275807.5,383.4968578969089
2024-09-21,BTC-INR,5292661.0,384.72193373498027
2024-09-22,BTC-INR,5313479.0,386.2351878837902
2024-09-23,BTC-INR,5291132.5,384.6108275304238
2024-09-24,BTC-INR,5375088.5,390.7135638796164
2024-09-25,BTC-INR,5284472.5,384.1267141366744
2024-09-26,BTC-INR,5449912.0,396.1524615548727
2024-09-27,BTC-INR,5507767.0,400.35792407670004
2024-09-28,BTC-INR,5514418.5,400.8414196080099
2024-09-29,BTC-INR,5494768.0,399.4130306825036
2024-09-30,BTC-INR,5308915.5,385.90346844349364
2024-10-01,BTC-INR,5102878.5,370.926700979839
2024-10-02,BTC-INR,5088113.0,369.8534012327809
2024-10-03,BTC-INR,5104376.0,371.0355538037338
2024-10-04,BTC-INR,5215341.0,379.10156622676675
2024-10-05,BTC-INR,5217229.0,379.2388043780279
2024-10-06,BTC-INR,5278555.0,383.69657284425523
2024-10-07,BTC-INR,5225661.0,379.85172391798204
2024-10-08,BTC-INR,5214478.0,379.0388350167359
2024-10-09,BTC-INR,5085409.5,369.6568846321801
2024-10-10,BTC-INR,5059860.5,367.79973551853107
2024-10-11,BTC-INR,5252216.0,381.7819988685848
2024-10-12,BTC-INR,5315124.0,386.35476243825235
2024-10-13,BTC-INR,5287041.5,384.3134539727919
2024-10-14,BTC-INR,5551207.0,403.5155645908851
2024-10-15,BTC-INR,5635713.0,409.65828027439636
2024-10-16,BTC-INR,5682143.5,413.03329933272676
2024-10-17,BTC-INR,5664892.0,411.7792929945485
2024-10-18,BTC-INR,5751084.0,418.04456351017103
2024-10-19,BTC-INR,5747218.0,417.7635451347603
2024-10-20,BTC-INR,5800936.0,421.66829037281275
2024-10-21,BTC-INR,5663915.0,411.7082751588588
2024-10-22,BTC-INR,5664384.0,411.74236662757784
2024-10-23,BTC-INR,5584820.0,405.9588834353442
2024-10-24,BTC-INR,5731121.0,416.59345905380184
2024-10-25,BTC-INR,5604776.5,407.4095154086715
2024-10-26,BTC-INR,5636087.0,409.685466221733
2024-10-27,BTC-INR,5712967.5,415.27388660734096
2024-10-28,BTC-INR,5879455.5,427.37584917469025
2024-10-29,BTC-INR,6114852.5,444.4867861939728
2024-10-30,BTC-INR,6083020.5,442.17292770300736
2024-10-31,BTC-INR,5904517.5,429.1975984050426
2024-11-01,BTC-INR,5842507.5,424.69011018486265
2024-11-02,BTC-INR,5826262.5,423.50926602848745
2024-11-03,BTC-INR,5781735.5,420.2726118117489
2024-11-04,BTC-INR,5706301.0,414.78930073054966
2024-11-05,BTC-INR,5834288.0,424.09263720589524
2024-11-06,BTC-INR,6372701.0,463.22971598499174
2024-11-07,BTC-INR,6399283.0,465.1619535574612
2024-11-08,BTC-INR,6460090.0,469.58199607003144
2024-11-09,BTC-INR,6479787.0,471.01376506653014
2024-11-10,BTC-INR,6790832.5,493.62356876254694
2024-11-11,BTC-INR,7487520.5,544.2656096130672
2024-11-12,BTC-INR,7423079.0,539.5813763903494
2024-11-13,BTC-INR,7647437.5,555.889928169857
2024-11-14,BTC-INR,7370528.0,535.7614600307513
2024-11-15,BTC-INR,7688734.0,558.8917583147474
2024-11-16,BTC-INR,7645883.0,555.7769320331328
2024-11-17,BTC-INR,7588262.0,551.5884789008155
2024-11-18,BTC-INR,7641686.5,555.4718897122815
2024-11-19,BTC-INR,7793617.0,566.5156719899151
2024-11-20,BTC-INR,7960814.0,578.6691715536859
2024-11-21,BTC-INR,8322521.0,604.9615444234917
2024-11-22,BTC-INR,8359199.0,607.6276571946537
2024-11-23,BTC-INR,8256152.0,600.1372018064117
2024-11-24,BTC-INR,8275837.0,601.5680985265253
2024-11-25,BTC-INR,7843919.5,570.1721455618487
2024-11-26,BTC-INR,7758000.0,563.9266829891385
2024-11-27,BTC-INR,8101210.0,588.8745145009589
2024-11-28,BTC-INR,8079932.0,587.3278230907188
2024-11-29,BTC-INR,8241380.5,599.0634659211612
2024-11-30,BTC-INR,8155862.5,592.8471882625037
2024-12-01,BTC-INR,8226695.5,597.9960176948533
2024-12-02,BTC-INR,8122681.0,590.4352350230598
2024-12-03,BTC-INR,8129553.0,590.9347586329466
2024-12-04,BTC-INR,8366420.0,608.1525495094081
2024-12-05,BTC-INR,8179935.0,594.5970110359318
2024-12-06,BTC-INR,8460472.0,614.9891610572935
2024-12-07,BTC-INR,8460649.0,615.0020271339743
2024-12-08,BTC-INR,8571965.0,623.0935536412724
2024-12-09,BTC-INR,8266956.0,600.9225413118273
2024-12-10,BTC-INR,8206037.0,596.4943575529958
2024-12-11,BTC-INR,8584749.0,624.022818750235
2024-12-12,BTC-INR,8487595.0,616.9607237567926
2024-12-13,BTC-INR,8605723.0,625.5474124920519
2024-12-14,BTC-INR,8598131.0,624.9955522990571
2024-12-15,BTC-INR,8845695.0,642.9909048831668
2024-12-16,BTC-INR,9003785.0,654.4824193603198
2024-12-17,BTC-INR,9013900.0,655.217675663289
2024-12-18,BTC-INR,8520115.0,619.3245927605058
2024-12-19,BTC-INR,8297995.5,603.1787932165246
2024-12-20,BTC-INR,8303999.5,603.6152221678867
2024-12-21,BTC-INR,8259124.0,600.3532355911299
2024-12-22,BTC-INR,8079155.5,587.2713795396307
2024-12-23,BTC-INR,8057719.5,585.7132031569863
2024-12-24,BTC-INR,8407155.0,611.1135643884443
2024-12-25,BTC-INR,8482584.0,616.5964756763004
2024-12-26,BTC-INR,8210959.5,596.8521725951476
2024-12-27,BTC-INR,8040262.0,584.4442227408632
2024-12-28,BTC-INR,8126595.5,590.7197788488605
2024-12-29,BTC-INR,7986218.5,580.515817005864
2024-12-30,BTC-INR,7947559.0,577.7056695966066
2024-12-31,BTC-INR,7995474.5,581.1886328575974
2025-01-01,BTC-INR,8080244.5,587.3505386215817
2025-01-02,BTC-INR,8313315.5,604.2923994015457
2025-01-03,BTC-INR,8416205.0,611.7714061622329
2025-01-04,BTC-INR,8426119.0,612.4920518357511
2025-01-05,BTC-INR,8432133.0,612.9292076841008
2025-01-06,BTC-INR,8746148.0,635.7548634405888
2025-01-07,BTC-INR,8316495.0,604.5235162987568
2025-01-08,BTC-INR,8164946.5,593.50750148605
2025-01-09,BTC-INR,7946251.5,577.6106278154765
2025-01-10,BTC-INR,8162835.0,593.3540171871158
2025-01-11,BTC-INR,8149243.0,592.366018801554
2025-01-12,BTC-INR,8144201.0,591.9995173404002
2025-01-13,BTC-INR,8189938.0,595.3241260926397
2025-01-14,BTC-INR,8353969.5,607.2475264149822
2025-01-15,BTC-INR,8688016.0,631.5292658722046
2025-01-16,BTC-INR,8639602.0,628.0100667963814
2025-01-17,BTC-INR,9044541.0,657.4449607230299
2025-01-18,BTC-INR,9040146.0,657.1254894969746
2025-01-19,BTC-INR,8751963.0,636.177554038885
2025-01-20,BTC-INR,8798524.0,639.5620591029037
2025-01-21,BTC-INR,9176572.0,667.0422543401656
2025-01-22,BTC-INR,8963176.0,651.5305633833275
2025-01-23,BTC-INR,8989218.0,653.4235485184659
2025-01-24,BTC-INR,9033841.0,656.6671809462855
2025-01-25,BTC-INR,9023736.0,655.9326515403038
2025-01-26,BTC-INR,8851959.0,643.4462331562067
2025-01-27,BTC-INR,8824174.0,641.4265498761278
2025-01-28,BTC-INR,8773857.0,637.769022303562
2025-01-29,BTC-INR,8984934.0,653.112145848973
2025-01-30,BTC-INR,9075027.0,659.6609788794628
2025-01-31,BTC-INR,8878244.0,645.356881888144
2025-02-01,BTC-INR,8712926.0,633.3399662683453
2025-02-02,BTC-INR,8459096.0,614.8891400317981
2025-02-03,BTC-INR,8816558.0,640.8729451303626
2025-02-04,BTC-INR,8525140.0,619.6898584967806
2025-02-05,BTC-INR,8437876.0,613.3466646240861
2025-02-06,BTC-INR,8460669.0,615.0034809279493
2025-02-07,BTC-INR,8474216.0,615.988208277067
2025-02-08,BTC-INR,8470122.0,615.6906166503387
2025-02-09,BTC-INR,8463903.0,615.238559413743
2025-02-10,BTC-INR,8524944.0,619.6756113158234
2025-02-11,BTC-INR,8311973.5,604.1948498258082
2025-02-12,BTC-INR,8514289.0,618.9011025755233
2025-02-13,BTC-INR,8381671.5,609.2611764500641
2025-02-14,BTC-INR,8450942.0,614.2964282280996
2025-02-15,BTC-INR,8453434.0,614.4775709574124
2025-02-16,BTC-INR,8333506.0,605.760040764383
2025-02-17,BTC-INR,8318392.0,604.6614086573068
2025-02-18,BTC-INR,8301187.5,603.4108187349702
2025-02-19,BTC-INR,8395997.0,610.3024927296672
2025-02-20,BTC-INR,8502872.0,618.071204284767
2025-02-21,BTC-INR,8330386.5,605.5332852490976
2025-02-22,BTC-INR,8363586.0,607.9465469031189
2025-02-23,BTC-INR,8337321.5,606.0373883100062
2025-02-24,BTC-INR,7924871.5,576.0565220559627
2025-02-25,BTC-INR,7727576.5,561.7152079388782
2025-02-26,BTC-INR,7353267.5,534.5067994852842
2025-02-27,BTC-INR,7396995.5,537.6853746327126
2025-02-28,BTC-INR,7380234.0,536.4669862469273
2025-03-01,BTC-INR,7525340.5,547.0147340202146
2025-03-02,BTC-INR,8243319.5,599.204411247059
2025-03-03,BTC-INR,7515913.0,546.3294518851437
2025-03-04,BTC-INR,7607279.5,552.9708552470059
2025-03-05,BTC-INR,7871122.0,572.1494870923993
2025-03-06,BTC-INR,7838289.0,569.7628662129739
2025-03-07,BTC-INR,7559559.0,549.5020664772736
2025-03-08,BTC-INR,7504969.5,545.5339721667509
2025-03-09,BTC-INR,7022530.0,510.4655902412626
2025-03-10,BTC-INR,6860112.5,498.65951109272066
2025-03-11,BTC-INR,7225613.5,525.2276686796262
2025-03-12,BTC-INR,7297287.5,530.4376301486341
2025-03-13,BTC-INR,7046492.5,512.2074171478271
2025-03-14,BTC-INR,7300979.0,530.705964171611
2025-03-15,BTC-INR,7333338.0,533.0581301338236
2025-03-16,BTC-INR,7180025.5,521.913890692502
2025-03-17,BTC-INR,7307669.5,531.1922946011725
2025-03-18,BTC-INR,7161416.0,520.5611717434061
2025-03-19,BTC-INR,7498763.0,545.0828235513897
2025-03-20,BTC-INR,7266588.0,528.2060927415156
2025-03-21,BTC-INR,7226900.0,525.3211839770823
2025-03-22,BTC-INR,7209133.0,524.0297060991927
2025-03-23,BTC-INR,7400501.0,537.9401883717198
2025-03-24,BTC-INR,7483987.5,544.0087969073442
2025-03-25,BTC-INR,7486996.0,544.227483866067
2025-03-26,BTC-INR,7443279.0,541.0497083053251
2025-03-27,BTC-INR,7470829.0,543.0523095061953
2025-03-28,BTC-INR,7215749.5,524.510657491046
2025-03-29,BTC-INR,7065310.5,513.5752918991147
2025-03-30,BTC-INR,7042808.5,511.93962829759096
2025-03-31,BTC-INR,7052084.5,512.6138979432995
2025-04-01,BTC-INR,7289326.0,529.8589111119471
2025-04-02,BTC-INR,7065020.5,513.5542118864739
2025-04-03,BTC-INR,7087145.5,515.1624714715648
2025-04-04,BTC-INR,7176733.0,521.6745598593309
2025-04-05,BTC-INR,7140748.0,519.0588210494103
2025-04-06,BTC-INR,6689645.5,486.26831621400066
2025-04-07,BTC-INR,6815732.0,495.4335059168506
2025-04-08,BTC-INR,6592554.5,479.2108006715801
2025-04-09,BTC-INR,7118589.0,517.4480900145616
2025-04-10,BTC-INR,6868595.0,499.27610146246224
2025-04-11,BTC-INR,7179810.0,521.898226062419
2025-04-12,BTC-INR,7332402.0,532.990092575783
2025-04-13,BTC-INR,7194661.5,522.9777771235705
2025-04-14,BTC-INR,7273229.5,528.688861375838
2025-04-15,BTC-INR,7172644.5,521.3773680259459
2025-04-16,BTC-INR,7195030.0,523.004563277564
2025-04-17,BTC-INR,7248701.5,526.905928444624
2025-04-18,BTC-INR,7210710.5,524.1443740989885
2025-04-19,BTC-INR,7263017.0,527.9465178272395
2025-04-20,BTC-INR,7272485.0,528.6347438951102
2025-04-21,BTC-INR,7453035.5,541.7589053512884
2025-04-22,BTC-INR,7964291.0,578.9219136362785
2025-04-23,BTC-INR,8011296.5,582.3387292713966
2025-04-24,BTC-INR,8006219.0,581.9696473259368
2025-04-25,BTC-INR,8087686.0,587.8914590149128
2025-04-26,BTC-INR,8081404.5,587.4348586721446
2025-04-27,BTC-INR,7996005.5,581.2272310876396
2025-04-28,BTC-INR,8088437.5,587.9460853235319
2025-04-29,BTC-INR,8030118.0,583.70685843663
2025-04-30,BTC-INR,7966283.5,579.0667478610602
2025-05-01,BTC-INR,8172597.0,594.0636140264223
2025-05-02,BTC-INR,8201547.5,596.1680171504075
2025-05-03,BTC-INR,8115371.0,589.9038733251158
2025-05-04,BTC-INR,7974729.5,579.680685056797
2025-05-05,BTC-INR,7979781.0,580.047877070089
2025-05-06,BTC-INR,8203134.0,596.2833393574921
2025-05-07,BTC-INR,8230034.0,598.2386922541675
2025-05-08,BTC-INR,8882373.0,645.6570176543289
2025-05-09,BTC-INR,8794058.0,639.2374269082363
2025-05-10,BTC-INR,8942105.0,649.9989187407309
2025-05-11,BTC-INR,8887268.0,646.0128337297648
2025-05-12,BTC-INR,8734314.0,634.8946535454492
2025-05-13,BTC-INR,8859678.0,644.0073249409442
2025-05-14,BTC-INR,8847555.0,643.1261077228626
2025-05-15,BTC-INR,8864476.0,644.3560901156003
2025-05-16,BTC-INR,8856950.0,643.8090274427237
2025-05-17,BTC-INR,8831428.0,641.9538409509412
2025-05-18,BTC-INR,9101191.0,661.56283215785
2025-05-19,BTC-INR,9015541.0,655.336959458956
2025-05-20,BTC-INR,9134489.0,663.9832537471995
2025-05-21,BTC-INR,9388505.0,682.4476002677161
2025-05-22,BTC-INR,9601127.0,697.9030293977131
2025-05-23,BTC-INR,9127622.0,663.4840935858065
2025-05-24,BTC-INR,9170446.0,666.5969572455548
2025-05-25,BTC-INR,9289764.0,675.2701467223397
2025-05-26,BTC-INR,9319772.0,677.4514192027648
2025-05-27,BTC-INR,9303874.0,676.2957983718599
2025-05-28,BTC-INR,9209747.0,669.4537350965674
2025-05-29,BTC-INR,9017734.0,655.4963679683393
2025-05-30,BTC-INR,8899017.0,646.8668650005097
2025-05-31,BTC-INR,8953740.0,650.8446633858172
2025-06-01,BTC-INR,9037451.0,656.9295907588132
2025-06-02,BTC-INR,9038690.0,657.0196532955782
2025-06-03,BTC-INR,9036517.0,656.8616985801702
2025-06-04,BTC-INR,8996797.0,653.9744637453767
2025-06-05,BTC-INR,8723114.0,634.080528919324
2025-06-06,BTC-INR,8955533.0,650.9749960156959
2025-06-07,BTC-INR,9060648.0,658.615773700976
2025-06-08,BTC-INR,9075566.0,659.7001586270951
2025-06-09,BTC-INR,9458408.0,687.528828280218
2025-06-10,BTC-INR,9443869.0,686.4719927499294
2025-06-11,BTC-INR,9289451.0,675.2473948466275
2025-06-12,BTC-INR,9071062.0,659.3727642238748
2025-06-13,BTC-INR,9136613.0,664.1376466673681
2025-06-14,BTC-INR,9083342.0,660.265393724662
2025-06-15,BTC-INR,9090199.0,660.7638269890673
2025-06-16,BTC-INR,9195676.0,668.430918345299
2025-06-17,BTC-INR,9032845.0,656.5947820063193
2025-06-18,BTC-INR,9084359.0,660.3393191483021
2025-06-19,BTC-INR,9080032.0,660.0247908217625
2025-06-20,BTC-INR,8946777.0,650.3385250133431
2025-06-21,BTC-INR,8855655.0,643.714894282828
2025-06-22,BTC-INR,8743523.0,635.5640529813408
2025-06-23,BTC-INR,9117142.0,662.7223055427894
2025-06-24,BTC-INR,9117146.0,662.7225963015845
2025-06-25,BTC-INR,9231926.0,671.0659199253913
2025-06-26,BTC-INR,9163627.0,666.1012861897024
2025-06-27,BTC-INR,9157031.0,665.6218249366736
2025-06-28,BTC-INR,9177491.0,667.1090561733271
2025-06-29,BTC-INR,9264459.0,673.4307338951884
2025-06-30,BTC-INR,9181932.0,667.4318711255255
2025-07-01,BTC-INR,9061598.0,658.6848289147991
2025-07-02,BTC-INR,9328901.0,678.1150034627556
2025-07-03,BTC-INR,9364442.0,680.6984680464262
2025-07-04,BTC-INR,9249939.0,672.3752794691762
2025-07-05,BTC-INR,9286425.0,675.0274358181762
2025-07-06,BTC-INR,9338966.0,678.8466252807867
2025-07-07,BTC-INR,9302129.0,676.1689548475215
2025-07-08,BTC-INR,9337872.0,678.7671027503419
2025-07-09,BTC-INR,9541660.0,693.5803910814828
2025-07-10,BTC-INR,9944169.0,722.8386490401416
2025-07-11,BTC-INR,10084731.0,733.0560584774089
2025-07-12,BTC-INR,10079684.0,732.6891935677612
2025-07-13,BTC-INR,10223200.0,743.121328375169
2025-07-14,BTC-INR,10303341.0,748.9467535235877
2025-07-15,BTC-INR,10128055.0,736.2052669865377
2025-07-16,BTC-INR,10197910.0,741.2830058934991
2025-07-17,BTC-INR,10264503.0,746.1236310031014
2025-07-18,BTC-INR,10165300.0,738.9125948168974
2025-07-19,BTC-INR,10159851.0,738.5165086483478
2025-07-20,BTC-INR,10105484.0,734.5645877957994
2025-07-21,BTC-INR,10132829.0,736.5522876084235
2025-07-22,BTC-INR,10360770.0,753.1212502337429
2025-07-23,BTC-INR,10260565.0,745.83737896938
2025-07-24,BTC-INR,10230611.0,743.660031732688
2025-07-25,BTC-INR,10176245.0,739.7081835698383
2025-07-26,BTC-INR,10202742.0,741.634242517913
2025-07-27,BTC-INR,10333053.0,751.1065098531795
2025-07-28,BTC-INR,10233232.0,743.850551433141
2025-07-29,BTC-INR,10266709.0,746.2839844785686
2025-07-30,BTC-INR,10330331.0,750.9086484931516
2025-07-31,BTC-INR,10127645.0,736.1754642100456
2025-08-01,BTC-INR,9877761.0,718.01147152481
2025-08-02,BTC-INR,9808735.0,712.9939923781217
2025-08-03,BTC-INR,9964983.0,724.3516124301566
2025-08-04,BTC-INR,10114076.0,735.1891376875553
2025-08-05,BTC-INR,10012870.0,727.8325040347327
2025-08-06,BTC-INR,10095173.0,733.815084311873
2025-08-07,BTC-INR,10273159.0,746.7528330355782
2025-08-08,BTC-INR,10236839.0,744.1127431765725
2025-08-09,BTC-INR,10219907.0,742.8819611971485
2025-08-10,BTC-INR,10437977.0,758.7334038059962
2025-08-11,BTC-INR,10408563.0,756.5953090066353
2025-08-12,BTC-INR,10526732.0,765.1849780195438
2025-08-13,BTC-INR,10786469.0,784.0651823066731
2025-08-14,BTC-INR,10379196.0,754.4606306231161
2025-08-15,BTC-INR,10273981.0,746.8125839679599
2025-08-16,BTC-INR,10282120.0,747.404205426177
2025-08-17,BTC-INR,10278677.0,747.1539347933423
2025-08-18,BTC-INR,10148286.0,737.6758522821748
2025-08-19,BTC-INR,9825063.0,714.1808697794941
2025-08-20,BTC-INR,9944011.0,722.8271640677374
2025-08-21,BTC-INR,9813467.0,713.3379600326596
2025-08-22,BTC-INR,10206643.0,741.9178050327803
2025-08-23,BTC-INR,10076299.0,732.4431389374547
2025-08-24,BTC-INR,9908364.0,720.235994375998
2025-08-25,BTC-INR,9647868.0,701.3006186075088
2025-08-26,BTC-INR,9798267.0,712.2330766114898
2025-08-27,BTC-INR,9749565.0,708.6929429024234
2025-08-28,BTC-INR,9858018.0,716.5763588021683
2025-08-29,BTC-INR,9558307.0,694.7904564967599
2025-08-30,BTC-INR,9594097.0,697.3920208154221
2025-08-31,BTC-INR,9546053.0,693.8997169281406
2025-09-01,BTC-INR,9614244.0,698.8565001763634
2025-09-02,BTC-INR,9785512.0,711.305919503791
2025-09-03,BTC-INR,9839826.0,715.2539878023051
2025-09-04,BTC-INR,9765063.0,709.819487853824
2025-09-05,BTC-INR,9758040.0,709.3089880994243
2025-09-06,BTC-INR,9723815.0,706.8211831593234
2025-09-07,BTC-INR,9803488.0,712.6125895287217
2025-09-08,BTC-INR,9860129.0,716.7298067562531
2025-09-09,BTC-INR,9839119.0,715.202596185281
2025-09-10,BTC-INR,10034197.0,729.382757240212
2025-09-11,BTC-INR,10195601.0,741.1151653790595
2025-09-12,BTC-INR,10249188.0,745.0103882665742
2025-09-13,BTC-INR,10236147.0,744.0624419050298
2025-09-14,BTC-INR,10187904.0,740.5556727676948
2025-09-15,BTC-INR,10173435.0,739.5039255163196
2025-09-16,BTC-INR,10268746.0,746.4320533949451
2025-09-17,BTC-INR,10238857.0,744.2594309886725
2025-09-18,BTC-INR,10332339.0,751.0546094082641
2025-09-19,BTC-INR,10192114.0,740.8616963994793
2025-09-20,BTC-INR,10195029.0,741.0735868713681
2025-09-21,BTC-INR,10157816.0,738.3685851113688
2025-09-22,BTC-INR,9956217.0,723.7144145308162
2025-09-23,BTC-INR,9947812.0,723.1034576127286
2025-09-24,BTC-INR,10061174.0,731.343707243692
2025-09-25,BTC-INR,9680671.0,703.6850587959715
2025-09-26,BTC-INR,9728484.0,707.1605713628392
2025-09-27,BTC-INR,9726322.0,707.0034162341175
2025-09-28,BTC-INR,9942705.0,722.7322313211553
2025-09-29,BTC-INR,10147834.0,737.6429965383348
2025-09-30,BTC-INR,10132805.0,736.5505430556533
2025-10-01,BTC-INR,10522173.0,764.8535856828915
2025-10-02,BTC-INR,10706896.0,778.2810449071508
2025-10-03,BTC-INR,10849364.0,788.6370009102568
2025-10-04,BTC-INR,10863482.0,789.663234077367
2025-10-05,BTC-INR,10960012.0,796.6799706987824
2025-10-06,BTC-INR,11068399.0,804.5585890784091
2025-10-07,BTC-INR,10777582.0,783.4191889537826
2025-10-08,BTC-INR,10949120.0,795.8882344998758
2025-10-09,BTC-INR,10815446.0,786.1715117076754
2025-10-10,BTC-INR,10048381.0,730.4137879274405
2025-10-11,BTC-INR,9834343.0,714.8554301839976
2025-10-12,BTC-INR,10222185.0,743.0475483309264
2025-10-13,BTC-INR,10220550.0,742.9287006734519
2025-10-14,BTC-INR,10042964.0,730.0200278292511
2025-10-15,BTC-INR,9727886.0,707.1171029229799
2025-10-16,BTC-INR,9519392.0,691.9617368694692
2025-10-17,BTC-INR,9371896.0,681.2402970609919
2025-10-18,BTC-INR,9436197.0,685.9143173810338
2025-10-19,BTC-INR,9562948.0,695.1278093887106
2025-10-20,BTC-INR,9718583.0,706.4408706554049
2025-10-21,BTC-INR,9545787.0,693.8803814682701
2025-10-22,BTC-INR,9448656.0,686.8199583378992
2025-10-23,BTC-INR,9661838.0,702.3160936992024
2025-10-24,BTC-INR,9751005.0,708.7976160686394
2025-10-25,BTC-INR,9804382.0,712.6775741194143
2025-10-26,BTC-INR,10054859.0,730.8846717960153
2025-10-27,BTC-INR,10067875.0,731.8308009150905
2025-10-28,BTC-INR,9965642.0,724.3995149416402
2025-10-29,BTC-INR,9723050.0,706.765575539771
2025-10-30,BTC-INR,9599635.0,697.7945763671615
2025-10-31,BTC-INR,9723620.0,706.8070086680649
2025-11-01,BTC-INR,9770216.0,710.1940578715403
2025-11-02,BTC-INR,9823481.0,714.0658746760538
2025-11-03,BTC-INR,9453286.0,687.1565116431634
2025-11-04,BTC-INR,9014345.0,655.2500225792377
2025-11-05,BTC-INR,9200354.0,668.7709607561037
2025-11-06,BTC-INR,8982715.0,652.950847407422
2025-11-07,BTC-INR,9165552.0,666.2412138598175
2025-11-08,BTC-INR,9068881.0,659.2142279908767
2025-11-09,BTC-INR,9284472.0,674.8854728364956
2025-11-10,BTC-INR,9402677.0,683.4777586785594
2025-11-11,BTC-INR,9111852.0,662.3377770363429
2025-11-12,BTC-INR,9006762.0,654.6988165935318
2025-11-13,BTC-INR,8854777.0,643.6510727273156
2025-11-14,BTC-INR,8371738.5,608.5391496722693
2025-11-15,BTC-INR,8474204.0,615.9873360006818
2025-11-16,BTC-INR,8352310.0,607.1268978598881
2025-11-17,BTC-INR,8162846.0,593.3548167738022
2025-11-18,BTC-INR,8231288.5,598.3298814812633
2025-11-19,BTC-INR,8093601.0,588.3214185830852
2025-11-20,BTC-INR,7683595.5,558.5182422976632
2025-11-21,BTC-INR,7625883.5,554.3231744027588
2025-11-22,BTC-INR,7588007.0,551.5699430276313
2025-11-23,BTC-INR,7780417.0,565.5561679662676
2025-11-24,BTC-INR,7869148.5,572.0060339718942
2025-11-25,BTC-INR,7786841.0,566.0231265911093
2025-11-26,BTC-INR,8070877.0,586.6696178684364
2025-11-27,BTC-INR,8157731.0,592.9830089646388
2025-11-28,BTC-INR,8123441.0,590.4904791941184
2025-11-29,BTC-INR,8117409.0,590.052014931191
2025-11-30,BTC-INR,8077176.0,587.127490280933
2025-12-01,BTC-INR,7735530.5,562.2933818028245
2025-12-02,BTC-INR,8213977.5,597.0715501060089
2025-12-03,BTC-INR,8433481.0,613.0271933980308
2025-12-04,BTC-INR,8277694.5,601.7031196419741
2025-12-05,BTC-INR,8040593.5,584.4683193760026
2025-12-06,BTC-INR,8030809.0,583.7570870184738
2025-12-07,BTC-INR,8132017.5,591.1139023955435
2025-12-08,BTC-INR,8169414.0,593.8322427152656
2025-12-09,BTC-INR,8334582.0,605.8382548802501
2025-12-10,BTC-INR,8262860.0,600.6248043057016
2025-12-11,BTC-INR,8349263.5,606.9054486926123
2025-12-12,BTC-INR,8171984.0,594.0190552410818
2025-12-13,BTC-INR,8179664.0,594.5773121275674
2025-12-14,BTC-INR,7987312.0,580.5953031914594
2025-12-15,BTC-INR,7844941.5,570.2464344339826
2025-12-16,BTC-INR,7989345.5,580.7431176938902
2025-12-17,BTC-INR,7788822.0,566.1671248843552
2025-12-18,BTC-INR,7713508.0,560.6925729118567
2025-12-19,BTC-INR,7892067.5,573.6720091778013
2025-12-20,BTC-INR,7913621.5,575.2387629448996
2025-12-21,BTC-INR,7937970.5,577.0086844200353
2025-12-22,BTC-INR,7929082.0,576.3625820325966
2025-12-23,BTC-INR,7821298.0,568.5277955413229
2025-12-24,BTC-INR,7870193.5,572.0819947070995
2025-12-25,BTC-INR,7860622.0,571.3862452554071
2025-12-26,BTC-INR,7838459.5,569.7752598066127
2025-12-27,BTC-INR,7885906.5,573.2241679437338
2025-12-28,BTC-INR,7888931.5,573.4440542824864
2025-12-29,BTC-INR,7833758.0,569.433509187887
2025-12-30,BTC-INR,7938369.0,577.0376512649916
2025-12-31,BTC-INR,7874082.0,572.3646486007324
2026-01-01,BTC-INR,7982999.5,580.2818288655518
2026-01-02,BTC-INR,8096322.0,588.5192072534143
2026-01-03,BTC-INR,8155596.0,592.8278164577837
2026-01-04,BTC-INR,8227495.5,598.0541694538623
2026-01-05,BTC-INR,8471319.0,615.7776262197559
2026-01-06,BTC-INR,8449442.0,614.1873936799578
2026-01-07,BTC-INR,8204755.0,596.401169359184
2026-01-08,BTC-INR,8183853.0,594.881809275678
2026-01-09,BTC-INR,8170468.0,593.9088576577598
2026-01-10,BTC-INR,8159054.0,593.0791774360998
2026-01-11,BTC-INR,8197093.5,595.8442572321253
2026-01-12,BTC-INR,8219494.0,597.4725428292248
2026-01-13,BTC-INR,8605969.0,625.565294157947
2026-01-14,BTC-INR,8744874.0,635.662256764367
2026-01-15,BTC-INR,8634181.0,627.6160159393971
2026-01-16,BTC-INR,8666691.0,629.9791580461227
2026-01-17,BTC-INR,8641730.0,628.1647504753452
2026-01-18,BTC-INR,8494239.0,617.4436741153619
2026-01-19,BTC-INR,8413562.0,611.579287288407
2026-01-20,BTC-INR,8046761.5,584.9166694379614
2026-01-21,BTC-INR,8181312.0,594.697104751126
2026-01-22,BTC-INR,8191052.0,595.4051024170597
2026-01-23,BTC-INR,8199137.0,595.9927986315438
2026-01-24,BTC-INR,8161920.0,593.2875061127494
2026-01-25,BTC-INR,7929323.5,576.3801365948474
2026-01-26,BTC-INR,8095274.0,588.4430284491126
2026-01-27,BTC-INR,8156051.5,592.8609266155695
2026-01-28,BTC-INR,8208641.5,596.6836778734192
2026-01-29,BTC-INR,7761253.5,564.163178924058
2026-01-30,BTC-INR,7713710.0,560.7072562310063
2026-01-31,BTC-INR,7208184.0,523.9607235750684
2026-02-01,BTC-INR,7058598.0,513.0873622961803
2026-02-02,BTC-INR,7117218.0,517.3484324375601
2026-02-03,BTC-INR,6839024.0,497.1265943803958
2026-02-04,BTC-INR,6604043.0,480.0458962757978
2026-02-05,BTC-INR,5662943.0,411.63762077166297
2026-02-06,BTC-INR,6392071.0,464.6377154499956
2026-02-07,BTC-INR,6276704.0,456.2517229730159
2026-02-08,BTC-INR,6363837.5,462.5854308400221
2026-02-09,BTC-INR,6365336.5,462.69439269846515
2026-02-10,BTC-INR,6231930.5,452.9971507455328
2026-02-11,BTC-INR,6078586.0,441.85058523385095
2026-02-12,BTC-INR,5997345.0,435.94520141679493
2026-02-13,BTC-INR,6235835.0,453.2809676743458
2026-02-14,BTC-INR,6317841.0,459.24195911095416
2026-02-15,BTC-INR,6229468.0,452.8181523623334
2026-02-16,BTC-INR,6249798.5,454.29597028299736
2026-02-17,BTC-INR,6116761.0,444.6255144840585
2026-02-18,BTC-INR,6030996.5,438.39131881465636
2026-02-19,BTC-INR,6095903.5,443.1093890921475
2026-02-20,BTC-INR,6169917.5,448.48944445625654
2026-02-21,BTC-INR,6169767.5,448.47854100144235
2026-02-22,BTC-INR,6138783.5,446.22632337502637
2026-02-23,BTC-INR,5881503.5,427.52471767775313
2026-02-24,BTC-INR,5826051.5,423.4939285020489
2026-02-25,BTC-INR,6181064.5,449.29971652834723
2026-02-26,BTC-INR,6138808.5,446.22814061749534
2026-02-27,BTC-INR,6000570.0,436.17962569529965
2026-02-28,BTC-INR,6101748.5,443.5342603814065
2026-03-01,BTC-INR,5986515.5,435.15800832406086
2026-03-02,BTC-INR,6297341.0,457.75182028635015
2026-03-03,BTC-INR,6283620.0,456.7544449296482
2026-03-04,BTC-INR,6698342.5,486.9004985241265
2026-03-05,BTC-INR,6502305.0,472.6505917032341
2026-03-06,BTC-INR,6264500.0,455.3646178893347
2026-03-07,BTC-INR,6185073.0,449.5910931858314
2026-03-08,BTC-INR,6065060.0,440.8673843684074
2026-03-09,BTC-INR,6314289.5,458.9838016458038
2026-03-10,BTC-INR,6439936.5,468.1170442260482
2026-03-11,BTC-INR,6474930.0,470.66071119964715
2026-03-12,BTC-INR,6512894.0,473.42030292341616
2026-03-13,BTC-INR,6572006.0,477.7171363965863
2026-03-14,BTC-INR,6593395.5,479.27193270823824
2026-03-15,BTC-INR,6737545.5,489.75015278466054
2026-03-16,BTC-INR,6906655.0,502.0426713973123
2026-03-17,BTC-INR,6829509.0,496.43495189668323
2026-03-18,BTC-INR,6638432.0,482.54562232649556
2026-03-19,BTC-INR,6507885.0,473.0562002223214
2026-03-20,BTC-INR,6632547.0,482.1178434492861
2026-03-21,BTC-INR,6459608.5,469.54699598007795
2026-03-22,BTC-INR,6364373.5,462.6243925185581
2026-03-23,BTC-INR,6616349.5,480.94045205360214
2026-03-24,BTC-INR,6648765.0,483.2967249837948
2026-03-25,BTC-INR,6712231.5,487.9100857502204
2026-03-26,BTC-INR,6488215.5,471.6264301925387
2026-03-27,BTC-INR,6293136.5,457.4461964479088
2026-03-28,BTC-INR,6285945.0,456.92344847926785
2026-03-29,BTC-INR,6251342.5,454.40820317788456
2026-03-30,BTC-INR,6292494.5,457.3995296613042
2026-03-31,BTC-INR,6378767.5,463.67068804252636
2026-04-01,BTC-INR,6306991.0,458.4532758793954
2026-04-02,BTC-INR,6218888.0,452.04909534944034
2026-04-03,BTC-INR,6208773.0,451.3138390464711
2026-04-04,BTC-INR,6256571.5,454.78829761270674
2026-04-05,BTC-INR,6413833.5,466.21962501928544
2026-04-06,BTC-INR,6401457.5,465.3200173074173
2026-04-07,BTC-INR,6680446.0,485.5996073302473
2026-04-08,BTC-INR,6563502.0,477.0989831983213
2026-04-09,BTC-INR,6636375.0,482.39609961614394
2026-04-10,BTC-INR,6794791.0,493.911310935093
2026-04-11,BTC-INR,6801736.0,494.4161408929893
2026-04-12,BTC-INR,6686836.5,486.06413085018056
2026-04-13,BTC-INR,7072097.0,514.0686005397573
2026-04-14,BTC-INR,6911178.0,502.37144690480903
2026-04-15,BTC-INR,6985833.0,507.79809636582394
2026-04-16,BTC-INR,6992766.0,508.30205404733516
2026-04-17,BTC-INR,7142138.0,519.1598597306883
2026-04-18,BTC-INR,7012432.5,509.73160600802163
2026-04-19,BTC-INR,6839361.5,497.15112715372766
2026-04-20,BTC-INR,7065541.0,513.5920468746791
2026-04-21,BTC-INR,7148380.0,519.6135888303555
2026-04-22,BTC-INR,7335509.5,533.2159758146834
2026-04-23,BTC-INR,7366137.0,535.4422795634912
2026-04-24,BTC-INR,7285880.5,529.6084587548654
2026-04-25,BTC-INR,7300698.5,530.6855747111084
2026-04-26,BTC-INR,7413515.5,538.886208456247
2026-04-27,BTC-INR,7292481.0,530.0882471115385
2026-04-28,BTC-INR,7226266.5,525.2751350529172
2026-04-29,BTC-INR,7192433.0,522.8157881298812
2026-04-30,BTC-INR,7230547.0,525.5862833084643
2026-05-01,BTC-INR,7418534.5,539.2510380543293
2026-05-02,BTC-INR,7465400.0,542.6576771316209
2026-05-03,BTC-INR,7454102.0,541.8364289150172
2026-05-04,BTC-INR,7604370.5,552.7594009133097
2026-05-05,BTC-INR,7697842.0,559.5538160910642
2026-05-06,BTC-INR,7698733.0,559.6185826126604
2026-05-07,BTC-INR,7541783.0,548.2099343920951
2026-05-08,BTC-INR,7571675.0,550.382774867464
2026-05-09,BTC-INR,7620980.0,553.9667404648833
2026-05-10,BTC-INR,7756013.5,563.7822849025495
2026-05-11,BTC-INR,7796196.5,566.7031750678694
2026-05-12,BTC-INR,7696909.0,559.48599660212
2026-05-13,BTC-INR,7586507.5,551.460944824339
2026-05-14,BTC-INR,7757423.5,563.8847773778027
2026-05-15,BTC-INR,7590543.0,551.7542841036897
2026-05-16,BTC-INR,7502727.0,545.3709655172789
2026-05-17,BTC-INR,7430937.0,540.1525720432147
2026-05-18,BTC-INR,7408409.5,538.5150548543726
2026-05-19,BTC-INR,7411532.0,538.7420284387543
2026-05-20,BTC-INR,7476882.5,543.492336597646
2026-05-21,BTC-INR,7457263.5,542.0662373976506
2026-05-22,BTC-INR,7225715.5,525.2350830288998
2026-05-23,BTC-INR,7337677.5,533.3735670815976
2026-05-24,BTC-INR,7368614.0,535.6223319473224
2026-05-25,BTC-INR,7361145.0,535.0794125872753
2026-05-26,BTC-INR,7283990.5,529.4710752242067
2026-05-27,BTC-INR,7147536.5,519.5522750694504
2026-05-28,BTC-INR,7047468.0,512.2783259489686
2026-05-29,BTC-INR,6971604.5,506.76383098700074
2026-05-30,BTC-INR,7011470.5,509.6616785178134
2026-05-31,BTC-INR,6991166.0,508.1857505293173
2026-06-01,BTC-INR,6814721.5,495.3600529762524
2026-06-02,BTC-INR,6371100.0,463.1133397772751
2026-06-03,BTC-INR,6155926.0,447.4724065360396
2023-01-01,ETH-INR,99378.78125,100.0
2023-01-02,ETH-INR,100459.578125,101.08755295789061
2023-01-03,ETH-INR,100558.609375,101.1872032542158
2023-01-04,ETH-INR,103872.7265625,104.5220370545649
2023-01-05,ETH-INR,103343.0546875,103.98905419007643
2023-01-06,ETH-INR,104436.3828125,105.08921673106148
2023-01-07,ETH-INR,104016.1328125,104.66633973990298
2023-01-08,ETH-INR,105916.0,106.57808303520527
2023-01-09,ETH-INR,108604.53125,109.28342034784211
2023-01-10,ETH-INR,109115.75,109.79783473647701
2023-01-11,ETH-INR,113299.796875,114.00803617220853
2023-01-12,ETH-INR,115016.9921875,115.73596570696525
2023-01-13,ETH-INR,117994.65625,118.7322432070981
2023-01-14,ETH-INR,126048.6640625,126.8365967835815
2023-01-15,ETH-INR,126192.953125,126.98178779989817
2023-01-16,ETH-INR,128752.953125,129.55779041111956
2023-01-17,ETH-INR,127819.8125,128.61881670540208
2023-01-18,ETH-INR,123417.203125,124.18868653110997
2023-01-19,ETH-INR,126129.7734375,126.9182131749075
2023-01-20,ETH-INR,134400.671875,135.2408131640274
2023-01-21,ETH-INR,131757.9375,132.58155900357252
2023-01-22,ETH-INR,131856.6875,132.68092629179833
2023-01-23,ETH-INR,132683.3125,133.51271854121273
2023-01-24,ETH-INR,127022.25,127.81626862625669
2023-01-25,ETH-INR,131359.203125,132.18033213201636
2023-01-26,ETH-INR,130565.6953125,131.38186408630364
2023-01-27,ETH-INR,130273.0,131.08733912954884
2023-01-28,ETH-INR,128177.90625,128.9791489065982
2023-01-29,ETH-INR,134183.71875,135.02250386070216
2023-01-30,ETH-INR,127862.6484375,128.66192041120448
2023-01-31,ETH-INR,129728.859375,130.5397970706146
2023-02-01,ETH-INR,134151.796875,134.99038244142284
2023-02-02,ETH-INR,134821.625,135.66439767543437
2023-02-03,ETH-INR,137327.53125,138.18596839554218
2023-02-04,ETH-INR,137516.796875,138.37641712375094
2023-02-05,ETH-INR,134374.78125,135.2147606962125
2023-02-06,ETH-INR,133753.265625,134.58935996460514
2023-02-07,ETH-INR,138345.5,139.2103004885663
2023-02-08,ETH-INR,136447.84375,137.30078195137858
2023-02-09,ETH-INR,127630.2578125,128.42807710775784
2023-02-10,ETH-INR,124969.046875,125.75023088744108
2023-02-11,ETH-INR,127027.171875,127.82122126799578
2023-02-12,ETH-INR,125008.90625,125.79033942419171
2023-02-13,ETH-INR,124489.265625,125.26745051524767
2023-02-14,ETH-INR,129014.90625,129.8213810103452
2023-02-15,ETH-INR,138487.5625,139.35325102409627
2023-02-16,ETH-INR,135613.171875,136.46089252578756
2023-02-17,ETH-INR,140353.734375,141.2310883768259
2023-02-18,ETH-INR,140106.59375,140.98240287083416
2023-02-19,ETH-INR,139164.921875,140.03484458610222
2023-02-20,ETH-INR,140807.421875,141.68761188646596
2023-02-21,ETH-INR,137387.96875,138.24678369156393
2023-02-22,ETH-INR,136117.984375,136.96886061882552
2023-02-23,ETH-INR,136408.15625,137.260846364022
2023-02-24,ETH-INR,133388.015625,134.22182677954706
2023-02-25,ETH-INR,132270.359375,133.09718403796583
2023-02-26,ETH-INR,136077.15625,136.9277772763992
2023-02-27,ETH-INR,135080.578125,135.92496952159996
2023-02-28,ETH-INR,132704.1875,133.53372403125542
2023-03-01,ETH-INR,137100.453125,137.95747080063933
2023-03-02,ETH-INR,135665.0625,136.51310752012267
2023-03-03,ETH-INR,128221.015625,129.02252775916386
2023-03-04,ETH-INR,128037.6640625,128.83803006237812
2023-03-05,ETH-INR,127837.0390625,128.63615095148896
2023-03-06,ETH-INR,128298.8828125,129.10088169601093
2023-03-07,ETH-INR,128195.4296875,128.99678188345663
2023-03-08,ETH-INR,125741.1640625,126.52717459492892
2023-03-09,ETH-INR,117996.859375,118.73446010387656
2023-03-10,ETH-INR,117217.46875,117.95019749248534
2023-03-11,ETH-INR,121523.4140625,122.28305935528869
2023-03-12,ETH-INR,130380.546875,131.1955582822163
2023-03-13,ETH-INR,138488.96875,139.35466606459315
2023-03-14,ETH-INR,140207.21875,141.0836568797225
2023-03-15,ETH-INR,136992.5625,137.84890574918376
2023-03-16,ETH-INR,138576.5,139.44274447418826
2023-03-17,ETH-INR,147938.5625,148.86332941419525
2023-03-18,ETH-INR,145394.4375,146.3033010379165
2023-03-19,ETH-INR,147373.703125,148.2949390919402
2023-03-20,ETH-INR,143214.9375,144.11017693980824
2023-03-21,ETH-INR,149378.375,150.31214221094103
2023-03-22,ETH-INR,143406.578125,144.30301551418955
2023-03-23,ETH-INR,149427.578125,150.3616529056599
2023-03-24,ETH-INR,144276.4375,145.17831239754713
2023-03-25,ETH-INR,143594.578125,144.49219070595112
2023-03-26,ETH-INR,146207.546875,147.1214931758886
2023-03-27,ETH-INR,141037.03125,141.91865655426318
2023-03-28,ETH-INR,145660.125,146.57064935579496
2023-03-29,ETH-INR,147484.359375,148.40628705637303
2023-03-30,ETH-INR,147184.890625,148.10494632122487
2023-03-31,ETH-INR,149734.96875,150.67096503560714
2023-04-01,ETH-INR,149064.234375,149.99603788660872
2023-04-02,ETH-INR,147580.34375,148.50287143162163
2023-04-03,ETH-INR,148698.078125,149.62759278656378
2023-04-04,ETH-INR,153637.6875,154.5980797586004
2023-04-05,ETH-INR,156452.765625,157.43075499328484
2023-04-06,ETH-INR,153264.171875,154.2222292799551
2023-04-07,ETH-INR,152749.40625,153.70424584473358
2023-04-08,ETH-INR,151363.859375,152.31003788849543
2023-04-09,ETH-INR,152256.0625,153.20781819308132
2023-04-10,ETH-INR,156688.71875,157.66818306599026
2023-04-11,ETH-INR,155292.65625,156.26339375136985
2023-04-12,ETH-INR,157421.140625,158.40518332478544
2023-04-13,ETH-INR,164393.921875,165.4215515698931
2023-04-14,ETH-INR,172010.875,173.0861184212802
2023-04-15,ETH-INR,171252.09375,172.32259401450446
2023-04-16,ETH-INR,173511.984375,174.59661126101807
2023-04-17,ETH-INR,170262.0,171.32631116866307
2023-04-18,ETH-INR,172799.65625,173.87983035865616
2023-04-19,ETH-INR,159445.3125,160.4420083386764
2023-04-20,ETH-INR,159608.28125,160.6059958095934
2023-04-21,ETH-INR,151775.5625,152.7243145779673
2023-04-22,ETH-INR,153763.296875,154.72447432031674
2023-04-23,ETH-INR,152791.59375,153.74669705964018
2023-04-24,ETH-INR,150834.390625,151.7772594187454
2023-04-25,ETH-INR,153058.578125,154.01535035931022
2023-04-26,ETH-INR,152623.640625,153.57769405629534
2023-04-27,ETH-INR,156070.484375,157.04608409554228
2023-04-28,ETH-INR,154704.703125,155.67176531962147
2023-04-29,ETH-INR,156044.234375,157.01967000626706
2023-04-30,ETH-INR,153429.28125,154.38837075696176
2023-05-01,ETH-INR,149808.0,150.74445280541212
2023-05-02,ETH-INR,152990.8125,153.9471611300325
2023-05-03,ETH-INR,155762.921875,156.73659901620096
2023-05-04,ETH-INR,153439.125,154.39827604043995
2023-05-05,ETH-INR,163055.84375,164.07510909176096
2023-05-06,ETH-INR,155304.65625,156.27546876360995
2023-05-07,ETH-INR,153086.3125,154.04325810244327
2023-05-08,ETH-INR,151232.203125,152.17755865264246
2023-05-09,ETH-INR,151780.203125,152.72898421160704
2023-05-10,ETH-INR,150929.796875,151.87326205512306
2023-05-11,ETH-INR,147492.875,148.41485591271527
2023-05-12,ETH-INR,148721.015625,149.65067366933522
2023-05-13,ETH-INR,147641.515625,148.5644256932362
2023-05-14,ETH-INR,148002.171875,148.92733641267108
2023-05-15,ETH-INR,149524.828125,150.4595108173557
2023-05-16,ETH-INR,150118.34375,151.05673652040284
2023-05-17,ETH-INR,150214.40625,151.1533995090124
2023-05-18,ETH-INR,149048.609375,149.98031521442107
2023-05-19,ETH-INR,150152.734375,151.0913421218878
2023-05-20,ETH-INR,150808.03125,151.75073527076486
2023-05-21,ETH-INR,149604.75,150.5399322855954
2023-05-22,ETH-INR,150537.765625,151.47878020993542
2023-05-23,ETH-INR,153711.359375,154.67221215796505
2023-05-24,ETH-INR,148893.203125,149.8239375168429
2023-05-25,ETH-INR,149428.84375,150.36292644210707
2023-05-26,ETH-INR,150985.390625,151.92920332276665
2023-05-27,ETH-INR,151185.90625,152.13097237495052
2023-05-28,ETH-INR,157793.84375,158.780216224477
2023-05-29,ETH-INR,156330.3125,157.30753641135038
2023-05-30,ETH-INR,157184.9375,158.16750368932503
2023-05-31,ETH-INR,154928.828125,155.89729132948088
2023-06-01,ETH-INR,153215.890625,154.1736462228953
2023-06-02,ETH-INR,157162.234375,158.1446586466364
2023-06-03,ETH-INR,155931.484375,156.90621520376112
2023-06-04,ETH-INR,155797.296875,156.77118889501372
2023-06-05,ETH-INR,149497.3125,150.43182319163327
2023-06-06,ETH-INR,155505.421875,156.4774893785488
2023-06-07,ETH-INR,151389.515625,152.33585451622753
2023-06-08,ETH-INR,152298.765625,153.25078825617013
2023-06-09,ETH-INR,151680.09375,152.62824905090088
2023-06-10,ETH-INR,144439.4375,145.3423313138085
2023-06-11,ETH-INR,144560.40625,145.46405624188515
2023-06-12,ETH-INR,143475.375,144.3722424398317
2023-06-13,ETH-INR,143106.34375,144.00090436810424
2023-06-14,ETH-INR,135416.9375,136.2634314857831
2023-06-15,ETH-INR,136427.484375,137.2802953095181
2023-06-16,ETH-INR,140606.765625,141.4857013302324
2023-06-17,ETH-INR,141469.671875,142.3540016244665
2023-06-18,ETH-INR,140941.1875,141.82221368306426
2023-06-19,ETH-INR,142460.359375,143.350881931851
2023-06-20,ETH-INR,146939.40625,147.85792741848502
2023-06-21,ETH-INR,154952.4375,155.92104828715637
2023-06-22,ETH-INR,153430.640625,154.3897386294421
2023-06-23,ETH-INR,155134.8125,156.10456331693038
2023-06-24,ETH-INR,153809.71875,154.7711863793862
2023-06-25,ETH-INR,155813.09375,156.78708451659546
2023-06-26,ETH-INR,152485.84375,153.43903581027263
2023-06-27,ETH-INR,154952.953125,155.92156713533856
2023-06-28,ETH-INR,149942.53125,150.8798250129476
2023-06-29,ETH-INR,152022.765625,152.9730629746478
2023-06-30,ETH-INR,158707.5625,159.69964664866524
2023-07-01,ETH-INR,157999.640625,158.9872995398603
2023-07-02,ETH-INR,159057.0,160.05126848946944
2023-07-03,ETH-INR,160244.828125,161.24652175184528
2023-07-04,ETH-INR,158818.1875,159.81096316775367
2023-07-05,ETH-INR,157421.65625,158.40570217296764
2023-07-06,ETH-INR,153009.140625,153.96560382450858
2023-07-07,ETH-INR,154623.828125,155.59038476837833
2023-07-08,ETH-INR,154186.65625,155.15048012324058
2023-07-09,ETH-INR,153913.578125,154.87569498141738
2023-07-10,ETH-INR,155193.953125,156.1640736311606
2023-07-11,ETH-INR,154775.171875,155.74267457118768
2023-07-12,ETH-INR,153517.1875,154.47682651068936
2023-07-13,ETH-INR,164596.25,165.62514445205073
2023-07-14,ETH-INR,159285.84375,160.28154274632948
2023-07-15,ETH-INR,158604.796875,159.59623863368722
2023-07-16,ETH-INR,157890.125,158.87709933049717
2023-07-17,ETH-INR,156860.03125,157.84056644385544
2023-07-18,ETH-INR,155746.59375,156.72016882376488
2023-07-19,ETH-INR,155015.6875,155.98469366417189
2023-07-20,ETH-INR,155216.125,156.18638410299482
2023-07-21,ETH-INR,155156.34375,156.12622915920497
2023-07-22,ETH-INR,152930.359375,153.8863301113385
2023-07-23,ETH-INR,154921.375,155.88979161484735
2023-07-24,ETH-INR,151357.078125,152.303214248766
2023-07-25,ETH-INR,152245.03125,153.19671798651686
2023-07-26,ETH-INR,153471.71875,154.43107353462338
2023-07-27,ETH-INR,153247.1875,154.2051387352871
2023-07-28,ETH-INR,154228.609375,155.19269549806438
2023-07-29,ETH-INR,154748.859375,155.71619759122373
2023-07-30,ETH-INR,153125.875,154.08306790842235
2023-07-31,ETH-INR,152655.15625,153.6094066860978
2023-08-01,ETH-INR,154051.953125,155.01493496631102
2023-08-02,ETH-INR,152154.421875,153.1055422105008
2023-08-03,ETH-INR,151920.9375,152.87059832000102
2023-08-04,ETH-INR,151109.1875,152.05377405450923
2023-08-05,ETH-INR,151710.65625,152.6590025976999
2023-08-06,ETH-INR,151122.96875,152.06764145137873
2023-08-07,ETH-INR,151267.890625,152.213469235919
2023-08-08,ETH-INR,153758.28125,154.71942734254452
2023-08-09,ETH-INR,153659.25,154.61977704621933
2023-08-10,ETH-INR,153242.65625,154.2005791603527
2023-08-11,ETH-INR,153232.734375,154.19059526351356
2023-08-12,ETH-INR,153379.1875,154.33796386992822
2023-08-13,ETH-INR,152471.8125,153.42491685064815
2023-08-14,ETH-INR,153587.65625,154.54773576225557
2023-08-15,ETH-INR,152001.796875,152.95196314857202
2023-08-16,ETH-INR,150298.078125,151.23759441857715
2023-08-17,ETH-INR,140015.53125,140.89077113732463
2023-08-18,ETH-INR,138119.21875,138.98260474994507
2023-08-19,ETH-INR,138828.265625,139.69608389114754
2023-08-20,ETH-INR,140125.015625,141.00093990134337
2023-08-21,ETH-INR,138572.984375,139.43920687294602
2023-08-22,ETH-INR,135727.53125,136.5759667635288
2023-08-23,ETH-INR,138615.640625,139.48212976801827
2023-08-24,ETH-INR,137180.5625,138.03808094094532
2023-08-25,ETH-INR,136446.90625,137.29983859104732
2023-08-26,ETH-INR,135899.765625,136.74927777905305
2023-08-27,ETH-INR,137017.578125,137.87407774735615
2023-08-28,ETH-INR,136644.9375,137.49910773835333
2023-08-29,ETH-INR,142703.5,143.59554243376274
2023-08-30,ETH-INR,141013.875,141.89535555408114
2023-08-31,ETH-INR,136065.8125,136.916362616391
2023-09-01,ETH-INR,134715.0625,135.55716905111473
2023-09-02,ETH-INR,135421.03125,136.26755082589625
2023-09-03,ETH-INR,135346.203125,136.1922549487897
2023-09-04,ETH-INR,134830.265625,135.67309231315411
2023-09-05,ETH-INR,135734.75,136.5832306380795
2023-09-06,ETH-INR,135897.5,136.74699799158586
2023-09-07,ETH-INR,137148.9375,138.00625825243756
2023-09-08,ETH-INR,135873.0625,136.72240773228438
2023-09-09,ETH-INR,135792.046875,136.64088567699153
2023-09-10,ETH-INR,134247.8125,135.0869982620158
2023-09-11,ETH-INR,128692.28125,129.49673927501502
2023-09-12,ETH-INR,131935.15625,132.7598855515246
2023-09-13,ETH-INR,133370.359375,134.20406015997503
2023-09-14,ETH-INR,135085.3125,135.92973349127283
2023-09-15,ETH-INR,136426.96875,137.2797764613359
2023-09-16,ETH-INR,135893.546875,136.74302015552237
2023-09-17,ETH-INR,134840.078125,135.68296615128796
2023-09-18,ETH-INR,136295.46875,137.14745445220478
2023-09-19,ETH-INR,136747.015625,137.60182395575515
2023-09-20,ETH-INR,134841.515625,135.6844126371292
2023-09-21,ETH-INR,131309.8125,132.13063276523127
2023-09-22,ETH-INR,132399.5625,133.22719481428538
2023-09-23,ETH-INR,132448.546875,133.27648539159358
2023-09-24,ETH-INR,131171.390625,131.99134561232106
2023-09-25,ETH-INR,131877.734375,132.70210473123507
2023-09-26,ETH-INR,132731.40625,133.56111292620628
2023-09-27,ETH-INR,132969.015625,133.80020760216357
2023-09-28,ETH-INR,137520.65625,138.3803006237813
2023-09-29,ETH-INR,138735.484375,139.6027226636974
2023-09-30,ETH-INR,139003.140625,139.8720520382715
2023-10-01,ETH-INR,143967.046875,144.86698776555986
2023-10-02,ETH-INR,138681.734375,139.54863667137195
2023-10-03,ETH-INR,137881.875,138.74377735941493
2023-10-04,ETH-INR,137190.828125,138.0484107365726
2023-10-05,ETH-INR,134117.3125,134.95568250390474
2023-10-06,ETH-INR,136776.5,137.6314926381732
2023-10-07,ETH-INR,135860.578125,136.7098453172065
2023-10-08,ETH-INR,135788.484375,136.63730090773277
2023-10-09,ETH-INR,131551.375,132.37370527725204
2023-10-10,ETH-INR,130512.953125,131.3287922063343
2023-10-11,ETH-INR,130233.375,131.047466432881
2023-10-12,ETH-INR,128192.21875,128.99355087432207
2023-10-13,ETH-INR,129257.3125,130.0653025466641
2023-10-14,ETH-INR,129521.0859375,130.3307248371996
2023-10-15,ETH-INR,129760.0390625,130.57117166296504
2023-10-16,ETH-INR,133159.25,133.99163113604797
2023-10-17,ETH-INR,130329.0078125,131.1436970480054
2023-10-18,ETH-INR,130210.875,131.0248257849308
2023-10-19,ETH-INR,130291.03125,131.10548309325335
2023-10-20,ETH-INR,133592.453125,134.42754222245003
2023-10-21,ETH-INR,135643.59375,136.49150456853684
2023-10-22,ETH-INR,138330.921875,139.19563123541525
2023-10-23,ETH-INR,146578.921875,147.49518964844418
2023-10-24,ETH-INR,148137.9375,149.06395071130942
2023-10-25,ETH-INR,148625.421875,149.5544823608913
2023-10-26,ETH-INR,150245.71875,151.1849077440764
2023-10-27,ETH-INR,148485.234375,149.41341854602388
2023-10-28,ETH-INR,148199.359375,149.125756535679
2023-10-29,ETH-INR,149769.9375,150.70615237596306
2023-10-30,ETH-INR,150685.4375,151.6273751847807
2023-10-31,ETH-INR,151270.609375,152.21620498087967
2023-11-01,ETH-INR,153777.15625,154.73842033054717
2023-11-02,ETH-INR,149879.296875,150.8161953586043
2023-11-03,ETH-INR,152412.9375,153.36567382184515
2023-11-04,ETH-INR,154483.875,155.4495567935937
2023-11-05,ETH-INR,157517.34375,158.5019878174447
2023-11-06,ETH-INR,158110.234375,159.09858461360434
2023-11-07,ETH-INR,157154.140625,158.1365143024432
2023-11-08,ETH-INR,157227.421875,158.2102536350032
2023-11-09,ETH-INR,176679.5,177.78392708956673
2023-11-10,ETH-INR,173109.578125,174.1916895614978
2023-11-11,ETH-INR,170979.265625,172.04806043543627
2023-11-12,ETH-INR,170366.078125,171.4310398881049
2023-11-13,ETH-INR,170970.421875,172.03916140297807
2023-11-14,ETH-INR,164307.484375,165.33457374735113
2023-11-15,ETH-INR,171397.84375,172.4692551006707
2023-11-16,ETH-INR,162989.546875,164.00839779366885
2023-11-17,ETH-INR,163358.515625,164.37967297470757
2023-11-18,ETH-INR,163525.453125,164.54765400436023
2023-11-19,ETH-INR,167684.3125,168.73251049252528
2023-11-20,ETH-INR,168497.9375,169.5512214786796
2023-11-21,ETH-INR,161446.65625,162.45586252850129
2023-11-22,ETH-INR,172099.890625,173.17569048473314
2023-11-23,ETH-INR,171873.421875,172.94780607404562
2023-11-24,ETH-INR,173392.53125,174.47641143214364
2023-11-25,ETH-INR,173664.234375,174.74981297881433
2023-11-26,ETH-INR,171911.359375,172.98598072211718
2023-11-27,ETH-INR,169011.078125,170.06756975599356
2023-11-28,ETH-INR,170878.421875,171.94658630913727
2023-11-29,ETH-INR,169154.078125,170.21146365185476
2023-11-30,ETH-INR,171087.203125,172.15667265490842
2023-12-01,ETH-INR,173755.765625,174.84191639248948
2023-12-02,ETH-INR,180296.265625,181.4233011888541
2023-12-03,ETH-INR,182592.734375,183.73412521095895
2023-12-04,ETH-INR,187155.65625,188.32557000189615
2023-12-05,ETH-INR,191120.921875,192.3156225816565
2023-12-06,ETH-INR,185969.375,187.13187328406687
2023-12-07,ETH-INR,196515.46875,197.74389087710813
2023-12-08,ETH-INR,196789.84375,198.01998100072294
2023-12-09,ETH-INR,195325.078125,196.5460590964935
2023-12-10,ETH-INR,196280.921875,197.5078778448996
2023-12-11,ETH-INR,185402.3125,186.56126606503338
2023-12-12,ETH-INR,183630.890625,184.7787709964495
2023-12-13,ETH-INR,188274.84375,189.45175356535177
2023-12-14,ETH-INR,192969.296875,194.17555181076443
2023-12-15,ETH-INR,184297.875,185.4499247041229
2023-12-16,ETH-INR,184928.09375,186.0840829641388
2023-12-17,ETH-INR,182399.921875,183.5401074361636
2023-12-18,ETH-INR,184318.6875,185.4708673034768
2023-12-19,ETH-INR,180954.75,182.08590176285747
2023-12-20,ETH-INR,183347.546875,184.49365605899902
2023-12-21,ETH-INR,186177.296875,187.34109488286765
2023-12-22,ETH-INR,193881.53125,195.09348858109487
2023-12-23,ETH-INR,192422.640625,193.625478401608
2023-12-24,ETH-INR,188443.28125,189.62124397153443
2023-12-25,ETH-INR,189014.640625,190.1961749254195
2023-12-26,ETH-INR,185620.09375,186.78040866998458
2023-12-27,ETH-INR,198074.0,199.31216453713554
2023-12-28,ETH-INR,194592.203125,195.8086028802049
2023-12-29,ETH-INR,191461.0625,192.65788943250902
2023-12-30,ETH-INR,190743.265625,191.93560559488145
2023-12-31,ETH-INR,189890.34375,191.07735208817527
2024-01-01,ETH-INR,195720.390625,196.94384270284056
2024-01-02,ETH-INR,196140.953125,197.3670341474428
2024-01-03,ETH-INR,184196.796875,185.3482147377411
2024-01-04,ETH-INR,188896.421875,190.0772171876479
2024-01-05,ETH-INR,188728.3125,189.90805695758118
2024-01-06,ETH-INR,186480.3125,187.6460046646024
2024-01-07,ETH-INR,184883.921875,186.03963496986435
2024-01-08,ETH-INR,193754.890625,194.9660563230141
2024-01-09,ETH-INR,194928.65625,196.1471591804211
2024-01-10,ETH-INR,214351.125,215.6910381711891
2024-01-11,ETH-INR,217621.8125,218.98217080419266
2024-01-12,ETH-INR,209225.875,210.53375013089126
2024-01-13,ETH-INR,213547.015625,214.88190229239703
2024-01-14,ETH-INR,204885.90625,206.16665214939934
2024-01-15,ETH-INR,208090.71875,209.39149799645986
2024-01-16,ETH-INR,215009.8125,216.35384313993083
2024-01-17,ETH-INR,210193.078125,211.50699926197777
2024-01-18,ETH-INR,205168.15625,206.4506664997967
2024-01-19,ETH-INR,206932.96875,208.22651087804522
2024-01-20,ETH-INR,205278.046875,206.5612440532923
2024-01-21,ETH-INR,203984.890625,205.26000425769962
2024-01-22,ETH-INR,192018.953125,193.21926744296834
2024-01-23,ETH-INR,186473.578125,187.6392281928895
2024-01-24,ETH-INR,185621.609375,186.78193376918676
2024-01-25,ETH-INR,184400.28125,185.5529710976406
2024-01-26,ETH-INR,188444.4375,189.6224074492763
2024-01-27,ETH-INR,188501.46875,189.67979520276114
2024-01-28,ETH-INR,187615.78125,188.7885712524775
2024-01-29,ETH-INR,192671.625,193.87601918291787
2024-01-30,ETH-INR,194853.09375,196.07112433772173
2024-01-31,ETH-INR,189574.125,190.75915664844197
2024-02-01,ETH-INR,191081.65625,192.27611150644896
2024-02-02,ETH-INR,191569.359375,192.7668632734415
2024-02-03,ETH-INR,190573.359375,191.76463725751316
2024-02-04,ETH-INR,190029.28125,191.21715808926766
2024-02-05,ETH-INR,190912.25,192.10564629459068
2024-02-06,ETH-INR,197060.359375,198.2921876243074
2024-02-07,ETH-INR,201143.09375,202.40044325357434
2024-02-08,ETH-INR,200810.515625,202.06578617606058
2024-02-09,ETH-INR,206500.46875,207.7913073118916
2024-02-10,ETH-INR,207638.8125,208.93676687144924
2024-02-11,ETH-INR,208159.21875,209.46042619133047
2024-02-12,ETH-INR,220598.234375,221.9771983518866
2024-02-13,ETH-INR,219473.515625,220.84544896247658
2024-02-14,ETH-INR,230608.53125,232.05006979294183
2024-02-15,ETH-INR,234451.25,235.9168094547346
2024-02-16,ETH-INR,232746.484375,234.20138730570318
2024-02-17,ETH-INR,231333.6875,232.77975900916977
2024-02-18,ETH-INR,238997.390625,240.49136809574225
2024-02-19,ETH-INR,244377.5,245.90510864209256
2024-02-20,ETH-INR,249719.515625,251.28051731364937
2024-02-21,ETH-INR,246354.921875,247.89489142079813
2024-02-22,ETH-INR,246214.921875,247.75401627799698
2024-02-23,ETH-INR,242152.734375,243.66643596265675
2024-02-24,ETH-INR,248014.796875,249.5651423326345
2024-02-25,ETH-INR,257990.390625,259.603093718761
2024-02-26,ETH-INR,263386.8125,265.03324873487514
2024-02-27,ETH-INR,269114.84375,270.79708602282744
2024-02-28,ETH-INR,280716.03125,282.47079277801066
2024-02-29,ETH-INR,277092.71875,278.8248308790766
2024-03-01,ETH-INR,284581.6875,286.36061332257486
2024-03-02,ETH-INR,283504.34375,285.2765350752377
2024-03-03,ETH-INR,289216.5625,291.0244610189361
2024-03-04,ETH-INR,301005.65625,302.8872486298477
2024-03-05,ETH-INR,294653.375,296.49525914265524
2024-03-06,ETH-INR,316305.8125,318.2830464626975
2024-03-07,ETH-INR,320497.84375,322.50128218391694
2024-03-08,ETH-INR,322077.1875,324.0904984432982
2024-03-09,ETH-INR,324010.09375,326.03548732894126
2024-03-10,ETH-INR,321191.0,323.1987713675046
2024-03-11,ETH-INR,336614.15625,338.7183380758154
2024-03-12,ETH-INR,329707.34375,331.7683509526839
2024-03-13,ETH-INR,331867.875,333.9423877267563
2024-03-14,ETH-INR,322167.65625,324.1815327152646
2024-03-15,ETH-INR,309612.96875,311.5483656125034
2024-03-16,ETH-INR,292010.40625,293.83576914211756
2024-03-17,ETH-INR,301917.9375,303.8052325681947
2024-03-18,ETH-INR,291661.5625,293.4847447628565
2024-03-19,ETH-INR,262140.703125,263.7793499052394
2024-03-20,ETH-INR,291804.34375,293.6284185413071
2024-03-21,ETH-INR,290670.1875,292.4871726578957
2024-03-22,ETH-INR,278675.78125,280.4177891344386
2024-03-23,ETH-INR,278918.71875,280.66224524161186
2024-03-24,ETH-INR,288818.46875,290.6238787769396
2024-03-25,ETH-INR,299543.75,301.4162039746287
2024-03-26,ETH-INR,298963.84375,300.8326727190569
2024-03-27,ETH-INR,291770.84375,293.5947091321368
2024-03-28,ETH-INR,296992.15625,298.84866016104417
2024-03-29,ETH-INR,292826.125,294.656586966345
2024-03-30,ETH-INR,292504.125,294.33257413790227
2024-03-31,ETH-INR,304145.625,306.0468453873296
2024-04-01,ETH-INR,292364.90625,294.1924851287105
2024-04-02,ETH-INR,273158.65625,274.866176475675
2024-04-03,ETH-INR,276086.625,277.8124480169151
2024-04-04,ETH-INR,277996.9375,279.7347019185748
2024-04-05,ETH-INR,276453.375,278.18149057850314
2024-04-06,ETH-INR,279393.65625,281.1401515854271
2024-04-07,ETH-INR,287665.9375,289.46414303103563
2024-04-08,ETH-INR,307708.65625,309.63214921696374
2024-04-09,ETH-INR,291715.65625,293.53917665397006
2024-04-10,ETH-INR,295593.875,297.4416382269731
2024-04-11,ETH-INR,292160.84375,293.98714702994005
2024-04-12,ETH-INR,271154.5625,272.8495550955451
2024-04-13,ETH-INR,251243.828125,252.81435832158587
2024-04-14,ETH-INR,263956.21875,265.60621435473684
2024-04-15,ETH-INR,259003.015625,260.622048657897
2024-04-16,ETH-INR,258108.34375,259.7217841711054
2024-04-17,ETH-INR,249511.4375,251.0711384881267
2024-04-18,ETH-INR,256152.0,257.753211277181
2024-04-19,ETH-INR,255053.265625,256.647608691619
2024-04-20,ETH-INR,263252.65625,264.8982538714722
2024-04-21,ETH-INR,262438.375,264.078882533086
2024-04-22,ETH-INR,266986.5625,268.6555008441503
2024-04-23,ETH-INR,268188.1875,269.86463722606777
2024-04-24,ETH-INR,261672.46875,263.3081885877927
2024-04-25,ETH-INR,262889.4375,264.53276463379854
2024-04-26,ETH-INR,261063.40625,262.6953188259189
2024-04-27,ETH-INR,271238.78125,272.93430029863646
2024-04-28,ETH-INR,272123.6875,273.8247381153107
2024-04-29,ETH-INR,268309.71875,269.9869281703432
2024-04-30,ETH-INR,251521.84375,253.0941118278204
2024-05-01,ETH-INR,247699.765625,249.24814181598748
2024-05-02,ETH-INR,249226.578125,250.78449845147404
2024-05-03,ETH-INR,258773.96875,260.39157000629854
2024-05-04,ETH-INR,259944.15625,261.5690723717745
2024-05-05,ETH-INR,261584.625,263.21979572475385
2024-05-06,ETH-INR,255794.953125,257.39393249502143
2024-05-07,ETH-INR,250941.109375,252.5097472706227
2024-05-08,ETH-INR,248195.5625,249.7470379271732
2024-05-09,ETH-INR,253392.484375,254.97644586479572
2024-05-10,ETH-INR,243103.296875,244.62294044786347
2024-05-11,ETH-INR,243254.59375,244.7751830826563
2024-05-12,ETH-INR,244620.0,246.14912451444457
2024-05-13,ETH-INR,246288.21875,247.82777133322912
2024-05-14,ETH-INR,240644.515625,242.14878930707354
2024-05-15,ETH-INR,253303.703125,254.88710964142558
2024-05-16,ETH-INR,245845.59375,247.38237947549794
2024-05-17,ETH-INR,257741.796875,259.3529460042558
2024-05-18,ETH-INR,260143.375,261.76953644216684
2024-05-19,ETH-INR,255886.546875,257.48609879938533
2024-05-20,ETH-INR,305237.625,307.1456715011787
2024-05-21,ETH-INR,315716.25,317.6897985957138
2024-05-22,ETH-INR,311217.0625,313.16248658462996
2024-05-23,ETH-INR,314567.96875,316.53433941664485
2024-05-24,ETH-INR,309554.53125,311.4895628185217
2024-05-25,ETH-INR,311406.90625,313.3535170517097
2024-05-26,ETH-INR,317750.15625,319.7364188343777
2024-05-27,ETH-INR,323607.75,325.6306285201098
2024-05-28,ETH-INR,319535.59375,321.53301713991385
2024-05-29,ETH-INR,313722.4375,315.6835227338834
2024-05-30,ETH-INR,312191.8125,314.1433297663831
2024-05-31,ETH-INR,313815.03125,315.7766952892673
2024-06-01,ETH-INR,318252.8125,320.2422171986538
2024-06-02,ETH-INR,315519.6875,317.4920073795934
2024-06-03,ETH-INR,312980.6875,314.9371360397922
2024-06-04,ETH-INR,319018.15625,321.0123451277483
2024-06-05,ETH-INR,322192.96875,324.20700344420857
2024-06-06,ETH-INR,318154.15625,320.14294424646107
2024-06-07,ETH-INR,307264.65625,309.18537376408005
2024-06-08,ETH-INR,307458.5,309.3804292352398
2024-06-09,ETH-INR,309546.1875,311.4811669115735
2024-06-10,ETH-INR,306286.28125,308.2008829223794
2024-06-11,ETH-INR,292450.125,294.2782365828219
2024-06-12,ETH-INR,297065.9375,298.92290261911415
2024-06-13,ETH-INR,289779.875,291.59129479664455
2024-06-14,ETH-INR,290782.125,292.5998098814479
2024-06-15,ETH-INR,297907.1875,299.7694112896962
2024-06-16,ETH-INR,302505.53125,304.39649937848276
2024-06-17,ETH-INR,293201.71875,295.03452856039127
2024-06-18,ETH-INR,290467.625,292.2833439356553
2024-06-19,ETH-INR,296919.90625,298.7759585248486
2024-06-20,ETH-INR,293533.40625,295.3682894455903
2024-06-21,ETH-INR,293822.25,295.65893876365084
2024-06-22,ETH-INR,292045.46875,293.8710508185066
2024-06-23,ETH-INR,285668.59375,287.4543138452908
2024-06-24,ETH-INR,279567.65625,281.31523926290856
2024-06-25,ETH-INR,283199.5625,284.9698486315458
2024-06-26,ETH-INR,281625.40625,283.38585229933074
2024-06-27,ETH-INR,287472.59375,289.2695906853859
2024-06-28,ETH-INR,281252.09375,283.01020621542386
2024-06-29,ETH-INR,281196.40625,282.95417061174714
2024-06-30,ETH-INR,286192.25,287.9812434809871
2024-07-01,ETH-INR,287067.46875,288.861933240905
2024-07-02,ETH-INR,285201.875,286.98467762704627
2024-07-03,ETH-INR,274930.40625,276.64900172037477
2024-07-04,ETH-INR,255029.84375,256.6240404060097
2024-07-05,ETH-INR,248880.75,250.43650854794518
2024-07-06,ETH-INR,256207.875,257.80943555292396
2024-07-07,ETH-INR,244522.84375,246.0513609387819
2024-07-08,ETH-INR,251936.90625,253.5117688918126
2024-07-09,ETH-INR,255819.90625,257.41904160250505
2024-07-10,ETH-INR,259018.671875,260.637802775429
2024-07-11,ETH-INR,258954.984375,260.57371716359216
2024-07-12,ETH-INR,261759.40625,263.3956695358447
2024-07-13,ETH-INR,265354.03125,267.01276460864227
2024-07-14,ETH-INR,270947.21875,272.64091523561524
2024-07-15,ETH-INR,291686.3125,293.5096494756017
2024-07-16,ETH-INR,287635.5,289.4335152656141
2024-07-17,ETH-INR,283205.375,284.9756974655996
2024-07-18,ETH-INR,286741.1875,288.5336124002829
2024-07-19,ETH-INR,293536.9375,295.37184276950467
2024-07-20,ETH-INR,294672.34375,296.51434646669105
2024-07-21,ETH-INR,296121.875,297.9729387655375
2024-07-22,ETH-INR,287863.84375,289.66328639696417
2024-07-23,ETH-INR,291467.625,293.28959495566363
2024-07-24,ETH-INR,279395.21875,281.14172385264584
2024-07-25,ETH-INR,265841.65625,267.5034377622738
2024-07-26,ETH-INR,274326.53125,276.04135188566727
2024-07-27,ETH-INR,271897.875,273.59751405685506
2024-07-28,ETH-INR,273913.40625,275.6256444330263
2024-07-29,ETH-INR,278097.625,279.8360188181519
2024-07-30,ETH-INR,274666.6875,276.38363445919197
2024-07-31,ETH-INR,270517.78125,272.20879331321044
2024-08-01,ETH-INR,268112.28125,269.7882564845803
2024-08-02,ETH-INR,250130.40625,251.69397642416752
2024-08-03,ETH-INR,243208.921875,244.72922571185185
2024-08-04,ETH-INR,224947.125,226.35327397919767
2024-08-05,ETH-INR,203052.234375,204.32151795481994
2024-08-06,ETH-INR,206373.359375,207.66340337364522
2024-08-07,ETH-INR,196139.171875,197.3652417628134
2024-08-08,ETH-INR,225372.515625,226.7813237295059
2024-08-09,ETH-INR,218246.3125,219.61057456618792
2024-08-10,ETH-INR,219121.46875,220.49120143541708
2024-08-11,ETH-INR,214345.65625,215.6855352359234
2024-08-12,ETH-INR,228573.03125,230.00184584171484
2024-08-13,ETH-INR,226789.5,228.20716570218553
2024-08-14,ETH-INR,223609.640625,225.00742896260863
2024-08-15,ETH-INR,215755.390625,217.104081888708
2024-08-16,ETH-INR,217476.671875,218.83612290224178
2024-08-17,ETH-INR,219268.046875,220.63869582320925
2024-08-18,ETH-INR,219198.875,220.5690915534346
2024-08-19,ETH-INR,221208.90625,222.59168754899576
2024-08-20,ETH-INR,215604.109375,216.95185497658738
2024-08-21,ETH-INR,220752.359375,222.13228679034538
2024-08-22,ETH-INR,220176.40625,221.55273337083713
2024-08-23,ETH-INR,231698.8125,233.14716641285034
2024-08-24,ETH-INR,232113.078125,233.56402162056096
2024-08-25,ETH-INR,230418.03125,231.85837897363024
2024-08-26,ETH-INR,224925.71875,226.33173391830059
2024-08-27,ETH-INR,206341.609375,207.63145490375993
2024-08-28,ETH-INR,212241.171875,213.567895686988
2024-08-29,ETH-INR,212153.921875,213.48010028549228
2024-08-30,ETH-INR,211880.21875,213.20468623678158
2024-08-31,ETH-INR,210837.671875,212.15562238040627
2024-09-01,ETH-INR,203606.453125,204.87920113731525
2024-09-02,ETH-INR,213023.359375,214.3549726567008
2024-09-03,ETH-INR,203212.703125,204.48298979818694
2024-09-04,ETH-INR,205671.078125,206.95673214949997
2024-09-05,ETH-INR,198850.515625,200.0935341768442
2024-09-06,ETH-INR,186773.71875,187.9412450029417
2024-09-07,ETH-INR,190992.359375,192.18625643489668
2024-09-08,ETH-INR,192933.1875,194.13921671533882
2024-09-09,ETH-INR,198068.03125,199.30615847635985
2024-09-10,ETH-INR,200682.40625,201.9368759867942
2024-09-11,ETH-INR,196530.765625,197.75928337317984
2024-09-12,ETH-INR,198208.625,199.44763108070416
2024-09-13,ETH-INR,204805.4375,206.08568038763306
2024-09-14,ETH-INR,202875.203125,204.14338007893411
2024-09-15,ETH-INR,194688.578125,195.90558032225817
2024-09-16,ETH-INR,192538.1875,193.7417475624355
2024-09-17,ETH-INR,196166.859375,197.39310233792992
2024-09-18,ETH-INR,198333.875,199.57366402096022
2024-09-19,ETH-INR,206089.609375,207.37787964671784
2024-09-20,ETH-INR,213816.859375,215.15343284107743
2024-09-21,ETH-INR,218390.71875,219.75588350254597
2024-09-22,ETH-INR,215620.796875,216.96864679048375
2024-09-23,ETH-INR,221283.015625,222.6662601831817
2024-09-24,ETH-INR,221881.109375,223.26809262917982
2024-09-25,ETH-INR,215869.9375,217.21934479851552
2024-09-26,ETH-INR,220083.34375,221.45908913528763
2024-09-27,ETH-INR,225691.5,227.10230208221637
2024-09-28,ETH-INR,224094.671875,225.49549215265708
2024-09-29,ETH-INR,222631.609375,224.02328401969612
2024-09-30,ETH-INR,218214.890625,219.57895627241854
2024-10-01,ETH-INR,205410.28125,206.69430502801623
2024-10-02,ETH-INR,198482.8125,199.7235325322527
2024-10-03,ETH-INR,197405.125,198.63910838612745
2024-10-04,ETH-INR,202907.765625,204.17614612777314
2024-10-05,ETH-INR,202978.171875,204.24699248865056
2024-10-06,ETH-INR,205024.921875,206.3065367638527
2024-10-07,ETH-INR,203344.609375,204.6157205967949
2024-10-08,ETH-INR,204765.71875,206.0457133549321
2024-10-09,ETH-INR,198799.515625,200.0422153748238
2024-10-10,ETH-INR,200117.59375,201.36853283255576
2024-10-11,ETH-INR,204933.5625,206.2146062995716
2024-10-12,ETH-INR,208298.75,209.60082965396597
2024-10-13,ETH-INR,207580.359375,208.8779483547953
2024-10-14,ETH-INR,220960.234375,222.34146122112963
2024-10-15,ETH-INR,219071.421875,220.44084171640012
2024-10-16,ETH-INR,219435.875,220.80757304517658
2024-10-17,ETH-INR,218886.703125,220.25496828579793
2024-10-18,ETH-INR,222041.171875,223.42915568306992
2024-10-19,ETH-INR,222671.15625,224.063078103003
2024-10-20,ETH-INR,230885.328125,232.32859693074573
2024-10-21,ETH-INR,224118.28125,225.51924911033262
2024-10-22,ETH-INR,220331.0,221.70829348946154
2024-10-23,ETH-INR,210934.828125,212.25338595606894
2024-10-24,ETH-INR,213105.84375,214.4379726431793
2024-10-25,ETH-INR,204867.53125,206.1481622869067
2024-10-26,ETH-INR,208540.203125,209.84379210728144
2024-10-27,ETH-INR,210753.796875,212.07122307610308
2024-10-28,ETH-INR,215753.59375,217.10227378140644
2024-10-29,ETH-INR,221818.09375,223.20468309224714
2024-10-30,ETH-INR,223458.03125,224.8548718743721
2024-10-31,ETH-INR,211557.9375,212.88039040023946
2024-11-01,ETH-INR,211214.5625,212.5348689562441
2024-11-02,ETH-INR,209464.15625,210.77352088175263
2024-11-03,ETH-INR,206607.0625,207.8985673815556
2024-11-04,ETH-INR,201708.453125,202.96933670133933
2024-11-05,ETH-INR,203785.03125,205.05889555774766
2024-11-06,ETH-INR,229515.171875,230.94987580661237
2024-11-07,ETH-INR,244117.0625,245.64304314206913
2024-11-08,ETH-INR,250004.359375,251.5671416276299
2024-11-09,ETH-INR,264254.34375,265.9062029400768
2024-11-10,ETH-INR,269301.21875,270.9846260566815
2024-11-11,ETH-INR,284876.625,286.65739448278856
2024-11-12,ETH-INR,273969.6875,275.68227749824615
2024-11-13,ETH-INR,269530.3125,271.21515187629655
2024-11-14,ETH-INR,258406.375,260.0216784204123
2024-11-15,ETH-INR,261990.75,263.6284594202547
2024-11-16,ETH-INR,264543.375,266.19704093020357
2024-11-17,ETH-INR,259766.3125,261.3901169169349
2024-11-18,ETH-INR,270739.09375,272.431489242076
2024-11-19,ETH-INR,262594.09375,264.2355746841079
2024-11-20,ETH-INR,259245.78125,260.8663318156762
2024-11-21,ETH-INR,283970.5625,285.74566816797227
2024-11-22,ETH-INR,281314.875,283.07337991227377
2024-11-23,ETH-INR,286771.5,288.5641143843269
2024-11-24,ETH-INR,284012.0,285.7873646946138
2024-11-25,ETH-INR,287592.9375,289.390686706575
2024-11-26,ETH-INR,280556.96875,282.3107359751406
2024-11-27,ETH-INR,308747.03125,310.6770151198649
2024-11-28,ETH-INR,302392.96875,304.2832332480431
2024-11-29,ETH-INR,303867.125,305.76660447825725
2024-11-30,ETH-INR,313359.4375,315.31825361362036
2024-12-01,ETH-INR,313843.4375,315.8052791073044
2024-12-02,ETH-INR,308773.5,310.7036493265508
2024-12-03,ETH-INR,306605.25,308.52184555241763
2024-12-04,ETH-INR,325388.96875,327.4229817041553
2024-12-05,ETH-INR,322731.625,324.7490268452049
2024-12-06,ETH-INR,339179.375,341.2995920595474
2024-12-07,ETH-INR,338913.59375,341.03214940563583
2024-12-08,ETH-INR,339175.3125,341.2955041647786
2024-12-09,ETH-INR,315522.84375,317.49518335937535
2024-12-10,ETH-INR,308278.53125,310.20558651699105
2024-12-11,ETH-INR,325223.1875,327.2561641522445
2024-12-12,ETH-INR,329440.25,331.49958759430854
2024-12-13,ETH-INR,331746.46875,333.8202225638584
2024-12-14,ETH-INR,328105.75,330.15674560810737
2024-12-15,ETH-INR,335168.78125,337.26392800777074
2024-12-16,ETH-INR,338607.1875,340.72382780403643
2024-12-17,ETH-INR,330080.28125,332.14361969245823
2024-12-18,ETH-INR,308197.125,310.12367139489345
2024-12-19,ETH-INR,290918.8125,292.7373518177453
2024-12-20,ETH-INR,294980.375,296.82430322619797
2024-12-21,ETH-INR,283493.03125,285.26515186057384
2024-12-22,ETH-INR,278426.3125,280.1667609502909
2024-12-23,ETH-INR,290680.46875,292.49751817619523
2024-12-24,ETH-INR,297520.90625,299.3807153878736
2024-12-25,ETH-INR,298407.90625,300.273260042621
2024-12-26,ETH-INR,285530.6875,287.31554554056277
2024-12-27,ETH-INR,284239.40625,286.01619246563257
2024-12-28,ETH-INR,290166.40625,291.98024226122214
2024-12-29,ETH-INR,286003.21875,287.7910305928611
2024-12-30,ETH-INR,287933.96875,289.73384974974226
2024-12-31,ETH-INR,285191.0625,286.9737975378924
2025-01-01,ETH-INR,286985.84375,288.77979800139684
2025-01-02,ETH-INR,296144.5,297.9957051948652
2025-01-03,ETH-INR,309257.90625,311.1910836097117
2025-01-04,ETH-INR,313736.3125,315.697484466786
2025-01-05,ETH-INR,311684.46875,313.63281460045073
2025-01-06,ETH-INR,316043.75,318.01934580476654
2025-01-07,ETH-INR,290157.71875,291.97150045548585
2025-01-08,ETH-INR,285756.4375,287.54270670832966
2025-01-09,ETH-INR,276614.28125,278.34340265669135
2025-01-10,ETH-INR,281642.78125,283.4033359108034
2025-01-11,ETH-INR,282843.96875,284.6120320578997
2025-01-12,ETH-INR,281500.71875,283.2603853752735
2025-01-13,ETH-INR,271693.75,273.3921130673959
2025-01-14,ETH-INR,278974.78125,280.7186581894211
2025-01-15,ETH-INR,298278.46875,300.14301342621866
2025-01-16,ETH-INR,286524.375,288.3154446010073
2025-01-17,ETH-INR,300795.4375,302.67571579823533
2025-01-18,ETH-INR,286230.96875,288.020204262668
2025-01-19,ETH-INR,277820.21875,279.5568784961327
2025-01-20,ETH-INR,282717.28125,284.4845526318024
2025-01-21,ETH-INR,287661.40625,289.4595834561012
2025-01-22,ETH-INR,280191.4375,281.94291978198316
2025-01-23,ETH-INR,288345.71875,290.14817360723066
2025-01-24,ETH-INR,285233.15625,287.0161544167659
2025-01-25,ETH-INR,285864.15625,287.65109881039115
2025-01-26,ETH-INR,278977.6875,280.72158260644795
2025-01-27,ETH-INR,274777.0,276.4946365248366
2025-01-28,ETH-INR,266431.34375,268.09681141063504
2025-01-29,ETH-INR,269712.875,271.3988555781368
2025-01-30,ETH-INR,281411.21875,283.1703259089827
2025-01-31,ETH-INR,285950.84375,287.73832819568815
2025-02-01,ETH-INR,269927.21875,271.6145391952067
2025-02-02,ETH-INR,248406.203125,249.95899527093468
2025-02-03,ETH-INR,250794.75,252.36247300024118
2025-02-04,ETH-INR,238237.078125,239.7263028670922
2025-02-05,ETH-INR,243469.6875,244.9916213879912
2025-02-06,ETH-INR,235478.765625,236.95074810046535
2025-02-07,ETH-INR,230201.953125,231.6409501399475
2025-02-08,ETH-INR,231088.375,232.53291305582397
2025-02-09,ETH-INR,230561.859375,232.00310617111737
2025-02-10,ETH-INR,232829.09375,234.28451307355914
2025-02-11,ETH-INR,225951.28125,227.36370723000792
2025-02-12,ETH-INR,238060.65625,239.5487781754216
2025-02-13,ETH-INR,232122.109375,233.57310932508543
2025-02-14,ETH-INR,236265.859375,237.74276198924505
2025-02-15,ETH-INR,233344.4375,234.80307824765157
2025-02-16,ETH-INR,230774.640625,232.21721752096855
2025-02-17,ETH-INR,238260.46875,239.74983970735707
2025-02-18,ETH-INR,231932.03125,233.3818430179229
2025-02-19,ETH-INR,235954.453125,237.4294091325456
2025-02-20,ETH-INR,236959.4375,238.4406756849818
2025-02-21,ETH-INR,230489.8125,231.93060892966022
2025-02-22,ETH-INR,239363.5625,240.8598289184594
2025-02-23,ETH-INR,244325.46875,245.85275214370773
2025-02-24,ETH-INR,217918.484375,219.28069718101918
2025-02-25,ETH-INR,217154.125,218.51155978027253
2025-02-26,ETH-INR,203253.125,204.52366435113635
2025-02-27,ETH-INR,201331.84375,202.5903731336009
2025-02-28,ETH-INR,195752.9375,196.97659302900738
2025-03-01,ETH-INR,193893.125,195.10515480385808
2025-03-02,ETH-INR,220382.078125,221.75969090484293
2025-03-03,ETH-INR,187367.9375,188.5391782262373
2025-03-04,ETH-INR,189262.75,190.4458352370869
2025-03-05,ETH-INR,194727.25,195.94449393592257
2025-03-06,ETH-INR,191899.9375,193.09950784891518
2025-03-07,ETH-INR,186411.15625,187.57641611749995
2025-03-08,ETH-INR,191774.65625,192.97344346331477
2025-03-09,ETH-INR,175605.34375,176.70305626735586
2025-03-10,ETH-INR,162579.6875,163.59597637951512
2025-03-11,ETH-INR,167411.15625,168.45764673734112
2025-03-12,ETH-INR,166387.984375,167.4280789944785
2025-03-13,ETH-INR,161933.34375,162.9455923218016
2025-03-14,ETH-INR,166025.140625,167.06296710093736
2025-03-15,ETH-INR,168449.6875,169.5026698669642
2025-03-16,ETH-INR,164106.109375,165.13193994819696
2025-03-17,ETH-INR,167490.75,168.53773802946492
2025-03-18,ETH-INR,167311.390625,168.3572574754231
2025-03-19,ETH-INR,177660.59375,178.77115367622804
2025-03-20,ETH-INR,171124.90625,172.19461146289717
2025-03-21,ETH-INR,168957.734375,170.01389255314498
2025-03-22,ETH-INR,170272.359375,171.33673530032348
2025-03-23,ETH-INR,172451.65625,173.52965500369325
2025-03-24,ETH-INR,177691.671875,178.80242607120925
2025-03-25,ETH-INR,176986.875,178.09322349684177
2025-03-26,ETH-INR,172092.109375,173.16786059398368
2025-03-27,ETH-INR,171596.328125,172.66898020547018
2025-03-28,ETH-INR,162145.375,163.15894898338775
2025-03-29,ETH-INR,156307.0625,157.2841410751352
2025-03-30,ETH-INR,154502.046875,155.4678422613479
2025-03-31,ETH-INR,155778.375,156.75214873899452
2025-04-01,ETH-INR,163084.234375,164.1036771871259
2025-04-02,ETH-INR,153771.171875,154.7323985470993
2025-04-03,ETH-INR,154840.515625,155.80842678627639
2025-04-04,ETH-INR,155386.265625,156.35758828044592
2025-04-05,ETH-INR,154434.234375,155.3996058640536
2025-04-06,ETH-INR,134856.765625,135.69975796518435
2025-04-07,ETH-INR,133780.03125,134.61629290206253
2025-04-08,ETH-INR,127279.90625,128.0755354906307
2025-04-09,ETH-INR,143799.484375,144.6983778290197
2025-04-10,ETH-INR,131333.3125,132.15427966420145
2025-04-11,ETH-INR,134906.296875,135.74959883601915
2025-04-12,ETH-INR,141299.328125,142.18259305227693
2025-04-13,ETH-INR,137272.109375,138.13020007729267
2025-04-14,ETH-INR,139607.796875,140.48048800658844
2025-04-15,ETH-INR,136187.796875,137.03910951815985
2025-04-16,ETH-INR,135118.328125,135.9629554976053
2025-04-17,ETH-INR,135123.609375,135.9682697608047
2025-04-18,ETH-INR,135668.046875,136.5161105505105
2025-04-19,ETH-INR,137717.09375,138.5779660585242
2025-04-20,ETH-INR,135547.609375,136.39492019328824
2025-04-21,ETH-INR,134528.859375,135.36980196665473
2025-04-22,ETH-INR,149781.859375,150.71814877484223
2025-04-23,ETH-INR,153567.34375,154.52729628841166
2025-04-24,ETH-INR,150831.25,151.77409916163566
2025-04-25,ETH-INR,152551.34375,153.5049452520832
2025-04-26,ETH-INR,155560.859375,156.53327341947053
2025-04-27,ETH-INR,152906.84375,153.86266748969615
2025-04-28,ETH-INR,153191.109375,154.1487100648057
2025-04-29,ETH-INR,153233.546875,154.19141284246732
2025-04-30,ETH-INR,151683.796875,152.63197532420935
2025-05-01,ETH-INR,155776.28125,156.7500419009214
2025-05-02,ETH-INR,155949.28125,156.92412332738283
2025-05-03,ETH-INR,155198.765625,156.16891621419438
2025-05-04,ETH-INR,152922.65625,153.87857883395003
2025-05-05,ETH-INR,153256.84375,154.21485534669907
2025-05-06,ETH-INR,153812.234375,154.7737177296084
2025-05-07,ETH-INR,153655.859375,154.6163652263546
2025-05-08,ETH-INR,189837.359375,191.024036506787
2025-05-09,ETH-INR,200314.234375,201.5664026620371
2025-05-10,ETH-INR,220564.53125,221.9432845479779
2025-05-11,ETH-INR,214291.96875,215.6315121342867
2025-05-12,ETH-INR,212077.578125,213.40327930918352
2025-05-13,ETH-INR,227945.921875,229.37081639346428
2025-05-14,ETH-INR,223032.71875,224.42690073742475
2025-05-15,ETH-INR,217616.5625,218.97688798633763
2025-05-16,ETH-INR,217064.59375,218.4214688686374
2025-05-17,ETH-INR,211883.109375,213.20759493113627
2025-05-18,ETH-INR,213600.3125,214.93553232722905
2025-05-19,ETH-INR,215913.546875,217.2632267765912
2025-05-20,ETH-INR,215907.828125,217.25747227857056
2025-05-21,ETH-INR,218482.359375,219.84809697492645
2025-05-22,ETH-INR,229051.296875,230.48310111470602
2025-05-23,ETH-INR,214939.703125,216.28329550982494
2025-05-24,ETH-INR,215297.390625,216.6432189215442
2025-05-25,ETH-INR,217409.09375,218.76812234503026
2025-05-26,ETH-INR,218358.046875,219.72300739500164
2025-05-27,ETH-INR,227321.875,228.7428685889625
2025-05-28,ETH-INR,229146.296875,230.5786949616068
2025-05-29,ETH-INR,224727.234375,226.13200881350113
2025-05-30,ETH-INR,216483.859375,217.83710431143973
2025-05-31,ETH-INR,216410.59375,217.7633807015519
2025-06-01,ETH-INR,216951.515625,218.30768389001548
2025-06-02,ETH-INR,222557.65625,223.94886861223205
2025-06-03,ETH-INR,222267.59375,223.65699292574087
2025-06-04,ETH-INR,224090.390625,225.49118414047769
2025-06-05,ETH-INR,207505.171875,208.8022908562284
2025-06-06,ETH-INR,212515.8125,213.84425309603
2025-06-07,ETH-INR,216746.125,218.1010093641091
2025-06-08,ETH-INR,215389.234375,216.73563678866307
2025-06-09,ETH-INR,229956.859375,231.39432430401231
2025-06-10,ETH-INR,240986.359375,242.4927699291945
2025-06-11,ETH-INR,237053.6875,238.5355148436176
2025-06-12,ETH-INR,227082.171875,228.50166707493207
2025-06-13,ETH-INR,222146.765625,223.5354095017139
2025-06-14,ETH-INR,218181.609375,219.54546698065892
2025-06-15,ETH-INR,219335.015625,220.7060831962054
2025-06-16,ETH-INR,218757.40625,220.12486317344528
2025-06-17,ETH-INR,216817.1875,218.17251607721846
2025-06-18,ETH-INR,218639.71875,220.00644000652807
2025-06-19,ETH-INR,218721.4375,220.08866958206937
2025-06-20,ETH-INR,208476.40625,209.77959643673935
2025-06-21,ETH-INR,199226.609375,200.4719788964005
2025-06-22,ETH-INR,192919.953125,194.1258996119959
2025-06-23,ETH-INR,209136.078125,210.44339193382893
2025-06-24,ETH-INR,210464.625,211.7802435819266
2025-06-25,ETH-INR,208034.9375,209.33536805675007
2025-06-26,ETH-INR,206999.5,208.29345801622011
2025-06-27,ETH-INR,207262.578125,208.55818064784327
2025-06-28,ETH-INR,208394.953125,209.69763414662523
2025-06-29,ETH-INR,213774.234375,215.11054139134959
2025-06-30,ETH-INR,213100.0625,214.43215525446985
2025-07-01,ETH-INR,206250.546875,207.53982317025046
2025-07-02,ETH-INR,220355.359375,221.7328051354021
2025-07-03,ETH-INR,221283.9375,222.66718782084078
2025-07-04,ETH-INR,214780.234375,216.122829917478
2025-07-05,ETH-INR,215987.03125,217.33717050388967
2025-07-06,ETH-INR,219831.875,221.2060484490999
2025-07-07,ETH-INR,218425.390625,219.79077211213033
2025-07-08,ETH-INR,224168.859375,225.57014340020393
2025-07-09,ETH-INR,237479.890625,238.96438217287957
2025-07-10,ETH-INR,253333.796875,254.91739150805896
2025-07-11,ETH-INR,253831.265625,255.41796994516878
2025-07-12,ETH-INR,252595.578125,254.17455813788217
2025-07-13,ETH-INR,255190.015625,256.78521351860513
2025-07-14,ETH-INR,259054.3125,260.673666190689
2025-07-15,ETH-INR,270009.625,271.6974605683243
2025-07-16,ETH-INR,289563.375,291.3734414508127
2025-07-17,ETH-INR,299166.0,301.03609265182047
2025-07-18,ETH-INR,305727.34375,307.63845149288346
2025-07-19,ETH-INR,309712.15625,311.6481731355505
2025-07-20,ETH-INR,323879.15625,325.90373133600895
2025-07-21,ETH-INR,324708.34375,326.7381021036621
2025-07-22,ETH-INR,323712.65625,325.7361905411775
2025-07-23,ETH-INR,313610.5625,315.57094840101996
2025-07-24,ETH-INR,320484.9375,322.4882952566899
2025-07-25,ETH-INR,322432.0625,324.4475917740237
2025-07-26,ETH-INR,323640.125,325.6632058968826
2025-07-27,ETH-INR,335233.4375,337.3289884252832
2025-07-28,ETH-INR,328664.65625,330.7191455922589
2025-07-29,ETH-INR,330271.28125,332.33581363727984
2025-07-30,ETH-INR,333867.3125,335.95432375057425
2025-07-31,ETH-INR,323423.65625,325.4453839963951
2025-08-01,ETH-INR,304070.03125,305.97077909928583
2025-08-02,ETH-INR,295738.125,297.5867899366093
2025-08-03,ETH-INR,305130.71875,307.03809697807094
2025-08-04,ETH-INR,326874.875,328.9181763838546
2025-08-05,ETH-INR,316847.90625,318.82852885157513
2025-08-06,ETH-INR,323311.0,325.33202352992225
2025-08-07,ETH-INR,342243.03125,344.38239928606487
2025-08-08,ETH-INR,351775.03125,353.9739840087846
2025-08-09,ETH-INR,374021.03125,376.35904419989055
2025-08-10,ETH-INR,372195.375,374.52197573614336
2025-08-11,ETH-INR,370556.0,372.8723529702172
2025-08-12,ETH-INR,402149.1875,404.66303011740746
2025-08-13,ETH-INR,415937.5,418.53753363472646
2025-08-14,ETH-INR,398838.125,401.331270099471
2025-08-15,ETH-INR,388560.5,390.98939945995767
2025-08-16,ETH-INR,387352.09375,389.7734394383107
2025-08-17,ETH-INR,391469.6875,393.91677234922827
2025-08-18,ETH-INR,376461.625,378.814894150254
2025-08-19,ETH-INR,354707.3125,356.9245950075485
2025-08-20,ETH-INR,377181.5,379.53926910328255
2025-08-21,ETH-INR,368659.40625,370.9639035747382
2025-08-22,ETH-INR,421922.90625,424.56035477895335
2025-08-23,ETH-INR,417123.25,419.73069578170134
2025-08-24,ETH-INR,417408.25,420.01747732240375
2025-08-25,ETH-INR,383112.4375,385.5072810122634
2025-08-26,ETH-INR,403176.5625,405.69682725908854
2025-08-27,ETH-INR,394760.90625,397.2285645734864
2025-08-28,ETH-INR,394792.46875,397.2603243713054
2025-08-29,ETH-INR,384423.5625,386.82660188087186
2025-08-30,ETH-INR,385688.78125,388.099729538593
2025-08-31,ETH-INR,387182.46875,389.60275410904177
2025-09-01,ETH-INR,379680.9375,382.0543306371047
2025-09-02,ETH-INR,380626.75,383.00605542996635
2025-09-03,ETH-INR,391960.21875,394.4103699198867
2025-09-04,ETH-INR,379119.78125,381.4896665881581
2025-09-05,ETH-INR,379822.8125,382.1970925005684
2025-09-06,ETH-INR,377065.5625,379.42260687565033
2025-09-07,ETH-INR,379673.71875,382.047066762554
2025-09-08,ETH-INR,379027.4375,381.3967455955292
2025-09-09,ETH-INR,380139.5625,382.515822511156
2025-09-10,ETH-INR,382958.625,385.35250702724835
2025-09-11,ETH-INR,393783.4375,396.24498564677253
2025-09-12,ETH-INR,416251.375,418.8533706736316
2025-09-13,ETH-INR,412108.375,414.68447269773696
2025-09-14,ETH-INR,406923.96875,409.4676586205368
2025-09-15,ETH-INR,398920.375,401.4140342458667
2025-09-16,ETH-INR,395795.09375,398.2692168002413
2025-09-17,ETH-INR,403751.5625,406.2754215955934
2025-09-18,ETH-INR,404863.6875,407.39449851122015
2025-09-19,ETH-INR,393884.875,396.3470572346147
2025-09-20,ETH-INR,394884.6875,397.35311958255676
2025-09-21,ETH-INR,392136.96875,394.5882247876732
2025-09-22,ETH-INR,371133.59375,373.4535572703051
2025-09-23,ETH-INR,369931.125,372.2435718640894
2025-09-24,ETH-INR,368739.8125,371.04481244581575
2025-09-25,ETH-INR,343405.0,345.55163152597027
2025-09-26,ETH-INR,357871.25,360.10831034416617
2025-09-27,ETH-INR,356364.625,358.59226740114605
2025-09-28,ETH-INR,367253.90625,369.54961776611646
2025-09-29,ETH-INR,374097.375,376.4358651761993
2025-09-30,ETH-INR,368329.15625,370.63158917538044
2025-10-01,ETH-INR,385870.78125,388.2828672242345
2025-10-02,ETH-INR,398170.625,400.65959754361546
2025-10-03,ETH-INR,400628.625,403.13296255079604
2025-10-04,ETH-INR,398351.15625,400.84125729807135
2025-10-05,ETH-INR,400677.65625,403.18230029612084
2025-10-06,ETH-INR,415912.40625,418.5122830231931
2025-10-07,ETH-INR,394994.71875,397.46383864010204
2025-10-08,ETH-INR,401879.25,404.391405232694
2025-10-09,ETH-INR,388266.8125,390.6938761135189
2025-10-10,ETH-INR,341087.59375,343.219739123134
2025-10-11,ETH-INR,332871.65625,334.9524436334341
2025-10-12,ETH-INR,369624.375,371.9349043637019
2025-10-13,ETH-INR,376425.90625,378.7789521216331
2025-10-14,ETH-INR,366264.59375,368.55412105388444
2025-10-15,ETH-INR,350139.4375,352.3281661295278
2025-10-16,ETH-INR,342703.125,344.84536909130185
2025-10-17,ETH-INR,337363.5,339.47236598858973
2025-10-18,ETH-INR,342450.25,344.5909133646173
2025-10-19,ETH-INR,350659.34375,352.85132232389896
2025-10-20,ETH-INR,349830.21875,352.0170144469346
2025-10-21,ETH-INR,341148.84375,343.28137199810953
2025-10-22,ETH-INR,334126.75,336.2153829995777
2025-10-23,ETH-INR,338479.09375,340.59493333744217
2025-10-24,ETH-INR,345533.90625,347.6938456115349
2025-10-25,ETH-INR,347194.03125,349.3643480861263
2025-10-26,ETH-INR,365223.21875,367.5062363979232
2025-10-27,ETH-INR,363486.84375,365.7590072830562
2025-10-28,ETH-INR,351338.09375,353.53431520372965
2025-10-29,ETH-INR,344849.34375,347.00500389765045
2025-10-30,ETH-INR,337199.84375,339.3076867200965
2025-10-31,ETH-INR,341446.3125,343.58070023121763
2025-11-01,ETH-INR,343905.8125,346.05557461492816
2025-11-02,ETH-INR,347255.84375,349.4265469773005
2025-11-03,ETH-INR,319609.9375,321.6078256141826
2025-11-04,ETH-INR,292157.21875,293.9834993699925
2025-11-05,ETH-INR,303323.0625,305.219141032684
2025-11-06,ETH-INR,293708.65625,295.5446349368467
2025-11-07,ETH-INR,304592.21875,306.49623080379644
2025-11-08,ETH-INR,301495.5625,303.38021729361867
2025-11-09,ETH-INR,317636.1875,319.6217376634411
2025-11-10,ETH-INR,316548.625,318.52737678849326
2025-11-11,ETH-INR,302138.9375,304.02761404361655
2025-11-12,ETH-INR,302380.15625,304.2703406568492
2025-11-13,ETH-INR,287122.0,288.9168053668398
2025-11-14,ETH-INR,275261.5625,276.9822280347194
2025-11-15,ETH-INR,280846.90625,282.6024858802542
2025-11-16,ETH-INR,274296.28125,276.010912792312
2025-11-17,ETH-INR,268083.46875,269.7592638770663
2025-11-18,ETH-INR,276562.1875,278.2909832676178
2025-11-19,ETH-INR,267504.125,269.1762986376934
2025-11-20,ETH-INR,251157.296875,252.72728616301077
2025-11-21,ETH-INR,247863.78125,249.41318270594107
2025-11-22,ETH-INR,248092.515625,249.64334690409578
2025-11-23,ETH-INR,251116.9375,252.68667450075012
2025-11-24,ETH-INR,263228.65625,264.874103846992
2025-11-25,ETH-INR,263710.5625,265.3590225026029
2025-11-26,ETH-INR,269968.375,271.65595271374895
2025-11-27,ETH-INR,269395.03125,271.079024980496
2025-11-28,ETH-INR,270929.875,272.623463069487
2025-11-29,ETH-INR,267300.65625,268.971558000466
2025-11-30,ETH-INR,267359.96875,269.0312412640903
2025-12-01,ETH-INR,250933.203125,252.50179159849577
2025-12-02,ETH-INR,269567.09375,271.2521630466262
2025-12-03,ETH-INR,287786.71875,289.585679287046
2025-12-04,ETH-INR,281576.5,283.33664033538344
2025-12-05,ETH-INR,272053.3125,273.7539231997776
2025-12-06,ETH-INR,273492.53125,275.2021385349803
2025-12-07,ETH-INR,275365.125,277.08643790597904
2025-12-08,ETH-INR,281674.53125,283.43528438068864
2025-12-09,ETH-INR,298625.46875,300.4921825301616
2025-12-10,ETH-INR,298597.59375,300.4641332829789
2025-12-11,ETH-INR,292148.40625,293.9746317828787
2025-12-12,ETH-INR,279203.4375,280.94874377421485
2025-12-13,ETH-INR,282324.3125,284.0891274262835
2025-12-14,ETH-INR,277242.71875,278.97576853207784
2025-12-15,ETH-INR,269080.09375,270.76211879988216
2025-12-16,ETH-INR,269590.0625,271.275275374742
2025-12-17,ETH-INR,256005.765625,257.6060627881769
2025-12-18,ETH-INR,255160.078125,256.75508887869364
2025-12-19,ETH-INR,266758.71875,268.4262328383102
2025-12-20,ETH-INR,266723.9375,268.3912341700206
2025-12-21,ETH-INR,268858.625,270.53926564429463
2025-12-22,ETH-INR,269356.96875,271.040724551047
2025-12-23,ETH-INR,265145.53125,266.8029612709705
2025-12-24,ETH-INR,264602.78125,266.25681852986094
2025-12-25,ETH-INR,261638.21875,263.27372449035744
2025-12-26,ETH-INR,262691.4375,264.33352693183684
2025-12-27,ETH-INR,264773.0,266.428101320673
2025-12-28,ETH-INR,264824.15625,266.47957734941537
2025-12-29,ETH-INR,263816.3125,265.4654335479688
2025-12-30,ETH-INR,266743.9375,268.41135919042074
2025-12-31,ETH-INR,266975.34375,268.64421196551956
2026-01-01,ETH-INR,269938.125,271.6255136203937
2026-01-02,ETH-INR,281243.1875,283.0012442922769
2026-01-03,ETH-INR,281377.75,283.13664794515677
2026-01-04,ETH-INR,282673.59375,284.4405920403658
2026-01-05,ETH-INR,291103.90625,292.92360259247994
2026-01-06,ETH-INR,297121.53125,298.9788438867578
2026-01-07,ETH-INR,284566.125,286.34495354107594
2026-01-08,ETH-INR,279101.53125,280.84620050620714
2026-01-09,ETH-INR,278301.5625,280.0412311355448
2026-01-10,ETH-INR,278242.8125,279.98211388811933
2026-01-11,ETH-INR,281476.46875,283.23598378803825
2026-01-12,ETH-INR,278720.4375,280.46272453155086
2026-01-13,ETH-INR,299929.90625,301.80477409507375
2026-01-14,ETH-INR,302659.9375,304.55187082504096
2026-01-15,ETH-INR,299739.375,301.61305183041776
2026-01-16,ETH-INR,298988.65625,300.85764032249085
2026-01-17,ETH-INR,300676.46875,302.55600337219875
2026-01-18,ETH-INR,297656.9375,299.5175969719391
2026-01-19,ETH-INR,289679.0,291.4897892250012
2026-01-20,ETH-INR,267488.125,269.1601986213732
2026-01-21,ETH-INR,272680.125,274.3846539172566
2026-01-22,ETH-INR,270064.15625,271.7523326942591
2026-01-23,ETH-INR,270537.46875,272.2286038801668
2026-01-24,ETH-INR,270084.0,271.7723004879374
2026-01-25,ETH-INR,257914.171875,259.52639852382976
2026-01-26,ETH-INR,268395.15625,270.07289974186517
2026-01-27,ETH-INR,276639.6875,278.3689677216684
2026-01-28,ETH-INR,276731.3125,278.4611654713767
2026-01-29,ETH-INR,258663.78125,260.28069372203134
2026-01-30,ETH-INR,247779.296875,249.32817021742255
2026-01-31,ETH-INR,224172.25,225.57355522006867
2026-02-01,ETH-INR,207973.609375,209.2736565684136
2026-02-02,ETH-INR,212041.65625,213.36713288582416
2026-02-03,ETH-INR,201422.890625,202.6819891444382
2026-02-04,ETH-INR,193862.65625,195.07449559309222
2026-02-05,ETH-INR,164525.390625,165.55384213367984
2026-02-06,ETH-INR,186935.625,188.10416333214994
2026-02-07,ETH-INR,189396.4375,190.58035842032425
2026-02-08,ETH-INR,189178.09375,190.3606497991743
2026-02-09,ETH-INR,190955.046875,192.1487106937126
2026-02-10,ETH-INR,182942.921875,184.08650174002815
2026-02-11,ETH-INR,176084.296875,177.18500333792332
2026-02-12,ETH-INR,176323.609375,177.42581178514905
2026-02-13,ETH-INR,185516.671875,186.67634030277463
2026-02-14,ETH-INR,188899.625,190.08044033544635
2026-02-15,ETH-INR,178045.125,179.15808863876563
2026-02-16,ETH-INR,181377.265625,182.51105854148318
2026-02-17,ETH-INR,180545.5,181.67409353291904
2026-02-18,ETH-INR,177408.40625,178.5173897471197
2026-02-19,ETH-INR,177366.859375,178.47558316177276
2026-02-20,ETH-INR,178643.1875,179.75988963941938
2026-02-21,ETH-INR,179070.953125,180.19032923590015
2026-02-22,ETH-INR,177633.078125,178.74346605050562
2026-02-23,ETH-INR,168890.390625,169.9461278360163
2026-02-24,ETH-INR,168468.9375,169.52204019909934
2026-02-25,ETH-INR,186871.171875,188.03930730937597
2026-02-26,ETH-INR,184453.609375,185.606632577817
2026-02-27,ETH-INR,175855.421875,176.9546976357189
2026-02-28,ETH-INR,178969.921875,180.08866643753493
2026-03-01,ETH-INR,176583.328125,177.68715404225185
2026-03-02,ETH-INR,185623.34375,186.78367898579958
2026-03-03,ETH-INR,182432.296875,183.57268481293636
2026-03-04,ETH-INR,195900.796875,197.12537667591894
2026-03-05,ETH-INR,190146.765625,191.33537686144646
2026-03-06,ETH-INR,181927.28125,183.06451232515994
2026-03-07,ETH-INR,181072.609375,182.20449787916874
2026-03-08,ETH-INR,178045.53125,179.1584974282425
2026-03-09,ETH-INR,183970.03125,185.12003159628202
2026-03-10,ETH-INR,187609.109375,188.7818576714534
2026-03-11,ETH-INR,189214.65625,190.39744085209335
2026-03-12,ETH-INR,191537.171875,192.73447456873495
2026-03-13,ETH-INR,193781.53125,194.99286347909404
2026-03-14,ETH-INR,194158.4375,195.37212577760405
2026-03-15,ETH-INR,201550.53125,202.81042765353897
2026-03-16,ETH-INR,216918.609375,218.27457194238838
2026-03-17,ETH-INR,214159.046875,215.49775936198654
2026-03-18,ETH-INR,205330.984375,206.61451246666402
2026-03-19,ETH-INR,198963.734375,200.2074606595158
2026-03-20,ETH-INR,201874.953125,203.13687749617074
2026-03-21,ETH-INR,195230.75,196.45114132449677
2026-03-22,ETH-INR,192590.84375,193.79473296770783
2026-03-23,ETH-INR,200795.0,202.0501735625783
2026-03-24,ETH-INR,203250.234375,204.52075565678163
2026-03-25,ETH-INR,204070.78125,205.34643178671504
2026-03-26,ETH-INR,194253.140625,195.46742089373328
2026-03-27,ETH-INR,188900.421875,190.08124219172794
2026-03-28,ETH-INR,188872.53125,190.053177221873
2026-03-29,ETH-INR,187911.078125,189.08571403415152
2026-03-30,ETH-INR,190923.390625,192.11685655986045
2026-03-31,ETH-INR,196757.90625,197.9878438587714
2026-04-01,ETH-INR,198138.703125,199.37727212266452
2026-04-02,ETH-INR,191233.5,192.42890443476836
2026-04-03,ETH-INR,190479.515625,191.67020688835424
2026-04-04,ETH-INR,192033.296875,193.23370085603662
2026-04-05,ETH-INR,196091.234375,197.31700460454178
2026-04-06,ETH-INR,195945.109375,197.16996617424306
2026-04-07,ETH-INR,208175.171875,209.47647903963406
2026-04-08,ETH-INR,202131.5,203.39502805081943
2026-04-09,ETH-INR,202430.296875,203.6956927110635
2026-04-10,ETH-INR,209036.9375,210.3436315787984
2026-04-11,ETH-INR,212781.8125,214.1119158673522
2026-04-12,ETH-INR,207182.828125,208.47793212899762
2026-04-13,ETH-INR,225092.390625,226.49944766252602
2026-04-14,ETH-INR,216452.546875,217.8055960763757
2026-04-15,ETH-INR,220341.109375,221.71846605836697
2026-04-16,ETH-INR,218537.0625,219.90314205025533
2026-04-17,ETH-INR,224197.1875,225.5986486048801
2026-04-18,ETH-INR,217717.671875,219.07862939806378
2026-04-19,ETH-INR,209739.375,211.05046002966552
2026-04-20,ETH-INR,215601.46875,216.94919784498765
2026-04-21,ETH-INR,217951.6875,219.31410785941793
2026-04-22,ETH-INR,222878.859375,224.2720795843932
2026-04-23,ETH-INR,219426.109375,220.79774637505932
2026-04-24,ETH-INR,217826.78125,219.18842081795003
2026-04-25,ETH-INR,218124.359375,219.48785910976346
2026-04-26,ETH-INR,223348.234375,224.7443886569096
2026-04-27,ETH-INR,217083.921875,218.4409178141335
2026-04-28,ETH-INR,216683.84375,218.03833879276922
2026-04-29,ETH-INR,213887.140625,215.22415342057738
2026-04-30,ETH-INR,213800.890625,215.13736427010167
2026-05-01,ETH-INR,217785.234375,219.1466142326031
2026-05-02,ETH-INR,219834.75,221.20894142078242
2026-05-03,ETH-INR,220347.609375,221.725006689997
2026-05-04,ETH-INR,223516.71875,224.9139262311088
2026-05-05,ETH-INR,224597.453125,226.00141629831066
2026-05-06,ETH-INR,222261.375,223.6507353022102
2026-05-07,ETH-INR,215960.96875,217.31094508668068
2026-05-08,ETH-INR,217837.0,219.19870344556074
2026-05-09,ETH-INR,219823.71875,221.19784121421796
2026-05-10,ETH-INR,223698.265625,225.09660795925691
2026-05-11,ETH-INR,223155.46875,224.55041805013082
2026-05-12,ETH-INR,217548.0625,218.90795979146708
2026-05-13,ETH-INR,216041.171875,217.39164956301974
2026-05-14,ETH-INR,218308.484375,219.6731350788225
2026-05-15,ETH-INR,213446.25,214.78050677945905
2026-05-16,ETH-INR,209315.03125,210.62346369839386
2026-05-17,ETH-INR,204191.28125,205.46768503462602
2026-05-18,ETH-INR,204913.09375,206.19400959900585
2026-05-19,ETH-INR,203750.890625,205.02454151901767
2026-05-20,ETH-INR,205314.515625,206.59794077017827
2026-05-21,ETH-INR,204986.59375,206.26796904897643
2026-05-22,ETH-INR,197626.515625,198.861882928354
2026-05-23,ETH-INR,202497.5625,203.76337881483124
2026-05-24,ETH-INR,200819.453125,202.07477954455192
2026-05-25,ETH-INR,201114.359375,202.37152925942127
2026-05-26,ETH-INR,198931.28125,200.1748046693821
2026-05-27,ETH-INR,194415.140625,195.63043355897466
2026-05-28,ETH-INR,192396.328125,193.599001421644
2026-05-29,ETH-INR,191171.25,192.36626530877282
2026-05-30,ETH-INR,191978.890625,193.17895451147928
2026-05-31,ETH-INR,190442.296875,191.6327554832033
2026-06-01,ETH-INR,191411.078125,192.60759260418078
2026-06-02,ETH-INR,177436.984375,178.54614651455086
2026-06-03,ETH-INR,174224.796875,175.31387956621776
2023-01-02,GOLDBEES.NS,47.16999816894531,100.0
2023-01-03,GOLDBEES.NS,47.630001068115234,100.97520228328685
2023-01-04,GOLDBEES.NS,48.06999969482422,101.90799567694584
2023-01-05,GOLDBEES.NS,47.779998779296875,101.29319617136039
2023-01-06,GOLDBEES.NS,47.5,100.69960111058887
2023-01-09,GOLDBEES.NS,48.11000061035156,101.99279728194924
2023-01-10,GOLDBEES.NS,47.959999084472656,101.67479530674954
2023-01-11,GOLDBEES.NS,48.02000045776367,101.80199771425467
2023-01-12,GOLDBEES.NS,47.95000076293945,101.65359894906179
2023-01-13,GOLDBEES.NS,48.22999954223633,102.24719400983331
2023-01-16,GOLDBEES.NS,48.70000076293945,103.24359265080791
2023-01-17,GOLDBEES.NS,48.5,102.81959271291706
2023-01-18,GOLDBEES.NS,48.459999084472656,102.73479110791364
2023-01-19,GOLDBEES.NS,48.5,102.81959271291706
2023-01-20,GOLDBEES.NS,48.7599983215332,103.37078697118687
2023-01-23,GOLDBEES.NS,48.77000045776367,103.39199141600079
2023-01-24,GOLDBEES.NS,48.90999984741211,103.68878894638655
2023-01-25,GOLDBEES.NS,48.7599983215332,103.37078697118687
2023-01-27,GOLDBEES.NS,48.779998779296875,103.41318777368858
2023-01-30,GOLDBEES.NS,48.77000045776367,103.39199141600079
2023-01-31,GOLDBEES.NS,48.66999816894531,103.17998740349228
2023-02-01,GOLDBEES.NS,49.40999984741211,104.74878474755064
2023-02-02,GOLDBEES.NS,50.470001220703125,106.99597875738395
2023-02-03,GOLDBEES.NS,49.41999816894531,104.76998110523843
2023-02-06,GOLDBEES.NS,49.040000915527344,103.96439011908456
2023-02-07,GOLDBEES.NS,49.06999969482422,104.02798727927403
2023-02-08,GOLDBEES.NS,49.20000076293945,104.303588451972
2023-02-09,GOLDBEES.NS,49.11000061035156,104.11278888427744
2023-02-10,GOLDBEES.NS,48.65999984741211,103.15879104580452
2023-02-13,GOLDBEES.NS,48.66999816894531,103.17998740349228
2023-02-14,GOLDBEES.NS,48.790000915527344,103.4343922185025
2023-02-15,GOLDBEES.NS,48.15999984741211,102.09879524464043
2023-02-16,GOLDBEES.NS,48.18000030517578,102.14119604714212
2023-02-17,GOLDBEES.NS,47.95000076293945,101.65359894906179
2023-02-20,GOLDBEES.NS,48.380001068115234,102.565195985033
2023-02-21,GOLDBEES.NS,48.2599983215332,102.31079117002278
2023-02-22,GOLDBEES.NS,48.15999984741211,102.09879524464043
2023-02-23,GOLDBEES.NS,47.86000061035156,101.46279938136719
2023-02-24,GOLDBEES.NS,47.779998779296875,101.29319617136039
2023-02-27,GOLDBEES.NS,47.439998626708984,100.57239870308375
2023-02-28,GOLDBEES.NS,47.40999984741211,100.50880154289428
2023-03-01,GOLDBEES.NS,47.77000045776367,101.27199981367261
2023-03-02,GOLDBEES.NS,47.810001373291016,101.35680141867603
2023-03-03,GOLDBEES.NS,47.81999969482422,101.37799777636378
2023-03-06,GOLDBEES.NS,47.83000183105469,101.39920222117773
2023-03-08,GOLDBEES.NS,47.119998931884766,99.89400203730882
2023-03-09,GOLDBEES.NS,47.06999969482422,99.78800407461765
2023-03-10,GOLDBEES.NS,47.43000030517578,100.55120234539598
2023-03-13,GOLDBEES.NS,48.81999969482422,103.49798937869197
2023-03-14,GOLDBEES.NS,49.130001068115234,104.15518968677912
2023-03-15,GOLDBEES.NS,48.93000030517578,103.73118974888827
2023-03-16,GOLDBEES.NS,49.70000076293945,105.3635842531361
2023-03-17,GOLDBEES.NS,49.75,105.46958221582727
2023-03-20,GOLDBEES.NS,50.90999984741211,107.92877215104293
2023-03-21,GOLDBEES.NS,50.47999954223633,107.01717511507172
2023-03-22,GOLDBEES.NS,50.040000915527344,106.08438172141274
2023-03-23,GOLDBEES.NS,50.36000061035156,106.76277838718767
2023-03-24,GOLDBEES.NS,50.900001525878906,107.90757579335516
2023-03-27,GOLDBEES.NS,50.400001525878906,106.84757999219107
2023-03-28,GOLDBEES.NS,50.40999984741211,106.86877634987883
2023-03-29,GOLDBEES.NS,50.689998626708984,107.46237141065036
2023-03-31,GOLDBEES.NS,51.06999969482422,108.2679704839304
2023-04-03,GOLDBEES.NS,50.79999923706055,107.69557178084665
2023-04-05,GOLDBEES.NS,51.86000061035156,109.94276579067994
2023-04-06,GOLDBEES.NS,51.810001373291016,109.83676782798877
2023-04-10,GOLDBEES.NS,51.380001068115234,108.92517079201755
2023-04-11,GOLDBEES.NS,51.54999923706055,109.28556548259279
2023-04-12,GOLDBEES.NS,51.720001220703125,109.64596826029418
2023-04-13,GOLDBEES.NS,51.939998626708984,110.11236091356058
2023-04-17,GOLDBEES.NS,51.70000076293945,109.60356745779248
2023-04-18,GOLDBEES.NS,51.52000045776367,109.22196832240331
2023-04-19,GOLDBEES.NS,51.119998931884766,108.37396844662157
2023-04-20,GOLDBEES.NS,51.63999938964844,109.47636505028737
2023-04-21,GOLDBEES.NS,51.290000915527344,108.73437122432297
2023-04-24,GOLDBEES.NS,51.2599983215332,108.67076597700733
2023-04-25,GOLDBEES.NS,51.31999969482422,108.79796838451243
2023-04-26,GOLDBEES.NS,51.47999954223633,109.13716671739991
2023-04-27,GOLDBEES.NS,51.470001220703125,109.11597035971215
2023-04-28,GOLDBEES.NS,51.25,108.64956961931955
2023-05-02,GOLDBEES.NS,51.310001373291016,108.77677202682467
2023-05-03,GOLDBEES.NS,52.060001373291016,110.3667657285708
2023-05-04,GOLDBEES.NS,52.5099983215332,111.32075547991755
2023-05-05,GOLDBEES.NS,52.5,111.2995591222298
2023-05-08,GOLDBEES.NS,52.16999816894531,110.59995801164094
2023-05-09,GOLDBEES.NS,52.369998931884766,111.02395794953179
2023-05-10,GOLDBEES.NS,52.43000030517578,111.15116035703691
2023-05-11,GOLDBEES.NS,52.369998931884766,111.02395794953179
2023-05-12,GOLDBEES.NS,51.90999984741211,110.04876375337112
2023-05-15,GOLDBEES.NS,52.279998779296875,110.83315838183722
2023-05-16,GOLDBEES.NS,52.04999923706055,110.34556128375688
2023-05-17,GOLDBEES.NS,51.619998931884766,109.43396424778567
2023-05-18,GOLDBEES.NS,51.59000015258789,109.3703670875962
2023-05-19,GOLDBEES.NS,51.439998626708984,109.05236511239649
2023-05-22,GOLDBEES.NS,51.97999954223633,110.197162518564
2023-05-23,GOLDBEES.NS,51.43000030517578,109.03116875470873
2023-05-24,GOLDBEES.NS,51.75,109.70956542048364
2023-05-25,GOLDBEES.NS,51.45000076293945,109.07356955721043
2023-05-26,GOLDBEES.NS,51.33000183105469,108.81917282932638
2023-05-29,GOLDBEES.NS,51.18000030517578,108.50117085412667
2023-05-30,GOLDBEES.NS,51.13999938964844,108.41636924912328
2023-05-31,GOLDBEES.NS,51.130001068115234,108.3951728914355
2023-06-01,GOLDBEES.NS,50.9900016784668,108.09837536104976
2023-06-02,GOLDBEES.NS,51.31999969482422,108.79796838451243
2023-06-05,GOLDBEES.NS,50.720001220703125,107.525976657966
2023-06-06,GOLDBEES.NS,51.06999969482422,108.2679704839304
2023-06-07,GOLDBEES.NS,50.9900016784668,108.09837536104976
2023-06-08,GOLDBEES.NS,50.70000076293945,107.48357585546428
2023-06-09,GOLDBEES.NS,50.959999084472656,108.0347701137341
2023-06-12,GOLDBEES.NS,50.93000030517578,107.97117295354464
2023-06-13,GOLDBEES.NS,50.88999938964844,107.88637134854122
2023-06-14,GOLDBEES.NS,50.560001373291016,107.18677832507852
2023-06-15,GOLDBEES.NS,50.15999984741211,106.3387784492968
2023-06-16,GOLDBEES.NS,50.65999984741211,107.39877425046089
2023-06-19,GOLDBEES.NS,50.529998779296875,107.12317307776289
2023-06-20,GOLDBEES.NS,50.4900016784668,107.03837955988564
2023-06-21,GOLDBEES.NS,50.09000015258789,106.19037968410392
2023-06-22,GOLDBEES.NS,49.86000061035156,105.70278258602357
2023-06-23,GOLDBEES.NS,49.75,105.46958221582727
2023-06-26,GOLDBEES.NS,49.9900016784668,105.97838375872155
2023-06-27,GOLDBEES.NS,49.79999923706055,105.57558017851846
2023-06-28,GOLDBEES.NS,49.54999923706055,105.0455822779364
2023-06-30,GOLDBEES.NS,49.310001373291016,104.5367888221683
2023-07-03,GOLDBEES.NS,49.560001373291016,105.06678672275034
2023-07-04,GOLDBEES.NS,49.880001068115234,105.74518338852528
2023-07-05,GOLDBEES.NS,49.97999954223633,105.95717931390763
2023-07-06,GOLDBEES.NS,49.900001525878906,105.78758419102698
2023-07-07,GOLDBEES.NS,50.02000045776367,106.04198091891104
2023-07-10,GOLDBEES.NS,50.029998779296875,106.0631772765988
2023-07-11,GOLDBEES.NS,50.15999984741211,106.3387784492968
2023-07-12,GOLDBEES.NS,50.099998474121094,106.21157604179167
2023-07-13,GOLDBEES.NS,50.52000045776367,107.10197672007513
2023-07-14,GOLDBEES.NS,50.59000015258789,107.25037548526801
2023-07-17,GOLDBEES.NS,50.4900016784668,107.03837955988564
2023-07-18,GOLDBEES.NS,50.65999984741211,107.39877425046089
2023-07-19,GOLDBEES.NS,51.02000045776367,108.16197252123922
2023-07-20,GOLDBEES.NS,51.08000183105469,108.28917492874433
2023-07-21,GOLDBEES.NS,50.650001525878906,107.37757789277312
2023-07-24,GOLDBEES.NS,50.650001525878906,107.37757789277312
2023-07-25,GOLDBEES.NS,50.58000183105469,107.22917912758024
2023-07-26,GOLDBEES.NS,50.84000015258789,107.78037338585006
2023-07-27,GOLDBEES.NS,50.93000030517578,107.97117295354464
2023-07-28,GOLDBEES.NS,50.66999816894531,107.41997060814865
2023-07-31,GOLDBEES.NS,50.65999984741211,107.39877425046089
2023-08-01,GOLDBEES.NS,50.689998626708984,107.46237141065036
2023-08-02,GOLDBEES.NS,50.68000030517578,107.44117505296258
2023-08-03,GOLDBEES.NS,50.540000915527344,107.14437752257683
2023-08-04,GOLDBEES.NS,50.5,107.05957591757343
2023-08-07,GOLDBEES.NS,50.4900016784668,107.03837955988564
2023-08-08,GOLDBEES.NS,50.560001373291016,107.18677832507852
2023-08-09,GOLDBEES.NS,50.369998931884766,106.78397474487542
2023-08-10,GOLDBEES.NS,50.22999954223633,106.48717721448968
2023-08-11,GOLDBEES.NS,50.130001068115234,106.27518128910731
2023-08-14,GOLDBEES.NS,50.09000015258789,106.19037968410392
2023-08-16,GOLDBEES.NS,50.11000061035156,106.23278048660563
2023-08-17,GOLDBEES.NS,49.81999969482422,105.61798098102015
2023-08-18,GOLDBEES.NS,49.75,105.46958221582727
2023-08-21,GOLDBEES.NS,49.68000030517578,105.3211834506344
2023-08-22,GOLDBEES.NS,49.900001525878906,105.78758419102698
2023-08-23,GOLDBEES.NS,49.810001373291016,105.5967846233324
2023-08-24,GOLDBEES.NS,50.029998779296875,106.0631772765988
2023-08-25,GOLDBEES.NS,49.939998626708984,105.87237770890421
2023-08-28,GOLDBEES.NS,49.79999923706055,105.57558017851846
2023-08-29,GOLDBEES.NS,49.97999954223633,105.95717931390763
2023-08-30,GOLDBEES.NS,50.34000015258789,106.72037758468595
2023-08-31,GOLDBEES.NS,50.349998474121094,106.74157394237373
2023-09-01,GOLDBEES.NS,50.369998931884766,106.78397474487542
2023-09-04,GOLDBEES.NS,50.439998626708984,106.9323735100683
2023-09-05,GOLDBEES.NS,50.349998474121094,106.74157394237373
2023-09-06,GOLDBEES.NS,50.310001373291016,106.65678042449649
2023-09-07,GOLDBEES.NS,50.16999816894531,106.35997480698455
2023-09-08,GOLDBEES.NS,50.209999084472656,106.44477641198797
2023-09-11,GOLDBEES.NS,50.15999984741211,106.3387784492968
2023-09-12,GOLDBEES.NS,50.02000045776367,106.04198091891104
2023-09-13,GOLDBEES.NS,49.880001068115234,105.74518338852528
2023-09-14,GOLDBEES.NS,49.880001068115234,105.74518338852528
2023-09-15,GOLDBEES.NS,50.119998931884766,106.25397684429339
2023-09-18,GOLDBEES.NS,50.439998626708984,106.9323735100683
2023-09-20,GOLDBEES.NS,50.380001068115234,106.80517918968937
2023-09-21,GOLDBEES.NS,50.27000045776367,106.57197881949307
2023-09-22,GOLDBEES.NS,50.220001220703125,106.4659808568019
2023-09-25,GOLDBEES.NS,50.220001220703125,106.4659808568019
2023-09-26,GOLDBEES.NS,50.02000045776367,106.04198091891104
2023-09-27,GOLDBEES.NS,49.70000076293945,105.3635842531361
2023-09-28,GOLDBEES.NS,49.369998931884766,104.66398314254724
2023-09-29,GOLDBEES.NS,49.290000915527344,104.4943880196666
2023-10-03,GOLDBEES.NS,48.83000183105469,103.51919382350592
2023-10-04,GOLDBEES.NS,48.36000061035156,102.5227951825313
2023-10-05,GOLDBEES.NS,48.25,102.289594812335
2023-10-06,GOLDBEES.NS,48.380001068115234,102.565195985033
2023-10-09,GOLDBEES.NS,48.880001068115234,103.62519178619709
2023-10-10,GOLDBEES.NS,48.93000030517578,103.73118974888827
2023-10-11,GOLDBEES.NS,49.16999816894531,104.23998320465637
2023-10-12,GOLDBEES.NS,49.38999938964844,104.70638394504894
2023-10-13,GOLDBEES.NS,49.4900016784668,104.91838795755746
2023-10-16,GOLDBEES.NS,50.25,106.52957801699137
2023-10-17,GOLDBEES.NS,50.310001373291016,106.65678042449649
2023-10-18,GOLDBEES.NS,50.779998779296875,107.65317097834495
2023-10-19,GOLDBEES.NS,50.90999984741211,107.92877215104293
2023-10-20,GOLDBEES.NS,51.59000015258789,109.3703670875962
2023-10-23,GOLDBEES.NS,51.540000915527344,109.26436912490503
2023-10-25,GOLDBEES.NS,51.40999984741211,108.98876795220703
2023-10-26,GOLDBEES.NS,51.83000183105469,109.87916863049048
2023-10-27,GOLDBEES.NS,51.63999938964844,109.47636505028737
2023-10-30,GOLDBEES.NS,52.02000045776367,110.2819641235674
2023-10-31,GOLDBEES.NS,52.060001373291016,110.3667657285708
2023-11-01,GOLDBEES.NS,51.7599983215332,109.73076177817143
2023-11-02,GOLDBEES.NS,51.849998474121094,109.92156134586601
2023-11-03,GOLDBEES.NS,51.79999923706055,109.81556338317485
2023-11-06,GOLDBEES.NS,51.75,109.70956542048364
2023-11-07,GOLDBEES.NS,51.36000061035156,108.88276998951585
2023-11-08,GOLDBEES.NS,51.400001525878906,108.96757159451926
2023-11-09,GOLDBEES.NS,50.939998626708984,107.9923693112324
2023-11-10,GOLDBEES.NS,51.310001373291016,108.77677202682467
2023-11-13,GOLDBEES.NS,50.93000030517578,107.97117295354464
2023-11-15,GOLDBEES.NS,51.459999084472656,109.09476591489819
2023-11-16,GOLDBEES.NS,51.38999938964844,108.94636714970531
2023-11-17,GOLDBEES.NS,51.86000061035156,109.94276579067994
2023-11-20,GOLDBEES.NS,51.65999984741211,109.51876585278907
2023-11-21,GOLDBEES.NS,51.880001068115234,109.98516659318165
2023-11-22,GOLDBEES.NS,52.16999816894531,110.59995801164094
2023-11-23,GOLDBEES.NS,52.02000045776367,110.2819641235674
2023-11-24,GOLDBEES.NS,52.150001525878906,110.5575652962654
2023-11-28,GOLDBEES.NS,52.29999923706055,110.87555918433894
2023-11-29,GOLDBEES.NS,53.04999923706055,112.46555288608506
2023-11-30,GOLDBEES.NS,53.150001525878906,112.67755689859358
2023-12-01,GOLDBEES.NS,53.290000915527344,112.97435442897934
2023-12-04,GOLDBEES.NS,53.720001220703125,113.88595146495055
2023-12-05,GOLDBEES.NS,52.939998626708984,112.23235251588876
2023-12-06,GOLDBEES.NS,52.83000183105469,111.99916023281867
2023-12-07,GOLDBEES.NS,53.029998779296875,112.42315208358336
2023-12-08,GOLDBEES.NS,52.939998626708984,112.23235251588876
2023-12-11,GOLDBEES.NS,52.02000045776367,110.2819641235674
2023-12-12,GOLDBEES.NS,51.849998474121094,109.92156134586601
2023-12-13,GOLDBEES.NS,51.83000183105469,109.87916863049048
2023-12-14,GOLDBEES.NS,52.79999923706055,111.93555498550303
2023-12-15,GOLDBEES.NS,52.810001373291016,111.95675943031695
2023-12-18,GOLDBEES.NS,52.4900016784668,111.27836276454204
2023-12-19,GOLDBEES.NS,52.59000015258789,111.49035868992439
2023-12-20,GOLDBEES.NS,52.83000183105469,111.99916023281867
2023-12-21,GOLDBEES.NS,52.86000061035156,112.06275739300813
2023-12-22,GOLDBEES.NS,53.189998626708984,112.76235041647082
2023-12-26,GOLDBEES.NS,53.459999084472656,113.33474911955457
2023-12-27,GOLDBEES.NS,53.630001068115234,113.69515189725597
2023-12-28,GOLDBEES.NS,53.84000015258789,114.14034819283461
2023-12-29,GOLDBEES.NS,53.65999984741211,113.75874905744546
2024-01-01,GOLDBEES.NS,53.7400016784668,113.92835226745225
2024-01-02,GOLDBEES.NS,54.0099983215332,114.50074288340983
2024-01-03,GOLDBEES.NS,53.529998779296875,113.48314788474745
2024-01-04,GOLDBEES.NS,53.290000915527344,112.97435442897934
2024-01-05,GOLDBEES.NS,53.13999938964844,112.65635245377965
2024-01-08,GOLDBEES.NS,52.849998474121094,112.0415529481942
2024-01-09,GOLDBEES.NS,53.02000045776367,112.40195572589559
2024-01-10,GOLDBEES.NS,52.91999816894531,112.18995171338707
2024-01-11,GOLDBEES.NS,52.84000015258789,112.02035659050642
2024-01-12,GOLDBEES.NS,52.9900016784668,112.33835856570613
2024-01-15,GOLDBEES.NS,53.25,112.88955282397592
2024-01-16,GOLDBEES.NS,53.04999923706055,112.46555288608506
2024-01-17,GOLDBEES.NS,52.66999816894531,111.65995381280503
2024-01-18,GOLDBEES.NS,52.4900016784668,111.27836276454204
2024-01-19,GOLDBEES.NS,52.84000015258789,112.02035659050642
2024-01-23,GOLDBEES.NS,52.86000061035156,112.06275739300813
2024-01-24,GOLDBEES.NS,52.90999984741211,112.1687553556993
2024-01-25,GOLDBEES.NS,52.720001220703125,111.76595986262237
2024-01-29,GOLDBEES.NS,52.970001220703125,112.29595776320443
2024-01-30,GOLDBEES.NS,53.130001068115234,112.63515609609188
2024-01-31,GOLDBEES.NS,53.349998474121094,113.1015487493583
2024-02-01,GOLDBEES.NS,53.459999084472656,113.33474911955457
2024-02-02,GOLDBEES.NS,53.58000183105469,113.58915393456479
2024-02-05,GOLDBEES.NS,52.97999954223633,112.31715412089218
2024-02-06,GOLDBEES.NS,52.939998626708984,112.23235251588876
2024-02-07,GOLDBEES.NS,53.209999084472656,112.80475121897253
2024-02-08,GOLDBEES.NS,53.04999923706055,112.46555288608506
2024-02-09,GOLDBEES.NS,53.04999923706055,112.46555288608506
2024-02-12,GOLDBEES.NS,52.790000915527344,111.91435862781525
2024-02-13,GOLDBEES.NS,52.810001373291016,111.95675943031695
2024-02-14,GOLDBEES.NS,52.099998474121094,110.45155924644806
2024-02-15,GOLDBEES.NS,52.16999816894531,110.59995801164094
2024-02-16,GOLDBEES.NS,52.349998474121094,110.9815571470301
2024-02-19,GOLDBEES.NS,52.63999938964844,111.59635665261555
2024-02-20,GOLDBEES.NS,52.560001373291016,111.4267615297349
2024-02-21,GOLDBEES.NS,52.63999938964844,111.59635665261555
2024-02-22,GOLDBEES.NS,52.720001220703125,111.76595986262237
2024-02-23,GOLDBEES.NS,52.439998626708984,111.17235671472467
2024-02-26,GOLDBEES.NS,52.709999084472656,111.74475541780843
2024-02-27,GOLDBEES.NS,52.790000915527344,111.91435862781525
2024-02-28,GOLDBEES.NS,52.599998474121094,111.51155504761215
2024-02-29,GOLDBEES.NS,52.779998779296875,111.89315418300131
2024-03-01,GOLDBEES.NS,52.900001525878906,112.14755899801155
2024-03-04,GOLDBEES.NS,53.88999938964844,114.24634615552579
2024-03-05,GOLDBEES.NS,54.619998931884766,115.79393905477022
2024-03-06,GOLDBEES.NS,54.720001220703125,116.00594306727874
2024-03-07,GOLDBEES.NS,55.439998626708984,117.53233152170924
2024-03-11,GOLDBEES.NS,56.0099983215332,118.74072608806621
2024-03-12,GOLDBEES.NS,55.939998626708984,118.59232732287333
2024-03-13,GOLDBEES.NS,55.470001220703125,117.59593676902489
2024-03-14,GOLDBEES.NS,55.84000015258789,118.38033139749098
2024-03-15,GOLDBEES.NS,55.72999954223633,118.1471310272947
2024-03-18,GOLDBEES.NS,55.5,117.65953392921435
2024-03-19,GOLDBEES.NS,55.61000061035156,117.89273429941065
2024-03-20,GOLDBEES.NS,55.720001220703125,118.12593466960692
2024-03-21,GOLDBEES.NS,56.70000076293945,120.2035254694334
2024-03-22,GOLDBEES.NS,55.9900016784668,118.69833337269068
2024-03-26,GOLDBEES.NS,56.29999923706055,119.35552559365168
2024-03-27,GOLDBEES.NS,56.220001220703125,119.18593047077101
2024-03-28,GOLDBEES.NS,56.61000061035156,120.01272590173883
2024-04-01,GOLDBEES.NS,58.31999969482422,123.63790960080973
2024-04-02,GOLDBEES.NS,58.63999938964844,124.31630626658468
2024-04-03,GOLDBEES.NS,58.77000045776367,124.59190743928265
2024-04-04,GOLDBEES.NS,59.18000030517578,125.46110367275219
2024-04-05,GOLDBEES.NS,59.029998779296875,125.14310169755247
2024-04-08,GOLDBEES.NS,60.209999084472656,127.64469243526983
2024-04-09,GOLDBEES.NS,60.54999923706055,128.36548990354646
2024-04-10,GOLDBEES.NS,60.619998931884766,128.51388866873933
2024-04-12,GOLDBEES.NS,61.90999984741211,131.24867977665298
2024-04-15,GOLDBEES.NS,61.22999954223633,129.80708484009972
2024-04-16,GOLDBEES.NS,61.88999938964844,131.2062789741513
2024-04-18,GOLDBEES.NS,61.959999084472656,131.35467773934414
2024-04-19,GOLDBEES.NS,62.2400016784668,131.94828088724185
2024-04-22,GOLDBEES.NS,61.7400016784668,130.88828508607776
2024-04-23,GOLDBEES.NS,60.25,127.72949404027325
2024-04-24,GOLDBEES.NS,60.72999954223633,128.74708903893563
2024-04-25,GOLDBEES.NS,60.86000061035156,129.02269021163363
2024-04-26,GOLDBEES.NS,61.33000183105469,130.01908885260823
2024-04-29,GOLDBEES.NS,61.29999923706055,129.9554836052926
2024-04-30,GOLDBEES.NS,60.880001068115234,129.06509101413533
2024-05-02,GOLDBEES.NS,60.849998474121094,129.00148576681968
2024-05-03,GOLDBEES.NS,60.47999954223633,128.21709113835357
2024-05-06,GOLDBEES.NS,60.720001220703125,128.72589268124784
2024-05-07,GOLDBEES.NS,60.68000030517578,128.64109107624446
2024-05-08,GOLDBEES.NS,60.5,128.2594919408553
2024-05-09,GOLDBEES.NS,60.41999816894531,128.0898887308485
2024-05-10,GOLDBEES.NS,61.91999816894531,131.26987613434076
2024-05-13,GOLDBEES.NS,61.150001525878906,129.63748971721907
2024-05-14,GOLDBEES.NS,61.189998626708984,129.7222832350963
2024-05-15,GOLDBEES.NS,61.709999084472656,130.8246798387621
2024-05-16,GOLDBEES.NS,62.0,131.43947934434757
2024-05-17,GOLDBEES.NS,61.959999084472656,131.35467773934414
2024-05-21,GOLDBEES.NS,62.630001068115234,132.77507631820967
2024-05-22,GOLDBEES.NS,62.68000030517578,132.88107428090083
2024-05-23,GOLDBEES.NS,61.619998931884766,130.63388027106754
2024-05-24,GOLDBEES.NS,60.88999938964844,129.0862873718231
2024-05-27,GOLDBEES.NS,61.0,129.3194877420194
2024-05-28,GOLDBEES.NS,61.119998931884766,129.57388446990342
2024-05-29,GOLDBEES.NS,61.20000076293945,129.74348767991026
2024-05-30,GOLDBEES.NS,60.7400016784668,128.76829348374957
2024-05-31,GOLDBEES.NS,61.290000915527344,129.93428724760483
2024-06-03,GOLDBEES.NS,60.59000015258789,128.45029150854987
2024-06-04,GOLDBEES.NS,60.560001373291016,128.3866943483604
2024-06-05,GOLDBEES.NS,60.68000030517578,128.64109107624446
2024-06-06,GOLDBEES.NS,61.45000076293945,130.2734855804923
2024-06-07,GOLDBEES.NS,61.09000015258789,129.51028730971396
2024-06-10,GOLDBEES.NS,60.130001068115234,127.4750973123892
2024-06-11,GOLDBEES.NS,60.41999816894531,128.0898887308485
2024-06-12,GOLDBEES.NS,60.59000015258789,128.45029150854987
2024-06-13,GOLDBEES.NS,60.59000015258789,128.45029150854987
2024-06-14,GOLDBEES.NS,60.599998474121094,128.47148786623762
2024-06-18,GOLDBEES.NS,60.33000183105469,127.89909725028006
2024-06-19,GOLDBEES.NS,60.709999084472656,128.70468823643392
2024-06-20,GOLDBEES.NS,61.029998779296875,129.38308490220885
2024-06-21,GOLDBEES.NS,61.529998779296875,130.44308070337294
2024-06-24,GOLDBEES.NS,60.619998931884766,128.51388866873933
2024-06-25,GOLDBEES.NS,60.75,128.78948984143733
2024-06-26,GOLDBEES.NS,60.459999084472656,128.17469033585186
2024-06-27,GOLDBEES.NS,60.31999969482422,127.87789280546613
2024-06-28,GOLDBEES.NS,60.630001068115234,128.5350931135533
2024-07-01,GOLDBEES.NS,60.54999923706055,128.36548990354646
2024-07-02,GOLDBEES.NS,60.720001220703125,128.72589268124784
2024-07-03,GOLDBEES.NS,61.06999969482422,129.46788650721226
2024-07-04,GOLDBEES.NS,61.290000915527344,129.93428724760483
2024-07-05,GOLDBEES.NS,61.47999954223633,130.33708274068175
2024-07-08,GOLDBEES.NS,61.56999969482422,130.52788230837635
2024-07-09,GOLDBEES.NS,61.380001068115234,130.12508681529943
2024-07-10,GOLDBEES.NS,61.540000915527344,130.4642851481869
2024-07-11,GOLDBEES.NS,61.68000030517578,130.76108267857265
2024-07-12,GOLDBEES.NS,61.88999938964844,131.2062789741513
2024-07-15,GOLDBEES.NS,61.91999816894531,131.26987613434076
2024-07-16,GOLDBEES.NS,62.439998626708984,132.37227273800656
2024-07-18,GOLDBEES.NS,62.90999984741211,133.36867137898116
2024-07-19,GOLDBEES.NS,62.40999984741211,132.30867557781707
2024-07-22,GOLDBEES.NS,62.08000183105469,131.60908255435436
2024-07-23,GOLDBEES.NS,60.15999984741211,127.53869447257867
2024-07-24,GOLDBEES.NS,59.599998474121094,126.35149626390944
2024-07-25,GOLDBEES.NS,59.369998931884766,125.86389916582912
2024-07-26,GOLDBEES.NS,59.9900016784668,127.17829978200344
2024-07-29,GOLDBEES.NS,58.779998779296875,124.61310379697044
2024-07-30,GOLDBEES.NS,58.349998474121094,123.70150676099922
2024-07-31,GOLDBEES.NS,58.68000030517578,124.4011078715881
2024-08-01,GOLDBEES.NS,59.09000015258789,125.27030410505759
2024-08-02,GOLDBEES.NS,59.66999816894531,126.49989502910233
2024-08-05,GOLDBEES.NS,58.7400016784668,124.52831027909319
2024-08-06,GOLDBEES.NS,58.619998931884766,124.27390546408297
2024-08-07,GOLDBEES.NS,58.20000076293945,123.38351287292568
2024-08-08,GOLDBEES.NS,58.09000015258789,123.1503125027294
2024-08-09,GOLDBEES.NS,58.65999984741211,124.35870706908638
2024-08-12,GOLDBEES.NS,59.02000045776367,125.12190533986471
2024-08-13,GOLDBEES.NS,59.400001525878906,125.92750441314476
2024-08-14,GOLDBEES.NS,59.61000061035156,126.3727007087234
2024-08-16,GOLDBEES.NS,59.470001220703125,126.07590317833764
2024-08-19,GOLDBEES.NS,60.34000015258789,127.92029360796782
2024-08-20,GOLDBEES.NS,60.66999816894531,128.61988663143052
2024-08-21,GOLDBEES.NS,60.380001068115234,128.00509521297124
2024-08-22,GOLDBEES.NS,60.45000076293945,128.1534939781641
2024-08-23,GOLDBEES.NS,60.25,127.72949404027325
2024-08-26,GOLDBEES.NS,60.83000183105469,128.95909305144414
2024-08-27,GOLDBEES.NS,60.54999923706055,128.36548990354646
2024-08-28,GOLDBEES.NS,60.54999923706055,128.36548990354646
2024-08-29,GOLDBEES.NS,60.56999969482422,128.40789070604816
2024-08-30,GOLDBEES.NS,60.65999984741211,128.59869027374276
2024-09-02,GOLDBEES.NS,60.25,127.72949404027325
2024-09-03,GOLDBEES.NS,60.36000061035156,127.96269441046952
2024-09-04,GOLDBEES.NS,59.83000183105469,126.83910144911596
2024-09-05,GOLDBEES.NS,60.54999923706055,128.36548990354646
2024-09-06,GOLDBEES.NS,60.65999984741211,128.59869027374276
2024-09-09,GOLDBEES.NS,60.15999984741211,127.53869447257867
2024-09-10,GOLDBEES.NS,60.36000061035156,127.96269441046952
2024-09-11,GOLDBEES.NS,60.709999084472656,128.70468823643392
2024-09-12,GOLDBEES.NS,60.61000061035156,128.49269231105157
2024-09-13,GOLDBEES.NS,61.63999938964844,130.67628107356924
2024-09-16,GOLDBEES.NS,62.04999923706055,131.54547730703874
2024-09-17,GOLDBEES.NS,61.77000045776367,130.95188224626722
2024-09-18,GOLDBEES.NS,61.68000030517578,130.76108267857265
2024-09-19,GOLDBEES.NS,62.189998626708984,131.8422748374245
2024-09-20,GOLDBEES.NS,62.43000030517578,132.35107638031877
2024-09-23,GOLDBEES.NS,62.810001373291016,133.1566754535988
2024-09-24,GOLDBEES.NS,62.9900016784668,133.538274588988
2024-09-25,GOLDBEES.NS,63.65999984741211,134.95866508072731
2024-09-26,GOLDBEES.NS,63.77000045776367,135.1918654509236
2024-09-27,GOLDBEES.NS,63.47999954223633,134.57706594533815
2024-09-30,GOLDBEES.NS,63.54999923706055,134.725464710531
2024-10-01,GOLDBEES.NS,63.59000015258789,134.81026631553442
2024-10-03,GOLDBEES.NS,63.689998626708984,135.02226224091677
2024-10-04,GOLDBEES.NS,63.9900016784668,135.6582661913162
2024-10-07,GOLDBEES.NS,63.810001373291016,135.276667055927
2024-10-08,GOLDBEES.NS,63.45000076293945,134.51346878514866
2024-10-09,GOLDBEES.NS,63.02000045776367,133.60187174917746
2024-10-10,GOLDBEES.NS,63.0099983215332,133.58066730436354
2024-10-11,GOLDBEES.NS,63.540000915527344,134.70426835284326
2024-10-14,GOLDBEES.NS,63.97999954223633,135.63706174650224
2024-10-15,GOLDBEES.NS,63.86000061035156,135.38266501861818
2024-10-16,GOLDBEES.NS,64.44000244140625,136.6122640297891
2024-10-17,GOLDBEES.NS,64.44000244140625,136.6122640297891
2024-10-18,GOLDBEES.NS,65.18000030517578,138.1810532867213
2024-10-21,GOLDBEES.NS,65.79000091552734,139.47424945808166
2024-10-22,GOLDBEES.NS,65.7300033569336,139.34705513770274
2024-10-23,GOLDBEES.NS,66.16000366210938,140.25865217367394
2024-10-24,GOLDBEES.NS,65.75,139.38944785307828
2024-10-25,GOLDBEES.NS,65.44999694824219,138.75344390267887
2024-10-28,GOLDBEES.NS,65.77999877929688,139.45304501326774
2024-10-29,GOLDBEES.NS,66.30000305175781,140.5554497040597
2024-10-30,GOLDBEES.NS,67.0199966430664,142.08183007136404
2024-10-31,GOLDBEES.NS,66.91999816894531,141.86983414598168
2024-11-01,GOLDBEES.NS,66.91999816894531,141.86983414598168
2024-11-04,GOLDBEES.NS,66.0199966430664,139.96183846903585
2024-11-05,GOLDBEES.NS,65.94000244140625,139.79225143328136
2024-11-06,GOLDBEES.NS,65.58999633789062,139.05024143306463
2024-11-07,GOLDBEES.NS,64.33000183105469,136.37906365959282
2024-11-08,GOLDBEES.NS,65.0,137.79945415133213
2024-11-11,GOLDBEES.NS,64.48999786376953,136.71825390535412
2024-11-12,GOLDBEES.NS,62.84000015258789,133.22027261378827
2024-11-13,GOLDBEES.NS,63.25,134.08946884725782
2024-11-14,GOLDBEES.NS,61.790000915527344,130.99428304876892
2024-11-18,GOLDBEES.NS,62.900001525878906,133.3474750212934
2024-11-19,GOLDBEES.NS,63.720001220703125,135.08586748823242
2024-11-21,GOLDBEES.NS,64.56999969482422,136.8878571153609
2024-11-22,GOLDBEES.NS,65.33000183105469,138.499055261921
2024-11-25,GOLDBEES.NS,64.37999725341797,136.48505353515782
2024-11-26,GOLDBEES.NS,63.38999938964844,134.38626637764358
2024-11-27,GOLDBEES.NS,63.959999084472656,135.5946609440005
2024-11-28,GOLDBEES.NS,64.04000091552734,135.76426415400735
2024-11-29,GOLDBEES.NS,64.29000091552734,136.29426205458938
2024-12-02,GOLDBEES.NS,63.7599983215332,135.17066100610967
2024-12-03,GOLDBEES.NS,64.05999755859375,135.8066568693829
2024-12-04,GOLDBEES.NS,64.01000213623047,135.7006669938179
2024-12-05,GOLDBEES.NS,64.05999755859375,135.8066568693829
2024-12-06,GOLDBEES.NS,63.9900016784668,135.6582661913162
2024-12-09,GOLDBEES.NS,64.29000091552734,136.29426205458938
2024-12-10,GOLDBEES.NS,64.66999816894531,137.09985304074326
2024-12-11,GOLDBEES.NS,65.04000091552734,137.88425575633553
2024-12-12,GOLDBEES.NS,65.48999786376953,138.8382455076823
2024-12-13,GOLDBEES.NS,64.61000061035156,136.97265872036434
2024-12-16,GOLDBEES.NS,64.4800033569336,136.6970656347925
2024-12-17,GOLDBEES.NS,64.0999984741211,135.8914584743863
2024-12-18,GOLDBEES.NS,64.37999725341797,136.48505353515782
2024-12-19,GOLDBEES.NS,63.779998779296875,135.21306180861137
2024-12-20,GOLDBEES.NS,63.31999969482422,134.23786761245069
2024-12-23,GOLDBEES.NS,63.970001220703125,135.61586538881448
2024-12-24,GOLDBEES.NS,63.68000030517578,135.00106588322902
2024-12-26,GOLDBEES.NS,64.0,135.67946254900394
2024-12-27,GOLDBEES.NS,64.20999908447266,136.12465884458257
2024-12-30,GOLDBEES.NS,64.0,135.67946254900394
2024-12-31,GOLDBEES.NS,64.08999633789062,135.87025402957235
2025-01-01,GOLDBEES.NS,64.3499984741211,136.42145637496833
2025-01-02,GOLDBEES.NS,64.5999984741211,136.9514542755504
2025-01-03,GOLDBEES.NS,65.06999969482422,137.947852916525
2025-01-06,GOLDBEES.NS,64.61000061035156,136.97265872036434
2025-01-07,GOLDBEES.NS,64.7699966430664,137.31184896612564
2025-01-08,GOLDBEES.NS,65.12000274658203,138.05385896634235
2025-01-09,GOLDBEES.NS,65.4000015258789,138.64745402711387
2025-01-10,GOLDBEES.NS,65.93000030517578,139.77104698846742
2025-01-13,GOLDBEES.NS,66.25,140.44944365424237
2025-01-14,GOLDBEES.NS,66.04000091552734,140.00424735866372
2025-01-15,GOLDBEES.NS,66.26000213623047,140.4706480990563
2025-01-16,GOLDBEES.NS,66.58999633789062,141.1702330353928
2025-01-17,GOLDBEES.NS,66.66000366210938,141.31864797483803
2025-01-20,GOLDBEES.NS,66.58999633789062,141.1702330353928
2025-01-21,GOLDBEES.NS,66.94999694824219,141.93343130617114
2025-01-22,GOLDBEES.NS,67.62000274658203,143.3538379721628
2025-01-23,GOLDBEES.NS,67.43000030517578,142.9510343919597
2025-01-24,GOLDBEES.NS,67.7699966430664,143.6718237731102
2025-01-27,GOLDBEES.NS,67.69000244140625,143.5022367373557
2025-01-28,GOLDBEES.NS,67.58000183105469,143.26903636715943
2025-01-29,GOLDBEES.NS,67.86000061035156,143.86263142793092
2025-01-30,GOLDBEES.NS,68.08999633789062,144.3502204388851
2025-01-31,GOLDBEES.NS,69.08000183105469,146.4490237706517
2025-02-01,GOLDBEES.NS,68.94999694824219,146.1734145108275
2025-02-03,GOLDBEES.NS,69.63999938964844,147.63621389219472
2025-02-04,GOLDBEES.NS,70.08000183105469,148.5690153729799
2025-02-05,GOLDBEES.NS,71.56999969482422,151.72779833165822
2025-02-06,GOLDBEES.NS,71.43000030517578,151.43100080127246
2025-02-07,GOLDBEES.NS,71.54000091552734,151.66420117146876
2025-02-10,GOLDBEES.NS,72.5199966430664,153.74178388416905
2025-02-11,GOLDBEES.NS,71.9800033569336,152.59700265225388
2025-02-12,GOLDBEES.NS,71.47000122070312,151.51580240627587
2025-02-13,GOLDBEES.NS,71.87000274658203,152.3638022820576
2025-02-14,GOLDBEES.NS,72.22000122070312,153.10579610802202
2025-02-17,GOLDBEES.NS,71.6500015258789,151.89740154166503
2025-02-18,GOLDBEES.NS,71.9800033569336,152.59700265225388
2025-02-19,GOLDBEES.NS,72.7300033569336,154.18699635400003
2025-02-20,GOLDBEES.NS,72.48999786376953,153.6781867239796
2025-02-21,GOLDBEES.NS,72.08000183105469,152.80899857763626
2025-02-24,GOLDBEES.NS,72.5999984741211,153.9113870941759
2025-02-25,GOLDBEES.NS,72.75,154.22938906937557
2025-02-27,GOLDBEES.NS,71.87999725341797,152.3849905526192
2025-02-28,GOLDBEES.NS,71.0999984741211,150.7313996906836
2025-03-03,GOLDBEES.NS,71.36000061035156,151.28260203607957
2025-03-04,GOLDBEES.NS,72.41999816894531,153.5297879587867
2025-03-05,GOLDBEES.NS,72.2699966430664,153.21178598358702
2025-03-06,GOLDBEES.NS,71.88999938964844,152.40619499743315
2025-03-07,GOLDBEES.NS,72.20999908447266,153.08459166320807
2025-03-10,GOLDBEES.NS,72.16999816894531,152.99979005820467
2025-03-11,GOLDBEES.NS,72.08000183105469,152.80899857763626
2025-03-12,GOLDBEES.NS,72.31999969482422,153.31779203340437
2025-03-13,GOLDBEES.NS,72.81999969482422,154.37778783456847
2025-03-17,GOLDBEES.NS,73.52999877929688,155.88297993131118
2025-03-18,GOLDBEES.NS,73.52999877929688,155.88297993131118
2025-03-19,GOLDBEES.NS,74.25,157.40937647286785
2025-03-20,GOLDBEES.NS,74.48999786376953,157.91816992863596
2025-03-21,GOLDBEES.NS,73.94999694824219,156.77337252246846
2025-03-24,GOLDBEES.NS,73.0,154.7593869699576
2025-03-25,GOLDBEES.NS,73.2300033569336,155.24699215516412
2025-03-26,GOLDBEES.NS,73.25,155.28938487053966
2025-03-27,GOLDBEES.NS,73.80000305175781,156.4553867215211
2025-03-28,GOLDBEES.NS,74.16000366210938,157.21858499229944
2025-04-01,GOLDBEES.NS,76.72000122070312,162.64575831849885
2025-04-02,GOLDBEES.NS,76.2300033569336,161.6069669621487
2025-04-03,GOLDBEES.NS,75.8499984741211,160.80135980174248
2025-04-04,GOLDBEES.NS,74.98999786376953,158.97816572980005
2025-04-07,GOLDBEES.NS,73.83000183105469,156.51898388171057
2025-04-08,GOLDBEES.NS,73.68000030517578,156.2009819065109
2025-04-09,GOLDBEES.NS,74.88999938964844,158.7661698044177
2025-04-11,GOLDBEES.NS,77.9000015258789,165.1473490562162
2025-04-15,GOLDBEES.NS,77.66000366210938,164.6385556004481
2025-04-16,GOLDBEES.NS,79.2300033569336,167.96694176913326
2025-04-17,GOLDBEES.NS,79.52999877929688,168.60292954528032
2025-04-21,GOLDBEES.NS,81.06999969482422,171.86771855377597
2025-04-22,GOLDBEES.NS,82.9000015258789,175.74730706785712
2025-04-23,GOLDBEES.NS,80.38999938964844,170.42612361722274
2025-04-24,GOLDBEES.NS,80.51000213623047,170.68052843223296
2025-04-25,GOLDBEES.NS,80.02999877929688,169.6629253464444
2025-04-28,GOLDBEES.NS,79.05000305175781,167.5853426337441
2025-04-29,GOLDBEES.NS,80.04000091552734,169.68412979125833
2025-04-30,GOLDBEES.NS,79.08999633789062,167.67012806449515
2025-05-02,GOLDBEES.NS,78.37999725341797,166.16493596775243
2025-05-05,GOLDBEES.NS,79.58000183105469,168.70893559509764
2025-05-06,GOLDBEES.NS,82.12999725341797,174.11490447648313
2025-05-07,GOLDBEES.NS,81.27999877929688,172.31291484935463
2025-05-08,GOLDBEES.NS,80.94000244140625,171.59212546820416
2025-05-09,GOLDBEES.NS,80.80000305175781,171.2953279378184
2025-05-12,GOLDBEES.NS,77.9800033569336,165.31695226622304
2025-05-13,GOLDBEES.NS,79.06999969482422,167.6277353491196
2025-05-14,GOLDBEES.NS,78.58000183105469,166.58894399276946
2025-05-15,GOLDBEES.NS,77.04000091552734,163.32415498427378
2025-05-16,GOLDBEES.NS,77.77999877929688,164.89294424120598
2025-05-19,GOLDBEES.NS,78.31999969482422,166.03774164737348
2025-05-20,GOLDBEES.NS,78.19000244140625,165.76214856180164
2025-05-21,GOLDBEES.NS,79.5,168.53933238509083
2025-05-22,GOLDBEES.NS,79.80999755859375,169.1965246060518
2025-05-23,GOLDBEES.NS,79.51000213623047,168.56053682990478
2025-05-26,GOLDBEES.NS,79.7699966430664,169.11172300104843
2025-05-27,GOLDBEES.NS,79.55999755859375,168.66652670546978
2025-05-28,GOLDBEES.NS,80.05999755859375,169.72652250663387
2025-05-29,GOLDBEES.NS,79.0999984741211,167.6913325093091
2025-05-30,GOLDBEES.NS,79.48999786376953,168.51812794027688
2025-06-02,GOLDBEES.NS,80.5199966430664,170.70171670279456
2025-06-03,GOLDBEES.NS,80.97000122070312,171.65572262839365
2025-06-04,GOLDBEES.NS,81.30999755859375,172.37651200954411
2025-06-05,GOLDBEES.NS,81.7300033569336,173.26692077495372
2025-06-06,GOLDBEES.NS,81.2300033569336,172.20692497378963
2025-06-09,GOLDBEES.NS,80.4800033569336,170.6169312720435
2025-06-10,GOLDBEES.NS,80.61000061035156,170.89252435761532
2025-06-11,GOLDBEES.NS,80.76000213623047,171.210526332815
2025-06-12,GOLDBEES.NS,81.38999938964844,172.54611521955093
2025-06-13,GOLDBEES.NS,83.12999725341797,176.23489607881132
2025-06-16,GOLDBEES.NS,83.08999633789062,176.15009447380788
2025-06-17,GOLDBEES.NS,82.55999755859375,175.02650151245433
2025-06-18,GOLDBEES.NS,82.79000091552734,175.51410669766085
2025-06-19,GOLDBEES.NS,82.79000091552734,175.51410669766085
2025-06-20,GOLDBEES.NS,82.2300033569336,174.3269165761178
2025-06-23,GOLDBEES.NS,82.66000366210938,175.238513612089
2025-06-24,GOLDBEES.NS,80.9800033569336,171.6769270732076
2025-06-25,GOLDBEES.NS,81.11000061035156,171.9525201587794
2025-06-26,GOLDBEES.NS,81.12000274658203,171.97372460359335
2025-06-27,GOLDBEES.NS,79.80999755859375,169.1965246060518
2025-06-30,GOLDBEES.NS,79.98999786376953,169.57812374144098
2025-07-01,GOLDBEES.NS,81.05000305175781,171.82532583840046
2025-07-02,GOLDBEES.NS,81.11000061035156,171.9525201587794
2025-07-03,GOLDBEES.NS,81.01000213623047,171.74052423339705
2025-07-04,GOLDBEES.NS,80.88999938964844,171.48611941838683
2025-07-07,GOLDBEES.NS,80.52999877929688,170.7229211476085
2025-07-08,GOLDBEES.NS,80.77999877929688,171.25291904819053
2025-07-09,GOLDBEES.NS,80.02999877929688,169.6629253464444
2025-07-10,GOLDBEES.NS,80.70999908447266,171.10452028299764
2025-07-11,GOLDBEES.NS,81.1500015258789,172.0373217637828
2025-07-14,GOLDBEES.NS,81.87999725341797,173.58490657590107
2025-07-15,GOLDBEES.NS,81.66999816894531,173.13971028032245
2025-07-16,GOLDBEES.NS,81.3499984741211,172.46131361454752
2025-07-17,GOLDBEES.NS,81.16000366210938,172.05852620859673
2025-07-18,GOLDBEES.NS,81.7300033569336,173.26692077495372
2025-07-21,GOLDBEES.NS,82.12999725341797,174.11490447648313
2025-07-22,GOLDBEES.NS,82.7699966430664,175.47169780803299
2025-07-23,GOLDBEES.NS,83.75,177.54929669498563
2025-07-24,GOLDBEES.NS,82.30000305175781,174.47531534131068
2025-07-25,GOLDBEES.NS,82.0999984741211,174.05130731629365
2025-07-28,GOLDBEES.NS,82.02999877929688,173.90290855110078
2025-07-29,GOLDBEES.NS,81.91000366210938,173.64851991034288
2025-07-30,GOLDBEES.NS,82.38999938964844,174.6661068218791
2025-07-31,GOLDBEES.NS,82.19999694824219,174.263303241676
2025-08-01,GOLDBEES.NS,81.94999694824219,173.73330534109394
2025-08-04,GOLDBEES.NS,83.2300033569336,176.446908178446
2025-08-05,GOLDBEES.NS,83.61000061035156,177.25249916459987
2025-08-06,GOLDBEES.NS,83.44000244140625,176.89210447402465
2025-08-07,GOLDBEES.NS,83.94000244140625,177.95210027518874
2025-08-08,GOLDBEES.NS,84.36000061035156,178.84249286634602
2025-08-11,GOLDBEES.NS,83.2300033569336,176.446908178446
2025-08-12,GOLDBEES.NS,82.9800033569336,175.91691027786396
2025-08-13,GOLDBEES.NS,83.19000244140625,176.3621065734426
2025-08-14,GOLDBEES.NS,83.13999938964844,176.25610052362524
2025-08-18,GOLDBEES.NS,82.75,175.42930509265744
2025-08-19,GOLDBEES.NS,82.30999755859375,174.4965036118723
2025-08-20,GOLDBEES.NS,82.08000183105469,174.00891460091813
2025-08-21,GOLDBEES.NS,82.55000305175781,175.00531324189274
2025-08-22,GOLDBEES.NS,82.62000274658203,175.15371200708563
2025-08-25,GOLDBEES.NS,83.5,177.0192987944036
2025-08-26,GOLDBEES.NS,83.83000183105469,177.71889990499244
2025-08-28,GOLDBEES.NS,84.41999816894531,178.96968718672494
2025-08-29,GOLDBEES.NS,85.33999633789062,180.9200755790463
2025-09-01,GOLDBEES.NS,86.61000061035156,183.61247397158442
2025-09-02,GOLDBEES.NS,86.61000061035156,183.61247397158442
2025-09-03,GOLDBEES.NS,87.87999725341797,186.3048561898702
2025-09-04,GOLDBEES.NS,88.16000366210938,186.89846742489405
2025-09-05,GOLDBEES.NS,88.6500015258789,187.9372587812442
2025-09-08,GOLDBEES.NS,89.9800033569336,190.75685149416125
2025-09-09,GOLDBEES.NS,91.16999816894531,193.27963050244023
2025-09-10,GOLDBEES.NS,90.9000015258789,192.70723988648263
2025-09-11,GOLDBEES.NS,90.62000274658203,192.1136448257111
2025-09-12,GOLDBEES.NS,91.26000213623047,193.47043815726096
2025-09-15,GOLDBEES.NS,90.91999816894531,192.74963260185817
2025-09-16,GOLDBEES.NS,92.2699966430664,195.61161803015074
2025-09-17,GOLDBEES.NS,91.25,193.449233712447
2025-09-18,GOLDBEES.NS,91.5999984741211,194.19122753841143
2025-09-19,GOLDBEES.NS,91.29000091552734,193.53403531745045
2025-09-22,GOLDBEES.NS,93.13999938964844,197.4560165469071
2025-09-23,GOLDBEES.NS,95.12999725341797,201.67479530674956
2025-09-24,GOLDBEES.NS,94.63999938964844,200.63600395039938
2025-09-25,GOLDBEES.NS,94.43000030517578,200.19080765482076
2025-09-26,GOLDBEES.NS,94.22000122070312,199.7456113592421
2025-09-29,GOLDBEES.NS,95.9000015258789,203.30719789812358
2025-09-30,GOLDBEES.NS,95.8499984741211,203.20119184830622
2025-10-01,GOLDBEES.NS,97.62999725341797,206.97477431257002
2025-10-03,GOLDBEES.NS,97.06999969482422,205.78758419102695
2025-10-06,GOLDBEES.NS,99.22000122070312,210.34556937088306
2025-10-07,GOLDBEES.NS,99.66000366210938,211.2783708516682
2025-10-08,GOLDBEES.NS,101.69000244140625,215.58195121651403
2025-10-09,GOLDBEES.NS,101.47000122070312,215.11555047612148
2025-10-10,GOLDBEES.NS,100.66999816894531,213.41955072455798
2025-10-13,GOLDBEES.NS,102.6500015258789,217.61714121383883
2025-10-14,GOLDBEES.NS,105.08999633789062,222.78990972502802
2025-10-15,GOLDBEES.NS,105.29000091552734,223.21391775004506
2025-10-16,GOLDBEES.NS,105.37000274658203,223.38352096005187
2025-10-17,GOLDBEES.NS,108.11000061035156,229.19229342164041
2025-10-20,GOLDBEES.NS,105.13999938964844,222.89591577484535
2025-10-21,GOLDBEES.NS,105.69000244140625,224.06191762582677
2025-10-23,GOLDBEES.NS,101.69999694824219,215.60313948707565
2025-10-27,GOLDBEES.NS,100.13999938964844,212.29595776320443
2025-10-28,GOLDBEES.NS,96.83999633789062,205.2999790058205
2025-10-29,GOLDBEES.NS,99.94999694824219,211.89315418300131
2025-10-30,GOLDBEES.NS,99.68000030517578,211.3207635670437
2025-10-31,GOLDBEES.NS,100.0199966430664,212.04155294819418
2025-11-03,GOLDBEES.NS,100.05000305175781,212.105166282636
2025-11-04,GOLDBEES.NS,99.80000305175781,211.57516838205396
2025-11-06,GOLDBEES.NS,100.06999969482422,212.14755899801153
2025-11-07,GOLDBEES.NS,99.94000244140625,211.87196591243972
2025-11-10,GOLDBEES.NS,101.69999694824219,215.60313948707565
2025-11-11,GOLDBEES.NS,103.29000091552734,218.97393454538866
2025-11-12,GOLDBEES.NS,102.69000244140625,217.7019428188422
2025-11-13,GOLDBEES.NS,105.37000274658203,223.38352096005187
2025-11-14,GOLDBEES.NS,103.80999755859375,220.0763230619283
2025-11-17,GOLDBEES.NS,101.94000244140625,216.11194911709612
2025-11-18,GOLDBEES.NS,100.91000366210938,213.92836035457842
2025-11-19,GOLDBEES.NS,102.2300033569336,216.72674862268155
2025-11-20,GOLDBEES.NS,101.55000305175781,215.28515368612827
2025-11-21,GOLDBEES.NS,102.0,216.23914343747504
2025-11-24,GOLDBEES.NS,102.2300033569336,216.72674862268155
2025-11-25,GOLDBEES.NS,103.45999908447266,219.33432923596393
2025-11-26,GOLDBEES.NS,104.18000030517578,220.86072577752057
2025-11-27,GOLDBEES.NS,104.11000061035156,220.71232701232768
2025-11-28,GOLDBEES.NS,104.62000274658203,221.79352725830572
2025-12-01,GOLDBEES.NS,106.72000122070312,226.24550638834444
2025-12-02,GOLDBEES.NS,105.62999725341797,223.9347071311955
2025-12-03,GOLDBEES.NS,106.51000213623047,225.8003100927658
2025-12-04,GOLDBEES.NS,105.91999816894531,224.54950663678096
2025-12-05,GOLDBEES.NS,106.88999938964844,226.6059010789197
2025-12-08,GOLDBEES.NS,106.8499984741211,226.52109947391628
2025-12-09,GOLDBEES.NS,106.27999877929688,225.3127049075593
2025-12-10,GOLDBEES.NS,106.2300033569336,225.2067150319943
2025-12-11,GOLDBEES.NS,107.1500015258789,227.15710342431566
2025-12-12,GOLDBEES.NS,109.61000061035156,232.37228082513272
2025-12-15,GOLDBEES.NS,110.94999694824219,235.21306180861137
2025-12-16,GOLDBEES.NS,109.55999755859375,232.2662747753154
2025-12-17,GOLDBEES.NS,109.98999786376953,233.1778718112866
2025-12-18,GOLDBEES.NS,109.87999725341797,232.9446714410903
2025-12-19,GOLDBEES.NS,109.81999969482422,232.81747712071135
2025-12-22,GOLDBEES.NS,111.38999938964844,236.14586328939652
2025-12-23,GOLDBEES.NS,113.0999984741211,239.77104698846742
2025-12-24,GOLDBEES.NS,113.20999908447266,240.0042473586637
2025-12-26,GOLDBEES.NS,114.30999755859375,242.33623488637429
2025-12-29,GOLDBEES.NS,113.02999877929688,239.62264822327458
2025-12-30,GOLDBEES.NS,111.16999816894531,235.67946254900397
2025-12-31,GOLDBEES.NS,110.11000061035156,233.4322766262968
2026-01-01,GOLDBEES.NS,110.5199966430664,234.30146477264014
2026-01-02,GOLDBEES.NS,111.81999969482422,237.0574603253677
2026-01-05,GOLDBEES.NS,112.91999816894531,239.38944785307825
2026-01-06,GOLDBEES.NS,113.13999938964844,239.85584859347085
2026-01-07,GOLDBEES.NS,112.91000366210938,239.36825958251666
2026-01-08,GOLDBEES.NS,112.29000091552734,238.05385896634235
2026-01-09,GOLDBEES.NS,113.61000061035156,240.85224723444549
2026-01-12,GOLDBEES.NS,116.76000213623047,247.53022401662972
2026-01-13,GOLDBEES.NS,116.37000274658203,246.70342858566192
2026-01-14,GOLDBEES.NS,118.01000213623047,250.18021351953993
2026-01-15,GOLDBEES.NS,118.01000213623047,250.18021351953993
2026-01-16,GOLDBEES.NS,117.77999877929688,249.6926083343334
2026-01-19,GOLDBEES.NS,121.0999984741211,256.7309798070929
2026-01-20,GOLDBEES.NS,125.86000061035156,266.82214436296573
2026-01-21,GOLDBEES.NS,134.97000122070312,286.13526915411575
2026-01-22,GOLDBEES.NS,124.33999633789062,263.5997480698456
2026-01-23,GOLDBEES.NS,127.41999816894531,270.12932608683695
2026-01-27,GOLDBEES.NS,131.4499969482422,278.6728896563392
2026-01-28,GOLDBEES.NS,135.82000732421875,287.93727495549655
2026-01-29,GOLDBEES.NS,146.52999877929688,310.64236690126876
2026-01-30,GOLDBEES.NS,131.1199951171875,277.97328854575034
2026-02-02,GOLDBEES.NS,118.66999816894531,251.57939956646533
2026-02-03,GOLDBEES.NS,125.19999694824219,265.422942141788
2026-02-04,GOLDBEES.NS,129.60000610351562,274.75092460113484
2026-02-05,GOLDBEES.NS,125.22000122070312,265.46535103141593
2026-02-06,GOLDBEES.NS,125.04000091552734,265.08375189602674
2026-02-09,GOLDBEES.NS,127.9800033569336,271.3165323826324
2026-02-10,GOLDBEES.NS,128.33999633789062,272.0797144791583
2026-02-11,GOLDBEES.NS,128.6999969482422,272.84291274993666
2026-02-12,GOLDBEES.NS,128.52000427246094,272.46132978879984
2026-02-13,GOLDBEES.NS,126.0999984741211,267.33093781873384
2026-02-16,GOLDBEES.NS,126.91999816894531,269.06933028567283
2026-02-17,GOLDBEES.NS,124.58000183105469,264.108557699866
2026-02-18,GOLDBEES.NS,124.63999938964844,264.235752020245
2026-02-19,GOLDBEES.NS,127.08999633789062,269.4297249762481
2026-02-20,GOLDBEES.NS,127.54000091552734,270.3837309018472
2026-02-23,GOLDBEES.NS,130.0,275.59890830266426
2026-02-24,GOLDBEES.NS,131.22000122070312,278.18530064538504
2026-02-25,GOLDBEES.NS,131.69000244140625,279.1816992863597
2026-02-26,GOLDBEES.NS,130.47999572753906,276.6164952142005
2026-02-27,GOLDBEES.NS,131.60000610351562,278.9909078057912
2026-03-02,GOLDBEES.NS,138.32000732421875,293.23725396131704
2026-03-04,GOLDBEES.NS,133.9600067138672,283.9940892812259
2026-03-05,GOLDBEES.NS,132.24000549316406,280.34770113734106
2026-03-06,GOLDBEES.NS,130.82000732421875,277.33731694385557
2026-03-09,GOLDBEES.NS,131.35000610351562,278.4609099052092
2026-03-10,GOLDBEES.NS,132.1999969482422,280.26288335808533
2026-03-11,GOLDBEES.NS,132.7100067138672,281.3440997783157
2026-03-12,GOLDBEES.NS,132.42999267578125,280.75047236903947
2026-03-13,GOLDBEES.NS,130.32000732421875,276.2773211426915
2026-03-16,GOLDBEES.NS,127.22000122070312,269.7053342360723
2026-03-17,GOLDBEES.NS,128.22000122070312,271.8253258384005
2026-03-18,GOLDBEES.NS,127.91000366210938,271.1681336174395
2026-03-19,GOLDBEES.NS,121.31999969482422,257.1973805474855
2026-03-20,GOLDBEES.NS,121.05999755859375,256.6461782020895
2026-03-23,GOLDBEES.NS,110.72000122070312,234.72547279765718
2026-03-24,GOLDBEES.NS,115.48999786376953,244.8378256240916
2026-03-25,GOLDBEES.NS,119.29000091552734,252.89380018263964
2026-03-27,GOLDBEES.NS,117.52999877929688,249.16261043375138
2026-03-30,GOLDBEES.NS,121.19000244140625,256.92178746191365
2026-04-01,GOLDBEES.NS,123.37000274658203,261.5433698019592
2026-04-02,GOLDBEES.NS,120.58000183105469,255.6285912905533
2026-04-06,GOLDBEES.NS,122.80999755859375,260.35616350616385
2026-04-07,GOLDBEES.NS,121.77999877929688,258.1725747436462
2026-04-08,GOLDBEES.NS,124.38999938964844,263.7057541196629
2026-04-09,GOLDBEES.NS,123.20999908447266,261.2041633819456
2026-04-10,GOLDBEES.NS,123.48999786376953,261.7977584427171
2026-04-13,GOLDBEES.NS,123.76000213623047,262.37016523292704
2026-04-15,GOLDBEES.NS,125.05999755859375,265.12614461140225
2026-04-16,GOLDBEES.NS,125.61000061035156,266.2921464623837
2026-04-17,GOLDBEES.NS,124.80000305175781,264.5749584402586
2026-04-20,GOLDBEES.NS,125.0,264.99895029102333
2026-04-21,GOLDBEES.NS,125.22000122070312,265.46535103141593
2026-04-22,GOLDBEES.NS,124.98999786376953,264.9777458462094
2026-04-23,GOLDBEES.NS,124.08000183105469,263.04856189870196
2026-04-24,GOLDBEES.NS,123.94000244140625,262.7517643683162
2026-04-27,GOLDBEES.NS,124.25,263.4089565892772
2026-04-28,GOLDBEES.NS,122.68000030517578,260.080570420592
2026-04-29,GOLDBEES.NS,121.58000183105469,257.7485828928815
2026-04-30,GOLDBEES.NS,123.43000030517578,261.67056412233813
2026-05-01,GOLDBEES.NS,123.43000030517578,261.67056412233813
2026-05-04,GOLDBEES.NS,122.37999725341797,259.4445664701926
2026-05-05,GOLDBEES.NS,122.16000366210938,258.97818190405235
2026-05-06,GOLDBEES.NS,124.0199966430664,262.9213514040707
2026-05-07,GOLDBEES.NS,124.47000122070312,263.8753573296698
2026-05-08,GOLDBEES.NS,124.30999755859375,263.53615090965616
2026-05-11,GOLDBEES.NS,123.2300033569336,261.2465722715735
2026-05-12,GOLDBEES.NS,124.61000061035156,264.1721548600555
2026-05-13,GOLDBEES.NS,131.74000549316406,279.287705336177
2026-05-14,GOLDBEES.NS,131.77999877929688,279.3724907669281
2026-05-15,GOLDBEES.NS,129.41000366210938,274.3481210209318
2026-05-18,GOLDBEES.NS,129.6999969482422,274.96290435226484
2026-05-19,GOLDBEES.NS,130.63999938964844,276.9557016342141
2026-05-20,GOLDBEES.NS,130.1999969482422,276.02290015342896
2026-05-21,GOLDBEES.NS,130.74000549316406,277.1677137338488
2026-05-22,GOLDBEES.NS,130.5,276.6589041038284
2026-05-25,GOLDBEES.NS,130.50999450683594,276.68009237439
2026-05-26,GOLDBEES.NS,129.5800018310547,274.70851571150695
2026-05-27,GOLDBEES.NS,129.0399932861328,273.56370213108715
2026-05-28,GOLDBEES.NS,129.0399932861328,273.56370213108715
2026-05-29,GOLDBEES.NS,128.64999389648438,272.73690670011933
2026-06-01,GOLDBEES.NS,127.48999786376953,270.27772485202985
2026-06-02,GOLDBEES.NS,128.6699981689453,272.77931558974717
2026-06-03,GOLDBEES.NS,127.63999938964844,270.59572682722956
2023-01-02,HDFCBANK.NS,783.6778564453125,100.0
2023-01-03,HDFCBANK.NS,788.8023681640625,100.65390538683769
2023-01-04,HDFCBANK.NS,774.7041625976562,98.85492568485218
2023-01-05,HDFCBANK.NS,769.7240600585938,98.21944740789132
2023-01-06,HDFCBANK.NS,767.1738891601562,97.89403679720942
2023-01-09,HDFCBANK.NS,768.66552734375,98.08437497906895
2023-01-10,HDFCBANK.NS,754.6154174804688,96.29153245484461
2023-01-11,HDFCBANK.NS,765.48974609375,97.67913432771189
2023-01-12,HDFCBANK.NS,769.5797119140625,98.20102808631115
2023-01-13,HDFCBANK.NS,770.1812133789062,98.27778174980907
2023-01-16,HDFCBANK.NS,762.7952270507812,97.33530439544982
2023-01-17,HDFCBANK.NS,774.1507568359375,98.78430919911544
2023-01-18,HDFCBANK.NS,787.8159790039062,100.52803872465708
2023-01-19,HDFCBANK.NS,791.087890625,100.94554594323984
2023-01-20,HDFCBANK.NS,799.195556640625,101.98011211720328
2023-01-23,HDFCBANK.NS,805.0418090820312,102.72611411194181
2023-01-24,HDFCBANK.NS,815.8199462890625,104.10144162928674
2023-01-25,HDFCBANK.NS,793.2772216796875,101.22491214411961
2023-01-27,HDFCBANK.NS,777.4708862304688,99.20796917205267
2023-01-30,HDFCBANK.NS,776.6769409179688,99.10665900921339
2023-01-31,HDFCBANK.NS,771.552490234375,98.45276141067237
2023-02-01,HDFCBANK.NS,783.1246337890625,99.9294068791532
2023-02-02,HDFCBANK.NS,771.4803466796875,98.4435556440306
2023-02-03,HDFCBANK.NS,798.1610717773438,101.8481082772615
2023-02-06,HDFCBANK.NS,794.7688598632812,101.41525032597916
2023-02-07,HDFCBANK.NS,795.9476318359375,101.56566569920446
2023-02-08,HDFCBANK.NS,795.8514404296875,101.55339134368211
2023-02-09,HDFCBANK.NS,794.1914672851562,101.34157303965847
2023-02-10,HDFCBANK.NS,797.3430786132812,101.74372952554165
2023-02-13,HDFCBANK.NS,797.9445190429688,101.82047540074291
2023-02-14,HDFCBANK.NS,805.3304443359375,102.76294496680549
2023-02-15,HDFCBANK.NS,803.6945190429688,102.55419525166245
2023-02-16,HDFCBANK.NS,800.7835083007812,102.18274023117846
2023-02-17,HDFCBANK.NS,796.7657470703125,101.67006002751762
2023-02-20,HDFCBANK.NS,789.2835083007812,100.71530052933937
2023-02-21,HDFCBANK.NS,792.24267578125,101.0929005158812
2023-02-22,HDFCBANK.NS,776.7009887695312,99.10972759809398
2023-02-23,HDFCBANK.NS,771.4322509765625,98.43741846626943
2023-02-24,HDFCBANK.NS,764.551513671875,97.55941263158911
2023-02-27,HDFCBANK.NS,766.4521484375,97.80194018930857
2023-02-28,HDFCBANK.NS,769.6759033203125,98.21330244183349
2023-03-01,HDFCBANK.NS,768.9302368164062,98.11815282164535
2023-03-02,HDFCBANK.NS,762.38623046875,97.2831150195899
2023-03-03,HDFCBANK.NS,777.5189819335938,99.21410634981383
2023-03-06,HDFCBANK.NS,783.0042724609375,99.91404835815698
2023-03-08,HDFCBANK.NS,784.568115234375,100.11360009495492
2023-03-09,HDFCBANK.NS,784.6402587890625,100.12280586159667
2023-03-10,HDFCBANK.NS,764.4072265625,97.54100109830559
2023-03-13,HDFCBANK.NS,754.7357177734375,96.30688318754422
2023-03-14,HDFCBANK.NS,752.7147216796875,96.04899710882852
2023-03-15,HDFCBANK.NS,741.91259765625,94.67060879089966
2023-03-16,HDFCBANK.NS,746.7242431640625,95.28459136910311
2023-03-17,HDFCBANK.NS,756.70849609375,96.55861651190543
2023-03-20,HDFCBANK.NS,751.4636840820312,95.88936039236815
2023-03-21,HDFCBANK.NS,759.9804077148438,96.97612373048817
2023-03-22,HDFCBANK.NS,758.2241821289062,96.75202328264554
2023-03-23,HDFCBANK.NS,752.137451171875,95.97533539910114
2023-03-24,HDFCBANK.NS,750.9344482421875,95.82182807210529
2023-03-27,HDFCBANK.NS,754.2063598632812,96.23933529068805
2023-03-28,HDFCBANK.NS,760.3412475585938,97.02216814029028
2023-03-29,HDFCBANK.NS,763.9981689453125,97.48880393414902
2023-03-31,HDFCBANK.NS,774.4635620117188,98.82422421945301
2023-04-03,HDFCBANK.NS,774.9447631835938,98.88562715025135
2023-04-05,HDFCBANK.NS,795.7311401367188,101.53804061098253
2023-04-06,HDFCBANK.NS,801.7938842773438,102.311667693943
2023-04-10,HDFCBANK.NS,797.99267578125,101.82662036680073
2023-04-11,HDFCBANK.NS,800.3263549804688,102.1244058892607
2023-04-12,HDFCBANK.NS,810.7196044921875,103.45062040792294
2023-04-13,HDFCBANK.NS,814.3523559570312,103.91417203630779
2023-04-17,HDFCBANK.NS,801.9382934570312,102.33009480381983
2023-04-18,HDFCBANK.NS,798.5460205078125,101.89722906424083
2023-04-19,HDFCBANK.NS,801.4811401367188,102.27176046190208
2023-04-20,HDFCBANK.NS,804.4644165039062,102.65243682562112
2023-04-21,HDFCBANK.NS,805.7635498046875,102.81821071984267
2023-04-24,HDFCBANK.NS,812.2833251953125,103.65015656812757
2023-04-25,HDFCBANK.NS,800.7352905273438,102.17658747682397
2023-04-26,HDFCBANK.NS,804.416259765625,102.6462918595633
2023-04-27,HDFCBANK.NS,808.8429565429688,103.21115365078741
2023-04-28,HDFCBANK.NS,812.0186767578125,103.61638651384783
2023-05-02,HDFCBANK.NS,811.8502197265625,103.59489081509041
2023-05-03,HDFCBANK.NS,814.689208984375,103.95715564552597
2023-05-04,HDFCBANK.NS,831.3616943359375,106.0846223353706
2023-05-05,HDFCBANK.NS,782.2103271484375,99.8127381953177
2023-05-08,HDFCBANK.NS,791.2562866210938,100.96703385370058
2023-05-09,HDFCBANK.NS,791.2803344726562,100.97010244258118
2023-05-10,HDFCBANK.NS,794.9371948242188,101.43673044814325
2023-05-11,HDFCBANK.NS,795.466552734375,101.50427834499942
2023-05-12,HDFCBANK.NS,802.4916381835938,102.40070350125991
2023-05-15,HDFCBANK.NS,806.3410034179688,102.89189579446001
2023-05-16,HDFCBANK.NS,801.7174072265625,102.30190895823901
2023-05-17,HDFCBANK.NS,797.4102172851562,101.752296651858
2023-05-18,HDFCBANK.NS,800.5980224609375,102.15907159765536
2023-05-19,HDFCBANK.NS,801.5227661132812,102.27707208021822
2023-05-22,HDFCBANK.NS,798.6757202148438,101.9137791946247
2023-05-23,HDFCBANK.NS,796.8018798828125,101.67467069913513
2023-05-24,HDFCBANK.NS,786.3868408203125,100.3456757585684
2023-05-25,HDFCBANK.NS,783.3693237304688,99.96063016042801
2023-05-26,HDFCBANK.NS,786.3868408203125,100.3456757585684
2023-05-29,HDFCBANK.NS,795.9744873046875,101.56909254973101
2023-05-30,HDFCBANK.NS,796.5828857421875,101.64672629075051
2023-05-31,HDFCBANK.NS,783.9777221679688,100.03826390144752
2023-06-01,HDFCBANK.NS,780.6439208984375,99.61285935006042
2023-06-02,HDFCBANK.NS,781.8606567382812,99.76811904380278
2023-06-05,HDFCBANK.NS,780.838623046875,99.63770401637785
2023-06-06,HDFCBANK.NS,778.4051513671875,99.32718462889312
2023-06-07,HDFCBANK.NS,782.444580078125,99.84262967786515
2023-06-08,HDFCBANK.NS,782.9312744140625,99.90473355536209
2023-06-09,HDFCBANK.NS,783.8560180664062,100.02273403792496
2023-06-12,HDFCBANK.NS,779.0864868164062,99.41412538441085
2023-06-13,HDFCBANK.NS,780.4005737304688,99.58180741131194
2023-06-14,HDFCBANK.NS,779.5488891601562,99.47312951984061
2023-06-15,HDFCBANK.NS,769.961181640625,98.24970494038136
2023-06-16,HDFCBANK.NS,780.0355834960938,99.53523339733755
2023-06-19,HDFCBANK.NS,780.7169799804688,99.62218194115195
2023-06-20,HDFCBANK.NS,782.3472900390625,99.83021513300308
2023-06-21,HDFCBANK.NS,796.0231323242188,101.57529982216202
2023-06-22,HDFCBANK.NS,799.9166259765625,102.07212305384097
2023-06-23,HDFCBANK.NS,799.8679809570312,102.06591578140993
2023-06-26,HDFCBANK.NS,795.9989013671875,101.5722078683915
2023-06-27,HDFCBANK.NS,807.2169799804688,103.00367342799852
2023-06-28,HDFCBANK.NS,815.7583618164062,104.09358323796565
2023-06-30,HDFCBANK.NS,828.047119140625,105.66167109742864
2023-07-03,HDFCBANK.NS,837.002197265625,106.80436998209781
2023-07-04,HDFCBANK.NS,841.0902709960938,107.32602230350088
2023-07-05,HDFCBANK.NS,814.3712768554688,103.91658640826968
2023-07-06,HDFCBANK.NS,815.1986083984375,104.02215676937716
2023-07-07,HDFCBANK.NS,808.093017578125,103.11545884983369
2023-07-10,HDFCBANK.NS,806.1705932617188,102.87015087020974
2023-07-11,HDFCBANK.NS,802.2527465820312,102.37022010816699
2023-07-12,HDFCBANK.NS,794.7335205078125,101.4107409022181
2023-07-13,HDFCBANK.NS,798.699951171875,101.91687114839524
2023-07-14,HDFCBANK.NS,800.3546752929688,102.12801965890688
2023-07-17,HDFCBANK.NS,817.0966796875,104.26435721863727
2023-07-18,HDFCBANK.NS,816.415283203125,104.17740867482289
2023-07-19,HDFCBANK.NS,820.1141357421875,104.64939502848102
2023-07-20,HDFCBANK.NS,821.8905639648438,104.87607340251522
2023-07-21,HDFCBANK.NS,815.5635986328125,104.06873078335155
2023-07-24,HDFCBANK.NS,816.8533325195312,104.23330527988878
2023-07-25,HDFCBANK.NS,825.7109985351562,105.36357404310262
2023-07-26,HDFCBANK.NS,822.8395385742188,104.99716583884862
2023-07-27,HDFCBANK.NS,814.2982177734375,103.90726381717815
2023-07-28,HDFCBANK.NS,799.8679809570312,102.06591578140993
2023-07-31,HDFCBANK.NS,803.6154174804688,102.54410161920245
2023-08-01,HDFCBANK.NS,808.9933471679688,103.23034401373606
2023-08-02,HDFCBANK.NS,798.4080200195312,101.87961972551238
2023-08-03,HDFCBANK.NS,792.6407470703125,101.14369578664055
2023-08-04,HDFCBANK.NS,804.1021728515625,102.60621328499604
2023-08-07,HDFCBANK.NS,803.6397705078125,102.5472091495663
2023-08-08,HDFCBANK.NS,802.9828491210938,102.46338371270905
2023-08-09,HDFCBANK.NS,803.2748413085938,102.50064292388856
2023-08-10,HDFCBANK.NS,796.1448364257812,101.5908296856846
2023-08-11,HDFCBANK.NS,787.8468627929688,100.53197960276262
2023-08-14,HDFCBANK.NS,784.0020751953125,100.04137143181136
2023-08-16,HDFCBANK.NS,781.714599609375,99.74948164991638
2023-08-17,HDFCBANK.NS,777.3831176757812,99.19676960146818
2023-08-18,HDFCBANK.NS,774.1953125,98.78999465567084
2023-08-21,HDFCBANK.NS,773.5870361328125,98.71237649124464
2023-08-22,HDFCBANK.NS,770.2774658203125,98.29006389362806
2023-08-23,HDFCBANK.NS,772.1755981445312,98.53227213118483
2023-08-24,HDFCBANK.NS,768.622802734375,98.0789231714131
2023-08-25,HDFCBANK.NS,759.9598388671875,96.97349907451671
2023-08-28,HDFCBANK.NS,767.868408203125,97.98265982480382
2023-08-29,HDFCBANK.NS,773.976318359375,98.7620502472862
2023-08-30,HDFCBANK.NS,768.3307495117188,98.04165617193694
2023-08-31,HDFCBANK.NS,764.8023071289062,97.59141474252904
2023-09-01,HDFCBANK.NS,766.3839721679688,97.79324066194914
2023-09-04,HDFCBANK.NS,771.1779174804688,98.40496463412374
2023-09-05,HDFCBANK.NS,766.4813842773438,97.80567078340451
2023-09-06,HDFCBANK.NS,776.507080078125,99.08498417963301
2023-09-07,HDFCBANK.NS,783.9777221679688,100.03826390144752
2023-09-08,HDFCBANK.NS,790.085693359375,100.81766211222656
2023-09-11,HDFCBANK.NS,794.173828125,101.33932222192628
2023-09-12,HDFCBANK.NS,796.6559448242188,101.65604888184203
2023-09-13,HDFCBANK.NS,800.0626831054688,102.09076044772736
2023-09-14,HDFCBANK.NS,799.5759887695312,102.02865657023041
2023-09-15,HDFCBANK.NS,808.75,103.1992920749876
2023-09-18,HDFCBANK.NS,792.8353881835938,101.16853266466133
2023-09-20,HDFCBANK.NS,761.0304565429688,97.11011358607603
2023-09-21,HDFCBANK.NS,755.9932861328125,96.46735325174626
2023-09-22,HDFCBANK.NS,744.4588623046875,94.99552095059587
2023-09-25,HDFCBANK.NS,745.1158447265625,95.07935417574977
2023-09-26,HDFCBANK.NS,748.3523559570312,95.4923441822748
2023-09-27,HDFCBANK.NS,743.0961303710938,94.82163165126374
2023-09-28,HDFCBANK.NS,741.5630493164062,94.62600521597804
2023-09-29,HDFCBANK.NS,742.8284301757812,94.78747218215143
2023-10-03,HDFCBANK.NS,733.9464721679688,93.65410367687042
2023-10-04,HDFCBANK.NS,744.4102172851562,94.98931367816485
2023-10-05,HDFCBANK.NS,747.4276123046875,95.37434369971194
2023-10-06,HDFCBANK.NS,746.600341796875,95.2687811269011
2023-10-09,HDFCBANK.NS,737.937255859375,94.16334145341142
2023-10-10,HDFCBANK.NS,742.1227416992188,94.69742389626987
2023-10-11,HDFCBANK.NS,749.3013305664062,95.6134366186082
2023-10-12,HDFCBANK.NS,754.2898559570312,96.24998968050694
2023-10-13,HDFCBANK.NS,747.4276123046875,95.37434369971194
2023-10-16,HDFCBANK.NS,744.4344482421875,94.99240563193538
2023-10-17,HDFCBANK.NS,750.0800170898438,95.71279970728466
2023-10-18,HDFCBANK.NS,739.640625,94.38069723635408
2023-10-19,HDFCBANK.NS,737.3045043945312,94.08260018202806
2023-10-20,HDFCBANK.NS,741.1250610351562,94.57011639920877
2023-10-23,HDFCBANK.NS,732.9730224609375,93.52988813357987
2023-10-25,HDFCBANK.NS,728.3251953125,92.93680934358835
2023-10-26,HDFCBANK.NS,712.2158813476562,90.88120526694465
2023-10-27,HDFCBANK.NS,715.0143432617188,91.23829866840377
2023-10-30,HDFCBANK.NS,722.7769775390625,92.22883760139779
2023-10-31,HDFCBANK.NS,718.5914916992188,91.69475515853934
2023-11-01,HDFCBANK.NS,717.6181640625,91.5705551918421
2023-11-02,HDFCBANK.NS,718.713134765625,91.71027723376525
2023-11-03,HDFCBANK.NS,722.1199951171875,92.14500437624389
2023-11-06,HDFCBANK.NS,727.351806640625,92.81260158859445
2023-11-07,HDFCBANK.NS,723.8233032226562,92.3623523708899
2023-11-08,HDFCBANK.NS,725.9161376953125,92.6294052747641
2023-11-09,HDFCBANK.NS,723.044677734375,92.2629970705101
2023-11-10,HDFCBANK.NS,725.8917846679688,92.62629774440026
2023-11-13,HDFCBANK.NS,724.5777587890625,92.45862350579581
2023-11-15,HDFCBANK.NS,732.1700439453125,93.42742530283623
2023-11-16,HDFCBANK.NS,734.0924072265625,93.67272549416353
2023-11-17,HDFCBANK.NS,732.5106811523438,93.47089178644677
2023-11-20,HDFCBANK.NS,732.559326171875,93.47709905887781
2023-11-21,HDFCBANK.NS,738.7646484375,94.26891960281556
2023-11-22,HDFCBANK.NS,736.1365356445312,93.93356333731003
2023-11-23,HDFCBANK.NS,740.39501953125,94.47696058296336
2023-11-24,HDFCBANK.NS,745.6511840820312,95.14766532567775
2023-11-28,HDFCBANK.NS,743.97216796875,94.93341707309892
2023-11-29,HDFCBANK.NS,758.8160400390625,96.82754639527256
2023-11-30,HDFCBANK.NS,758.645751953125,96.80581704761562
2023-12-01,HDFCBANK.NS,756.990966796875,96.59466074880734
2023-12-04,HDFCBANK.NS,783.2720336914062,99.94821561556594
2023-12-05,HDFCBANK.NS,790.2316284179688,100.83628392951964
2023-12-06,HDFCBANK.NS,792.22705078125,101.09090671193847
2023-12-07,HDFCBANK.NS,793.5167236328125,101.25547342017907
2023-12-08,HDFCBANK.NS,804.5888671875,102.66831716249301
2023-12-11,HDFCBANK.NS,803.5181884765625,102.53169486263702
2023-12-12,HDFCBANK.NS,795.5364990234375,101.51320373296173
2023-12-13,HDFCBANK.NS,793.7357788085938,101.28342561686034
2023-12-14,HDFCBANK.NS,803.1044921875,102.47890578793498
2023-12-15,HDFCBANK.NS,806.2192993164062,102.87636593093742
2023-12-18,HDFCBANK.NS,805.8055419921875,102.8235690679387
2023-12-19,HDFCBANK.NS,804.4428100585938,102.64967976860659
2023-12-20,HDFCBANK.NS,806.4382934570312,102.90431033932205
2023-12-21,HDFCBANK.NS,820.8927612304688,104.74875032886082
2023-12-22,HDFCBANK.NS,813.1788330078125,103.76442645659449
2023-12-26,HDFCBANK.NS,818.8244018554688,104.48482053194377
2023-12-27,HDFCBANK.NS,828.9718627929688,105.77967157999149
2023-12-28,HDFCBANK.NS,829.9208374023438,105.90076401632489
2023-12-29,HDFCBANK.NS,831.8676147460938,106.1491795263127
2024-01-01,HDFCBANK.NS,826.4410400390625,105.45672985934804
2024-01-02,HDFCBANK.NS,826.927734375,105.51883373684498
2024-01-03,HDFCBANK.NS,814.1765747070312,103.89174174195223
2024-01-04,HDFCBANK.NS,822.9125366210938,105.00648064164349
2024-01-05,HDFCBANK.NS,818.7026977539062,104.46929066842121
2024-01-08,HDFCBANK.NS,809.577392578125,103.30487022439172
2024-01-09,HDFCBANK.NS,803.2748413085938,102.50064292388856
2024-01-10,HDFCBANK.NS,805.9271850585938,102.83909114316462
2024-01-11,HDFCBANK.NS,802.5447998046875,102.40748710764314
2024-01-12,HDFCBANK.NS,798.7485961914062,101.92307842082629
2024-01-15,HDFCBANK.NS,814.1279296875,103.8855344695212
2024-01-16,HDFCBANK.NS,817.2183227539062,104.27987929386317
2024-01-17,HDFCBANK.NS,748.279296875,95.48302159118327
2024-01-18,HDFCBANK.NS,723.2879638671875,92.29404122096192
2024-01-19,HDFCBANK.NS,715.744384765625,91.33145448464919
2024-01-23,HDFCBANK.NS,694.6708984375,88.64240487647061
2024-01-24,HDFCBANK.NS,708.5657958984375,90.41544176231085
2024-01-25,HDFCBANK.NS,698.3453979492188,89.1112836997649
2024-01-29,HDFCBANK.NS,707.9573974609375,90.33780802129134
2024-01-30,HDFCBANK.NS,702.9202270507812,89.69504768696157
2024-01-31,HDFCBANK.NS,711.80224609375,90.82842398053923
2024-02-01,HDFCBANK.NS,713.651611328125,91.06440936907164
2024-02-02,HDFCBANK.NS,703.8206176757812,89.80994063916057
2024-02-05,HDFCBANK.NS,703.1878662109375,89.72919936777724
2024-02-06,HDFCBANK.NS,702.8228759765625,89.68262535380285
2024-02-07,HDFCBANK.NS,695.936279296875,88.80387184264401
2024-02-08,HDFCBANK.NS,682.844482421875,87.13331336414072
2024-02-09,HDFCBANK.NS,683.1121215820312,87.16746504495639
2024-02-12,HDFCBANK.NS,676.4931640625,86.32286321461321
2024-02-13,HDFCBANK.NS,678.658935546875,86.59922313298564
2024-02-14,HDFCBANK.NS,673.5974731445312,85.95336305658867
2024-02-15,HDFCBANK.NS,688.197998046875,87.81644044001385
2024-02-16,HDFCBANK.NS,691.0451049804688,88.179741113904
2024-02-19,HDFCBANK.NS,689.682373046875,88.00585181457187
2024-02-20,HDFCBANK.NS,707.7870483398438,90.31607088533774
2024-02-21,HDFCBANK.NS,700.413818359375,89.37522128497861
2024-02-22,HDFCBANK.NS,690.874755859375,88.1580039779504
2024-02-23,HDFCBANK.NS,691.3858032226562,88.22321538581119
2024-02-26,HDFCBANK.NS,692.2131958007812,88.32879353521534
2024-02-27,HDFCBANK.NS,691.1668090820312,88.19527097742656
2024-02-28,HDFCBANK.NS,685.9348754882812,87.52765818848269
2024-02-29,HDFCBANK.NS,683.0148315429688,87.1550505000943
2024-03-01,HDFCBANK.NS,696.32568359375,88.85356117527888
2024-03-04,HDFCBANK.NS,697.2745971679688,88.97464582331564
2024-03-05,HDFCBANK.NS,701.2410888671875,89.48078385778943
2024-03-06,HDFCBANK.NS,702.0927734375,89.58946174926078
2024-03-07,HDFCBANK.NS,703.7962036132812,89.8068253205001
2024-03-11,HDFCBANK.NS,694.8899536132812,88.67035707315189
2024-03-12,HDFCBANK.NS,710.3422241210938,90.64212013634504
2024-03-13,HDFCBANK.NS,710.755859375,90.69490142275045
2024-03-14,HDFCBANK.NS,708.3467407226562,90.38748956562956
2024-03-15,HDFCBANK.NS,706.9840698242188,90.21360805459409
2024-03-18,HDFCBANK.NS,703.77197265625,89.80373336672956
2024-03-19,HDFCBANK.NS,705.3779907226562,90.0086668165135
2024-03-20,HDFCBANK.NS,696.4716796875,88.87219078086865
2024-03-21,HDFCBANK.NS,703.6259155273438,89.78509597284314
2024-03-22,HDFCBANK.NS,702.2144775390625,89.60499161278334
2024-03-26,HDFCBANK.NS,693.7218627929688,88.52130465184055
2024-03-27,HDFCBANK.NS,701.1681518554688,89.47147684329121
2024-03-28,HDFCBANK.NS,704.6723022460938,89.91861853063192
2024-04-01,HDFCBANK.NS,715.6713256835938,91.32213189355765
2024-04-02,HDFCBANK.NS,720.367919921875,91.92143353257353
2024-04-03,HDFCBANK.NS,721.414306640625,92.05495609036231
2024-04-04,HDFCBANK.NS,743.461181640625,94.86821345353479
2024-04-05,HDFCBANK.NS,754.1439208984375,96.23136786321383
2024-04-08,HDFCBANK.NS,752.7081298828125,96.04815597279018
2024-04-09,HDFCBANK.NS,753.6572265625,96.1692639857169
2024-04-10,HDFCBANK.NS,747.7196655273438,95.4116106991881
2024-04-12,HDFCBANK.NS,739.2513427734375,94.33102348031251
2024-04-15,HDFCBANK.NS,727.4490966796875,92.82501613345651
2024-04-16,HDFCBANK.NS,734.5304565429688,93.72862209922944
2024-04-18,HDFCBANK.NS,727.4490966796875,92.82501613345651
2024-04-19,HDFCBANK.NS,745.2619018554688,95.09799156963618
2024-04-22,HDFCBANK.NS,735.9661254882812,93.91181841305979
2024-04-23,HDFCBANK.NS,733.7274169921875,93.62615148018915
2024-04-24,HDFCBANK.NS,735.7227783203125,93.88076647431132
2024-04-25,HDFCBANK.NS,735.2605590820312,93.82178570377151
2024-04-26,HDFCBANK.NS,734.7981567382812,93.76278156834175
2024-04-29,HDFCBANK.NS,744.3858032226562,94.98619835950434
2024-04-30,HDFCBANK.NS,739.8109741210938,94.40243437230768
2024-05-02,HDFCBANK.NS,745.7242431640625,95.15698791676928
2024-05-03,HDFCBANK.NS,739.5676879882812,94.37139022185586
2024-05-06,HDFCBANK.NS,741.0520629882812,94.5608015964139
2024-05-07,HDFCBANK.NS,733.021728515625,93.53610319430756
2024-05-08,HDFCBANK.NS,721.5845947265625,92.07668543801925
2024-05-09,HDFCBANK.NS,704.4776611328125,89.89378165261112
2024-05-10,HDFCBANK.NS,709.361572265625,90.51698557404964
2024-05-13,HDFCBANK.NS,717.9208984375,91.60918514323222
2024-05-14,HDFCBANK.NS,720.7328491210938,91.96799975825127
2024-05-15,HDFCBANK.NS,709.6575927734375,90.55475881280813
2024-05-16,HDFCBANK.NS,720.3875122070312,91.92393357579859
2024-05-17,HDFCBANK.NS,722.286865234375,92.16629757928837
2024-05-21,HDFCBANK.NS,719.6721801757812,91.83265473904612
2024-05-22,HDFCBANK.NS,719.8695068359375,91.85783430211956
2024-05-23,HDFCBANK.NS,736.3468017578125,93.96039401927354
2024-05-24,HDFCBANK.NS,748.4827880859375,95.50898777221849
2024-05-27,HDFCBANK.NS,753.6627807617188,96.16997272071215
2024-05-28,HDFCBANK.NS,755.0440673828125,96.34622966222625
2024-05-29,HDFCBANK.NS,744.0921630859375,94.94872886431526
2024-05-30,HDFCBANK.NS,747.3234252929688,95.36104907732829
2024-05-31,HDFCBANK.NS,755.5620727539062,96.41232893590528
2024-06-03,HDFCBANK.NS,775.615966796875,98.97127504852499
2024-06-04,HDFCBANK.NS,731.6848754882812,93.36551613275557
2024-06-05,HDFCBANK.NS,765.5520629882812,97.6870861785928
2024-06-06,HDFCBANK.NS,769.4493408203125,98.18439228466411
2024-06-07,HDFCBANK.NS,776.1832885742188,99.04366726589822
2024-06-10,HDFCBANK.NS,770.23876953125,98.28512611355119
2024-06-11,HDFCBANK.NS,771.9653930664062,98.50544923751798
2024-06-12,HDFCBANK.NS,776.5780029296875,99.09403418034175
2024-06-13,HDFCBANK.NS,779.8340454101562,99.50951644179517
2024-06-14,HDFCBANK.NS,787.8013305664062,100.52616953346079
2024-06-18,HDFCBANK.NS,793.1785888671875,101.21232625673122
2024-06-19,HDFCBANK.NS,817.869873046875,104.36301936061511
2024-06-20,HDFCBANK.NS,823.5431518554688,105.08694932264405
2024-06-21,HDFCBANK.NS,821.7672119140625,104.86033325498308
2024-06-24,HDFCBANK.NS,825.0478515625,105.27895419998694
2024-06-25,HDFCBANK.NS,844.2631225585938,107.73088911661868
2024-06-26,HDFCBANK.NS,839.40380859375,107.11082387873061
2024-06-27,HDFCBANK.NS,836.7644653320312,106.77403456664125
2024-06-28,HDFCBANK.NS,830.671875,105.99659900661833
2024-07-01,HDFCBANK.NS,841.2290649414062,107.34373289008579
2024-07-02,HDFCBANK.NS,853.7597045898438,108.94268576917763
2024-07-03,HDFCBANK.NS,872.531005859375,111.33796861596828
2024-07-04,HDFCBANK.NS,852.0578002929688,108.7255169053546
2024-07-05,HDFCBANK.NS,813.0598754882812,103.74924706642123
2024-07-08,HDFCBANK.NS,806.7698974609375,102.94662415502822
2024-07-09,HDFCBANK.NS,807.3372192382812,103.01901637240145
2024-07-10,HDFCBANK.NS,802.20654296875,102.364324367602
2024-07-11,HDFCBANK.NS,800.1346435546875,102.09994284947916
2024-07-12,HDFCBANK.NS,800.5292358398438,102.15029418732942
2024-07-15,HDFCBANK.NS,800.2332763671875,102.11252873686756
2024-07-16,HDFCBANK.NS,799.0739135742188,101.96459004197736
2024-07-18,HDFCBANK.NS,796.6320190429688,101.65299586955476
2024-07-19,HDFCBANK.NS,792.9319458007812,101.18085374996359
2024-07-22,HDFCBANK.NS,810.3218994140625,103.3998718669435
2024-07-23,HDFCBANK.NS,798.407958984375,101.87961193721573
2024-07-24,HDFCBANK.NS,791.3286743164062,100.97627077352895
2024-07-25,HDFCBANK.NS,797.5198974609375,101.76629222094027
2024-07-26,HDFCBANK.NS,798.2846069335938,101.86387178968359
2024-07-29,HDFCBANK.NS,791.822021484375,101.03922357536088
2024-07-30,HDFCBANK.NS,797.0020141601562,101.70020852385453
2024-07-31,HDFCBANK.NS,797.1006469726562,101.71279441124295
2024-08-01,HDFCBANK.NS,808.471923828125,103.16380859544456
2024-08-02,HDFCBANK.NS,818.51123046875,104.4448587818263
2024-08-05,HDFCBANK.NS,797.1006469726562,101.71279441124295
2024-08-06,HDFCBANK.NS,789.922607421875,100.79685178357445
2024-08-07,HDFCBANK.NS,800.9239501953125,102.20066110177295
2024-08-08,HDFCBANK.NS,810.3958740234375,103.40931128248478
2024-08-09,HDFCBANK.NS,814.0958862304688,103.8814456137793
2024-08-12,HDFCBANK.NS,818.9797973632812,104.50464953521784
2024-08-13,HDFCBANK.NS,790.9093017578125,100.9227573872383
2024-08-14,HDFCBANK.NS,793.1785888671875,101.21232625673122
2024-08-16,HDFCBANK.NS,805.1665649414062,102.74203339029692
2024-08-19,HDFCBANK.NS,804.895263671875,102.70741441168218
2024-08-20,HDFCBANK.NS,807.92919921875,103.09455506162178
2024-08-21,HDFCBANK.NS,802.05859375,102.3454455365194
2024-08-22,HDFCBANK.NS,804.77197265625,102.6916820524467
2024-08-23,HDFCBANK.NS,801.6885986328125,102.29823288221962
2024-08-26,HDFCBANK.NS,809.0392456054688,103.23620081281778
2024-08-27,HDFCBANK.NS,807.9539184570312,103.09770932176554
2024-08-28,HDFCBANK.NS,807.6332397460938,103.05678961115994
2024-08-29,HDFCBANK.NS,808.3485717773438,103.14806844791242
2024-08-30,HDFCBANK.NS,807.5346069335938,103.04420372377155
2024-09-02,HDFCBANK.NS,802.6258544921875,102.41782996559598
2024-09-03,HDFCBANK.NS,807.7565307617188,103.07252197039544
2024-09-04,HDFCBANK.NS,809.9519653320312,103.35266700094037
2024-09-05,HDFCBANK.NS,811.7525024414062,103.5824217521518
2024-09-06,HDFCBANK.NS,807.5592041015625,103.047342407322
2024-09-09,HDFCBANK.NS,812.2705688476562,103.64852881412747
2024-09-10,HDFCBANK.NS,814.169921875,103.89089281761726
2024-09-11,HDFCBANK.NS,810.9879150390625,103.48485776000177
2024-09-12,HDFCBANK.NS,822.1865234375,104.91383885297705
2024-09-13,HDFCBANK.NS,821.8658447265625,104.87291914237147
2024-09-16,HDFCBANK.NS,824.3324584960938,105.18766757493782
2024-09-17,HDFCBANK.NS,823.2718505859375,105.05233034402931
2024-09-18,HDFCBANK.NS,836.0985107421875,106.68905646187963
2024-09-19,HDFCBANK.NS,842.8571166992188,107.55147791496083
2024-09-20,HDFCBANK.NS,858.989013671875,109.60996366136548
2024-09-23,HDFCBANK.NS,868.1650390625,110.78085617991213
2024-09-24,HDFCBANK.NS,872.2350463867188,111.30020316550645
2024-09-25,HDFCBANK.NS,877.6863403320312,111.99580709261485
2024-09-26,HDFCBANK.NS,879.832275390625,112.26963581457561
2024-09-27,HDFCBANK.NS,864.6377563476562,110.33076272814061
2024-09-30,HDFCBANK.NS,854.47509765625,109.03397239422677
2024-10-01,HDFCBANK.NS,851.5890502929688,108.6657027870731
2024-10-03,HDFCBANK.NS,829.7838134765625,105.88327929034287
2024-10-04,HDFCBANK.NS,817.771240234375,104.35043347322673
2024-10-07,HDFCBANK.NS,798.1119384765625,101.84183869845724
2024-10-08,HDFCBANK.NS,814.5151977539062,103.9349512117733
2024-10-09,HDFCBANK.NS,805.6846313476562,102.80814045227262
2024-10-10,HDFCBANK.NS,820.114501953125,104.64944175826092
2024-10-11,HDFCBANK.NS,814.4906005859375,103.93181252822284
2024-10-14,HDFCBANK.NS,832.7931518554688,106.26728125673202
2024-10-15,HDFCBANK.NS,830.81982421875,106.01547783770093
2024-10-16,HDFCBANK.NS,838.565185546875,107.00381268274263
2024-10-17,HDFCBANK.NS,825.4178466796875,105.32616685428673
2024-10-18,HDFCBANK.NS,829.7098388671875,105.87383987480156
2024-10-21,HDFCBANK.NS,852.8223876953125,108.82308089750461
2024-10-22,HDFCBANK.NS,845.841796875,107.93233340950287
2024-10-23,HDFCBANK.NS,856.3251342773438,109.27004345402234
2024-10-24,HDFCBANK.NS,863.15771484375,110.14190432264483
2024-10-25,HDFCBANK.NS,860.0744018554688,109.74846294071439
2024-10-28,HDFCBANK.NS,855.5357055664062,109.16930962513527
2024-10-29,HDFCBANK.NS,864.2430419921875,110.28039581369708
2024-10-30,HDFCBANK.NS,855.7330932617188,109.19449697650536
2024-10-31,HDFCBANK.NS,856.2756958007812,109.26373493373485
2024-11-01,HDFCBANK.NS,857.0651245117188,109.36446876262191
2024-11-04,HDFCBANK.NS,845.6197509765625,107.90399958628569
2024-11-05,HDFCBANK.NS,867.2030029296875,110.65809704809537
2024-11-06,HDFCBANK.NS,865.92041015625,110.49443378226633
2024-11-07,HDFCBANK.NS,861.62841796875,109.94676076175149
2024-11-08,HDFCBANK.NS,865.5256958007812,110.4440668678228
2024-11-11,HDFCBANK.NS,871.3717041015625,111.19003770937472
2024-11-12,HDFCBANK.NS,847.6423950195312,108.16209594901096
2024-11-13,HDFCBANK.NS,829.463134765625,105.84235957973729
2024-11-14,HDFCBANK.NS,835.087158203125,106.56000438636868
2024-11-18,HDFCBANK.NS,841.1797485351562,107.3374399463916
2024-11-19,HDFCBANK.NS,859.507080078125,109.67607072334116
2024-11-21,HDFCBANK.NS,858.989013671875,109.60996366136548
2024-11-22,HDFCBANK.NS,861.1597290039062,109.88695443176665
2024-11-25,HDFCBANK.NS,880.8929443359375,112.40498083378077
2024-11-26,HDFCBANK.NS,880.8683471679688,112.40184215023032
2024-11-27,HDFCBANK.NS,894.06494140625,114.0857731340838
2024-11-28,HDFCBANK.NS,884.6176147460938,112.88026163692237
2024-11-29,HDFCBANK.NS,886.04833984375,113.06282709872397
2024-12-02,HDFCBANK.NS,890.3156127929688,113.60734585909506
2024-12-03,HDFCBANK.NS,900.9715576171875,114.96708120654422
2024-12-04,HDFCBANK.NS,917.6461791992188,117.09482048677167
2024-12-05,HDFCBANK.NS,920.4335327148438,117.45049641824026
2024-12-06,HDFCBANK.NS,915.5494995117188,116.82727692020842
2024-12-09,HDFCBANK.NS,922.5301513671875,117.71803219650683
2024-12-10,HDFCBANK.NS,921.5928344726562,117.5984273248338
2024-12-11,HDFCBANK.NS,919.1261596679688,117.2836711039708
2024-12-12,HDFCBANK.NS,917.2268676757812,117.04131488877766
2024-12-13,HDFCBANK.NS,923.3934936523438,117.82819765263855
2024-12-16,HDFCBANK.NS,920.1621704101562,117.41586965132886
2024-12-17,HDFCBANK.NS,904.4002685546875,115.40459655922399
2024-12-18,HDFCBANK.NS,893.2755737304688,113.98504709349335
2024-12-19,HDFCBANK.NS,884.790283203125,112.90229472814872
2024-12-20,HDFCBANK.NS,873.93701171875,111.51737981762612
2024-12-23,HDFCBANK.NS,888.4902954101562,113.37442905944324
2024-12-24,HDFCBANK.NS,887.0596313476562,113.1918713859383
2024-12-26,HDFCBANK.NS,883.4336547851562,112.72918425848172
2024-12-27,HDFCBANK.NS,887.1336669921875,113.20131858977625
2024-12-30,HDFCBANK.NS,877.0943603515625,111.9202684033945
2024-12-31,HDFCBANK.NS,874.60302734375,111.60236571068441
2025-01-01,HDFCBANK.NS,879.4869384765625,112.22556963212291
2025-01-02,HDFCBANK.NS,884.9136352539062,112.91803487568086
2025-01-03,HDFCBANK.NS,862.9356689453125,110.11357049942765
2025-01-06,HDFCBANK.NS,843.8438110351562,107.67738351862471
2025-01-07,HDFCBANK.NS,845.2744140625,107.859933403833
2025-01-08,HDFCBANK.NS,835.8518676757812,106.657583955112
2025-01-09,HDFCBANK.NS,822.778564453125,104.98938533049402
2025-01-10,HDFCBANK.NS,817.3272094726562,104.29377361508898
2025-01-13,HDFCBANK.NS,804.5499267578125,102.66334822922951
2025-01-14,HDFCBANK.NS,812.3198852539062,103.65482175782168
2025-01-15,HDFCBANK.NS,810.5685424804688,103.43134437371113
2025-01-16,HDFCBANK.NS,815.008544921875,103.99790401360522
2025-01-17,HDFCBANK.NS,807.4605712890625,103.0347565199336
2025-01-20,HDFCBANK.NS,814.6138305664062,103.94753709916169
2025-01-21,HDFCBANK.NS,810.2478637695312,103.39042466310555
2025-01-22,HDFCBANK.NS,821.9152221679688,104.8792198743623
2025-01-23,HDFCBANK.NS,821.347900390625,104.80682765698907
2025-01-24,HDFCBANK.NS,813.8986206054688,103.85627383900251
2025-01-27,HDFCBANK.NS,804.0319213867188,102.59724895555047
2025-01-28,HDFCBANK.NS,824.0611572265625,105.15304859632309
2025-01-29,HDFCBANK.NS,827.4651489257812,105.58740968885911
2025-01-30,HDFCBANK.NS,834.470458984375,106.48131143700459
2025-01-31,HDFCBANK.NS,838.047119140625,106.93770562076696
2025-02-01,HDFCBANK.NS,834.1990966796875,106.44668467009319
2025-02-03,HDFCBANK.NS,827.8104858398438,105.63147587131179
2025-02-04,HDFCBANK.NS,848.9744873046875,108.33207552342417
2025-02-05,HDFCBANK.NS,857.311767578125,109.39594126938954
2025-02-06,HDFCBANK.NS,860.29638671875,109.77678897563494
2025-02-07,HDFCBANK.NS,854.8203735351562,109.07803078838279
2025-02-10,HDFCBANK.NS,846.4337768554688,108.0078720987232
2025-02-11,HDFCBANK.NS,839.3544921875,107.10453093503642
2025-02-12,HDFCBANK.NS,842.0184936523438,107.44446671897288
2025-02-13,HDFCBANK.NS,837.5291137695312,106.87160634708792
2025-02-14,HDFCBANK.NS,836.1231079101562,106.69219514543009
2025-02-17,HDFCBANK.NS,847.2230834960938,108.10859035101697
2025-02-18,HDFCBANK.NS,850.0350952148438,108.46741275433267
2025-02-19,HDFCBANK.NS,852.0823974609375,108.72865558890503
2025-02-20,HDFCBANK.NS,832.2998046875,106.2043284549001
2025-02-21,HDFCBANK.NS,834.9638061523438,106.54426423883653
2025-02-24,HDFCBANK.NS,827.3665161132812,105.57482380147071
2025-02-25,HDFCBANK.NS,829.9564819335938,105.90531238156922
2025-02-27,HDFCBANK.NS,839.0090942382812,107.06045696428707
2025-02-28,HDFCBANK.NS,854.6477661132812,109.05600548545308
2025-03-03,HDFCBANK.NS,839.4285278320312,107.11397813887436
2025-03-04,HDFCBANK.NS,843.5971069335938,107.6459032235604
2025-03-05,HDFCBANK.NS,833.73046875,106.38688612840504
2025-03-06,HDFCBANK.NS,834.3224487304688,106.46242481762536
2025-03-07,HDFCBANK.NS,833.3604736328125,106.33967347410524
2025-03-10,HDFCBANK.NS,832.4971313476562,106.22950801797353
2025-03-11,HDFCBANK.NS,831.510498046875,106.1036102026063
2025-03-12,HDFCBANK.NS,844.1644897460938,107.71830322923029
2025-03-13,HDFCBANK.NS,841.9197387695312,107.43186525499118
2025-03-17,HDFCBANK.NS,843.7944946289062,107.67109057493049
2025-03-18,HDFCBANK.NS,843.7944946289062,107.67109057493049
2025-03-19,HDFCBANK.NS,860.4197387695312,109.79252912316709
2025-03-20,HDFCBANK.NS,872.580322265625,111.34426155966248
2025-03-21,HDFCBANK.NS,873.3696899414062,111.4449876002529
2025-03-24,HDFCBANK.NS,887.9969482421875,113.3114762576113
2025-03-25,HDFCBANK.NS,898.5789184570312,114.66177218951916
2025-03-26,HDFCBANK.NS,891.2283325195312,113.72381204721765
2025-03-27,HDFCBANK.NS,900.5029296875,114.90728266485604
2025-03-28,HDFCBANK.NS,901.9088745117188,115.08668607821724
2025-04-01,HDFCBANK.NS,872.1363525390625,111.28760948982139
2025-04-02,HDFCBANK.NS,886.4676513671875,113.11633269671798
2025-04-03,HDFCBANK.NS,885.456298828125,112.98728062120699
2025-04-04,HDFCBANK.NS,896.5316772460938,114.40053714324345
2025-04-07,HDFCBANK.NS,867.1289672851562,110.64864984425743
2025-04-08,HDFCBANK.NS,872.7777099609375,111.36944891103258
2025-04-09,HDFCBANK.NS,870.7303466796875,111.10819828816354
2025-04-11,HDFCBANK.NS,891.3269653320312,113.73639793460603
2025-04-15,HDFCBANK.NS,920.0142211914062,117.39699082024626
2025-04-16,HDFCBANK.NS,926.4768676757812,118.22164682286562
2025-04-17,HDFCBANK.NS,940.6354370117188,120.0283291502392
2025-04-21,HDFCBANK.NS,950.6994018554688,121.31252580846802
2025-04-22,HDFCBANK.NS,967.7686767578125,123.49062421484234
2025-04-23,HDFCBANK.NS,949.1207275390625,121.11108151558383
2025-04-24,HDFCBANK.NS,945.6181030273438,120.6641345356594
2025-04-25,HDFCBANK.NS,942.8554077148438,120.3116050760379
2025-04-28,HDFCBANK.NS,947.29541015625,120.878164715932
2025-04-29,HDFCBANK.NS,941.6714477539062,120.16052769759726
2025-04-30,HDFCBANK.NS,949.6633911132812,121.18032726110997
2025-05-02,HDFCBANK.NS,948.1341552734375,120.98519148851328
2025-05-05,HDFCBANK.NS,955.4847412109375,121.9231516308148
2025-05-06,HDFCBANK.NS,952.9686889648438,121.60209467796095
2025-05-07,HDFCBANK.NS,959.8260498046875,122.47711759502384
2025-05-08,HDFCBANK.NS,951.3900756835938,121.4006581733734
2025-05-09,HDFCBANK.NS,932.248779296875,118.95816267228297
2025-05-12,HDFCBANK.NS,965.5487060546875,123.20734828904362
2025-05-13,HDFCBANK.NS,948.4793701171875,121.02924209437266
2025-05-14,HDFCBANK.NS,942.5594482421875,120.27383962557607
2025-05-15,HDFCBANK.NS,954.0047607421875,121.73430101361566
2025-05-16,HDFCBANK.NS,954.44873046875,121.79095308345673
2025-05-19,HDFCBANK.NS,956.4220581054688,122.04275650248782
2025-05-20,HDFCBANK.NS,944.6807861328125,120.54452966398641
2025-05-21,HDFCBANK.NS,950.5514526367188,121.29364697738542
2025-05-22,HDFCBANK.NS,947.1474609375,120.85928588484943
2025-05-23,HDFCBANK.NS,953.9060668945312,121.72170733793062
2025-05-26,HDFCBANK.NS,957.1619873046875,122.13717402279075
2025-05-27,HDFCBANK.NS,950.3047485351562,121.26216668232115
2025-05-28,HDFCBANK.NS,948.9234008789062,121.08590195251038
2025-05-29,HDFCBANK.NS,950.896728515625,121.33770537154147
2025-05-30,HDFCBANK.NS,959.480712890625,122.43305141257115
2025-06-02,HDFCBANK.NS,953.166015625,121.62727424103439
2025-06-03,HDFCBANK.NS,949.466064453125,121.15514769803653
2025-06-04,HDFCBANK.NS,957.6553344726562,122.20012682462267
2025-06-05,HDFCBANK.NS,961.79931640625,122.72891322575828
2025-06-06,HDFCBANK.NS,976.1552734375,124.56078290450192
2025-06-09,HDFCBANK.NS,976.2540283203125,124.57338436848362
2025-06-10,HDFCBANK.NS,969.5447387695312,123.71725585909662
2025-06-11,HDFCBANK.NS,962.1940307617188,122.7792801402018
2025-06-12,HDFCBANK.NS,958.74072265625,122.33862610397156
2025-06-13,HDFCBANK.NS,946.0127563476562,120.71449366180632
2025-06-16,HDFCBANK.NS,954.7940673828125,121.83501926590942
2025-06-17,HDFCBANK.NS,951.9327392578125,121.46990391889953
2025-06-18,HDFCBANK.NS,954.0540771484375,121.74059395730985
2025-06-19,HDFCBANK.NS,954.7447509765625,121.82872632221522
2025-06-20,HDFCBANK.NS,969.2486572265625,123.67947483204149
2025-06-23,HDFCBANK.NS,961.2073974609375,122.65338232483458
2025-06-24,HDFCBANK.NS,967.3740234375,123.44026508869545
2025-06-25,HDFCBANK.NS,976.8953247070312,124.65521600139814
2025-06-26,HDFCBANK.NS,997.4179077148438,127.27396844400269
2025-06-27,HDFCBANK.NS,1004.9491577148438,128.23498194439188
2025-06-30,HDFCBANK.NS,998.2658081054688,127.38216346108165
2025-07-01,HDFCBANK.NS,1003.5526123046875,128.05677792871498
2025-07-02,HDFCBANK.NS,990.5350341796875,126.39569001893958
2025-07-03,HDFCBANK.NS,991.0836181640625,126.46569122924087
2025-07-04,HDFCBANK.NS,992.1809692382812,126.60571701473344
2025-07-07,HDFCBANK.NS,991.2332763671875,126.48478813262972
2025-07-08,HDFCBANK.NS,998.2159423828125,127.37580042271759
2025-07-09,HDFCBANK.NS,1003.1036987304688,127.99949500684514
2025-07-10,HDFCBANK.NS,1000.6099243164062,127.68128078226897
2025-07-11,HDFCBANK.NS,989.3878784179688,126.24930898337962
2025-07-14,HDFCBANK.NS,989.0387573242188,126.20475992653455
2025-07-15,HDFCBANK.NS,995.2732543945312,127.00030327627161
2025-07-16,HDFCBANK.NS,995.6722412109375,127.05121537148072
2025-07-17,HDFCBANK.NS,990.98388671875,126.45296515251276
2025-07-18,HDFCBANK.NS,976.2705078125,124.57548720857947
2025-07-21,HDFCBANK.NS,997.7670288085938,127.31851750084775
2025-07-22,HDFCBANK.NS,1001.058837890625,127.73856370413881
2025-07-23,HDFCBANK.NS,1009.6375122070312,128.8332321633598
2025-07-24,HDFCBANK.NS,1004.5999755859375,128.19042509925015
2025-07-25,HDFCBANK.NS,1002.2999877929688,127.89693871654167
2025-07-28,HDFCBANK.NS,1004.25,128.145767006252
2025-07-29,HDFCBANK.NS,1010.7999877929688,128.98156806137925
2025-07-30,HDFCBANK.NS,1012.9000244140625,129.2495399842583
2025-07-31,HDFCBANK.NS,1009.0999755859375,128.76464063475242
2025-08-01,HDFCBANK.NS,1006.0999755859375,128.3818302777509
2025-08-04,HDFCBANK.NS,996.0,127.09303852449784
2025-08-05,HDFCBANK.NS,988.7999877929688,126.17429211003493
2025-08-06,HDFCBANK.NS,992.6500244140625,126.66557007449816
2025-08-07,HDFCBANK.NS,997.7000122070312,127.3099659511247
2025-08-08,HDFCBANK.NS,986.9500122070312,125.938228838536
2025-08-11,HDFCBANK.NS,997.7999877929688,127.32272318103944
2025-08-12,HDFCBANK.NS,984.9500122070312,125.68302193386833
2025-08-13,HDFCBANK.NS,990.1500244140625,126.34656144366359
2025-08-14,HDFCBANK.NS,995.5499877929688,127.0356154132883
2025-08-18,HDFCBANK.NS,1001.7999877929688,127.83313699037475
2025-08-19,HDFCBANK.NS,995.5499877929688,127.0356154132883
2025-08-20,HDFCBANK.NS,994.0999755859375,126.85058884974492
2025-08-21,HDFCBANK.NS,995.5999755859375,127.04199402824565
2025-08-22,HDFCBANK.NS,982.2999877929688,125.344869669865
2025-08-25,HDFCBANK.NS,982.0499877929688,125.31296880678156
2025-08-26,HDFCBANK.NS,973.4000244140625,124.20920361707188
2025-08-28,HDFCBANK.NS,957.7999877929688,122.21858508768611
2025-08-29,HDFCBANK.NS,951.5999755859375,121.42744212555701
2025-09-01,HDFCBANK.NS,950.5999755859375,121.29983867322316
2025-09-02,HDFCBANK.NS,944.5,120.52146072930545
2025-09-03,HDFCBANK.NS,954.4500122070312,121.79111663768643
2025-09-04,HDFCBANK.NS,961.25,122.65881855589716
2025-09-05,HDFCBANK.NS,963.4000244140625,122.93316909373355
2025-09-08,HDFCBANK.NS,966.0,123.26493495448285
2025-09-09,HDFCBANK.NS,965.1500244140625,123.15647513531775
2025-09-10,HDFCBANK.NS,965.9000244140625,123.25217772456813
2025-09-11,HDFCBANK.NS,967.7999877929688,123.49461961102443
2025-09-12,HDFCBANK.NS,967.2999877929688,123.4308178848575
2025-09-15,HDFCBANK.NS,967.0499877929688,123.39891702177405
2025-09-16,HDFCBANK.NS,966.8499755859375,123.37339477364795
2025-09-17,HDFCBANK.NS,966.5,123.32873668064977
2025-09-18,HDFCBANK.NS,976.9000244140625,124.6558157002403
2025-09-19,HDFCBANK.NS,966.9000244140625,123.37978117690196
2025-09-22,HDFCBANK.NS,964.2000122070312,123.03525029794129
2025-09-23,HDFCBANK.NS,957.2000122070312,122.14202613160445
2025-09-24,HDFCBANK.NS,951.0499877929688,121.35726178443271
2025-09-25,HDFCBANK.NS,949.8499755859375,121.2041360839728
2025-09-26,HDFCBANK.NS,945.0499877929688,120.59164107042972
2025-09-29,HDFCBANK.NS,950.2999877929688,121.26155919518236
2025-09-30,HDFCBANK.NS,951.0,121.35088316947535
2025-10-01,HDFCBANK.NS,965.25,123.16923236523247
2025-10-03,HDFCBANK.NS,965.1500244140625,123.15647513531775
2025-10-06,HDFCBANK.NS,973.4500122070312,124.21558223202925
2025-10-07,HDFCBANK.NS,982.5,125.37039191799111
2025-10-08,HDFCBANK.NS,978.7000122070312,124.88550035678188
2025-10-09,HDFCBANK.NS,977.0999755859375,124.68133016006975
2025-10-10,HDFCBANK.NS,980.9000244140625,125.16622950957563
2025-10-13,HDFCBANK.NS,977.0,124.66857293015504
2025-10-14,HDFCBANK.NS,977.1500244140625,124.68771656332376
2025-10-15,HDFCBANK.NS,978.25,124.82807724557232
2025-10-16,HDFCBANK.NS,994.3499755859375,126.88248971282836
2025-10-17,HDFCBANK.NS,1002.5499877929688,127.92883957962513
2025-10-20,HDFCBANK.NS,1002.9500122070312,127.97988407587732
2025-10-21,HDFCBANK.NS,1007.7000122070312,128.58600047446302
2025-10-23,HDFCBANK.NS,1008.7999877929688,128.7263611567116
2025-10-24,HDFCBANK.NS,994.75,126.93353420908056
2025-10-27,HDFCBANK.NS,1002.9500122070312,127.97988407587732
2025-10-28,HDFCBANK.NS,1003.5499877929688,128.05644303195896
2025-10-29,HDFCBANK.NS,1007.8499755859375,128.60513631933512
2025-10-30,HDFCBANK.NS,998.1500244140625,127.36738906233424
2025-10-31,HDFCBANK.NS,987.2999877929688,125.98288693153417
2025-11-03,HDFCBANK.NS,992.6500244140625,126.66557007449816
2025-11-04,HDFCBANK.NS,985.25,125.72130141190914
2025-11-06,HDFCBANK.NS,984.6500244140625,125.64474245582751
2025-11-07,HDFCBANK.NS,982.2999877929688,125.344869669865
2025-11-10,HDFCBANK.NS,984.5,125.62559882265877
2025-11-11,HDFCBANK.NS,991.7000122070312,126.5443452371217
2025-11-12,HDFCBANK.NS,989.5,126.26361608432795
2025-11-13,HDFCBANK.NS,986.6500244140625,125.89994936049519
2025-11-14,HDFCBANK.NS,989.5999755859375,126.27637331424266
2025-11-17,HDFCBANK.NS,996.5499877929688,127.16321886562214
2025-11-18,HDFCBANK.NS,992.4500122070312,126.64004782637208
2025-11-19,HDFCBANK.NS,994.5999755859375,126.91439057591182
2025-11-20,HDFCBANK.NS,1008.8499755859375,128.73273977166895
2025-11-21,HDFCBANK.NS,998.0499877929688,127.35462404412287
2025-11-24,HDFCBANK.NS,999.1500244140625,127.4949925146681
2025-11-25,HDFCBANK.NS,989.7999877929688,126.30189556236874
2025-11-26,HDFCBANK.NS,1003.9000244140625,128.1011089132538
2025-11-27,HDFCBANK.NS,1009.5,128.8156851310046
2025-11-28,HDFCBANK.NS,1007.5999755859375,128.57323545625167
2025-12-01,HDFCBANK.NS,1002.0999755859375,127.87141646841557
2025-12-02,HDFCBANK.NS,989.7999877929688,126.30189556236874
2025-12-03,HDFCBANK.NS,1000.5,127.6672540600001
2025-12-04,HDFCBANK.NS,997.2000122070312,127.24616422495778
2025-12-05,HDFCBANK.NS,1003.2999877929688,128.0245421688755
2025-12-08,HDFCBANK.NS,1003.0999755859375,127.9990199207494
2025-12-09,HDFCBANK.NS,997.0999755859375,127.23339920674641
2025-12-10,HDFCBANK.NS,989.7999877929688,126.30189556236874
2025-12-11,HDFCBANK.NS,1000.2999877929688,127.64173181187401
2025-12-12,HDFCBANK.NS,1001.5,127.79485751233392
2025-12-15,HDFCBANK.NS,996.0999755859375,127.10579575441258
2025-12-16,HDFCBANK.NS,994.2999877929688,126.876111097871
2025-12-17,HDFCBANK.NS,984.0,125.56179709649184
2025-12-18,HDFCBANK.NS,979.7000122070312,125.0131038091157
2025-12-19,HDFCBANK.NS,985.5,125.7532022749926
2025-12-22,HDFCBANK.NS,987.7000122070312,126.03393142778636
2025-12-23,HDFCBANK.NS,996.5999755859375,127.1695974805795
2025-12-24,HDFCBANK.NS,997.2000122070312,127.24616422495778
2025-12-26,HDFCBANK.NS,992.0999755859375,126.59538194507725
2025-12-29,HDFCBANK.NS,991.7000122070312,126.5443452371217
2025-12-30,HDFCBANK.NS,990.9000244140625,126.44226403291397
2025-12-31,HDFCBANK.NS,991.2000122070312,126.48054351095479
2026-01-01,HDFCBANK.NS,991.1500244140625,126.47416489599743
2026-01-02,HDFCBANK.NS,1001.5999755859375,127.80761474224866
2026-01-05,HDFCBANK.NS,977.5,124.73237465632194
2026-01-06,HDFCBANK.NS,962.2000122070312,122.78004339327362
2026-01-07,HDFCBANK.NS,949.0499877929688,121.10205487976506
2026-01-08,HDFCBANK.NS,946.7000122070312,120.80218988209921
2026-01-09,HDFCBANK.NS,939.0,119.81964174146935
2026-01-12,HDFCBANK.NS,936.9500122070312,119.55805622184434
2026-01-13,HDFCBANK.NS,937.3499755859375,119.60909292979989
2026-01-14,HDFCBANK.NS,925.4500122070312,118.09061652000526
2026-01-15,HDFCBANK.NS,925.4500122070312,118.09061652000526
2026-01-16,HDFCBANK.NS,931.0999755859375,118.81157135271343
2026-01-19,HDFCBANK.NS,927.9000244140625,118.40324653588247
2026-01-20,HDFCBANK.NS,931.2000122070312,118.8243363709248
2026-01-21,HDFCBANK.NS,920.3499755859375,117.43983424012472
2026-01-22,HDFCBANK.NS,918.7000122070312,117.22929321675188
2026-01-23,HDFCBANK.NS,916.0999755859375,116.89751956770593
2026-01-27,HDFCBANK.NS,926.4000244140625,118.21184135738172
2026-01-28,HDFCBANK.NS,932.7000122070312,119.01574154942554
2026-01-29,HDFCBANK.NS,935.5,119.37302965830095
2026-01-30,HDFCBANK.NS,929.25,118.57550808121448
2026-02-02,HDFCBANK.NS,928.0999755859375,118.42876099571191
2026-02-03,HDFCBANK.NS,948.7000122070312,121.05739678676687
2026-02-04,HDFCBANK.NS,953.0999755859375,121.61884730405774
2026-02-05,HDFCBANK.NS,949.7000122070312,121.1850002391007
2026-02-06,HDFCBANK.NS,941.0999755859375,120.08760587605177
2026-02-09,HDFCBANK.NS,937.25,119.59633569988515
2026-02-10,HDFCBANK.NS,932.4000244140625,118.97746207138474
2026-02-11,HDFCBANK.NS,927.0999755859375,118.30115754337808
2026-02-12,HDFCBANK.NS,920.5999755859375,117.47173510320816
2026-02-13,HDFCBANK.NS,903.9000244140625,115.34076367987048
2026-02-16,HDFCBANK.NS,925.7999877929688,118.13527461300343
2026-02-17,HDFCBANK.NS,925.7000122070312,118.12251738308872
2026-02-18,HDFCBANK.NS,924.7000122070312,117.99491393075488
2026-02-19,HDFCBANK.NS,915.5999755859375,116.833717841539
2026-02-20,HDFCBANK.NS,911.8499755859375,116.35520489528713
2026-02-23,HDFCBANK.NS,923.5999755859375,117.85454546020968
2026-02-24,HDFCBANK.NS,910.5,116.18294334995511
2026-02-25,HDFCBANK.NS,907.5999755859375,115.81289022286833
2026-02-26,HDFCBANK.NS,898.5999755859375,114.66445915186385
2026-02-27,HDFCBANK.NS,887.75,113.2799648093604
2026-03-02,HDFCBANK.NS,879.4000244140625,112.21447909769155
2026-03-04,HDFCBANK.NS,868.6500244140625,110.84274198510286
2026-03-05,HDFCBANK.NS,877.75,112.00393028602207
2026-03-06,HDFCBANK.NS,857.0499877929688,109.36253726505241
2026-03-09,HDFCBANK.NS,840.7000122070312,107.2762239347129
2026-03-10,HDFCBANK.NS,849.4500122070312,108.39275414263395
2026-03-11,HDFCBANK.NS,833.9500122070312,106.4149006314595
2026-03-12,HDFCBANK.NS,832.75,106.26177493099958
2026-03-13,HDFCBANK.NS,817.0,104.25202055674173
2026-03-16,HDFCBANK.NS,840.5999755859375,107.2634589165015
2026-03-17,HDFCBANK.NS,845.3499755859375,107.86957531508723
2026-03-18,HDFCBANK.NS,843.0499877929688,107.57608893237874
2026-03-19,HDFCBANK.NS,798.2000122070312,101.85307721052499
2026-03-20,HDFCBANK.NS,780.4500122070312,99.58811593159945
2026-03-23,HDFCBANK.NS,744.1500244140625,94.95611216954063
2026-03-24,HDFCBANK.NS,764.9000244140625,97.60388380546766
2026-03-25,HDFCBANK.NS,782.2999877929688,99.82417920309837
2026-03-27,HDFCBANK.NS,756.2000122070312,96.49373221250399
2026-03-30,HDFCBANK.NS,731.5499877929688,93.34830399715634
2026-04-01,HDFCBANK.NS,742.25,94.71366249478768
2026-04-02,HDFCBANK.NS,750.9000244140625,95.817435472794
2026-04-06,HDFCBANK.NS,771.0,98.38226174938539
2026-04-07,HDFCBANK.NS,772.0,98.50986520171922
2026-04-08,HDFCBANK.NS,816.0999755859375,104.13717433432261
2026-04-09,HDFCBANK.NS,797.7000122070312,101.78927548435806
2026-04-10,HDFCBANK.NS,810.2999877929688,103.39707586844571
2026-04-13,HDFCBANK.NS,794.7000122070312,101.40646512735655
2026-04-15,HDFCBANK.NS,809.9000244140625,103.34603916049016
2026-04-16,HDFCBANK.NS,795.4500122070312,101.50216771660693
2026-04-17,HDFCBANK.NS,799.9000244140625,102.07000463715184
2026-04-20,HDFCBANK.NS,795.4500122070312,101.50216771660693
2026-04-21,HDFCBANK.NS,811.75,103.58210243198909
2026-04-22,HDFCBANK.NS,799.9000244140625,102.07000463715184
2026-04-23,HDFCBANK.NS,784.3499755859375,100.0857647227234
2026-04-24,HDFCBANK.NS,784.8499755859375,100.14956644889033
2026-04-27,HDFCBANK.NS,789.7999877929688,100.7812050956021
2026-04-28,HDFCBANK.NS,782.5499877929688,99.85608006618183
2026-04-29,HDFCBANK.NS,779.0,99.40308936805606
2026-04-30,HDFCBANK.NS,771.7000122070312,98.4715857236784
2026-05-01,HDFCBANK.NS,771.7000122070312,98.4715857236784
2026-05-04,HDFCBANK.NS,779.4000244140625,99.45413386430825
2026-05-05,HDFCBANK.NS,772.2999877929688,98.54814467976004
2026-05-06,HDFCBANK.NS,796.5499877929688,101.6425283988555
2026-05-07,HDFCBANK.NS,796.0499877929688,101.57872667268857
2026-05-08,HDFCBANK.NS,780.8499755859375,99.63915263955498
2026-05-11,HDFCBANK.NS,763.6500244140625,97.44437949005037
2026-05-12,HDFCBANK.NS,750.4500122070312,95.76001236158444
2026-05-13,HDFCBANK.NS,749.5999755859375,95.6515447541227
2026-05-14,HDFCBANK.NS,769.5499877929688,98.197235185842
2026-05-15,HDFCBANK.NS,767.5,97.93564966621697
2026-05-18,HDFCBANK.NS,768.6500244140625,98.08239675171954
2026-05-19,HDFCBANK.NS,762.4500122070312,97.29125378959044
2026-05-20,HDFCBANK.NS,759.5,96.9148220475463
2026-05-21,HDFCBANK.NS,759.1500244140625,96.87016395454813
2026-05-22,HDFCBANK.NS,766.7999877929688,97.84632569192395
2026-05-25,HDFCBANK.NS,786.8499755859375,100.40477335355797
2026-05-26,HDFCBANK.NS,778.9000244140625,99.39033213814132
2026-05-27,HDFCBANK.NS,758.6500244140625,96.8063622283812
2026-05-28,HDFCBANK.NS,758.6500244140625,96.8063622283812
2026-05-29,HDFCBANK.NS,744.5499877929688,95.00714887749618
2026-06-01,HDFCBANK.NS,742.7000122070312,94.77108560599724
2026-06-02,HDFCBANK.NS,748.25,95.47928320879068
2026-06-03,HDFCBANK.NS,753.6500244140625,96.16834496671204
2023-01-02,ICICIBANK.NS,880.6473388671875,100.0
2023-01-03,ICICIBANK.NS,879.5739135742188,99.8781095172161
2023-01-04,ICICIBANK.NS,877.3782348632812,99.6287839797357
2023-01-05,ICICIBANK.NS,857.9103393554688,97.41814929674729
2023-01-06,ICICIBANK.NS,849.078857421875,96.41530950562795
2023-01-09,ICICIBANK.NS,852.2503051757812,96.77543638206703
2023-01-10,ICICIBANK.NS,840.540283203125,95.44573021526939
2023-01-11,ICICIBANK.NS,845.3707275390625,95.99424085315437
2023-01-12,ICICIBANK.NS,839.8572387695312,95.36816858492682
2023-01-13,ICICIBANK.NS,852.3480224609375,96.78653245660715
2023-01-16,ICICIBANK.NS,844.3461303710938,95.87789494228308
2023-01-17,ICICIBANK.NS,844.2484741210938,95.86680579845786
2023-01-18,ICICIBANK.NS,848.493408203125,96.34883008839572
2023-01-19,ICICIBANK.NS,845.2244262695312,95.97762792956121
2023-01-20,ICICIBANK.NS,849.3228759765625,96.44301850376122
2023-01-23,ICICIBANK.NS,850.6401977539062,96.59260412324862
2023-01-24,ICICIBANK.NS,849.7131958007812,96.48734042548767
2023-01-25,ICICIBANK.NS,834.6364135742188,94.77532909460051
2023-01-27,ICICIBANK.NS,797.45703125,90.55350491103526
2023-01-30,ICICIBANK.NS,803.6046752929688,91.25158730697785
2023-01-31,ICICIBANK.NS,811.8018188476562,92.18239617823747
2023-02-01,ICICIBANK.NS,827.4640502929688,93.96088692635686
2023-02-02,ICICIBANK.NS,837.1736450195312,95.06343891260964
2023-02-03,ICICIBANK.NS,842.9310913085938,95.71721324825558
2023-02-06,ICICIBANK.NS,833.0750732421875,94.59803447697985
2023-02-07,ICICIBANK.NS,832.1480712890625,94.49277077921889
2023-02-08,ICICIBANK.NS,838.3446044921875,95.19640467778898
2023-02-09,ICICIBANK.NS,840.0036010742188,95.3847884392349
2023-02-10,ICICIBANK.NS,833.2214965820312,94.61466126200278
2023-02-13,ICICIBANK.NS,830.0988159179688,94.26007202676143
2023-02-14,ICICIBANK.NS,844.3948364257812,95.88342565276592
2023-02-15,ICICIBANK.NS,849.761962890625,96.49287806668539
2023-02-16,ICICIBANK.NS,848.4446411132812,96.34329244719801
2023-02-17,ICICIBANK.NS,841.8088989257812,95.58978512427394
2023-02-20,ICICIBANK.NS,831.5137329101562,94.42073985935916
2023-02-21,ICICIBANK.NS,833.5630493164062,94.65344554253151
2023-02-22,ICICIBANK.NS,818.9742431640625,92.99684527719602
2023-02-23,ICICIBANK.NS,819.462158203125,93.05224941203281
2023-02-24,ICICIBANK.NS,819.413330078125,93.04670484012019
2023-02-27,ICICIBANK.NS,835.7099609375,94.89723343881418
2023-02-28,ICICIBANK.NS,834.1973266601562,94.72546953167634
2023-03-01,ICICIBANK.NS,835.6123046875,94.88614429498897
2023-03-02,ICICIBANK.NS,833.367919921875,94.63128804702573
2023-03-03,ICICIBANK.NS,847.56640625,96.24356639063477
2023-03-06,ICICIBANK.NS,846.7857055664062,96.15491561646698
2023-03-08,ICICIBANK.NS,851.0305786132812,96.63693297568996
2023-03-09,ICICIBANK.NS,835.270751953125,94.84736001446025
2023-03-10,ICICIBANK.NS,822.2921142578125,93.37359893865805
2023-03-13,ICICIBANK.NS,808.3863525390625,91.79456030366512
2023-03-14,ICICIBANK.NS,810.2892456054688,92.01063920181451
2023-03-15,ICICIBANK.NS,805.94677734375,91.51753962948122
2023-03-16,ICICIBANK.NS,803.9951171875,91.2959230901341
2023-03-17,ICICIBANK.NS,816.0466918945312,92.66441353746045
2023-03-20,ICICIBANK.NS,816.2418823242188,92.68657796368112
2023-03-21,ICICIBANK.NS,831.8065795898438,94.45399342940506
2023-03-22,ICICIBANK.NS,839.4180908203125,95.31830209128778
2023-03-23,ICICIBANK.NS,834.7828369140625,94.79195587962346
2023-03-24,ICICIBANK.NS,831.8065795898438,94.45399342940506
2023-03-27,ICICIBANK.NS,828.1959228515625,94.04399312861203
2023-03-28,ICICIBANK.NS,834.0997924804688,94.71439424928091
2023-03-29,ICICIBANK.NS,830.4403076171875,94.29884937657526
2023-03-31,ICICIBANK.NS,856.05615234375,97.20760110908073
2023-04-03,ICICIBANK.NS,862.4478759765625,97.93339943387149
2023-04-05,ICICIBANK.NS,863.228515625,98.02204327732437
2023-04-06,ICICIBANK.NS,853.8605346679688,96.95828250231521
2023-04-10,ICICIBANK.NS,847.46875,96.23247724680954
2023-04-11,ICICIBANK.NS,860.5938720703125,97.72287203834958
2023-04-12,ICICIBANK.NS,868.64453125,98.63704719387137
2023-04-13,ICICIBANK.NS,877.2807006835938,99.61770869734026
2023-04-17,ICICIBANK.NS,879.525146484375,99.87257187601838
2023-04-18,ICICIBANK.NS,875.1825561523438,99.3794584422553
2023-04-19,ICICIBANK.NS,870.3522338867188,98.8309616658001
2023-04-20,ICICIBANK.NS,872.7918701171875,99.1079892706989
2023-04-21,ICICIBANK.NS,864.2532348632812,98.13840304962544
2023-04-24,ICICIBANK.NS,882.8917846679688,100.25486317867814
2023-04-25,ICICIBANK.NS,891.3816528320312,101.21891175855386
2023-04-26,ICICIBANK.NS,892.8453979492188,101.3851241630642
2023-04-27,ICICIBANK.NS,896.1632080078125,101.76187089381132
2023-04-28,ICICIBANK.NS,895.4801635742188,101.68430926346876
2023-05-02,ICICIBANK.NS,899.8225708007812,102.1774019050872
2023-05-03,ICICIBANK.NS,900.554443359375,102.26050810734235
2023-05-04,ICICIBANK.NS,899.4323120117188,102.13308691407563
2023-05-05,ICICIBANK.NS,904.555419921875,102.71483032986184
2023-05-08,ICICIBANK.NS,915.2409057617188,103.92819751650306
2023-05-09,ICICIBANK.NS,911.8255004882812,103.54036857264562
2023-05-10,ICICIBANK.NS,913.435546875,103.72319390074911
2023-05-11,ICICIBANK.NS,916.5094604492188,104.07224549479275
2023-05-12,ICICIBANK.NS,921.095947265625,104.59305406525934
2023-05-15,ICICIBANK.NS,922.9012451171875,104.7980507502984
2023-05-16,ICICIBANK.NS,923.4866943359375,104.86453016753063
2023-05-17,ICICIBANK.NS,916.6558837890625,104.08887227981569
2023-05-18,ICICIBANK.NS,923.6331176757812,104.88115695255358
2023-05-19,ICICIBANK.NS,931.2446899414062,105.74547254515119
2023-05-22,ICICIBANK.NS,927.39013671875,105.30777710765466
2023-05-23,ICICIBANK.NS,930.366455078125,105.64574648858796
2023-05-24,ICICIBANK.NS,917.9244384765625,104.23292025810538
2023-05-25,ICICIBANK.NS,917.1437377929688,104.14426948393758
2023-05-26,ICICIBANK.NS,927.7316284179688,105.3465544574685
2023-05-29,ICICIBANK.NS,925.2432861328125,105.06399614208686
2023-05-30,ICICIBANK.NS,926.9998168945312,105.26345518592821
2023-05-31,ICICIBANK.NS,926.2191162109375,105.17480441176042
2023-06-01,ICICIBANK.NS,913.484375,103.72873847266173
2023-06-02,ICICIBANK.NS,915.48486328125,103.95589958392146
2023-06-05,ICICIBANK.NS,923.8770751953125,104.90885901997196
2023-06-06,ICICIBANK.NS,919.3394165039062,104.39359502141798
2023-06-07,ICICIBANK.NS,917.4853515625,104.1830606951812
2023-06-08,ICICIBANK.NS,915.2409057617188,103.92819751650306
2023-06-09,ICICIBANK.NS,915.3872680664062,103.94481737081114
2023-06-12,ICICIBANK.NS,913.3380126953125,103.71211861835367
2023-06-13,ICICIBANK.NS,920.75439453125,104.55426978473061
2023-06-14,ICICIBANK.NS,917.094970703125,104.13873184273984
2023-06-15,ICICIBANK.NS,904.2138671875,102.67604604933311
2023-06-16,ICICIBANK.NS,911.6303100585938,103.51820414642494
2023-06-19,ICICIBANK.NS,900.8472900390625,102.29376167738826
2023-06-20,ICICIBANK.NS,903.1892700195312,102.55970013846184
2023-06-21,ICICIBANK.NS,902.3598022460938,102.46551172309633
2023-06-22,ICICIBANK.NS,903.3844604492188,102.5818645646825
2023-06-23,ICICIBANK.NS,901.1887817382812,102.3325390272021
2023-06-26,ICICIBANK.NS,905.0433349609375,102.77023446469862
2023-06-27,ICICIBANK.NS,913.484375,103.72873847266173
2023-06-28,ICICIBANK.NS,914.8017578125,103.87833102286402
2023-06-30,ICICIBANK.NS,912.0205688476562,103.56251913743648
2023-07-03,ICICIBANK.NS,919.7785034179688,104.44345458434216
2023-07-04,ICICIBANK.NS,921.8765869140625,104.68169790871222
2023-07-05,ICICIBANK.NS,934.8552856445312,106.15546591522931
2023-07-06,ICICIBANK.NS,936.2214965820312,106.31060303734421
2023-07-07,ICICIBANK.NS,923.5355224609375,104.87007473944323
2023-07-10,ICICIBANK.NS,925.4872436523438,105.09169820950525
2023-07-11,ICICIBANK.NS,922.1205444335938,104.70939997613063
2023-07-12,ICICIBANK.NS,921.5839233398438,104.648465130811
2023-07-13,ICICIBANK.NS,932.61083984375,105.90060273655119
2023-07-14,ICICIBANK.NS,936.8557739257812,106.38262702648906
2023-07-17,ICICIBANK.NS,945.296875,107.34113796516706
2023-07-18,ICICIBANK.NS,951.8837280273438,108.0890937854636
2023-07-19,ICICIBANK.NS,949.9320068359375,107.86747031540158
2023-07-20,ICICIBANK.NS,971.546875,110.32189982538756
2023-07-21,ICICIBANK.NS,972.9130249023438,110.47703001678757
2023-07-24,ICICIBANK.NS,968.0338134765625,109.92298173770487
2023-07-25,ICICIBANK.NS,970.6686401367188,110.22217376882435
2023-07-26,ICICIBANK.NS,972.3764038085938,110.41609517146797
2023-07-27,ICICIBANK.NS,966.326171875,109.72907419649103
2023-07-28,ICICIBANK.NS,972.1324462890625,110.38839310404957
2023-07-31,ICICIBANK.NS,974.181640625,110.62108492579215
2023-08-01,ICICIBANK.NS,970.5222778320312,110.20555391451627
2023-08-02,ICICIBANK.NS,963.1058959960938,109.36340274813934
2023-08-03,ICICIBANK.NS,941.6862182617188,106.93113766437403
2023-08-04,ICICIBANK.NS,947.0533447265625,107.5405900782935
2023-08-07,ICICIBANK.NS,952.0789184570312,108.11125821168429
2023-08-08,ICICIBANK.NS,956.2261962890625,108.58219335779691
2023-08-09,ICICIBANK.NS,957.0133056640625,108.67157185702823
2023-08-10,ICICIBANK.NS,948.552001953125,107.71076685172139
2023-08-11,ICICIBANK.NS,937.4833984375,106.45389556771079
2023-08-14,ICICIBANK.NS,944.0753173828125,107.20242663734328
2023-08-16,ICICIBANK.NS,941.0745849609375,106.86168497045368
2023-08-17,ICICIBANK.NS,936.3027954101562,106.31983474957872
2023-08-18,ICICIBANK.NS,935.3189086914062,106.20811162553959
2023-08-21,ICICIBANK.NS,939.7955322265625,106.71644490920278
2023-08-22,ICICIBANK.NS,936.6471557617188,106.35893784299242
2023-08-23,ICICIBANK.NS,951.2576293945312,108.01799851211413
2023-08-24,ICICIBANK.NS,953.3237915039062,108.25261707259632
2023-08-25,ICICIBANK.NS,954.7504272460938,108.4146156024531
2023-08-28,ICICIBANK.NS,954.89794921875,108.43136714034407
2023-08-29,ICICIBANK.NS,952.1431274414062,108.11854932374936
2023-08-30,ICICIBANK.NS,943.4359130859375,107.12982046814761
2023-08-31,ICICIBANK.NS,943.2882690429688,107.11305506882684
2023-09-01,ICICIBANK.NS,953.077880859375,108.22469322230144
2023-09-04,ICICIBANK.NS,951.7495727539062,108.0738600741337
2023-09-05,ICICIBANK.NS,952.7826538085938,108.19116935437481
2023-09-06,ICICIBANK.NS,942.0584716796875,106.97340809449281
2023-09-07,ICICIBANK.NS,950.0770263671875,107.88393769398206
2023-09-08,ICICIBANK.NS,954.89794921875,108.43136714034407
2023-09-11,ICICIBANK.NS,962.4737548828125,109.29162133401569
2023-09-12,ICICIBANK.NS,974.5262451171875,110.66021574206542
2023-09-13,ICICIBANK.NS,973.8374633789062,110.58200262452311
2023-09-14,ICICIBANK.NS,971.7714233398438,110.3473979254707
2023-09-15,ICICIBANK.NS,976.44482421875,110.87807583394174
2023-09-18,ICICIBANK.NS,974.2310791015625,110.62669880485367
2023-09-20,ICICIBANK.NS,971.2302856445312,110.28595020724916
2023-09-21,ICICIBANK.NS,943.8294067382812,107.17450278704838
2023-09-22,ICICIBANK.NS,934.9745483398438,106.16900853212587
2023-09-25,ICICIBANK.NS,940.9269409179688,106.84491957113292
2023-09-26,ICICIBANK.NS,933.400390625,105.99025846437813
2023-09-27,ICICIBANK.NS,927.890625,105.36460896975895
2023-09-28,ICICIBANK.NS,927.3987426757812,105.30875433845426
2023-09-29,ICICIBANK.NS,936.5487670898438,106.34776553058852
2023-10-03,ICICIBANK.NS,925.1358032226562,105.05179115316423
2023-10-04,ICICIBANK.NS,915.0510864257812,103.90664299319279
2023-10-05,ICICIBANK.NS,925.6768798828125,105.11323194067086
2023-10-06,ICICIBANK.NS,929.9568481445312,105.59923446095603
2023-10-09,ICICIBANK.NS,923.4632568359375,104.86186877301257
2023-10-10,ICICIBANK.NS,935.8600463867188,106.2695593437611
2023-10-11,ICICIBANK.NS,937.7293701171875,106.48182634872059
2023-10-12,ICICIBANK.NS,938.86083984375,106.61030794136559
2023-10-13,ICICIBANK.NS,935.9583740234375,106.28072472545011
2023-10-16,ICICIBANK.NS,936.0568237304688,106.29190396856893
2023-10-17,ICICIBANK.NS,938.5164794921875,106.5712048479519
2023-10-18,ICICIBANK.NS,928.5302124023438,105.43723593109927
2023-10-19,ICICIBANK.NS,920.6591796875,104.54345786950101
2023-10-20,ICICIBANK.NS,917.7075805664062,104.20829542809848
2023-10-23,ICICIBANK.NS,914.9527587890625,103.89547761150378
2023-10-25,ICICIBANK.NS,901.3260498046875,102.3481262049914
2023-10-26,ICICIBANK.NS,893.9962768554688,101.51580972304448
2023-10-27,ICICIBANK.NS,898.0301513671875,101.97386760089006
2023-10-30,ICICIBANK.NS,909.9841918945312,103.33128276582097
2023-10-31,ICICIBANK.NS,900.588134765625,102.26433386196206
2023-11-01,ICICIBANK.NS,899.30908203125,102.11909380071118
2023-11-02,ICICIBANK.NS,905.114013671875,102.77826023254212
2023-11-03,ICICIBANK.NS,918.7406616210938,104.32560470833958
2023-11-06,ICICIBANK.NS,930.2027587890625,105.62715831125091
2023-11-07,ICICIBANK.NS,932.8099975585938,105.92321765923975
2023-11-08,ICICIBANK.NS,920.6591796875,104.54345786950101
2023-11-09,ICICIBANK.NS,922.2333374023438,104.72220793724875
2023-11-10,ICICIBANK.NS,923.4632568359375,104.86186877301257
2023-11-13,ICICIBANK.NS,919.3801879882812,104.39822473896503
2023-11-15,ICICIBANK.NS,925.9229125976562,105.14116965239555
2023-11-16,ICICIBANK.NS,920.9051513671875,104.57138865051081
2023-11-17,ICICIBANK.NS,906.9833374023438,102.9905272375016
2023-11-20,ICICIBANK.NS,906.58984375,102.94584491860084
2023-11-21,ICICIBANK.NS,911.164794921875,103.46534358395307
2023-11-22,ICICIBANK.NS,907.8688354492188,103.09107804913683
2023-11-23,ICICIBANK.NS,908.1148071289062,103.11900883014661
2023-11-24,ICICIBANK.NS,914.41162109375,103.83402989328223
2023-11-28,ICICIBANK.NS,910.5745239257812,103.39831664024447
2023-11-29,ICICIBANK.NS,924.4470825195312,104.97358496633682
2023-11-30,ICICIBANK.NS,919.8721313476562,104.45408630098459
2023-12-01,ICICIBANK.NS,931.4326171875,105.76681221629984
2023-12-04,ICICIBANK.NS,975.2149658203125,110.7384219288928
2023-12-05,ICICIBANK.NS,997.106201171875,113.22423371590418
2023-12-06,ICICIBANK.NS,987.0706176757812,112.0846647814198
2023-12-07,ICICIBANK.NS,982.88916015625,111.60984843496836
2023-12-08,ICICIBANK.NS,994.5480346679688,112.93374666268751
2023-12-11,ICICIBANK.NS,1000.697265625,113.63200925721726
2023-12-12,ICICIBANK.NS,999.31982421875,113.47559688356246
2023-12-13,ICICIBANK.NS,997.5488891601562,113.2745021910069
2023-12-14,ICICIBANK.NS,1016.9803466796875,115.48099923720552
2023-12-15,ICICIBANK.NS,1020.669921875,115.89996095235232
2023-12-18,ICICIBANK.NS,1004.9771118164062,114.11799791607264
2023-12-19,ICICIBANK.NS,999.0739135742188,113.44767303326758
2023-12-20,ICICIBANK.NS,990.4158325195312,112.4645234031529
2023-12-21,ICICIBANK.NS,988.2020874023438,112.21314637406483
2023-12-22,ICICIBANK.NS,978.2649536132812,111.08475668269926
2023-12-26,ICICIBANK.NS,979.0520629882812,111.17413518193058
2023-12-27,ICICIBANK.NS,986.0867919921875,111.97294858809555
2023-12-28,ICICIBANK.NS,989.6779174804688,112.38073106012354
2023-12-29,ICICIBANK.NS,980.52783203125,111.3417129372744
2024-01-01,ICICIBANK.NS,983.28271484375,111.654537684584
2024-01-02,ICICIBANK.NS,966.4093017578125,109.73851383017225
2024-01-03,ICICIBANK.NS,968.1802368164062,109.93960852272781
2024-01-04,ICICIBANK.NS,971.2302856445312,110.28595020724916
2024-01-05,ICICIBANK.NS,977.6746215820312,111.01772280827578
2024-01-08,ICICIBANK.NS,966.163330078125,109.71058304916248
2024-01-09,ICICIBANK.NS,963.9495849609375,109.45920602007439
2024-01-10,ICICIBANK.NS,977.0350952148438,110.94510277765033
2024-01-11,ICICIBANK.NS,975.165771484375,110.73283577269083
2024-01-12,ICICIBANK.NS,987.3165893554688,112.11259556242959
2024-01-15,ICICIBANK.NS,993.5641479492188,112.82202353864837
2024-01-16,ICICIBANK.NS,992.777099609375,112.73265197013194
2024-01-17,ICICIBANK.NS,965.9173583984375,109.68265226815268
2024-01-18,ICICIBANK.NS,970.443115234375,110.19656477730295
2024-01-19,ICICIBANK.NS,983.0859375,111.63219305977617
2024-01-23,ICICIBANK.NS,1012.45458984375,114.96708672805525
2024-01-24,ICICIBANK.NS,983.0859375,111.63219305977617
2024-01-25,ICICIBANK.NS,993.66259765625,112.83320278176718
2024-01-29,ICICIBANK.NS,1000.008544921875,113.55380307038988
2024-01-30,ICICIBANK.NS,1000.5005493164062,113.60967156312434
2024-01-31,ICICIBANK.NS,1011.569091796875,114.86653591642002
2024-02-01,ICICIBANK.NS,1008.6174926757812,114.53137347501747
2024-02-02,ICICIBANK.NS,1007.4859619140625,114.40288495165758
2024-02-05,ICICIBANK.NS,1006.9940795898438,114.3470303203529
2024-02-06,ICICIBANK.NS,1009.8472900390625,114.67102044935152
2024-02-07,ICICIBANK.NS,1005.6658325195312,114.19620410290005
2024-02-08,ICICIBANK.NS,973.3455810546875,110.52614799321843
2024-02-09,ICICIBANK.NS,994.4005126953125,112.91699512479654
2024-02-12,ICICIBANK.NS,980.035888671875,111.28585137525482
2024-02-13,ICICIBANK.NS,1003.3536987304688,113.93365476140806
2024-02-14,ICICIBANK.NS,1006.2069702148438,114.25765182112157
2024-02-15,ICICIBANK.NS,1000.2545166015625,113.58173385139965
2024-02-16,ICICIBANK.NS,1006.7481079101562,114.3190995393431
2024-02-19,ICICIBANK.NS,1026.91748046875,116.6093889285711
2024-02-20,ICICIBANK.NS,1031.8367919921875,117.16799068733701
2024-02-21,ICICIBANK.NS,1034.985107421875,117.5254908228325
2024-02-22,ICICIBANK.NS,1045.5618896484375,118.72651440625329
2024-02-23,ICICIBANK.NS,1044.1845703125,118.57011589402826
2024-02-26,ICICIBANK.NS,1037.1988525390625,117.77686785192057
2024-02-27,ICICIBANK.NS,1043.1021728515625,118.44720659615543
2024-02-28,ICICIBANK.NS,1029.327880859375,116.8830967210372
2024-02-29,ICICIBANK.NS,1035.231201171875,117.55343546527206
2024-03-01,ICICIBANK.NS,1069.37158203125,121.43017242371118
2024-03-04,ICICIBANK.NS,1074.733642578125,122.03904958829474
2024-03-05,ICICIBANK.NS,1070.503173828125,121.558667877786
2024-03-06,ICICIBANK.NS,1079.4071044921875,122.56973442748067
2024-03-07,ICICIBANK.NS,1070.4046630859375,121.54748170395229
2024-03-11,ICICIBANK.NS,1061.3037109375,120.51404280659021
2024-03-12,ICICIBANK.NS,1059.483642578125,120.30736888854759
2024-03-13,ICICIBANK.NS,1066.4691162109375,121.10058920779572
2024-03-14,ICICIBANK.NS,1066.124755859375,121.06148611438203
2024-03-15,ICICIBANK.NS,1062.92724609375,120.69839982268459
2024-03-18,ICICIBANK.NS,1063.7635498046875,120.79336447811787
2024-03-19,ICICIBANK.NS,1066.4691162109375,121.10058920779572
2024-03-20,ICICIBANK.NS,1067.0103759765625,121.16205078744704
2024-03-21,ICICIBANK.NS,1064.3538818359375,120.86039835254134
2024-03-22,ICICIBANK.NS,1072.716796875,121.81003104544428
2024-03-26,ICICIBANK.NS,1066.22314453125,121.07265842678594
2024-03-27,ICICIBANK.NS,1066.2724609375,121.07825844441768
2024-03-28,ICICIBANK.NS,1075.66845703125,122.14520041756171
2024-04-01,ICICIBANK.NS,1081.916015625,122.8546283937805
2024-04-02,ICICIBANK.NS,1063.7635498046875,120.79336447811787
2024-04-03,ICICIBANK.NS,1059.827880859375,120.34645812053151
2024-04-04,ICICIBANK.NS,1061.451416015625,120.53081513662588
2024-04-05,ICICIBANK.NS,1065.9281005859375,121.03915535100398
2024-04-08,ICICIBANK.NS,1069.6175537109375,121.45810320472098
2024-04-09,ICICIBANK.NS,1089.1966552734375,123.68136565024037
2024-04-10,ICICIBANK.NS,1091.5087890625,123.94391499173234
2024-04-12,ICICIBANK.NS,1086.58935546875,123.38529937153663
2024-04-15,ICICIBANK.NS,1060.95947265625,120.47495357460632
2024-04-16,ICICIBANK.NS,1049.841796875,119.21250999582355
2024-04-18,ICICIBANK.NS,1038.4288330078125,117.91653561839928
2024-04-19,ICICIBANK.NS,1050.03857421875,119.23485462063137
2024-04-22,ICICIBANK.NS,1069.125732421875,121.40225550413119
2024-04-23,ICICIBANK.NS,1072.6676025390625,121.80444488924232
2024-04-24,ICICIBANK.NS,1079.062744140625,122.53063133406697
2024-04-25,ICICIBANK.NS,1095.78857421875,124.42989671987283
2024-04-26,ICICIBANK.NS,1090.032958984375,123.77633030567364
2024-04-29,ICICIBANK.NS,1141.4403076171875,129.61378036814017
2024-04-30,ICICIBANK.NS,1131.8475341796875,128.52449377018831
2024-05-02,ICICIBANK.NS,1121.0740966796875,127.30113942338947
2024-05-03,ICICIBANK.NS,1123.63232421875,127.59163340732103
2024-05-06,ICICIBANK.NS,1127.813720703125,128.0664428230576
2024-05-07,ICICIBANK.NS,1113.6458740234375,126.45764369832374
2024-05-08,ICICIBANK.NS,1104.8895263671875,125.4633356172349
2024-05-09,ICICIBANK.NS,1097.7071533203125,124.64775681174918
2024-05-10,ICICIBANK.NS,1099.035400390625,124.79858302920202
2024-05-13,ICICIBANK.NS,1109.808837890625,126.02193737600085
2024-05-14,ICICIBANK.NS,1102.47900390625,125.18961396333901
2024-05-15,ICICIBANK.NS,1106.2176513671875,125.61414797325799
2024-05-16,ICICIBANK.NS,1112.8096923828125,126.36269290432023
2024-05-17,ICICIBANK.NS,1112.2684326171875,126.30123132466893
2024-05-21,ICICIBANK.NS,1102.8724365234375,125.2342893515249
2024-05-22,ICICIBANK.NS,1093.1812744140625,124.1338304411691
2024-05-23,ICICIBANK.NS,1116.2039794921875,126.7481238208255
2024-05-24,ICICIBANK.NS,1113.695068359375,126.46322985452568
2024-05-27,ICICIBANK.NS,1111.579833984375,126.2230389992713
2024-05-28,ICICIBANK.NS,1108.775634765625,125.90461423432997
2024-05-29,ICICIBANK.NS,1084.2281494140625,123.11717773527246
2024-05-30,ICICIBANK.NS,1095.7393798828125,124.42431056367089
2024-05-31,ICICIBANK.NS,1102.970947265625,125.24547552535859
2024-06-03,ICICIBANK.NS,1141.292724609375,129.5970218995343
2024-06-04,ICICIBANK.NS,1054.170654296875,119.7040640187362
2024-06-05,ICICIBANK.NS,1090.7708740234375,123.86012264870298
2024-06-06,ICICIBANK.NS,1092.49267578125,124.0556381157715
2024-06-07,ICICIBANK.NS,1103.6103515625,125.31808169455425
2024-06-10,ICICIBANK.NS,1105.676513671875,125.55270025503644
2024-06-11,ICICIBANK.NS,1100.1668701171875,124.92706462184702
2024-06-12,ICICIBANK.NS,1101.4951171875,125.07789083929988
2024-06-13,ICICIBANK.NS,1089.49169921875,123.71486872602233
2024-06-14,ICICIBANK.NS,1087.8192138671875,123.52495327658556
2024-06-18,ICICIBANK.NS,1104.7418212890625,125.44656328719925
2024-06-19,ICICIBANK.NS,1125.993408203125,127.85974118215539
2024-06-20,ICICIBANK.NS,1138.144287109375,129.23950790260903
2024-06-21,ICICIBANK.NS,1139.9644775390625,129.44619568208145
2024-06-24,ICICIBANK.NS,1151.229736328125,130.72539772947007
2024-06-25,ICICIBANK.NS,1178.630615234375,133.83684514967086
2024-06-26,ICICIBANK.NS,1198.357421875,136.0768799252259
2024-06-27,ICICIBANK.NS,1200.2266845703125,136.2891399994705
2024-06-28,ICICIBANK.NS,1180.254150390625,134.02120216576523
2024-07-01,ICICIBANK.NS,1192.3065185546875,135.38978271238517
2024-07-02,ICICIBANK.NS,1171.399169921875,133.01569404941296
2024-07-03,ICICIBANK.NS,1182.2218017578125,134.24463455241374
2024-07-04,ICICIBANK.NS,1213.115478515625,137.7526990629535
2024-07-05,ICICIBANK.NS,1213.509033203125,137.79738831256913
2024-07-08,ICICIBANK.NS,1215.1324462890625,137.98173146723374
2024-07-09,ICICIBANK.NS,1228.1195068359375,139.45644898169084
2024-07-10,ICICIBANK.NS,1223.15087890625,138.8922472052932
2024-07-11,ICICIBANK.NS,1218.4775390625,138.36157622753703
2024-07-12,ICICIBANK.NS,1213.01708984375,137.74152675054958
2024-07-15,ICICIBANK.NS,1210.1146240234375,137.4119435346341
2024-07-16,ICICIBANK.NS,1219.9041748046875,138.5235747573938
2024-07-18,ICICIBANK.NS,1230.1365966796875,139.6854952474009
2024-07-19,ICICIBANK.NS,1228.5130615234375,139.50113823130653
2024-07-22,ICICIBANK.NS,1221.1341552734375,138.6632425238725
2024-07-23,ICICIBANK.NS,1206.96630859375,137.05444339913862
2024-07-24,ICICIBANK.NS,1203.2767333984375,136.63548168399186
2024-07-25,ICICIBANK.NS,1178.58154296875,133.83127285489869
2024-07-26,ICICIBANK.NS,1187.7314453125,134.87027018560315
2024-07-29,ICICIBANK.NS,1193.142822265625,135.48474736781844
2024-07-30,ICICIBANK.NS,1189.9451904296875,135.12164721469122
2024-07-31,ICICIBANK.NS,1195.307373046875,135.73053824070456
2024-08-01,ICICIBANK.NS,1190.584716796875,135.19426724531667
2024-08-02,ICICIBANK.NS,1177.2532958984375,133.68044663744584
2024-08-05,ICICIBANK.NS,1153.689453125,131.00470553956794
2024-08-06,ICICIBANK.NS,1148.0322265625,130.36231143777263
2024-08-07,ICICIBANK.NS,1153.5418701171875,130.98794707096206
2024-08-08,ICICIBANK.NS,1145.8184814453125,130.11093440868459
2024-08-09,ICICIBANK.NS,1152.70556640625,130.8929824155288
2024-08-12,ICICIBANK.NS,1163.8199462890625,132.15505173570745
2024-08-13,ICICIBANK.NS,1159.4039306640625,131.65360065193076
2024-08-14,ICICIBANK.NS,1152.7552490234375,130.89862401744986
2024-08-16,ICICIBANK.NS,1178.1591796875,133.78331230785457
2024-08-19,ICICIBANK.NS,1166.8961181640625,132.50435976620201
2024-08-20,ICICIBANK.NS,1170.4189453125,132.90438676826724
2024-08-21,ICICIBANK.NS,1165.8541259765625,132.38603860158688
2024-08-22,ICICIBANK.NS,1181.979736328125,134.21714733715697
2024-08-23,ICICIBANK.NS,1194.2847900390625,135.61442104342467
2024-08-26,ICICIBANK.NS,1204.009765625,136.71871956982991
2024-08-27,ICICIBANK.NS,1216.9598388671875,138.18923707106325
2024-08-28,ICICIBANK.NS,1214.47900390625,137.90753123361318
2024-08-29,ICICIBANK.NS,1212.5439453125,137.68779984871634
2024-08-30,ICICIBANK.NS,1219.7879638671875,138.51037867624177
2024-09-02,ICICIBANK.NS,1220.5322265625,138.59489181361977
2024-09-03,ICICIBANK.NS,1238.1463623046875,140.59502682394586
2024-09-04,ICICIBANK.NS,1226.88330078125,139.3160742822933
2024-09-05,ICICIBANK.NS,1226.486328125,139.27099691264374
2024-09-06,ICICIBANK.NS,1198.899169921875,136.13839695059633
2024-09-09,ICICIBANK.NS,1225.5435791015625,139.163945090441
2024-09-10,ICICIBANK.NS,1227.8260498046875,139.42312610449605
2024-09-11,ICICIBANK.NS,1226.88330078125,139.3160742822933
2024-09-12,ICICIBANK.NS,1242.5623779296875,141.09647790772252
2024-09-13,ICICIBANK.NS,1240.7760009765625,140.8936297442996
2024-09-16,ICICIBANK.NS,1253.1802978515625,142.30217279297966
2024-09-17,ICICIBANK.NS,1258.39013671875,142.89376475462566
2024-09-18,ICICIBANK.NS,1278.485107421875,145.1756056024018
2024-09-19,ICICIBANK.NS,1282.107177734375,145.5869019468794
2024-09-20,ICICIBANK.NS,1328.201416015625,150.82103327810478
2024-09-23,ICICIBANK.NS,1311.7781982421875,148.95613037672732
2024-09-24,ICICIBANK.NS,1308.50341796875,148.5842697999782
2024-09-25,ICICIBANK.NS,1313.7132568359375,149.17586176162416
2024-09-26,ICICIBANK.NS,1318.87353515625,149.76182598277882
2024-09-27,ICICIBANK.NS,1296.5953369140625,147.23207346336
2024-09-30,ICICIBANK.NS,1263.252685546875,143.44592094854318
2024-10-01,ICICIBANK.NS,1264.6419677734375,143.6036778808868
2024-10-03,ICICIBANK.NS,1246.7301025390625,141.56973484332354
2024-10-04,ICICIBANK.NS,1230.2572021484375,139.699190340025
2024-10-07,ICICIBANK.NS,1224.4520263671875,139.0399961853345
2024-10-08,ICICIBANK.NS,1227.13134765625,139.34424070760934
2024-10-09,ICICIBANK.NS,1234.62353515625,140.19499982188063
2024-10-10,ICICIBANK.NS,1233.978515625,140.12175602691502
2024-10-11,ICICIBANK.NS,1213.635498046875,137.8117487538228
2024-10-14,ICICIBANK.NS,1222.3184814453125,138.79772611561293
2024-10-15,ICICIBANK.NS,1245.8865966796875,141.4739523635332
2024-10-16,ICICIBANK.NS,1233.6312255859375,140.08232025918656
2024-10-17,ICICIBANK.NS,1221.8223876953125,138.7413932649808
2024-10-18,ICICIBANK.NS,1254.8177490234375,142.48811001206917
2024-10-21,ICICIBANK.NS,1249.4095458984375,141.8739932270282
2024-10-22,ICICIBANK.NS,1257.7947998046875,142.82616256158113
2024-10-23,ICICIBANK.NS,1242.0164794921875,141.03448959373952
2024-10-24,ICICIBANK.NS,1243.15771484375,141.16408010076705
2024-10-25,ICICIBANK.NS,1245.8370361328125,141.4683246230419
2024-10-28,ICICIBANK.NS,1282.95068359375,145.6826844266698
2024-10-29,ICICIBANK.NS,1321.6519775390625,150.07732598603627
2024-10-30,ICICIBANK.NS,1302.1029052734375,147.85747345224314
2024-10-31,ICICIBANK.NS,1282.355224609375,145.61506837219548
2024-11-01,ICICIBANK.NS,1281.90869140625,145.56436326205463
2024-11-04,ICICIBANK.NS,1267.42041015625,143.91917788414423
2024-11-05,ICICIBANK.NS,1286.7711181640625,146.11650559454236
2024-11-06,ICICIBANK.NS,1292.3779296875,146.75317492583787
2024-11-07,ICICIBANK.NS,1268.908935546875,144.08820415890023
2024-11-08,ICICIBANK.NS,1249.2109375,141.85144068077363
2024-11-11,ICICIBANK.NS,1259.5810546875,143.0289968635743
2024-11-12,ICICIBANK.NS,1260.8709716796875,143.17547059207573
2024-11-13,ICICIBANK.NS,1244.100341796875,141.27111806154005
2024-11-14,ICICIBANK.NS,1247.325439453125,141.63733703636808
2024-11-18,ICICIBANK.NS,1243.852294921875,141.24295163622395
2024-11-19,ICICIBANK.NS,1239.53564453125,140.75278375628946
2024-11-21,ICICIBANK.NS,1240.974609375,140.91618229055413
2024-11-22,ICICIBANK.NS,1268.2640380859375,144.0149742253644
2024-11-25,ICICIBANK.NS,1290.9886474609375,146.59541799349427
2024-11-26,ICICIBANK.NS,1294.9580078125,147.04615010570032
2024-11-27,ICICIBANK.NS,1290.740478515625,146.56723770674841
2024-11-28,ICICIBANK.NS,1276.5003662109375,144.95023261558387
2024-11-29,ICICIBANK.NS,1290.1451416015625,146.49963551370388
2024-12-02,ICICIBANK.NS,1294.6602783203125,147.01234207846318
2024-12-03,ICICIBANK.NS,1298.381591796875,147.43490776535316
2024-12-04,ICICIBANK.NS,1305.9730224609375,148.2969362220368
2024-12-05,ICICIBANK.NS,1326.2664794921875,150.60131575463774
2024-12-06,ICICIBANK.NS,1318.5758056640625,149.7280179555417
2024-12-09,ICICIBANK.NS,1312.1751708984375,149.00120774637685
2024-12-10,ICICIBANK.NS,1320.2626953125,149.91956905369267
2024-12-11,ICICIBANK.NS,1317.3353271484375,149.58715810610178
2024-12-12,ICICIBANK.NS,1319.0718994140625,149.78435080617382
2024-12-13,ICICIBANK.NS,1334.6021728515625,151.54785734869938
2024-12-16,ICICIBANK.NS,1335.7928466796875,151.68306173478842
2024-12-17,ICICIBANK.NS,1323.5374755859375,150.2914296304418
2024-12-18,ICICIBANK.NS,1304.087646484375,148.08284643906106
2024-12-19,ICICIBANK.NS,1277.0462646484375,145.0122209295669
2024-12-20,ICICIBANK.NS,1278.5347900390625,145.1812472043229
2024-12-23,ICICIBANK.NS,1286.8704833984375,146.12778879838453
2024-12-24,ICICIBANK.NS,1287.3170166015625,146.17849390852538
2024-12-26,ICICIBANK.NS,1287.4161376953125,146.18974938950797
2024-12-27,ICICIBANK.NS,1297.5382080078125,147.33913914699258
2024-12-30,ICICIBANK.NS,1284.7369384765625,145.88551872866293
2024-12-31,ICICIBANK.NS,1271.83642578125,144.42062896792092
2025-01-01,ICICIBANK.NS,1273.8211669921875,144.64600195473884
2025-01-02,ICICIBANK.NS,1280.7178955078125,145.42914501453578
2025-01-03,ICICIBANK.NS,1255.363525390625,142.5500844646224
2025-01-06,ICICIBANK.NS,1254.4207763671875,142.4430326424196
2025-01-07,ICICIBANK.NS,1269.454833984375,144.15019247288322
2025-01-08,ICICIBANK.NS,1254.073486328125,142.40359687469115
2025-01-09,ICICIBANK.NS,1252.73388671875,142.25148154426864
2025-01-10,ICICIBANK.NS,1240.2799072265625,140.83729689366743
2025-01-13,ICICIBANK.NS,1220.3338623046875,138.57236699022477
2025-01-14,ICICIBANK.NS,1230.8031005859375,139.76117865400803
2025-01-15,ICICIBANK.NS,1228.7686767578125,139.53016406526905
2025-01-16,ICICIBANK.NS,1239.53564453125,140.75278375628946
2025-01-17,ICICIBANK.NS,1216.066650390625,138.0878129893518
2025-01-20,ICICIBANK.NS,1223.50927734375,138.93294436313175
2025-01-21,ICICIBANK.NS,1186.9910888671875,134.78620061397817
2025-01-22,ICICIBANK.NS,1191.258056640625,135.2707268919916
2025-01-23,ICICIBANK.NS,1192.5482177734375,135.4172283433526
2025-01-24,ICICIBANK.NS,1199.941162109375,136.2567181152115
2025-01-27,ICICIBANK.NS,1218.547607421875,138.36953268823163
2025-01-28,ICICIBANK.NS,1237.3525390625,140.50488594607654
2025-01-29,ICICIBANK.NS,1242.066162109375,141.0401311956606
2025-01-30,ICICIBANK.NS,1245.98583984375,141.48522170594558
2025-01-31,ICICIBANK.NS,1243.2073974609375,141.16972170268812
2025-02-01,ICICIBANK.NS,1245.936279296875,141.47959396545426
2025-02-03,ICICIBANK.NS,1243.40576171875,141.19224652608312
2025-02-04,ICICIBANK.NS,1258.4893798828125,142.90503409703805
2025-02-05,ICICIBANK.NS,1257.9931640625,142.8486873849761
2025-02-06,ICICIBANK.NS,1262.6572265625,143.37830489406886
2025-02-07,ICICIBANK.NS,1247.2760009765625,141.63172315730657
2025-02-10,ICICIBANK.NS,1252.9322509765625,142.27400636766362
2025-02-11,ICICIBANK.NS,1243.15771484375,141.16408010076705
2025-02-12,ICICIBANK.NS,1242.2149658203125,141.05702827856427
2025-02-13,ICICIBANK.NS,1239.337158203125,140.73024507146468
2025-02-14,ICICIBANK.NS,1250.451416015625,141.99230053021356
2025-02-17,ICICIBANK.NS,1241.5699462890625,140.98378448359867
2025-02-18,ICICIBANK.NS,1233.531982421875,140.07105091677417
2025-02-19,ICICIBANK.NS,1251.9896240234375,142.16696840689062
2025-02-20,ICICIBANK.NS,1240.379150390625,140.84856623607985
2025-02-21,ICICIBANK.NS,1223.50927734375,138.93294436313175
2025-02-24,ICICIBANK.NS,1209.0211181640625,137.28777284665114
2025-02-25,ICICIBANK.NS,1214.7767333984375,137.94133926085036
2025-02-27,ICICIBANK.NS,1213.0897216796875,137.74977430126958
2025-02-28,ICICIBANK.NS,1194.8802490234375,135.68203709789898
2025-03-03,ICICIBANK.NS,1196.964111328125,135.9186655656995
2025-03-04,ICICIBANK.NS,1201.1319580078125,136.39193636273032
2025-03-05,ICICIBANK.NS,1206.391357421875,136.98915606486761
2025-03-06,ICICIBANK.NS,1208.7235107421875,137.25397868084377
2025-03-07,ICICIBANK.NS,1205.250244140625,136.85957941926986
2025-03-10,ICICIBANK.NS,1205.5478515625,136.89337358507723
2025-03-11,ICICIBANK.NS,1235.864013671875,140.33585967132055
2025-03-12,ICICIBANK.NS,1234.425048828125,140.17246113705585
2025-03-13,ICICIBANK.NS,1240.4783935546875,140.8598355784922
2025-03-17,ICICIBANK.NS,1259.2833251953125,142.99518883633712
2025-03-18,ICICIBANK.NS,1259.2833251953125,142.99518883633712
2025-03-19,ICICIBANK.NS,1303.0455322265625,147.96451141301614
2025-03-20,ICICIBANK.NS,1311.5797119140625,148.93359169190254
2025-03-21,ICICIBANK.NS,1332.81591796875,151.34502304670622
2025-03-24,ICICIBANK.NS,1347.750732421875,153.04091353475746
2025-03-25,ICICIBANK.NS,1333.4112548828125,151.41262523975075
2025-03-26,ICICIBANK.NS,1325.6710205078125,150.53369970016342
2025-03-27,ICICIBANK.NS,1326.415283203125,150.6182128375414
2025-03-28,ICICIBANK.NS,1338.025634765625,151.9366011469224
2025-04-01,ICICIBANK.NS,1308.3546142578125,148.5673727170745
2025-04-02,ICICIBANK.NS,1321.056640625,150.00972379299174
2025-04-03,ICICIBANK.NS,1319.3697509765625,149.81817269484077
2025-04-04,ICICIBANK.NS,1325.07568359375,150.4660975071189
2025-04-07,ICICIBANK.NS,1277.6912841796875,145.0854647245325
2025-04-08,ICICIBANK.NS,1289.9466552734375,146.47709682887913
2025-04-09,ICICIBANK.NS,1290.83984375,146.57852091059058
2025-04-11,ICICIBANK.NS,1301.606689453125,147.80112674018122
2025-04-15,ICICIBANK.NS,1339.8614501953125,152.14506318940687
2025-04-16,ICICIBANK.NS,1346.0140380859375,152.84370697325562
2025-04-17,ICICIBANK.NS,1395.9288330078125,158.51167333378336
2025-04-21,ICICIBANK.NS,1399.0052490234375,158.86100908713752
2025-04-22,ICICIBANK.NS,1405.6539306640625,159.61598572161842
2025-04-23,ICICIBANK.NS,1413.493408203125,160.50618060361813
2025-04-24,ICICIBANK.NS,1391.95947265625,158.0609412215773
2025-04-25,ICICIBANK.NS,1394.04345703125,158.29758355080762
2025-04-28,ICICIBANK.NS,1417.8597412109375,161.00199008547372
2025-04-29,ICICIBANK.NS,1418.85205078125,161.11466964816782
2025-04-30,ICICIBANK.NS,1416.073486328125,160.7991557834806
2025-05-02,ICICIBANK.NS,1419.149658203125,161.14846381397518
2025-05-05,ICICIBANK.NS,1418.455078125,161.06959227851826
2025-05-06,ICICIBANK.NS,1420.63818359375,161.31749008873118
2025-05-07,ICICIBANK.NS,1424.4091796875,161.74569737754223
2025-05-08,ICICIBANK.NS,1424.5084228515625,161.75696671995462
2025-05-09,ICICIBANK.NS,1378.2652587890625,156.50592444439576
2025-05-12,ICICIBANK.NS,1437.4088134765625,163.22184261926685
2025-05-13,ICICIBANK.NS,1419.6458740234375,161.2048105260371
2025-05-14,ICICIBANK.NS,1415.279541015625,160.70900104418152
2025-05-15,ICICIBANK.NS,1439.6912841796875,163.48102363332194
2025-05-16,ICICIBANK.NS,1442.86669921875,163.8416010062289
2025-05-19,ICICIBANK.NS,1437.905029296875,163.27818933132878
2025-05-20,ICICIBANK.NS,1427.1876220703125,162.06119738079968
2025-05-21,ICICIBANK.NS,1433.637939453125,162.79364919188558
2025-05-22,ICICIBANK.NS,1431.057861328125,162.50067401202313
2025-05-23,ICICIBANK.NS,1438.698974609375,163.36834407062787
2025-05-26,ICICIBANK.NS,1449.4161376953125,164.5853082982974
2025-05-27,ICICIBANK.NS,1435.324951171875,162.98521415146635
2025-05-28,ICICIBANK.NS,1442.6683349609375,163.81907618283392
2025-05-29,ICICIBANK.NS,1445.3475341796875,164.12330684367896
2025-05-30,ICICIBANK.NS,1434.7296142578125,162.91761195842182
2025-06-02,ICICIBANK.NS,1439.3935546875,163.44721560608477
2025-06-03,ICICIBANK.NS,1426.8900146484375,162.0274032149923
2025-06-04,ICICIBANK.NS,1420.0428466796875,161.24988789568664
2025-06-05,ICICIBANK.NS,1443.66064453125,163.931755745528
2025-06-06,ICICIBANK.NS,1448.5230712890625,164.48389807801573
2025-06-09,ICICIBANK.NS,1423.8138427734375,161.67809518449772
2025-06-10,ICICIBANK.NS,1412.0048828125,160.33715432886214
2025-06-11,ICICIBANK.NS,1420.0428466796875,161.24988789568664
2025-06-12,ICICIBANK.NS,1414.2872314453125,160.59632148148745
2025-06-13,ICICIBANK.NS,1405.2569580078125,159.57090835196888
2025-06-16,ICICIBANK.NS,1415.9742431640625,160.7878864410682
2025-06-17,ICICIBANK.NS,1412.302490234375,160.3709484946695
2025-06-18,ICICIBANK.NS,1401.78369140625,159.17650909039494
2025-06-19,ICICIBANK.NS,1400.4937744140625,159.0300353618935
2025-06-20,ICICIBANK.NS,1416.1727294921875,160.81042512589298
2025-06-23,ICICIBANK.NS,1409.226318359375,160.02164046417494
2025-06-24,ICICIBANK.NS,1413.1956787109375,160.472372576381
2025-06-25,ICICIBANK.NS,1414.8826904296875,160.66393753596176
2025-06-26,ICICIBANK.NS,1428.080810546875,162.16262146251114
2025-06-27,ICICIBANK.NS,1451.00390625,164.7656039154658
2025-06-30,ICICIBANK.NS,1434.7296142578125,162.91761195842182
2025-07-01,ICICIBANK.NS,1421.03515625,161.3625674583807
2025-07-02,ICICIBANK.NS,1416.867431640625,160.88931052277965
2025-07-03,ICICIBANK.NS,1414.98193359375,160.67520687837413
2025-07-04,ICICIBANK.NS,1431.7525634765625,162.57955940890983
2025-07-07,ICICIBANK.NS,1424.706787109375,161.7794915433496
2025-07-08,ICICIBANK.NS,1430.9586181640625,162.48940466961074
2025-07-09,ICICIBANK.NS,1420.93603515625,161.35131197739813
2025-07-10,ICICIBANK.NS,1413.1956787109375,160.472372576381
2025-07-11,ICICIBANK.NS,1411.0125732421875,160.22447476616807
2025-07-14,ICICIBANK.NS,1412.1041259765625,160.34842367127453
2025-07-15,ICICIBANK.NS,1419.844482421875,161.22736307229167
2025-07-16,ICICIBANK.NS,1415.4781494140625,160.73155359043605
2025-07-17,ICICIBANK.NS,1407.8370361328125,159.8638835318313
2025-07-18,ICICIBANK.NS,1414.8826904296875,160.66393753596176
2025-07-21,ICICIBANK.NS,1454.576416015625,165.1712725194521
2025-07-22,ICICIBANK.NS,1462.316650390625,166.05019805903945
2025-07-23,ICICIBANK.NS,1477.2017822265625,167.7404469451696
2025-07-24,ICICIBANK.NS,1472.0416259765625,167.1544965854447
2025-07-25,ICICIBANK.NS,1465.789794921875,166.44458345918355
2025-07-28,ICICIBANK.NS,1477.00341796875,167.71792212177462
2025-07-29,ICICIBANK.NS,1474.8201904296875,167.47001045013192
2025-07-30,ICICIBANK.NS,1471.04931640625,167.04181702275062
2025-07-31,ICICIBANK.NS,1470.0570068359375,166.92913746005655
2025-08-01,ICICIBANK.NS,1460.3319091796875,165.82482507222153
2025-08-04,ICICIBANK.NS,1451.9962158203125,164.87828347815986
2025-08-05,ICICIBANK.NS,1433.3402099609375,162.7598411646484
2025-08-06,ICICIBANK.NS,1432.54638671875,162.66970028677912
2025-08-07,ICICIBANK.NS,1429.271728515625,162.29785357145977
2025-08-08,ICICIBANK.NS,1424.9053955078125,161.80204408960418
2025-08-11,ICICIBANK.NS,1425.5999755859375,161.88091562506108
2025-08-12,ICICIBANK.NS,1422.0,161.47212819937394
2025-08-13,ICICIBANK.NS,1420.800048828125,161.3358703446215
2025-08-14,ICICIBANK.NS,1427.300048828125,162.07396375762846
2025-08-18,ICICIBANK.NS,1434.5999755859375,162.90289111999382
2025-08-19,ICICIBANK.NS,1436.300048828125,163.0959392525612
2025-08-20,ICICIBANK.NS,1430.5999755859375,162.44867978891259
2025-08-21,ICICIBANK.NS,1446.0,164.19739618586127
2025-08-22,ICICIBANK.NS,1436.4000244140625,163.10729176355227
2025-08-25,ICICIBANK.NS,1433.199951171875,162.74391438182946
2025-08-26,ICICIBANK.NS,1416.5999755859375,160.85894013012833
2025-08-28,ICICIBANK.NS,1399.0999755859375,158.871765556648
2025-08-29,ICICIBANK.NS,1397.800048828125,158.72415519090447
2025-09-01,ICICIBANK.NS,1411.0,160.22304703890057
2025-09-02,ICICIBANK.NS,1394.199951171875,158.31535390378755
2025-09-03,ICICIBANK.NS,1397.0,158.6333073801163
2025-09-04,ICICIBANK.NS,1405.5,159.5985064586639
2025-09-05,ICICIBANK.NS,1402.800048828125,159.291919354756
2025-09-08,ICICIBANK.NS,1402.699951171875,159.2805529823351
2025-09-09,ICICIBANK.NS,1403.699951171875,159.39410581510543
2025-09-10,ICICIBANK.NS,1403.9000244140625,159.41682469851736
2025-09-11,ICICIBANK.NS,1401.5999755859375,159.15564763857375
2025-09-12,ICICIBANK.NS,1417.699951171875,160.98384547388972
2025-09-15,ICICIBANK.NS,1419.4000244140625,161.1768936064571
2025-09-16,ICICIBANK.NS,1421.5999755859375,161.42670429397984
2025-09-17,ICICIBANK.NS,1419.199951171875,161.15417472304517
2025-09-18,ICICIBANK.NS,1421.699951171875,161.43805680497093
2025-09-19,ICICIBANK.NS,1402.199951171875,159.22377656594998
2025-09-22,ICICIBANK.NS,1401.5,159.14429512758267
2025-09-23,ICICIBANK.NS,1394.300048828125,158.3267202762084
2025-09-24,ICICIBANK.NS,1382.699951171875,157.00949632692902
2025-09-25,ICICIBANK.NS,1375.800048828125,156.22599286995776
2025-09-26,ICICIBANK.NS,1359.5999755859375,154.38642866222094
2025-09-29,ICICIBANK.NS,1348.0999755859375,153.08057108536244
2025-09-30,ICICIBANK.NS,1348.0,153.06921857437135
2025-10-01,ICICIBANK.NS,1372.0,155.79448656085867
2025-10-03,ICICIBANK.NS,1365.199951171875,155.0223217534487
2025-10-06,ICICIBANK.NS,1363.4000244140625,154.81793497132003
2025-10-07,ICICIBANK.NS,1375.9000244140625,156.23734538094882
2025-10-08,ICICIBANK.NS,1370.300048828125,155.60145228972107
2025-10-09,ICICIBANK.NS,1376.199951171875,156.27140291392206
2025-10-10,ICICIBANK.NS,1380.300048828125,156.7369806174241
2025-10-13,ICICIBANK.NS,1379.4000244140625,156.63478029564487
2025-10-14,ICICIBANK.NS,1384.0999755859375,157.1684730650934
2025-10-15,ICICIBANK.NS,1398.4000244140625,158.7922841182807
2025-10-16,ICICIBANK.NS,1417.300048828125,160.93843542992542
2025-10-17,ICICIBANK.NS,1436.5999755859375,163.12999678553444
2025-10-20,ICICIBANK.NS,1390.300048828125,157.87250894512715
2025-10-21,ICICIBANK.NS,1382.0,156.93001488856174
2025-10-23,ICICIBANK.NS,1363.699951171875,154.85199250429324
2025-10-24,ICICIBANK.NS,1377.699951171875,156.44173216307752
2025-10-27,ICICIBANK.NS,1377.5999755859375,156.43037965208643
2025-10-28,ICICIBANK.NS,1363.0999755859375,154.783863576917
2025-10-29,ICICIBANK.NS,1370.4000244140625,155.61280480071213
2025-10-30,ICICIBANK.NS,1362.4000244140625,154.7043821385497
2025-10-31,ICICIBANK.NS,1345.300048828125,152.76263147046345
2025-11-03,ICICIBANK.NS,1346.4000244140625,152.88753681422483
2025-11-04,ICICIBANK.NS,1336.9000244140625,151.80878490290692
2025-11-06,ICICIBANK.NS,1320.4000244140625,149.9351631621969
2025-11-07,ICICIBANK.NS,1343.0,152.50145441051984
2025-11-10,ICICIBANK.NS,1348.0,153.06921857437135
2025-11-11,ICICIBANK.NS,1358.300048828125,154.2388182964774
2025-11-12,ICICIBANK.NS,1358.9000244140625,154.30694722385363
2025-11-13,ICICIBANK.NS,1385.9000244140625,157.37287370865187
2025-11-14,ICICIBANK.NS,1373.0,155.908039393629
2025-11-17,ICICIBANK.NS,1379.0,156.58935639025083
2025-11-18,ICICIBANK.NS,1373.4000244140625,155.95346329902307
2025-11-19,ICICIBANK.NS,1383.0999755859375,157.0549202323231
2025-11-20,ICICIBANK.NS,1383.0,157.04356772133204
2025-11-21,ICICIBANK.NS,1369.5,155.51060447893292
2025-11-24,ICICIBANK.NS,1368.4000244140625,155.38569913517154
2025-11-25,ICICIBANK.NS,1357.800048828125,154.18204188009227
2025-11-26,ICICIBANK.NS,1375.0,156.1351450591696
2025-11-27,ICICIBANK.NS,1392.199951171875,158.08824823824693
2025-11-28,ICICIBANK.NS,1388.800048828125,157.70217969597172
2025-12-01,ICICIBANK.NS,1390.0999755859375,157.84979006171525
2025-12-02,ICICIBANK.NS,1373.0,155.908039393629
2025-12-03,ICICIBANK.NS,1391.5,158.00876679987962
2025-12-04,ICICIBANK.NS,1386.699951171875,157.46370765801026
2025-12-05,ICICIBANK.NS,1392.5,158.12231963264992
2025-12-08,ICICIBANK.NS,1389.5999755859375,157.7930136453301
2025-12-09,ICICIBANK.NS,1375.199951171875,156.15785008115176
2025-12-10,ICICIBANK.NS,1363.5999755859375,154.84063999330215
2025-12-11,ICICIBANK.NS,1360.0,154.431852567615
2025-12-12,ICICIBANK.NS,1366.0,155.11316956423684
2025-12-15,ICICIBANK.NS,1365.199951171875,155.0223217534487
2025-12-16,ICICIBANK.NS,1366.0,155.11316956423684
2025-12-17,ICICIBANK.NS,1352.4000244140625,153.56885381084666
2025-12-18,ICICIBANK.NS,1356.800048828125,154.06848904732195
2025-12-19,ICICIBANK.NS,1354.0999755859375,153.76188808198427
2025-12-22,ICICIBANK.NS,1368.5,155.3970516461626
2025-12-23,ICICIBANK.NS,1363.0,154.77251106592593
2025-12-24,ICICIBANK.NS,1359.800048828125,154.40914754563286
2025-12-26,ICICIBANK.NS,1350.4000244140625,153.34174814530604
2025-12-29,ICICIBANK.NS,1343.300048828125,152.53552580492283
2025-12-30,ICICIBANK.NS,1342.5,152.44467799413468
2025-12-31,ICICIBANK.NS,1342.9000244140625,152.49010189952875
2026-01-01,ICICIBANK.NS,1338.0,151.9336902466683
2026-01-02,ICICIBANK.NS,1355.4000244140625,153.90951230915758
2026-01-05,ICICIBANK.NS,1371.5,155.73771014447354
2026-01-06,ICICIBANK.NS,1411.199951171875,160.24575206088272
2026-01-07,ICICIBANK.NS,1427.699951171875,162.11937380159276
2026-01-08,ICICIBANK.NS,1435.0,162.9483150253879
2026-01-09,ICICIBANK.NS,1404.300048828125,159.46224860391146
2026-01-12,ICICIBANK.NS,1413.0999755859375,160.46150521543225
2026-01-13,ICICIBANK.NS,1437.0,163.17542069092852
2026-01-14,ICICIBANK.NS,1418.4000244140625,161.0633407736868
2026-01-15,ICICIBANK.NS,1418.4000244140625,161.0633407736868
2026-01-16,ICICIBANK.NS,1410.800048828125,160.20034201691843
2026-01-19,ICICIBANK.NS,1380.5999755859375,156.77103815039735
2026-01-20,ICICIBANK.NS,1375.800048828125,156.22599286995776
2026-01-21,ICICIBANK.NS,1349.0,153.18277140714164
2026-01-22,ICICIBANK.NS,1345.5,152.7853364924456
2026-01-23,ICICIBANK.NS,1343.4000244140625,152.54687831591392
2026-01-27,ICICIBANK.NS,1361.4000244140625,154.5908293057794
2026-01-28,ICICIBANK.NS,1367.699951171875,155.30620383537445
2026-01-29,ICICIBANK.NS,1383.5999755859375,157.11169664870826
2026-01-30,ICICIBANK.NS,1355.0,153.86408840376347
2026-02-02,ICICIBANK.NS,1352.800048828125,153.61427771624074
2026-02-03,ICICIBANK.NS,1389.699951171875,157.80436615632115
2026-02-04,ICICIBANK.NS,1408.4000244140625,159.92781244598373
2026-02-05,ICICIBANK.NS,1396.5,158.57653096373113
2026-02-06,ICICIBANK.NS,1406.0999755859375,159.66663538604013
2026-02-09,ICICIBANK.NS,1396.300048828125,158.553825941749
2026-02-10,ICICIBANK.NS,1406.5,159.7120592914342
2026-02-11,ICICIBANK.NS,1406.0999755859375,159.66663538604013
2026-02-12,ICICIBANK.NS,1430.0,162.38055086153636
2026-02-13,ICICIBANK.NS,1414.5999755859375,160.63183446458774
2026-02-16,ICICIBANK.NS,1411.5999755859375,160.2911759662768
2026-02-17,ICICIBANK.NS,1407.5,159.82561212420453
2026-02-18,ICICIBANK.NS,1408.199951171875,159.9050935625718
2026-02-19,ICICIBANK.NS,1388.800048828125,157.70217969597172
2026-02-20,ICICIBANK.NS,1394.5,158.34942529819054
2026-02-23,ICICIBANK.NS,1399.4000244140625,158.90583695105101
2026-02-24,ICICIBANK.NS,1384.800048828125,157.2479683648905
2026-02-25,ICICIBANK.NS,1400.5,159.03074229481237
2026-02-26,ICICIBANK.NS,1404.9000244140625,159.53037753128768
2026-02-27,ICICIBANK.NS,1378.9000244140625,156.57800387925974
2026-03-02,ICICIBANK.NS,1374.0,156.0215922263993
2026-03-04,ICICIBANK.NS,1365.4000244140625,155.04504063686062
2026-03-05,ICICIBANK.NS,1357.5999755859375,154.15932299668034
2026-03-06,ICICIBANK.NS,1313.4000244140625,149.14029333280473
2026-03-09,ICICIBANK.NS,1278.4000244140625,145.16594418584407
2026-03-10,ICICIBANK.NS,1311.9000244140625,148.96996408364927
2026-03-11,ICICIBANK.NS,1294.5999755859375,147.0054945321511
2026-03-12,ICICIBANK.NS,1266.5,143.8146627035915
2026-03-13,ICICIBANK.NS,1254.800048828125,142.48610010475082
2026-03-16,ICICIBANK.NS,1272.9000244140625,144.5414036056074
2026-03-17,ICICIBANK.NS,1288.699951171875,146.33553004652035
2026-03-18,ICICIBANK.NS,1289.300048828125,146.40367283532635
2026-03-19,ICICIBANK.NS,1250.0999755859375,141.95239347387252
2026-03-20,ICICIBANK.NS,1245.4000244140625,141.418700704424
2026-03-23,ICICIBANK.NS,1222.699951171875,138.8410430836802
2026-03-24,ICICIBANK.NS,1251.199951171875,142.0772988176339
2026-03-25,ICICIBANK.NS,1259.699951171875,143.0424978961815
2026-03-27,ICICIBANK.NS,1233.800048828125,140.1014906165744
2026-03-30,ICICIBANK.NS,1205.9000244140625,136.93336380999693
2026-04-01,ICICIBANK.NS,1212.699951171875,137.70551475597713
2026-04-02,ICICIBANK.NS,1215.800048828125,138.05753962670892
2026-04-06,ICICIBANK.NS,1231.4000244140625,139.82896104563974
2026-04-07,ICICIBANK.NS,1245.5,141.43005321541506
2026-04-08,ICICIBANK.NS,1309.199951171875,148.66336311831162
2026-04-09,ICICIBANK.NS,1281.300048828125,145.49525017316392
2026-04-10,ICICIBANK.NS,1321.9000244140625,150.10549241135234
2026-04-13,ICICIBANK.NS,1351.0999755859375,153.42122958367335
2026-04-15,ICICIBANK.NS,1348.0999755859375,153.08057108536244
2026-04-16,ICICIBANK.NS,1345.5,152.7853364924456
2026-04-17,ICICIBANK.NS,1346.800048828125,152.9329607196189
2026-04-20,ICICIBANK.NS,1356.199951171875,154.00034625851595
2026-04-21,ICICIBANK.NS,1388.4000244140625,157.65675579057762
2026-04-22,ICICIBANK.NS,1367.5999755859375,155.2948513243834
2026-04-23,ICICIBANK.NS,1348.0,153.06921857437135
2026-04-24,ICICIBANK.NS,1326.199951171875,150.5937612754068
2026-04-27,ICICIBANK.NS,1314.0999755859375,149.21977477117204
2026-04-28,ICICIBANK.NS,1292.0,146.71025993923425
2026-04-29,ICICIBANK.NS,1281.0,145.4611787787609
2026-04-30,ICICIBANK.NS,1263.4000244140625,143.4626516942895
2026-05-01,ICICIBANK.NS,1263.4000244140625,143.4626516942895
2026-05-04,ICICIBANK.NS,1270.800048828125,144.30294542907572
2026-05-05,ICICIBANK.NS,1251.300048828125,142.08866519005477
2026-05-06,ICICIBANK.NS,1279.5,145.29084952960545
2026-05-07,ICICIBANK.NS,1279.0,145.2340731132203
2026-05-08,ICICIBANK.NS,1264.800048828125,143.62162843245386
2026-05-11,ICICIBANK.NS,1266.4000244140625,143.8033101926004
2026-05-12,ICICIBANK.NS,1240.300048828125,140.8395840295814
2026-05-13,ICICIBANK.NS,1235.5999755859375,140.3058773987031
2026-05-14,ICICIBANK.NS,1246.0,141.48682963180025
2026-05-15,ICICIBANK.NS,1244.5,141.31650038264476
2026-05-18,ICICIBANK.NS,1251.0999755859375,142.06594630664281
2026-05-19,ICICIBANK.NS,1240.800048828125,140.89636044596656
2026-05-20,ICICIBANK.NS,1237.300048828125,140.4989255312705
2026-05-21,ICICIBANK.NS,1242.800048828125,141.12346611150716
2026-05-22,ICICIBANK.NS,1264.300048828125,143.56485201606873
2026-05-25,ICICIBANK.NS,1291.800048828125,146.68755491725213
2026-05-26,ICICIBANK.NS,1279.0999755859375,145.24542562421138
2026-05-27,ICICIBANK.NS,1272.699951171875,144.51868472219547
2026-05-28,ICICIBANK.NS,1272.699951171875,144.51868472219547
2026-05-29,ICICIBANK.NS,1256.4000244140625,142.66778186489734
2026-06-01,ICICIBANK.NS,1239.699951171875,140.77144124077537
2026-06-02,ICICIBANK.NS,1226.5999755859375,139.28390190377036
2026-06-03,ICICIBANK.NS,1242.0,141.032618300719
2023-01-02,INFY.NS,1397.7021484375,100.0
2023-01-03,INFY.NS,1396.3724365234375,99.90486442941015
2023-01-04,INFY.NS,1370.922119140625,98.08399598392171
2023-01-05,INFY.NS,1352.9464111328125,96.79790595194261
2023-01-06,INFY.NS,1328.458984375,95.04592848054878
2023-01-09,INFY.NS,1361.4296875,97.40485045558174
2023-01-10,INFY.NS,1347.947998046875,96.44028948182948
2023-01-11,INFY.NS,1349.3236083984375,96.53870890209726
2023-01-12,INFY.NS,1357.89892578125,97.1522385723778
2023-01-13,INFY.NS,1379.0386962890625,98.66470462470839
2023-01-16,INFY.NS,1399.077880859375,100.09842815391055
2023-01-17,INFY.NS,1411.91748046875,101.01705016674272
2023-01-18,INFY.NS,1417.3287353515625,101.40420381667174
2023-01-19,INFY.NS,1411.367431640625,100.97769637246401
2023-01-20,INFY.NS,1399.1239013671875,100.10172073723125
2023-01-23,INFY.NS,1419.7132568359375,101.57480679435484
2023-01-24,INFY.NS,1423.2900390625,101.8307112608795
2023-01-25,INFY.NS,1415.1275634765625,101.24671877041489
2023-01-27,INFY.NS,1393.2540283203125,99.6817547914511
2023-01-30,INFY.NS,1411.2755126953125,100.97111993946537
2023-01-31,INFY.NS,1406.6441650390625,100.63976553313299
2023-02-01,INFY.NS,1422.5562744140625,101.77821333424629
2023-02-02,INFY.NS,1452.50048828125,103.92060210431882
2023-02-03,INFY.NS,1466.8536376953125,104.94751255373811
2023-02-06,INFY.NS,1439.75244140625,103.00853032355701
2023-02-07,INFY.NS,1432.9197998046875,102.519682137325
2023-02-08,INFY.NS,1458.691162109375,104.3635200632735
2023-02-09,INFY.NS,1482.9949951171875,106.10236213595556
2023-02-10,INFY.NS,1475.245361328125,105.54790682530688
2023-02-13,INFY.NS,1437.5513916015625,102.8510540109429
2023-02-14,INFY.NS,1461.2130126953125,104.54394838906214
2023-02-15,INFY.NS,1464.6982421875,104.79330262351642
2023-02-16,INFY.NS,1469.0548095703125,105.10499759999496
2023-02-17,INFY.NS,1452.54638671875,103.92388595399676
2023-02-20,INFY.NS,1460.479248046875,104.49145046242892
2023-02-21,INFY.NS,1448.6026611328125,103.64172815733413
2023-02-22,INFY.NS,1432.369873046875,102.48033707668907
2023-02-23,INFY.NS,1422.189453125,101.75196873775107
2023-02-24,INFY.NS,1422.1435546875,101.74868488807314
2023-02-27,INFY.NS,1384.2203369140625,99.03543029260497
2023-02-28,INFY.NS,1364.2730712890625,97.60828319640146
2023-03-01,INFY.NS,1372.0684814453125,98.16601362308532
2023-03-02,INFY.NS,1350.1490478515625,96.59776579444359
2023-03-03,INFY.NS,1356.7064208984375,97.06691961625073
2023-03-06,INFY.NS,1382.5235595703125,98.91403265823439
2023-03-08,INFY.NS,1368.99609375,97.94619656844695
2023-03-09,INFY.NS,1357.7154541015625,97.1391119073088
2023-03-10,INFY.NS,1349.5987548828125,96.55839453287936
2023-03-13,INFY.NS,1316.16943359375,94.1666602619953
2023-03-14,INFY.NS,1302.32080078125,93.17584595810506
2023-03-15,INFY.NS,1302.0,93.15289394493054
2023-03-16,INFY.NS,1287.7386474609375,92.13255119486713
2023-03-17,INFY.NS,1302.9627685546875,93.2217761853824
2023-03-20,INFY.NS,1287.3258056640625,92.10301401505122
2023-03-21,INFY.NS,1275.448974609375,91.2532742426709
2023-03-22,INFY.NS,1274.1192626953125,91.15813867208105
2023-03-23,INFY.NS,1260.637451171875,90.19356896468605
2023-03-24,INFY.NS,1266.23193359375,90.59383181239856
2023-03-27,INFY.NS,1273.843994140625,91.13844430765619
2023-03-28,INFY.NS,1263.4346923828125,90.3937003885423
2023-03-29,INFY.NS,1268.8916015625,90.78412042086377
2023-03-31,INFY.NS,1309.6119384765625,93.6974977065454
2023-04-03,INFY.NS,1293.9290771484375,92.57545168653628
2023-04-05,INFY.NS,1305.5767822265625,93.40879841145518
2023-04-06,INFY.NS,1304.0633544921875,93.30051870851082
2023-04-10,INFY.NS,1309.2911376953125,93.67454569337087
2023-04-11,INFY.NS,1289.6187744140625,92.26706676066395
2023-04-12,INFY.NS,1309.93310546875,93.72047592064821
2023-04-13,INFY.NS,1274.0732421875,91.15484608876037
2023-04-17,INFY.NS,1154.0213623046875,82.56561411133089
2023-04-18,INFY.NS,1154.9842529296875,82.6345050854255
2023-04-19,INFY.NS,1130.0843505859375,80.85301663514403
2023-04-20,INFY.NS,1122.0137939453125,80.27560057767806
2023-04-21,INFY.NS,1125.6363525390625,80.5347801602379
2023-04-24,INFY.NS,1124.67333984375,80.46588045250051
2023-04-25,INFY.NS,1123.3892822265625,80.37401126430309
2023-04-26,INFY.NS,1125.81982421875,80.54790682530688
2023-04-27,INFY.NS,1142.9698486328125,81.77492249765415
2023-04-28,INFY.NS,1148.931396484375,82.2014474091474
2023-05-02,INFY.NS,1171.5843505859375,83.82217569713684
2023-05-03,INFY.NS,1163.97216796875,83.27755446823643
2023-05-04,INFY.NS,1168.007568359375,83.56627123061219
2023-05-05,INFY.NS,1154.7550048828125,82.61810330432134
2023-05-08,INFY.NS,1160.716552734375,83.0446282158146
2023-05-09,INFY.NS,1165.3936767578125,83.37925773818216
2023-05-10,INFY.NS,1158.5611572265625,82.89041828559292
2023-05-11,INFY.NS,1152.003662109375,82.42125573014302
2023-05-12,INFY.NS,1142.0069580078125,81.70603152355953
2023-05-15,INFY.NS,1154.0672607421875,82.56889796100883
2023-05-16,INFY.NS,1159.524169921875,82.9593179933303
2023-05-17,INFY.NS,1143.566162109375,81.81758634253906
2023-05-18,INFY.NS,1142.7408447265625,81.7585381838355
2023-05-19,INFY.NS,1163.742919921875,83.26115268713227
2023-05-22,INFY.NS,1185.662353515625,84.82940051577401
2023-05-23,INFY.NS,1192.3114013671875,85.30511330329425
2023-05-24,INFY.NS,1191.0274658203125,85.2132528487396
2023-05-25,INFY.NS,1196.255126953125,85.58727109995688
2023-05-26,INFY.NS,1208.2694091796875,86.44684495408549
2023-05-29,INFY.NS,1205.47216796875,86.24671353022923
2023-05-30,INFY.NS,1214.13916015625,86.86680216622288
2023-05-31,INFY.NS,1209.0491943359375,86.5026354640394
2023-06-01,INFY.NS,1210.149658203125,86.58136925352508
2023-06-02,INFY.NS,1207.3612060546875,86.38186665194758
2023-06-05,INFY.NS,1212.47314453125,86.74760540982793
2023-06-06,INFY.NS,1188.772216796875,85.05189879873984
2023-06-07,INFY.NS,1198.0201416015625,85.71355084063057
2023-06-08,INFY.NS,1192.3040771484375,85.30458928472862
2023-06-09,INFY.NS,1176.6427001953125,84.18408038584535
2023-06-12,INFY.NS,1200.80859375,85.91305344220808
2023-06-13,INFY.NS,1212.798583984375,86.77088930142736
2023-06-14,INFY.NS,1208.6624755859375,86.47496728377422
2023-06-15,INFY.NS,1196.0220947265625,85.57059857592715
2023-06-16,INFY.NS,1200.52978515625,85.89310580214317
2023-06-19,INFY.NS,1202.714111328125,86.04938560569909
2023-06-20,INFY.NS,1211.450927734375,86.67446988535173
2023-06-21,INFY.NS,1207.6865234375,86.40514180990422
2023-06-22,INFY.NS,1191.142333984375,85.2214712065772
2023-06-23,INFY.NS,1175.759765625,84.12090994775883
2023-06-26,INFY.NS,1180.7322998046875,84.47667488560676
2023-06-27,INFY.NS,1188.91162109375,85.0618726187723
2023-06-28,INFY.NS,1202.10986328125,86.00615407403474
2023-06-30,INFY.NS,1241.2862548828125,88.8090682460819
2023-07-03,INFY.NS,1239.6131591796875,88.68936493840685
2023-07-04,INFY.NS,1250.2554931640625,89.4507813815505
2023-07-05,INFY.NS,1252.25390625,89.59375984718221
2023-07-06,INFY.NS,1249.09375,89.36766330339906
2023-07-07,INFY.NS,1236.360107421875,88.45662209248299
2023-07-10,INFY.NS,1235.38427734375,88.38680535225576
2023-07-11,INFY.NS,1253.462158203125,89.68020544322538
2023-07-12,INFY.NS,1239.2415771484375,88.66277972984398
2023-07-13,INFY.NS,1268.7982177734375,90.777439184152
2023-07-14,INFY.NS,1325.3553466796875,94.82387561336373
2023-07-17,INFY.NS,1322.567138671875,94.62439047907175
2023-07-18,INFY.NS,1371.131103515625,98.09894798032765
2023-07-19,INFY.NS,1370.898681640625,98.0823191245117
2023-07-20,INFY.NS,1347.244140625,96.38993129767259
2023-07-21,INFY.NS,1237.6614990234375,88.54973145795239
2023-07-24,INFY.NS,1242.3087158203125,88.88222123784364
2023-07-25,INFY.NS,1240.44970703125,88.74921659224438
2023-07-26,INFY.NS,1253.6944580078125,89.69682556539857
2023-07-27,INFY.NS,1257.6912841796875,89.98278249666201
2023-07-28,INFY.NS,1245.93359375,89.14156675961593
2023-07-31,INFY.NS,1260.061279296875,90.1523461708566
2023-08-01,INFY.NS,1268.8909912109375,90.78407675264997
2023-08-02,INFY.NS,1261.1302490234375,90.22882668051008
2023-08-03,INFY.NS,1268.0545654296875,90.7242338324552
2023-08-04,INFY.NS,1281.113525390625,91.65855020132794
2023-08-07,INFY.NS,1294.72998046875,92.63275311668777
2023-08-08,INFY.NS,1292.12744140625,92.44655185303445
2023-08-09,INFY.NS,1296.0311279296875,92.72584501487164
2023-08-10,INFY.NS,1291.1051025390625,92.37340759491548
2023-08-11,INFY.NS,1275.072021484375,91.22630475382655
2023-08-14,INFY.NS,1295.2412109375,92.66932961256862
2023-08-16,INFY.NS,1318.43115234375,94.32847719506137
2023-08-17,INFY.NS,1311.971435546875,93.86631028746261
2023-08-18,INFY.NS,1290.8262939453125,92.35345995485056
2023-08-21,INFY.NS,1306.2552490234375,93.4573399979179
2023-08-22,INFY.NS,1304.7216796875,93.34761924391806
2023-08-23,INFY.NS,1308.6251220703125,93.62689493846975
2023-08-24,INFY.NS,1323.1712646484375,94.66761327709334
2023-08-25,INFY.NS,1319.918212890625,94.43487043116946
2023-08-28,INFY.NS,1315.7822265625,94.13895714715909
2023-08-29,INFY.NS,1317.64111328125,94.27195305911559
2023-08-30,INFY.NS,1333.9066162109375,95.43568475602045
2023-08-31,INFY.NS,1334.185302734375,95.45562366244262
2023-09-01,INFY.NS,1341.9927978515625,96.01421871975975
2023-09-04,INFY.NS,1361.74365234375,97.42731338476169
2023-09-05,INFY.NS,1374.570068359375,98.34499216417572
2023-09-06,INFY.NS,1373.2222900390625,98.24856401445732
2023-09-07,INFY.NS,1362.7662353515625,97.50047511016618
2023-09-08,INFY.NS,1365.9261474609375,97.72655418666379
2023-09-11,INFY.NS,1372.2928466796875,98.18206605847908
2023-09-12,INFY.NS,1395.2039794921875,99.8212660009069
2023-09-13,INFY.NS,1392.6480712890625,99.6384009887881
2023-09-14,INFY.NS,1400.6412353515625,100.21027991674394
2023-09-15,INFY.NS,1404.9632568359375,100.51950327232126
2023-09-18,INFY.NS,1386.5601806640625,99.20283675703774
2023-09-20,INFY.NS,1385.119384765625,99.09975357153587
2023-09-21,INFY.NS,1395.8082275390625,99.86449753257125
2023-09-22,INFY.NS,1390.6031494140625,99.49209500526463
2023-09-25,INFY.NS,1370.1551513671875,98.02912250645765
2023-09-26,INFY.NS,1357.607421875,97.13138263346578
2023-09-27,INFY.NS,1363.509521484375,97.55365426093469
2023-09-28,INFY.NS,1337.9033203125,95.72163295364112
2023-09-29,INFY.NS,1334.185302734375,95.45562366244262
2023-10-03,INFY.NS,1332.8375244140625,95.35919551272421
2023-10-04,INFY.NS,1342.4573974609375,96.04745896410613
2023-10-05,INFY.NS,1360.2099609375,97.31758389711909
2023-10-06,INFY.NS,1374.38427734375,98.33169955989428
2023-10-09,INFY.NS,1371.36328125,98.11555936885806
2023-10-10,INFY.NS,1389.673828125,99.42560578292915
2023-10-11,INFY.NS,1388.9765625,99.37571921548133
2023-10-12,INFY.NS,1362.115478515625,97.45391606061008
2023-10-13,INFY.NS,1330.1885986328125,95.16967546482194
2023-10-16,INFY.NS,1332.97705078125,95.36917806639944
2023-10-17,INFY.NS,1340.69140625,95.92110935429035
2023-10-18,INFY.NS,1338.925537109375,95.79476847811733
2023-10-19,INFY.NS,1332.5123291015625,95.33592908841032
2023-10-20,INFY.NS,1326.5638427734375,94.91033867669242
2023-10-23,INFY.NS,1309.27587890625,93.67345398802583
2023-10-25,INFY.NS,1289.88134765625,92.28585282624174
2023-10-26,INFY.NS,1279.901611328125,91.57184259600196
2023-10-27,INFY.NS,1299.5784912109375,92.97964467349101
2023-10-30,INFY.NS,1296.4718017578125,92.75737346523695
2023-10-31,INFY.NS,1288.327880859375,92.17470848847195
2023-11-01,INFY.NS,1274.91162109375,91.2148287472393
2023-11-02,INFY.NS,1289.9754638671875,92.29258646481006
2023-11-03,INFY.NS,1307.7696533203125,93.56568957000434
2023-11-06,INFY.NS,1321.185791015625,94.52556057759422
2023-11-07,INFY.NS,1322.127197265625,94.592914430563
2023-11-08,INFY.NS,1309.6053466796875,93.69702608983634
2023-11-09,INFY.NS,1294.3533935546875,92.6058098287717
2023-11-10,INFY.NS,1288.7515869140625,92.20502296249354
2023-11-13,INFY.NS,1293.1766357421875,92.52161751256072
2023-11-15,INFY.NS,1327.9642333984375,95.01053102644057
2023-11-16,INFY.NS,1360.3514404296875,97.32770618907848
2023-11-17,INFY.NS,1353.4315185546875,96.83261344827272
2023-11-20,INFY.NS,1352.5369873046875,96.76861331412397
2023-11-21,INFY.NS,1354.796630859375,96.93028177526311
2023-11-22,INFY.NS,1372.49658203125,98.1966425082463
2023-11-23,INFY.NS,1364.447021484375,97.62072863733513
2023-11-24,INFY.NS,1353.2904052734375,96.82251735724162
2023-11-28,INFY.NS,1358.2801513671875,97.17951373871875
2023-11-29,INFY.NS,1374.1912841796875,98.31789167068996
2023-11-30,INFY.NS,1370.001708984375,98.01814431750773
2023-12-01,INFY.NS,1367.3184814453125,97.82617011598977
2023-12-04,INFY.NS,1378.6632080078125,98.63783993957716
2023-12-05,INFY.NS,1368.871826171875,97.9373057201168
2023-12-06,INFY.NS,1388.03125,99.30808588594422
2023-12-07,INFY.NS,1380.1226806640625,98.74225937242139
2023-12-08,INFY.NS,1403.895263671875,100.44309263180989
2023-12-11,INFY.NS,1401.400146484375,100.2645769737858
2023-12-12,INFY.NS,1389.6787109375,99.42595512863957
2023-12-13,INFY.NS,1364.2115478515625,97.60388144045018
2023-12-14,INFY.NS,1413.5924072265625,101.13688447905918
2023-12-15,INFY.NS,1486.0396728515625,106.3201966536873
2023-12-18,INFY.NS,1472.811767578125,105.37379292323408
2023-12-19,INFY.NS,1467.115966796875,104.96628115203038
2023-12-20,INFY.NS,1446.497314453125,103.49109902064424
2023-12-21,INFY.NS,1446.1207275390625,103.46415573272819
2023-12-22,INFY.NS,1471.4466552734375,105.27612459624369
2023-12-26,INFY.NS,1453.60546875,103.99965903858663
2023-12-27,INFY.NS,1475.4007568359375,105.55902475254098
2023-12-28,INFY.NS,1471.2113037109375,105.25928613300151
2023-12-29,INFY.NS,1452.616943359375,103.92893399951231
2024-01-01,INFY.NS,1460.5726318359375,104.49813169914069
2024-01-02,INFY.NS,1444.6143798828125,103.35638258106393
2024-01-03,INFY.NS,1402.8123779296875,100.36561648688172
2024-01-04,INFY.NS,1424.18408203125,101.8946764604572
2024-01-05,INFY.NS,1442.87255859375,103.23176223251471
2024-01-08,INFY.NS,1433.6932373046875,102.57501849785538
2024-01-09,INFY.NS,1439.812744140625,103.01284474308068
2024-01-10,INFY.NS,1430.962890625,102.37967311023183
2024-01-11,INFY.NS,1406.7666015625,100.64852537682174
2024-01-12,INFY.NS,1518.3797607421875,108.63400063021966
2024-01-15,INFY.NS,1555.4271240234375,111.2845913388814
2024-01-16,INFY.NS,1536.07958984375,109.9003526295601
2024-01-17,INFY.NS,1544.2232666015625,110.4830001390396
2024-01-18,INFY.NS,1546.4830322265625,110.64467733382148
2024-01-19,INFY.NS,1562.1116943359375,111.76284561644496
2024-01-23,INFY.NS,1546.0594482421875,110.61437159344266
2024-01-24,INFY.NS,1577.36376953125,112.85407061115238
2024-01-25,INFY.NS,1571.432373046875,112.42970290942094
2024-01-29,INFY.NS,1559.663818359375,111.58770987816918
2024-01-30,INFY.NS,1554.815185546875,111.24080958772315
2024-01-31,INFY.NS,1563.7122802734375,111.8773611403203
2024-02-01,INFY.NS,1560.08740234375,111.61801561854803
2024-02-02,INFY.NS,1594.2633056640625,114.06316484855515
2024-02-05,INFY.NS,1588.4732666015625,113.64891070514034
2024-02-06,INFY.NS,1628.2508544921875,116.49483806778285
2024-02-07,INFY.NS,1594.639892578125,114.0901081364712
2024-02-08,INFY.NS,1593.08642578125,113.9789637987014
2024-02-09,INFY.NS,1571.667724609375,112.44654137266315
2024-02-12,INFY.NS,1581.7886962890625,113.1706564275768
2024-02-13,INFY.NS,1585.978271484375,113.47040378075901
2024-02-14,INFY.NS,1568.7020263671875,112.23435752179742
2024-02-15,INFY.NS,1578.258056640625,112.9180532780156
2024-02-16,INFY.NS,1602.07763671875,114.62224898986688
2024-02-19,INFY.NS,1600.288818359375,114.4942661888549
2024-02-20,INFY.NS,1586.637451171875,113.51756545166558
2024-02-21,INFY.NS,1558.6754150390625,111.5169935727376
2024-02-22,INFY.NS,1582.9654541015625,113.25484874378775
2024-02-23,INFY.NS,1578.728759765625,112.9517302045
2024-02-26,INFY.NS,1563.006103515625,111.82683701695095
2024-02-27,INFY.NS,1566.254150390625,112.05922178352164
2024-02-28,INFY.NS,1573.45654296875,112.57452417367513
2024-02-29,INFY.NS,1575.951416015625,112.7530223644137
2024-03-01,INFY.NS,1557.875,111.45972707715718
2024-03-04,INFY.NS,1541.39892578125,110.28092984649052
2024-03-05,INFY.NS,1512.495361328125,108.21299538095101
2024-03-06,INFY.NS,1522.8988037109375,108.95732008521239
2024-03-07,INFY.NS,1521.8631591796875,108.88322386003256
2024-03-11,INFY.NS,1506.940673828125,107.81557970077841
2024-03-12,INFY.NS,1518.5679931640625,108.64746790735632
2024-03-13,INFY.NS,1517.108642578125,108.54305720815485
2024-03-14,INFY.NS,1556.556884765625,111.3654212026296
2024-03-15,INFY.NS,1538.3861083984375,110.06537480951926
2024-03-18,INFY.NS,1508.8707275390625,107.95366732646427
2024-03-19,INFY.NS,1470.0814208984375,105.17844753561056
2024-03-20,INFY.NS,1463.9619140625,104.74062129038523
2024-03-21,INFY.NS,1463.7265625,104.72378282714305
2024-03-22,INFY.NS,1420.559326171875,101.63533967232769
2024-03-26,INFY.NS,1405.3072509765625,100.54411467762027
2024-03-27,INFY.NS,1397.022216796875,99.95135360982415
2024-03-28,INFY.NS,1410.391357421875,100.90786216495127
2024-04-01,INFY.NS,1407.9434814453125,100.73272642667548
2024-04-02,INFY.NS,1396.080810546875,99.88399975685539
2024-04-03,INFY.NS,1394.009521484375,99.73580730649566
2024-04-04,INFY.NS,1399.7054443359375,100.14332781134215
2024-04-05,INFY.NS,1392.5501708984375,99.63139660729419
2024-04-08,INFY.NS,1390.2906494140625,99.46973687979784
2024-04-09,INFY.NS,1407.378662109375,100.69231586162277
2024-04-10,INFY.NS,1418.62939453125,101.4972607802846
2024-04-12,INFY.NS,1397.86962890625,100.01198255786736
2024-04-15,INFY.NS,1382.2410888671875,98.89382300888666
2024-04-16,INFY.NS,1331.6832275390625,95.27661018678117
2024-04-18,INFY.NS,1336.202392578125,95.59993837541668
2024-04-19,INFY.NS,1328.67041015625,95.06105514980993
2024-04-22,INFY.NS,1348.912353515625,96.50928525963722
2024-04-23,INFY.NS,1357.9979248046875,97.15932155665654
2024-04-24,INFY.NS,1347.0294189453125,96.37456882005692
2024-04-25,INFY.NS,1354.27880859375,96.89323366267318
2024-04-26,INFY.NS,1346.55859375,96.34088315992977
2024-04-29,INFY.NS,1350.79541015625,96.6440104328603
2024-04-30,INFY.NS,1337.42626953125,95.6875018777332
2024-05-02,INFY.NS,1331.6832275390625,95.27661018678117
2024-05-03,INFY.NS,1333.425048828125,95.40123053533038
2024-05-06,INFY.NS,1342.4632568359375,96.04787817895863
2024-05-07,INFY.NS,1356.632568359375,97.06163576238063
2024-05-08,INFY.NS,1343.78125,96.14217531984347
2024-05-09,INFY.NS,1355.3145751953125,96.9673386214958
2024-05-10,INFY.NS,1341.521728515625,95.98051559234709
2024-05-13,INFY.NS,1340.1566162109375,95.88284726535672
2024-05-14,INFY.NS,1341.3333740234375,95.96703958156768
2024-05-15,INFY.NS,1336.861328125,95.64708257903773
2024-05-16,INFY.NS,1368.3070068359375,97.89689515506407
2024-05-17,INFY.NS,1359.7864990234375,97.287286890383
2024-05-21,INFY.NS,1350.2305908203125,96.60359986780759
2024-05-22,INFY.NS,1369.6722412109375,97.99457221569722
2024-05-23,INFY.NS,1386.2421875,99.18008561764671
2024-05-24,INFY.NS,1379.369384765625,98.6883640629465
2024-05-27,INFY.NS,1385.253662109375,99.10936057857239
2024-05-28,INFY.NS,1381.205322265625,98.81971805006403
2024-05-29,INFY.NS,1366.04736328125,97.73522669392494
2024-05-30,INFY.NS,1343.9224853515625,96.15228014451733
2024-05-31,INFY.NS,1351.0770263671875,96.66415894670871
2024-06-03,INFY.NS,1350.11669921875,96.59545137911206
2024-06-04,INFY.NS,1338.3526611328125,95.75378149264243
2024-06-05,INFY.NS,1373.3563232421875,98.25815355420832
2024-06-06,INFY.NS,1413.833984375,101.15416835808216
2024-06-07,INFY.NS,1472.749755859375,105.36935623271175
2024-06-10,INFY.NS,1440.2427978515625,103.04361336652583
2024-06-11,INFY.NS,1436.4014892578125,102.76878309613923
2024-06-12,INFY.NS,1426.2701416015625,102.04392568159095
2024-06-13,INFY.NS,1434.6729736328125,102.64511471465092
2024-06-14,INFY.NS,1429.8233642578125,102.29814455506283
2024-06-18,INFY.NS,1438.7542724609375,102.93711532670461
2024-06-19,INFY.NS,1451.382568359375,103.8406194039184
2024-06-20,INFY.NS,1455.2718505859375,104.11888199590986
2024-06-21,INFY.NS,1471.885498046875,105.3075220419676
2024-06-24,INFY.NS,1466.5556640625,104.9261937317598
2024-06-25,INFY.NS,1480.7684326171875,105.94306049200452
2024-06-26,INFY.NS,1479.5679931640625,105.85717384909803
2024-06-27,INFY.NS,1510.9224853515625,108.1004623939823
2024-06-28,INFY.NS,1504.5843505859375,107.64699419457298
2024-07-01,INFY.NS,1527.68017578125,109.29940813849741
2024-07-02,INFY.NS,1556.7301025390625,111.37781424170672
2024-07-03,INFY.NS,1562.8280029296875,111.81409463216343
2024-07-04,INFY.NS,1585.155517578125,113.41153902855343
2024-07-05,INFY.NS,1582.0823974609375,113.19166957205849
2024-07-08,INFY.NS,1595.718994140625,114.1673135384738
2024-07-09,INFY.NS,1591.3975830078125,113.85813385111025
2024-07-10,INFY.NS,1582.8507080078125,113.24663911959291
2024-07-11,INFY.NS,1587.1241455078125,113.55238648535158
2024-07-12,INFY.NS,1643.8311767578125,117.60954782787319
2024-07-15,INFY.NS,1639.317626953125,117.28662138680465
2024-07-16,INFY.NS,1657.563720703125,118.59205643749821
2024-07-18,INFY.NS,1688.2940673828125,120.79068986694818
2024-07-19,INFY.NS,1721.8092041015625,123.18856388869285
2024-07-22,INFY.NS,1738.9989013671875,124.41841799493729
2024-07-23,INFY.NS,1764.0155029296875,126.20825580769777
2024-07-24,INFY.NS,1761.182373046875,126.00555669286993
2024-07-25,INFY.NS,1752.4434814453125,125.38032394129036
2024-07-26,INFY.NS,1804.3489990234375,129.09395617947146
2024-07-29,INFY.NS,1796.8583984375,128.5580336587605
2024-07-30,INFY.NS,1802.6683349609375,128.97371138594528
2024-07-31,INFY.NS,1794.1214599609375,128.36221665442793
2024-08-01,INFY.NS,1779.0924072265625,127.2869480250439
2024-08-02,INFY.NS,1748.9383544921875,125.1295461230661
2024-08-05,INFY.NS,1682.3880615234375,120.36813876291095
2024-08-06,INFY.NS,1681.6197509765625,120.31316921537652
2024-08-07,INFY.NS,1720.5609130859375,123.09925365782426
2024-08-08,INFY.NS,1673.9853515625,119.76695846349372
2024-08-09,INFY.NS,1700.4901123046875,121.66326811514713
2024-08-12,INFY.NS,1726.082763671875,123.4943199880943
2024-08-13,INFY.NS,1726.130615234375,123.49774357605641
2024-08-14,INFY.NS,1750.9071044921875,125.27040231350703
2024-08-16,INFY.NS,1785.1904296875,127.72323714914337
2024-08-19,INFY.NS,1790.8084716796875,128.12518558990865
2024-08-20,INFY.NS,1797.914794921875,128.63361460320965
2024-08-21,INFY.NS,1798.394775390625,128.66795528654382
2024-08-22,INFY.NS,1805.6453857421875,129.1867074655877
2024-08-23,INFY.NS,1788.215576171875,127.93967428403343
2024-08-26,INFY.NS,1801.7081298828125,128.90501255199138
2024-08-27,INFY.NS,1824.7076416015625,130.55053565177778
2024-08-28,INFY.NS,1862.1602783203125,133.2301220544043
2024-08-29,INFY.NS,1856.638427734375,132.83505572413426
2024-08-30,INFY.NS,1866.5777587890625,133.5461751186203
2024-09-02,INFY.NS,1886.552490234375,134.97528728444496
2024-09-03,INFY.NS,1864.22509765625,133.37785162169774
2024-09-04,INFY.NS,1846.1708984375,132.08614585742362
2024-09-05,INFY.NS,1856.4464111328125,132.82131770407204
2024-09-06,INFY.NS,1826.3883056640625,130.670780445304
2024-09-09,INFY.NS,1819.47412109375,130.17609818570799
2024-09-10,INFY.NS,1836.4237060546875,131.38877321664256
2024-09-11,INFY.NS,1834.3590087890625,131.24105238299188
2024-09-12,INFY.NS,1873.06005859375,134.0099577501298
2024-09-13,INFY.NS,1866.9617919921875,133.57365115874478
2024-09-16,INFY.NS,1872.867919921875,133.9962109964248
2024-09-17,INFY.NS,1875.0767822265625,134.15424626217558
2024-09-18,INFY.NS,1817.0732421875,130.00432489989498
2024-09-19,INFY.NS,1819.041748046875,130.1451636230504
2024-09-20,INFY.NS,1830.133544921875,130.9387373388381
2024-09-23,INFY.NS,1821.2025146484375,130.29975783355354
2024-09-24,INFY.NS,1823.2672119140625,130.4474786672042
2024-09-25,INFY.NS,1820.098388671875,130.22076203478505
2024-09-26,INFY.NS,1824.8516845703125,130.56084135023514
2024-09-27,INFY.NS,1831.093994140625,131.0074536400775
2024-09-30,INFY.NS,1801.179931640625,128.8672220797668
2024-10-01,INFY.NS,1828.7891845703125,130.842553731117
2024-10-03,INFY.NS,1818.2735595703125,130.09020280915874
2024-10-04,INFY.NS,1842.0416259765625,131.79071292376508
2024-10-07,INFY.NS,1857.5509033203125,132.90033970376882
2024-10-08,INFY.NS,1871.2353515625,133.87940725814622
2024-10-09,INFY.NS,1875.2686767578125,134.16797554859502
2024-10-10,INFY.NS,1842.8577880859375,131.8491060592616
2024-10-11,INFY.NS,1858.3189697265625,132.9552917840177
2024-10-14,INFY.NS,1881.1746826171875,134.5905266526323
2024-10-15,INFY.NS,1881.558837890625,134.61801142639948
2024-10-16,INFY.NS,1843.9141845703125,131.92468700371077
2024-10-17,INFY.NS,1890.0096435546875,135.22263278106433
2024-10-18,INFY.NS,1805.0211181640625,129.14204361651062
2024-10-21,INFY.NS,1779.236572265625,127.29726245714402
2024-10-22,INFY.NS,1778.132080078125,127.21824045744725
2024-10-23,INFY.NS,1799.067138671875,128.71606019086852
2024-10-24,INFY.NS,1789.415771484375,128.02554345965441
2024-10-25,INFY.NS,1788.16748046875,127.9362332287858
2024-10-28,INFY.NS,1791.3365478515625,128.16296732849045
2024-10-29,INFY.NS,1786.4317626953125,127.81204956237463
2024-10-30,INFY.NS,1750.301025390625,125.22703977720128
2024-10-31,INFY.NS,1706.740234375,122.11043935812616
2024-11-01,INFY.NS,1710.236572265625,122.36058835407167
2024-11-04,INFY.NS,1712.9561767578125,122.55516518113225
2024-11-05,INFY.NS,1703.7777099609375,121.89848258197222
2024-11-06,INFY.NS,1771.2801513671875,126.72801235565909
2024-11-07,INFY.NS,1751.2237548828125,125.2930573828277
2024-11-08,INFY.NS,1777.3504638671875,127.16231894285193
2024-11-11,INFY.NS,1806.6337890625,129.25742377101926
2024-11-12,INFY.NS,1815.083740234375,129.86198399018477
2024-11-13,INFY.NS,1814.6953125,129.83419353892097
2024-11-14,INFY.NS,1810.9559326171875,129.56665586023936
2024-11-18,INFY.NS,1759.3822021484375,125.87676166308121
2024-11-19,INFY.NS,1772.2999267578125,126.80097320728008
2024-11-21,INFY.NS,1781.3326416015625,127.44722783698413
2024-11-22,INFY.NS,1847.572265625,132.18640807631388
2024-11-25,INFY.NS,1835.383056640625,131.3143189121095
2024-11-26,INFY.NS,1868.8427734375,133.70822786004092
2024-11-27,INFY.NS,1869.1827392578125,133.73255105512885
2024-11-28,INFY.NS,1803.282958984375,129.01768527724425
2024-11-29,INFY.NS,1804.448486328125,129.10107409832125
2024-12-02,INFY.NS,1825.7677001953125,130.62637860550973
2024-12-03,INFY.NS,1837.7139892578125,131.48108782062076
2024-12-04,INFY.NS,1834.9459228515625,131.28304373738428
2024-12-05,INFY.NS,1879.2352294921875,134.45176653645387
2024-12-06,INFY.NS,1867.1431884765625,133.58662935188684
2024-12-09,INFY.NS,1868.357177734375,133.67348542913976
2024-12-10,INFY.NS,1892.54150390625,135.40377726555934
2024-12-11,INFY.NS,1917.4056396484375,137.18270675851198
2024-12-12,INFY.NS,1929.88623046875,138.0756431279856
2024-12-13,INFY.NS,1942.22119140625,138.95816026164596
2024-12-16,INFY.NS,1923.1361083984375,137.59269888425968
2024-12-17,INFY.NS,1919.7852783203125,137.35296039048467
2024-12-18,INFY.NS,1922.261962890625,137.53015726845192
2024-12-19,INFY.NS,1890.259033203125,135.240475613224
2024-12-20,INFY.NS,1866.9002685546875,133.5692494027935
2024-12-23,INFY.NS,1868.988525390625,133.71865582949692
2024-12-24,INFY.NS,1854.1768798828125,132.6589418178693
2024-12-26,INFY.NS,1852.5743408203125,132.5442865557098
2024-12-27,INFY.NS,1861.655517578125,133.19400844158974
2024-12-30,INFY.NS,1851.2144775390625,132.44699377535812
2024-12-31,INFY.NS,1825.9617919921875,130.64026509749888
2025-01-01,INFY.NS,1828.3900146484375,130.81399471929024
2025-01-02,INFY.NS,1901.57421875,136.05003189526337
2025-01-03,INFY.NS,1883.023193359375,134.72278020495415
2025-01-06,INFY.NS,1882.1490478515625,134.6602385891464
2025-01-07,INFY.NS,1875.3502197265625,134.17380962195904
2025-01-08,INFY.NS,1877.5841064453125,134.33363528447572
2025-01-09,INFY.NS,1862.1898193359375,133.23223559595235
2025-01-10,INFY.NS,1910.4124755859375,136.68237383204996
2025-01-13,INFY.NS,1905.799072265625,136.35230327120337
2025-01-14,INFY.NS,1884.285888671875,134.81312100566848
2025-01-15,INFY.NS,1893.60986328125,135.480214106999
2025-01-16,INFY.NS,1873.0191650390625,134.00703197980502
2025-01-17,INFY.NS,1763.2672119140625,126.15471857757605
2025-01-20,INFY.NS,1761.17919921875,126.00532961815816
2025-01-21,INFY.NS,1748.941162109375,125.1297469968496
2025-01-22,INFY.NS,1803.0887451171875,129.00379005161233
2025-01-23,INFY.NS,1811.8299560546875,129.62918874240435
2025-01-24,INFY.NS,1821.5426025390625,130.32408976228422
2025-01-27,INFY.NS,1769.6290283203125,126.60988110368092
2025-01-28,INFY.NS,1777.15625,127.14842371722001
2025-01-29,INFY.NS,1827.1759033203125,130.72712990839457
2025-01-30,INFY.NS,1806.488037109375,129.24699580156326
2025-01-31,INFY.NS,1825.7677001953125,130.62637860550973
2025-02-01,INFY.NS,1798.1353759765625,128.64939629567783
2025-02-03,INFY.NS,1809.741943359375,129.47979978298645
2025-02-04,INFY.NS,1844.2215576171875,131.94667831618162
2025-02-05,INFY.NS,1842.521728515625,131.82506234074202
2025-02-06,INFY.NS,1860.587158203125,133.1175716001501
2025-02-07,INFY.NS,1848.9320068359375,132.2836921230228
2025-02-10,INFY.NS,1826.2532958984375,130.6611210364109
2025-02-11,INFY.NS,1821.7369384765625,130.3379937215589
2025-02-12,INFY.NS,1809.5963134765625,129.46938054717322
2025-02-13,INFY.NS,1790.268310546875,128.08653922069357
2025-02-14,INFY.NS,1803.040283203125,129.00032279543643
2025-02-17,INFY.NS,1789.345458984375,128.02051288142437
2025-02-18,INFY.NS,1798.7181396484375,128.69109070621633
2025-02-19,INFY.NS,1758.7509765625,125.83159999636679
2025-02-20,INFY.NS,1772.6884765625,126.82877239218668
2025-02-21,INFY.NS,1762.8302001953125,126.12345213649357
2025-02-24,INFY.NS,1713.3931884765625,122.58643162221476
2025-02-25,INFY.NS,1716.8897705078125,122.83659808544576
2025-02-27,INFY.NS,1713.5875244140625,122.60033558148945
2025-02-28,INFY.NS,1639.189208984375,117.27743359462065
2025-03-03,INFY.NS,1659.488525390625,118.72976851654535
2025-03-04,INFY.NS,1639.7720947265625,117.3191367388019
2025-03-05,INFY.NS,1662.30517578125,118.93128858960054
2025-03-06,INFY.NS,1666.5301513671875,119.2335686991833
2025-03-07,INFY.NS,1637.5380859375,117.15930234264246
2025-03-10,INFY.NS,1652.5439453125,118.23291157990201
2025-03-11,INFY.NS,1613.83935546875,115.46375293712406
2025-03-12,INFY.NS,1545.123046875,110.54737581982705
2025-03-13,INFY.NS,1534.439208984375,109.78298993814487
2025-03-17,INFY.NS,1544.34619140625,110.49179491729939
2025-03-18,INFY.NS,1544.34619140625,110.49179491729939
2025-03-19,INFY.NS,1540.94677734375,110.24858043370571
2025-03-20,INFY.NS,1569.11328125,112.26378116425747
2025-03-21,INFY.NS,1546.7742919921875,110.66551580544797
2025-03-24,INFY.NS,1546.968505859375,110.6794110310799
2025-03-25,INFY.NS,1581.6422119140625,113.16017605626423
2025-03-26,INFY.NS,1553.4759521484375,111.14499279299798
2025-03-27,INFY.NS,1557.4581298828125,111.42990168713018
2025-03-28,INFY.NS,1525.5037841796875,109.14369602172091
2025-04-01,INFY.NS,1482.6226806640625,106.07572452553613
2025-04-02,INFY.NS,1505.593017578125,107.71916028470278
2025-04-03,INFY.NS,1453.4849853515625,103.99103893318204
2025-04-04,INFY.NS,1409.9241943359375,100.87443851410694
2025-04-07,INFY.NS,1356.602294921875,97.05946981897604
2025-04-08,INFY.NS,1387.7310791015625,99.28660985839622
2025-04-09,INFY.NS,1363.3524169921875,97.54241406270197
2025-04-11,INFY.NS,1368.937255859375,97.94198695263641
2025-04-15,INFY.NS,1385.011474609375,99.09203303133562
2025-04-16,INFY.NS,1372.4822998046875,98.19562067204333
2025-04-17,INFY.NS,1378.6982421875,98.64034649504943
2025-04-21,INFY.NS,1409.29296875,100.8292768473925
2025-04-22,INFY.NS,1381.903564453125,98.86967448665395
2025-04-23,INFY.NS,1432.505859375,102.49006635472423
2025-04-24,INFY.NS,1429.1065673828125,102.24686060477333
2025-04-25,INFY.NS,1437.653564453125,102.85836406993343
2025-04-28,INFY.NS,1439.4989013671875,102.99039054754351
2025-04-29,INFY.NS,1454.4564208984375,104.0605412622699
2025-04-30,INFY.NS,1456.9815673828125,104.24120539641306
2025-05-02,INFY.NS,1463.586181640625,104.7137391379685
2025-05-05,INFY.NS,1465.2373046875,104.83187038994669
2025-05-06,INFY.NS,1468.0538330078125,105.03338172935908
2025-05-07,INFY.NS,1464.9459228515625,104.81102318467741
2025-05-08,INFY.NS,1467.9569091796875,105.02644721700727
2025-05-09,INFY.NS,1464.2659912109375,104.76237679450158
2025-05-12,INFY.NS,1580.136962890625,113.05248150738483
2025-05-13,INFY.NS,1523.5125732421875,109.00123284101207
2025-05-14,INFY.NS,1546.6285400390625,110.65508783599196
2025-05-15,INFY.NS,1566.6363525390625,112.08656681900469
2025-05-16,INFY.NS,1544.200439453125,110.48136694784338
2025-05-19,INFY.NS,1514.965576171875,108.38972937585196
2025-05-20,INFY.NS,1515.7425537109375,108.4453190120224
2025-05-21,INFY.NS,1523.41552734375,108.99428959501749
2025-05-22,INFY.NS,1503.01904296875,107.53500269345541
2025-05-23,INFY.NS,1519.8218994140625,108.7371798857919
2025-05-26,INFY.NS,1535.070556640625,109.82816033850202
2025-05-27,INFY.NS,1524.9696044921875,109.10547760100108
2025-05-28,INFY.NS,1526.6207275390625,109.22360885297925
2025-05-29,INFY.NS,1540.0240478515625,110.1825628280793
2025-05-30,INFY.NS,1539.1375732421875,110.11913911435273
2025-06-02,INFY.NS,1530.371826171875,109.49198496136586
2025-06-03,INFY.NS,1519.734619140625,108.73093533121816
2025-06-04,INFY.NS,1527.8109130859375,109.30876186989387
2025-06-05,INFY.NS,1530.8642578125,109.5272164762616
2025-06-06,INFY.NS,1540.2210693359375,110.19665892749471
2025-06-09,INFY.NS,1549.183837890625,110.83790917989698
2025-06-10,INFY.NS,1571.935546875,112.46570298487961
2025-06-11,INFY.NS,1606.5062255859375,114.9390968155741
2025-06-12,INFY.NS,1584.345458984375,113.35358257519492
2025-06-13,INFY.NS,1577.844970703125,112.88849863091417
2025-06-16,INFY.NS,1599.31640625,114.42469399062496
2025-06-17,INFY.NS,1615.173583984375,115.55921165249603
2025-06-18,INFY.NS,1608.2791748046875,115.06594424302723
2025-06-19,INFY.NS,1593.997802734375,114.04416917555112
2025-06-20,INFY.NS,1598.429931640625,114.3612702768984
2025-06-23,INFY.NS,1560.116455078125,111.62009422552501
2025-06-24,INFY.NS,1557.7525634765625,111.45096723346843
2025-06-25,INFY.NS,1590.550537109375,113.79753110399533
2025-06-26,INFY.NS,1591.6339111328125,113.87504218349453
2025-06-27,INFY.NS,1583.7545166015625,113.31130301059147
2025-06-30,INFY.NS,1577.6480712890625,112.8744112651415
2025-07-01,INFY.NS,1582.57275390625,113.22675261502732
2025-07-02,INFY.NS,1586.2169189453125,113.48747805235575
2025-07-03,INFY.NS,1594.293212890625,114.06530459103146
2025-07-04,INFY.NS,1615.96142578125,115.61557858287215
2025-07-07,INFY.NS,1602.4681396484375,114.65018791305764
2025-07-08,INFY.NS,1613.9915771484375,115.47464378964638
2025-07-09,INFY.NS,1609.0670166015625,115.12231117340332
2025-07-10,INFY.NS,1591.43701171875,113.86095481772189
2025-07-11,INFY.NS,1570.85205078125,112.38818317173764
2025-07-14,INFY.NS,1546.623046875,110.65469482206775
2025-07-15,INFY.NS,1561.6922607421875,111.73283681991997
2025-07-16,INFY.NS,1583.6561279296875,113.30426369452653
2025-07-17,INFY.NS,1559.6240234375,111.58486271062927
2025-07-18,INFY.NS,1562.1846923828125,111.76806833481572
2025-07-21,INFY.NS,1560.4119873046875,111.64123837464813
2025-07-22,INFY.NS,1547.2139892578125,110.69697438667122
2025-07-23,INFY.NS,1550.7596435546875,110.95065177429193
2025-07-24,INFY.NS,1529.0914306640625,109.40037778245124
2025-07-25,INFY.NS,1492.84619140625,106.80717584036859
2025-07-28,INFY.NS,1493.1417236328125,106.82831998949167
2025-07-29,INFY.NS,1490.8763427734375,106.66624104714279
2025-07-30,INFY.NS,1496.0965576171875,107.0397265461517
2025-07-31,INFY.NS,1486.247314453125,106.33505258002288
2025-08-01,INFY.NS,1447.4412841796875,103.55863628011097
2025-08-04,INFY.NS,1458.177001953125,104.32673395996639
2025-08-05,INFY.NS,1438.2816162109375,102.90329866193606
2025-08-06,INFY.NS,1415.037353515625,101.2402646084149
2025-08-07,INFY.NS,1415.234375,101.25436070783032
2025-08-08,INFY.NS,1401.6424560546875,100.28191325466534
2025-08-11,INFY.NS,1406.66552734375,100.64129392061606
2025-08-12,INFY.NS,1402.62744140625,100.3523850180996
2025-08-13,INFY.NS,1405.0897216796875,100.52855132622112
2025-08-14,INFY.NS,1425.8714599609375,102.01540160433524
2025-08-18,INFY.NS,1414.1510009765625,101.17684962833108
2025-08-19,INFY.NS,1418.2877197265625,101.47281531419803
2025-08-20,INFY.NS,1473.6402587890625,105.43306815664941
2025-08-21,INFY.NS,1473.8372802734375,105.44716425606482
2025-08-22,INFY.NS,1465.0714111328125,104.82000136943519
2025-08-25,INFY.NS,1508.9989013671875,107.96283765136276
2025-08-26,INFY.NS,1506.53662109375,107.78667134324125
2025-08-28,INFY.NS,1477.4814453125,105.70788969339324
2025-08-29,INFY.NS,1447.4412841796875,103.55863628011097
2025-09-01,INFY.NS,1476.7921142578125,105.65857081272485
2025-09-02,INFY.NS,1476.1025390625,105.60923446477094
2025-09-03,INFY.NS,1456.798095703125,104.22807873134407
2025-09-04,INFY.NS,1440.94091796875,103.09356106947298
2025-09-05,INFY.NS,1422.8182373046875,101.79695573161027
2025-09-08,INFY.NS,1411.2947998046875,100.97249985502152
2025-09-09,INFY.NS,1481.6181640625,106.00385537926019
2025-09-10,INFY.NS,1509.491455078125,107.99807789990128
2025-09-11,INFY.NS,1486.9366455078125,106.38437146069126
2025-09-12,INFY.NS,1502.596923828125,107.50480175678972
2025-09-15,INFY.NS,1485.6563720703125,106.29277301541941
2025-09-16,INFY.NS,1488.5126953125,106.49713152237175
2025-09-17,INFY.NS,1499.4453125,107.27931656799979
2025-09-18,INFY.NS,1517.370849609375,108.56181707280435
2025-09-19,INFY.NS,1516.976806640625,108.53362487397354
2025-09-22,INFY.NS,1476.8905029296875,105.6656101287898
2025-09-23,INFY.NS,1474.920654296875,105.52467533556403
2025-09-24,INFY.NS,1472.0643310546875,105.3203168286117
2025-09-25,INFY.NS,1462.4122314453125,104.62974769554103
2025-09-26,INFY.NS,1427.053466796875,102.09996946718492
2025-09-29,INFY.NS,1420.060546875,101.59965400800841
2025-09-30,INFY.NS,1420.060546875,101.59965400800841
2025-10-01,INFY.NS,1424.000244140625,101.88152359445995
2025-10-03,INFY.NS,1424.7880859375,101.93789052483604
2025-10-06,INFY.NS,1453.744873046875,104.00963285861909
2025-10-07,INFY.NS,1436.5086669921875,102.77645123448293
2025-10-08,INFY.NS,1472.4583740234375,105.3485090274425
2025-10-09,INFY.NS,1486.5428466796875,106.35619672914598
2025-10-10,INFY.NS,1492.058349609375,106.75080890999247
2025-10-13,INFY.NS,1470.6854248046875,105.22166159998937
2025-10-14,INFY.NS,1467.435302734375,104.98912836149177
2025-10-15,INFY.NS,1452.1690673828125,103.89689026422413
2025-10-16,INFY.NS,1449.312744140625,103.6925317572718
2025-10-17,INFY.NS,1419.37109375,101.55032639369725
2025-10-20,INFY.NS,1438.87255859375,102.94557822653951
2025-10-21,INFY.NS,1450.19921875,103.75595547099836
2025-10-23,INFY.NS,1505.4532470703125,107.70916026374205
2025-10-24,INFY.NS,1502.4000244140625,107.49071439101708
2025-10-27,INFY.NS,1504.5,107.6409592474255
2025-10-28,INFY.NS,1500.199951171875,107.33330794754505
2025-10-29,INFY.NS,1510.4000244140625,108.0630824029675
2025-10-30,INFY.NS,1493.800048828125,106.87542052489891
2025-10-31,INFY.NS,1482.300048828125,106.05264150772018
2025-11-03,INFY.NS,1485.5,106.28158521904325
2025-11-04,INFY.NS,1467.9000244140625,105.02237733948088
2025-11-06,INFY.NS,1466.699951171875,104.93651689750267
2025-11-07,INFY.NS,1476.800048828125,105.65913849950428
2025-11-10,INFY.NS,1513.5,108.2848732608697
2025-11-11,INFY.NS,1530.300048828125,109.4868495794227
2025-11-12,INFY.NS,1551.699951171875,111.01792702447585
2025-11-13,INFY.NS,1541.800048828125,110.30962859660143
2025-11-14,INFY.NS,1502.800048828125,107.51933453834314
2025-11-17,INFY.NS,1507.5999755859375,107.86275010532773
2025-11-18,INFY.NS,1486.4000244140625,106.34597836711623
2025-11-19,INFY.NS,1541.0999755859375,110.25954115537012
2025-11-20,INFY.NS,1536.5,109.93043129522717
2025-11-21,INFY.NS,1545.0,110.5385723079245
2025-11-24,INFY.NS,1548.0,110.7532103124059
2025-11-25,INFY.NS,1530.5999755859375,109.50830813968517
2025-11-26,INFY.NS,1557.9000244140625,111.4615174739231
2025-11-27,INFY.NS,1566.4000244140625,112.0696584866204
2025-11-28,INFY.NS,1560.0999755859375,111.61891518375235
2025-12-01,INFY.NS,1564.0,111.89794633630675
2025-12-02,INFY.NS,1561.0,111.68330833182532
2025-12-03,INFY.NS,1578.699951171875,112.94966906480852
2025-12-04,INFY.NS,1597.5999755859375,114.30189023976993
2025-12-05,INFY.NS,1616.199951171875,115.6326441208261
2025-12-08,INFY.NS,1610.800048828125,115.24630269967378
2025-12-09,INFY.NS,1599.0,114.4020563885898
2025-12-10,INFY.NS,1584.800048828125,113.38610666083493
2025-12-11,INFY.NS,1598.0,114.33051038709601
2025-12-12,INFY.NS,1598.199951171875,114.34481609393768
2025-12-15,INFY.NS,1606.800048828125,114.96011869369858
2025-12-16,INFY.NS,1592.9000244140625,113.96562752620616
2025-12-17,INFY.NS,1602.0,114.61669439307123
2025-12-18,INFY.NS,1626.800048828125,116.39103872357461
2025-12-19,INFY.NS,1638.699951171875,117.24242915443665
2025-12-22,INFY.NS,1689.5999755859375,120.88412237719974
2025-12-23,INFY.NS,1668.300048828125,119.36019778556741
2025-12-24,INFY.NS,1663.4000244140625,119.00962063151923
2025-12-26,INFY.NS,1656.0999755859375,118.48733132715736
2025-12-29,INFY.NS,1644.699951171875,117.67170516339947
2025-12-30,INFY.NS,1621.5999755859375,116.0189942756212
2025-12-31,INFY.NS,1615.4000244140625,115.57541255981671
2026-01-01,INFY.NS,1629.800048828125,116.60567672805601
2026-01-02,INFY.NS,1640.4000244140625,117.36406259716176
2026-01-05,INFY.NS,1606.4000244140625,114.9314985463725
2026-01-06,INFY.NS,1612.199951171875,115.3464601148509
2026-01-07,INFY.NS,1639.0,117.2638964483419
2026-01-08,INFY.NS,1613.300048828125,115.42516770340829
2026-01-09,INFY.NS,1614.0999755859375,115.48239926441768
2026-01-12,INFY.NS,1595.9000244140625,114.18026553068759
2026-01-13,INFY.NS,1599.0,114.4020563885898
2026-01-14,INFY.NS,1599.800048828125,114.45929668324194
2026-01-15,INFY.NS,1599.800048828125,114.45929668324194
2026-01-16,INFY.NS,1689.800048828125,120.89843681768416
2026-01-19,INFY.NS,1681.199951171875,120.28313421792325
2026-01-20,INFY.NS,1658.9000244140625,118.68766362479712
2026-01-21,INFY.NS,1654.4000244140625,118.36570661807502
2026-01-22,INFY.NS,1663.5,119.01677348494006
2026-01-23,INFY.NS,1670.800048828125,119.53906278930191
2026-01-27,INFY.NS,1682.699951171875,120.39045322016395
2026-01-28,INFY.NS,1666.5,119.23141148942148
2026-01-29,INFY.NS,1659.5,118.73058947896484
2026-01-30,INFY.NS,1641.0,117.40698845132951
2026-02-02,INFY.NS,1629.4000244140625,116.57705658072994
2026-02-03,INFY.NS,1656.0,118.48017847373653
2026-02-04,INFY.NS,1535.800048828125,109.88035258763861
2026-02-05,INFY.NS,1520.199951171875,108.76422797742109
2026-02-06,INFY.NS,1507.0999755859375,107.82697710458082
2026-02-09,INFY.NS,1497.199951171875,107.11866994306362
2026-02-10,INFY.NS,1497.800048828125,107.16160453087413
2026-02-11,INFY.NS,1471.9000244140625,105.3085613454561
2026-02-12,INFY.NS,1386.0,99.16275807040992
2026-02-13,INFY.NS,1369.0999755859375,97.95362889843612
2026-02-16,INFY.NS,1365.5999755859375,97.70321789320782
2026-02-17,INFY.NS,1391.199951171875,99.5347937847206
2026-02-18,INFY.NS,1373.699951171875,98.28273875857906
2026-02-19,INFY.NS,1370.5,98.053795047256
2026-02-20,INFY.NS,1353.199951171875,96.81604572795611
2026-02-23,INFY.NS,1327.5,94.97731698302249
2026-02-24,INFY.NS,1275.5,91.25692490534479
2026-02-25,INFY.NS,1290.0999755859375,92.30149478042574
2026-02-26,INFY.NS,1289.0999755859375,92.22994877893194
2026-02-27,INFY.NS,1300.0999755859375,93.01695479536376
2026-03-02,INFY.NS,1288.9000244140625,92.21564307209029
2026-03-04,INFY.NS,1307.4000244140625,93.53924409972562
2026-03-05,INFY.NS,1305.800048828125,93.42477224406409
2026-03-06,INFY.NS,1308.4000244140625,93.61079010121942
2026-03-09,INFY.NS,1315.0,94.08299196434997
2026-03-10,INFY.NS,1295.5999755859375,92.69499778864166
2026-03-11,INFY.NS,1276.300048828125,91.31416519999692
2026-03-12,INFY.NS,1265.800048828125,90.562932184312
2026-03-13,INFY.NS,1248.300048828125,89.31087715817047
2026-03-16,INFY.NS,1249.800048828125,89.41819616041117
2026-03-17,INFY.NS,1232.9000244140625,88.20906698843736
2026-03-18,INFY.NS,1267.0999755859375,90.65593674606829
2026-03-19,INFY.NS,1220.800048828125,87.3433621170909
2026-03-20,INFY.NS,1255.9000244140625,89.8546250227948
2026-03-23,INFY.NS,1256.800048828125,89.91901817086779
2026-03-24,INFY.NS,1278.300048828125,91.45725720298454
2026-03-25,INFY.NS,1279.0999755859375,91.51448876399392
2026-03-27,INFY.NS,1269.699951171875,90.84195460322361
2026-03-30,INFY.NS,1250.5999755859375,89.47542772142056
2026-04-01,INFY.NS,1275.699951171875,91.27123061218644
2026-04-02,INFY.NS,1300.800048828125,93.06704223659507
2026-04-06,INFY.NS,1306.199951171875,93.4533836577474
2026-04-07,INFY.NS,1339.4000244140625,95.82871614752729
2026-04-08,INFY.NS,1346.199951171875,96.31522371749949
2026-04-09,INFY.NS,1331.5999755859375,95.27065384241853
2026-04-10,INFY.NS,1292.5,92.47320693073942
2026-04-13,INFY.NS,1276.800048828125,91.34993820074384
2026-04-15,INFY.NS,1305.300048828125,93.3889992433172
2026-04-16,INFY.NS,1319.199951171875,94.38348167716684
2026-04-17,INFY.NS,1318.699951171875,94.34770867641993
2026-04-20,INFY.NS,1312.5999755859375,93.91127981403629
2026-04-21,INFY.NS,1313.199951171875,93.95420566820401
2026-04-22,INFY.NS,1268.5999755859375,90.76325574830899
2026-04-23,INFY.NS,1240.5999755859375,88.75996770648254
2026-04-24,INFY.NS,1154.5999755859375,82.60701157801553
2026-04-27,INFY.NS,1170.300048828125,83.73028904165388
2026-04-28,INFY.NS,1152.0999755859375,82.42814657428103
2026-04-29,INFY.NS,1167.5,83.52995674401413
2026-04-30,INFY.NS,1181.800048828125,84.55306805883261
2026-05-01,INFY.NS,1181.800048828125,84.55306805883261
2026-05-04,INFY.NS,1168.4000244140625,83.59434989208711
2026-05-05,INFY.NS,1178.0999755859375,84.2883426131199
2026-05-06,INFY.NS,1167.199951171875,83.5084894501089
2026-05-07,INFY.NS,1162.699951171875,83.18653244338678
2026-05-08,INFY.NS,1179.199951171875,84.36704146803451
2026-05-11,INFY.NS,1177.0,84.20964375820526
2026-05-12,INFY.NS,1140.300048828125,81.58390899683981
2026-05-13,INFY.NS,1123.0999755859375,80.35331253096076
2026-05-14,INFY.NS,1095.0,78.34287163571348
2026-05-15,INFY.NS,1119.0,80.05997567156473
2026-05-18,INFY.NS,1142.5,81.74130670666908
2026-05-19,INFY.NS,1196.9000244140625,85.63341093466047
2026-05-20,INFY.NS,1193.699951171875,85.40445848969465
2026-05-21,INFY.NS,1181.199951171875,84.51013347102212
2026-05-22,INFY.NS,1174.5,84.03077875447075
2026-05-25,INFY.NS,1168.5,83.60150274550794
2026-05-26,INFY.NS,1167.699951171875,83.54426245085578
2026-05-27,INFY.NS,1159.9000244140625,82.98620887938979
2026-05-28,INFY.NS,1159.9000244140625,82.98620887938979
2026-05-29,INFY.NS,1160.9000244140625,83.05775488088359
2026-06-01,INFY.NS,1202.5,86.03406679629721
2026-06-02,INFY.NS,1270.800048828125,90.920662191781
2026-06-03,INFY.NS,1222.5999755859375,87.47213967959408
2023-01-02,NIFTYBEES.NS,199.33999633789062,100.0
2023-01-03,NIFTYBEES.NS,199.67999267578125,100.17056102344574
2023-01-04,NIFTYBEES.NS,197.6699981689453,99.16223627991114
2023-01-05,NIFTYBEES.NS,197.07000732421875,98.86124758935776
2023-01-06,NIFTYBEES.NS,195.72000122070312,98.18400963996636
2023-01-09,NIFTYBEES.NS,198.27999877929688,99.46824642416617
2023-01-10,NIFTYBEES.NS,196.1300048828125,98.38969022070361
2023-01-11,NIFTYBEES.NS,196.1300048828125,98.38969022070361
2023-01-12,NIFTYBEES.NS,195.61000061035156,98.12882723183333
2023-01-13,NIFTYBEES.NS,196.61000061035156,98.63048270407731
2023-01-16,NIFTYBEES.NS,196.05999755859375,98.3545706634121
2023-01-17,NIFTYBEES.NS,197.47000122070312,99.06190671639334
2023-01-18,NIFTYBEES.NS,198.64999389648438,99.65385649940684
2023-01-19,NIFTYBEES.NS,198.42999267578125,99.54349168314076
2023-01-20,NIFTYBEES.NS,197.4499969482422,99.05187146364506
2023-01-23,NIFTYBEES.NS,198.44000244140625,99.54851313684242
2023-01-24,NIFTYBEES.NS,198.4199981689453,99.53847788409414
2023-01-25,NIFTYBEES.NS,196.0399932861328,98.34453541066382
2023-01-27,NIFTYBEES.NS,193.0,96.81950614309031
2023-01-30,NIFTYBEES.NS,193.25,96.9449200111513
2023-01-31,NIFTYBEES.NS,193.44000244140625,97.04023577562246
2023-02-01,NIFTYBEES.NS,193.1300048828125,96.88472380397162
2023-02-02,NIFTYBEES.NS,192.91000366210938,96.77435898770555
2023-02-03,NIFTYBEES.NS,195.1199951171875,97.88301329475796
2023-02-06,NIFTYBEES.NS,194.47999572753906,97.561954098708
2023-02-07,NIFTYBEES.NS,194.0399932861328,97.34122446617583
2023-02-08,NIFTYBEES.NS,195.5399932861328,98.09370767454183
2023-02-09,NIFTYBEES.NS,195.88999938964844,98.26929015168923
2023-02-10,NIFTYBEES.NS,195.49000549316406,98.06863102465366
2023-02-13,NIFTYBEES.NS,194.60000610351562,97.6221579605427
2023-02-14,NIFTYBEES.NS,195.97999572753906,98.31443730707399
2023-02-15,NIFTYBEES.NS,197.0800018310547,98.8662613884044
2023-02-16,NIFTYBEES.NS,197.35000610351562,99.00171050921368
2023-02-17,NIFTYBEES.NS,196.3000030517578,98.47497073242648
2023-02-20,NIFTYBEES.NS,195.58999633789062,98.11879197908503
2023-02-21,NIFTYBEES.NS,195.25999450683594,97.95324475468591
2023-02-22,NIFTYBEES.NS,192.50999450683594,96.57369220601494
2023-02-23,NIFTYBEES.NS,192.00999450683594,96.32286446989295
2023-02-24,NIFTYBEES.NS,191.4600067138672,96.04696008388277
2023-02-27,NIFTYBEES.NS,190.55999755859375,95.59546556607016
2023-02-28,NIFTYBEES.NS,189.6999969482422,95.16404155375413
2023-03-01,NIFTYBEES.NS,191.27999877929688,95.95665811845824
2023-03-02,NIFTYBEES.NS,189.92999267578125,95.27942016906682
2023-03-03,NIFTYBEES.NS,192.50999450683594,96.57369220601494
2023-03-06,NIFTYBEES.NS,193.6300048828125,97.13555154009363
2023-03-08,NIFTYBEES.NS,193.9499969482422,97.29607731079109
2023-03-09,NIFTYBEES.NS,192.63999938964844,96.63890986689626
2023-03-10,NIFTYBEES.NS,190.75,95.69078133054131
2023-03-13,NIFTYBEES.NS,188.1199951171875,94.37142498905001
2023-03-14,NIFTYBEES.NS,186.91000366210938,93.7644261542416
2023-03-15,NIFTYBEES.NS,186.10000610351562,93.35808644646877
2023-03-16,NIFTYBEES.NS,186.22999572753906,93.42329645269507
2023-03-17,NIFTYBEES.NS,187.4199981689453,94.02026768941023
2023-03-20,NIFTYBEES.NS,186.1999969482422,93.40824740090015
2023-03-21,NIFTYBEES.NS,187.4600067138672,94.04033819490681
2023-03-22,NIFTYBEES.NS,187.8800048828125,94.25103257469067
2023-03-23,NIFTYBEES.NS,186.91000366210938,93.7644261542416
2023-03-24,NIFTYBEES.NS,185.67999267578125,93.14738441202988
2023-03-27,NIFTYBEES.NS,186.17999267578125,93.39821214815187
2023-03-28,NIFTYBEES.NS,185.7100067138672,93.16244111847982
2023-03-29,NIFTYBEES.NS,187.08999633789062,93.85472046501111
2023-03-31,NIFTYBEES.NS,189.86000061035156,95.24430826643038
2023-04-03,NIFTYBEES.NS,190.55999755859375,95.59546556607016
2023-04-05,NIFTYBEES.NS,192.19000244140625,96.41316643531748
2023-04-06,NIFTYBEES.NS,192.94000244140625,96.78940803950047
2023-04-10,NIFTYBEES.NS,192.63999938964844,96.63890986689626
2023-04-11,NIFTYBEES.NS,193.75999450683594,97.20076154631992
2023-04-12,NIFTYBEES.NS,194.63999938964844,97.64222081138425
2023-04-13,NIFTYBEES.NS,194.77000427246094,97.70743847226558
2023-04-17,NIFTYBEES.NS,193.91000366210938,97.27601445994955
2023-04-18,NIFTYBEES.NS,193.24000549316406,96.93990621210467
2023-04-19,NIFTYBEES.NS,192.86000061035156,96.74927468316234
2023-04-20,NIFTYBEES.NS,192.99000549316406,96.81449234404369
2023-04-21,NIFTYBEES.NS,192.85000610351562,96.74426088411572
2023-04-24,NIFTYBEES.NS,193.9499969482422,97.29607731079109
2023-04-25,NIFTYBEES.NS,194.1300048828125,97.38637927621564
2023-04-26,NIFTYBEES.NS,194.6199951171875,97.63218555863597
2023-04-27,NIFTYBEES.NS,195.92999267578125,98.28935300253077
2023-04-28,NIFTYBEES.NS,197.2899932861328,98.97160475096881
2023-05-02,NIFTYBEES.NS,198.38999938964844,99.5234288322992
2023-05-03,NIFTYBEES.NS,197.67999267578125,99.16725007895776
2023-05-04,NIFTYBEES.NS,199.44000244140625,100.05016860908643
2023-05-05,NIFTYBEES.NS,197.83999633789062,99.24751679163401
2023-05-08,NIFTYBEES.NS,199.7100067138672,100.1856177298957
2023-05-09,NIFTYBEES.NS,199.6999969482422,100.18059627619405
2023-05-10,NIFTYBEES.NS,200.0,100.33109444879824
2023-05-11,NIFTYBEES.NS,200.35000610351562,100.50667692594565
2023-05-12,NIFTYBEES.NS,200.25999450683594,100.46152211590586
2023-05-15,NIFTYBEES.NS,201.33999633789062,101.00331094448798
2023-05-16,NIFTYBEES.NS,200.50999450683594,100.58693598396687
2023-05-17,NIFTYBEES.NS,199.75999450683594,100.21069437978387
2023-05-18,NIFTYBEES.NS,199.0500030517578,99.85452328109746
2023-05-19,NIFTYBEES.NS,199.82000732421875,100.24080013802875
2023-05-22,NIFTYBEES.NS,200.74000549316406,100.70232225393461
2023-05-23,NIFTYBEES.NS,201.02000427246094,100.84278517379053
2023-05-24,NIFTYBEES.NS,200.24000549316406,100.4514945178126
2023-05-25,NIFTYBEES.NS,200.6999969482422,100.68225174843803
2023-05-26,NIFTYBEES.NS,202.85000610351562,101.76081560655564
2023-05-29,NIFTYBEES.NS,204.13999938964844,102.40794779770216
2023-05-30,NIFTYBEES.NS,204.36000061035156,102.51831261396825
2023-05-31,NIFTYBEES.NS,203.66000366210938,102.16715531432845
2023-06-01,NIFTYBEES.NS,202.99000549316406,101.83104706648358
2023-06-02,NIFTYBEES.NS,203.83999633789062,102.25744962509795
2023-06-05,NIFTYBEES.NS,204.27999877929688,102.47817925763012
2023-06-06,NIFTYBEES.NS,204.0399932861328,102.35777918861575
2023-06-07,NIFTYBEES.NS,205.33999633789062,103.00993283346396
2023-06-08,NIFTYBEES.NS,204.50999450683594,102.59355787294282
2023-06-09,NIFTYBEES.NS,204.02999877929688,102.35276538956913
2023-06-12,NIFTYBEES.NS,204.4600067138672,102.56848122305466
2023-06-13,NIFTYBEES.NS,205.4499969482422,103.06511524159698
2023-06-14,NIFTYBEES.NS,205.85000610351562,103.2657820232876
2023-06-15,NIFTYBEES.NS,205.30999755859375,102.99488378166903
2023-06-16,NIFTYBEES.NS,206.69000244140625,103.68717078285535
2023-06-19,NIFTYBEES.NS,205.8699951171875,103.27580962138086
2023-06-20,NIFTYBEES.NS,206.5,103.5918550183842
2023-06-21,NIFTYBEES.NS,206.8699951171875,103.77746509362484
2023-06-22,NIFTYBEES.NS,206.24000549316406,103.46142735127657
2023-06-23,NIFTYBEES.NS,204.97999572753906,102.82933655726991
2023-06-26,NIFTYBEES.NS,205.1699981689453,102.92465232174108
2023-06-27,NIFTYBEES.NS,206.4600067138672,103.57179216754264
2023-06-28,NIFTYBEES.NS,208.17999267578125,104.43463253751968
2023-06-30,NIFTYBEES.NS,210.61000061035156,105.6536593154932
2023-07-03,NIFTYBEES.NS,212.3000030517578,106.50145828833033
2023-07-04,NIFTYBEES.NS,213.05999755859375,106.88271369155997
2023-07-05,NIFTYBEES.NS,212.9199981689453,106.812482231632
2023-07-06,NIFTYBEES.NS,213.9600067138672,107.33420820937258
2023-07-07,NIFTYBEES.NS,212.72000122070312,106.71215266811423
2023-07-10,NIFTYBEES.NS,212.63999938964844,106.6720193117761
2023-07-11,NIFTYBEES.NS,213.4499969482422,107.07835901954891
2023-07-12,NIFTYBEES.NS,213.25,106.97802945603112
2023-07-13,NIFTYBEES.NS,213.69000244140625,107.19875908856329
2023-07-14,NIFTYBEES.NS,214.8300018310547,107.77064602073523
2023-07-17,NIFTYBEES.NS,216.52999877929688,108.623458792619
2023-07-18,NIFTYBEES.NS,217.02000427246094,108.86927272969437
2023-07-19,NIFTYBEES.NS,217.97000122070312,109.34584389739517
2023-07-20,NIFTYBEES.NS,219.50999450683594,110.1183899566027
2023-07-21,NIFTYBEES.NS,217.47999572753906,109.1000299603198
2023-07-24,NIFTYBEES.NS,216.72999572753906,108.72378835613681
2023-07-25,NIFTYBEES.NS,216.63999938964844,108.67864120075205
2023-07-26,NIFTYBEES.NS,217.72000122070312,109.22043002933417
2023-07-27,NIFTYBEES.NS,216.6300048828125,108.67362740170543
2023-07-28,NIFTYBEES.NS,216.33999633789062,108.52814302814787
2023-07-31,NIFTYBEES.NS,217.5800018310547,109.15019856940621
2023-08-01,NIFTYBEES.NS,217.22999572753906,108.9746160922588
2023-08-02,NIFTYBEES.NS,215.10000610351562,107.90609514154453
2023-08-03,NIFTYBEES.NS,213.55999755859375,107.13354142768196
2023-08-04,NIFTYBEES.NS,215.0399932861328,107.87598938329965
2023-08-07,NIFTYBEES.NS,215.9499969482422,108.3324977001589
2023-08-08,NIFTYBEES.NS,215.7899932861328,108.25223098748265
2023-08-09,NIFTYBEES.NS,216.49000549316406,108.60339594177746
2023-08-10,NIFTYBEES.NS,215.3300018310547,108.02147375685722
2023-08-11,NIFTYBEES.NS,214.39999389648438,107.55493018724971
2023-08-14,NIFTYBEES.NS,214.50999450683594,107.61011259538273
2023-08-16,NIFTYBEES.NS,214.57000732421875,107.6402183536276
2023-08-17,NIFTYBEES.NS,213.6999969482422,107.20377288760992
2023-08-18,NIFTYBEES.NS,213.0,106.85261558797012
2023-08-21,NIFTYBEES.NS,213.5,107.10344332409211
2023-08-22,NIFTYBEES.NS,213.42999267578125,107.06832376680062
2023-08-23,NIFTYBEES.NS,214.3699951171875,107.53988113545478
2023-08-24,NIFTYBEES.NS,213.77000427246094,107.23889244490141
2023-08-25,NIFTYBEES.NS,212.75999450683594,106.73221551895575
2023-08-28,NIFTYBEES.NS,212.8699951171875,106.7873979270888
2023-08-29,NIFTYBEES.NS,213.16000366210938,106.93288230064637
2023-08-30,NIFTYBEES.NS,213.5399932861328,107.12350617493367
2023-08-31,NIFTYBEES.NS,212.77000427246094,106.73723697265743
2023-09-01,NIFTYBEES.NS,214.27000427246094,107.4897201810234
2023-09-04,NIFTYBEES.NS,215.58999633789062,108.15190142396484
2023-09-05,NIFTYBEES.NS,215.83999633789062,108.27731529202585
2023-09-06,NIFTYBEES.NS,216.22000122070312,108.46794682096818
2023-09-07,NIFTYBEES.NS,217.2899932861328,109.00471419584863
2023-09-08,NIFTYBEES.NS,218.41000366210938,109.56657352992734
2023-09-11,NIFTYBEES.NS,220.3800048828125,110.55483542262039
2023-09-12,NIFTYBEES.NS,220.19000244140625,110.45951965814922
2023-09-13,NIFTYBEES.NS,221.42999267578125,111.08156754475256
2023-09-14,NIFTYBEES.NS,221.52999877929688,111.13173615383897
2023-09-15,NIFTYBEES.NS,222.57000732421875,111.65346213157954
2023-09-18,NIFTYBEES.NS,221.9199981689453,111.32738148182793
2023-09-20,NIFTYBEES.NS,219.60000610351562,110.16354476664247
2023-09-21,NIFTYBEES.NS,217.6300048828125,109.17528287394941
2023-09-22,NIFTYBEES.NS,216.80999755859375,108.76392171247493
2023-09-25,NIFTYBEES.NS,216.8000030517578,108.7589079134283
2023-09-26,NIFTYBEES.NS,216.57000732421875,108.64352929811558
2023-09-27,NIFTYBEES.NS,217.55999755859375,109.14016331665792
2023-09-28,NIFTYBEES.NS,215.77000427246094,108.24220338938939
2023-09-29,NIFTYBEES.NS,216.75,108.7338236088851
2023-10-03,NIFTYBEES.NS,215.57000732421875,108.1418738258716
2023-10-04,NIFTYBEES.NS,214.39999389648438,107.55493018724971
2023-10-05,NIFTYBEES.NS,215.52999877929688,108.12180332037502
2023-10-06,NIFTYBEES.NS,216.6199951171875,108.66860594800376
2023-10-09,NIFTYBEES.NS,215.47999572753906,108.09671901583182
2023-10-10,NIFTYBEES.NS,217.1300048828125,108.92445513782742
2023-10-11,NIFTYBEES.NS,218.75999450683594,109.7421483524197
2023-10-12,NIFTYBEES.NS,218.60000610351562,109.66188929439849
2023-10-13,NIFTYBEES.NS,218.07000732421875,109.39601250648158
2023-10-16,NIFTYBEES.NS,217.89999389648438,109.31072434010368
2023-10-17,NIFTYBEES.NS,218.5500030517578,109.63680498985528
2023-10-18,NIFTYBEES.NS,217.1999969482422,108.95956704046388
2023-10-19,NIFTYBEES.NS,216.6699981689453,108.69369025254699
2023-10-20,NIFTYBEES.NS,215.3000030517578,108.00642470506232
2023-10-23,NIFTYBEES.NS,213.1699981689453,106.93789609969299
2023-10-25,NIFTYBEES.NS,211.47999572753906,106.09009712685584
2023-10-26,NIFTYBEES.NS,208.74000549316406,104.71556603188654
2023-10-27,NIFTYBEES.NS,210.57000732421875,105.63359646465165
2023-10-30,NIFTYBEES.NS,211.52000427246094,106.11016763235244
2023-10-31,NIFTYBEES.NS,210.97999572753906,105.83926939073385
2023-11-01,NIFTYBEES.NS,209.99000549316406,105.34263537219152
2023-11-02,NIFTYBEES.NS,211.63999938964844,106.17036383953209
2023-11-03,NIFTYBEES.NS,212.69000244140625,106.6971036163193
2023-11-06,NIFTYBEES.NS,214.55999755859375,107.63519689992596
2023-11-07,NIFTYBEES.NS,214.49000549316406,107.60008499728949
2023-11-08,NIFTYBEES.NS,214.8300018310547,107.77064602073523
2023-11-09,NIFTYBEES.NS,214.3000030517578,107.50476923281833
2023-11-10,NIFTYBEES.NS,214.24000549316406,107.47467112922848
2023-11-13,NIFTYBEES.NS,214.5500030517578,107.63018310087932
2023-11-15,NIFTYBEES.NS,216.97000122070312,108.84418842515117
2023-11-16,NIFTYBEES.NS,218.16000366210938,109.44115966186634
2023-11-17,NIFTYBEES.NS,218.02000427246094,109.37092820193837
2023-11-20,NIFTYBEES.NS,217.35000610351562,109.03481995409349
2023-11-21,NIFTYBEES.NS,218.38999938964844,109.55653827717904
2023-11-22,NIFTYBEES.NS,218.52999877929688,109.62676973710698
2023-11-23,NIFTYBEES.NS,218.55999755859375,109.64181878890192
2023-11-24,NIFTYBEES.NS,218.47999572753906,109.60168543256378
2023-11-28,NIFTYBEES.NS,219.55999755859375,110.1434742611459
2023-11-29,NIFTYBEES.NS,221.66000366210938,111.1969538147203
2023-11-30,NIFTYBEES.NS,222.1300048828125,111.43273249904738
2023-12-01,NIFTYBEES.NS,223.75,112.24541191459303
2023-12-04,NIFTYBEES.NS,228.17999267578125,114.4677419823995
2023-12-05,NIFTYBEES.NS,230.05999755859375,115.41085671970781
2023-12-06,NIFTYBEES.NS,230.94000244140625,115.85231598477212
2023-12-07,NIFTYBEES.NS,230.8300018310547,115.7971335766391
2023-12-08,NIFTYBEES.NS,231.36000061035156,116.06301036455602
2023-12-11,NIFTYBEES.NS,231.7899932861328,116.27871854338652
2023-12-12,NIFTYBEES.NS,230.9600067138672,115.86235123752043
2023-12-13,NIFTYBEES.NS,231.14999389648438,115.95765934733654
2023-12-14,NIFTYBEES.NS,233.99000549316406,117.38236670604732
2023-12-15,NIFTYBEES.NS,236.6199951171875,118.70171539288359
2023-12-18,NIFTYBEES.NS,236.57000732421875,118.67663874299541
2023-12-19,NIFTYBEES.NS,236.6999969482422,118.74184874922172
2023-12-20,NIFTYBEES.NS,233.25,117.01113890091095
2023-12-21,NIFTYBEES.NS,234.60000610351562,117.68837685030236
2023-12-22,NIFTYBEES.NS,235.5,118.13986371345993
2023-12-26,NIFTYBEES.NS,236.92999267578125,118.85722736453441
2023-12-27,NIFTYBEES.NS,238.91000366210938,119.85051071092916
2023-12-28,NIFTYBEES.NS,240.16000366210938,120.47758005123414
2023-12-29,NIFTYBEES.NS,239.64999389648438,120.22173086141048
2024-01-01,NIFTYBEES.NS,240.35000610351562,120.5728958157053
2024-01-02,NIFTYBEES.NS,239.2100067138672,120.00100888353336
2024-01-03,NIFTYBEES.NS,237.74000549316406,119.26357472696228
2024-01-04,NIFTYBEES.NS,239.3000030517578,120.0461560389181
2024-01-05,NIFTYBEES.NS,239.74000549316406,120.26688567145027
2024-01-08,NIFTYBEES.NS,237.67999267578125,119.2334689687174
2024-01-09,NIFTYBEES.NS,237.77999877929688,119.28363757780383
2024-01-10,NIFTYBEES.NS,238.75999450683594,119.77525779729955
2024-01-11,NIFTYBEES.NS,238.8699951171875,119.83044020543257
2024-01-12,NIFTYBEES.NS,241.72999572753906,121.26517516223659
2024-01-15,NIFTYBEES.NS,244.07000732421875,122.43905478482534
2024-01-16,NIFTYBEES.NS,243.24000549316406,122.02267982430423
2024-01-17,NIFTYBEES.NS,238.3800048828125,119.58463392301223
2024-01-18,NIFTYBEES.NS,237.50999450683594,119.14818845699453
2024-01-19,NIFTYBEES.NS,239.14999389648438,119.97090312528849
2024-01-23,NIFTYBEES.NS,234.8699951171875,117.82381831645661
2024-01-24,NIFTYBEES.NS,237.2899932861328,119.03782364072846
2024-01-25,NIFTYBEES.NS,236.14999389648438,118.46593670855651
2024-01-29,NIFTYBEES.NS,240.0500030517578,120.42239764310109
2024-01-30,NIFTYBEES.NS,238.1300048828125,119.45922005495125
2024-01-31,NIFTYBEES.NS,240.25999450683594,120.52774100566552
2024-02-01,NIFTYBEES.NS,240.02999877929688,120.4123623903528
2024-02-02,NIFTYBEES.NS,241.3000030517578,121.04946698340609
2024-02-05,NIFTYBEES.NS,240.24000549316406,120.51771340757227
2024-02-06,NIFTYBEES.NS,242.00999450683594,121.40563808209251
2024-02-07,NIFTYBEES.NS,242.35000610351562,121.57620676019327
2024-02-08,NIFTYBEES.NS,240.27999877929688,120.5377762584138
2024-02-09,NIFTYBEES.NS,240.77999877929688,120.78860399453579
2024-02-12,NIFTYBEES.NS,239.32000732421875,120.05619129166641
2024-02-13,NIFTYBEES.NS,240.58999633789062,120.69328823006464
2024-02-14,NIFTYBEES.NS,241.5500030517578,121.17488085146708
2024-02-15,NIFTYBEES.NS,242.72000122070312,121.76181683543395
2024-02-16,NIFTYBEES.NS,243.99000549316406,122.39892142848723
2024-02-19,NIFTYBEES.NS,245.0399932861328,122.9256535506194
2024-02-20,NIFTYBEES.NS,245.3699951171875,123.09120077501852
2024-02-21,NIFTYBEES.NS,243.8699951171875,122.33871756665253
2024-02-22,NIFTYBEES.NS,245.7899932861328,123.3018951548024
2024-02-23,NIFTYBEES.NS,245.69000244140625,123.251734200371
2024-02-26,NIFTYBEES.NS,244.8699951171875,122.84037303889652
2024-02-27,NIFTYBEES.NS,245.5,123.15641843589984
2024-02-28,NIFTYBEES.NS,243.07000732421875,121.93739931258136
2024-02-29,NIFTYBEES.NS,243.25,122.02769362335087
2024-03-01,NIFTYBEES.NS,246.85000610351562,123.83365638529125
2024-03-04,NIFTYBEES.NS,247.8300018310547,124.32527660478694
2024-03-05,NIFTYBEES.NS,247.33999633789062,124.07946266771157
2024-03-06,NIFTYBEES.NS,248.6199951171875,124.72158105981148
2024-03-07,NIFTYBEES.NS,248.6699981689453,124.74666536435468
2024-03-11,NIFTYBEES.NS,247.4499969482422,124.13464507584462
2024-03-12,NIFTYBEES.NS,247.4199981689453,124.1195960240497
2024-03-13,NIFTYBEES.NS,243.7100067138672,122.2584585086313
2024-03-14,NIFTYBEES.NS,245.38999938964844,123.10123602776679
2024-03-15,NIFTYBEES.NS,243.8000030517578,122.30360566401606
2024-03-18,NIFTYBEES.NS,243.97999572753906,122.39389997478555
2024-03-19,NIFTYBEES.NS,241.60000610351562,121.19996515601028
2024-03-20,NIFTYBEES.NS,241.5800018310547,121.18992990326201
2024-03-21,NIFTYBEES.NS,243.99000549316406,122.39892142848723
2024-03-22,NIFTYBEES.NS,244.74000549316406,122.77516303267022
2024-03-26,NIFTYBEES.NS,243.7899932861328,122.2985842103144
2024-03-27,NIFTYBEES.NS,244.9600067138672,122.88552784893629
2024-03-28,NIFTYBEES.NS,246.9600067138672,123.8888387934243
2024-04-01,NIFTYBEES.NS,248.19000244140625,124.50587288098099
2024-04-02,NIFTYBEES.NS,248.64999389648438,124.7366301116064
2024-04-03,NIFTYBEES.NS,248.58999633789062,124.70653200801655
2024-04-04,NIFTYBEES.NS,249.22999572753906,125.02759120406652
2024-04-05,NIFTYBEES.NS,249.0500030517578,124.93729689329702
2024-04-08,NIFTYBEES.NS,250.75,125.79010966518081
2024-04-09,NIFTYBEES.NS,250.74000549316406,125.78509586613418
2024-04-10,NIFTYBEES.NS,251.57000732421875,126.2014708266553
2024-04-12,NIFTYBEES.NS,249.55999755859375,125.19313842846564
2024-04-15,NIFTYBEES.NS,246.8699951171875,123.8436839833845
2024-04-16,NIFTYBEES.NS,245.52000427246094,123.16645368864813
2024-04-18,NIFTYBEES.NS,243.94000244140625,122.37383712394403
2024-04-19,NIFTYBEES.NS,245.52999877929688,123.17146748769477
2024-04-22,NIFTYBEES.NS,247.30999755859375,124.06441361591666
2024-04-23,NIFTYBEES.NS,247.82000732421875,124.32026280574031
2024-04-24,NIFTYBEES.NS,247.94000244140625,124.38045901291999
2024-04-25,NIFTYBEES.NS,249.27000427246094,125.0476617095631
2024-04-26,NIFTYBEES.NS,248.44000244140625,124.63128674904198
2024-04-29,NIFTYBEES.NS,250.58999633789062,125.70984295250456
2024-04-30,NIFTYBEES.NS,250.05999755859375,125.44396616458764
2024-05-02,NIFTYBEES.NS,250.83999633789062,125.83525682056556
2024-05-03,NIFTYBEES.NS,248.75,124.7867987206928
2024-05-06,NIFTYBEES.NS,248.3699951171875,124.59616719175048
2024-05-07,NIFTYBEES.NS,247.11000061035156,123.96408405239887
2024-05-08,NIFTYBEES.NS,247.24000549316406,124.02930171328019
2024-05-09,NIFTYBEES.NS,243.49000549316406,122.14809369236524
2024-05-10,NIFTYBEES.NS,244.97000122070312,122.89054164798291
2024-05-13,NIFTYBEES.NS,245.16000366210938,122.9858574124541
2024-05-14,NIFTYBEES.NS,246.61000061035156,123.71325631627687
2024-05-15,NIFTYBEES.NS,246.4199981689453,123.6179405518057
2024-05-16,NIFTYBEES.NS,248.17999267578125,124.50085142727931
2024-05-17,NIFTYBEES.NS,248.72999572753906,124.77676346794453
2024-05-21,NIFTYBEES.NS,249.74000549316406,125.28344039389016
2024-05-22,NIFTYBEES.NS,250.36000061035156,125.59446433719184
2024-05-23,NIFTYBEES.NS,254.2899932861328,127.56596666887631
2024-05-24,NIFTYBEES.NS,254.97999572753906,127.91211016946946
2024-05-27,NIFTYBEES.NS,254.72000122070312,127.78168250236183
2024-05-28,NIFTYBEES.NS,254.1999969482422,127.52081951349157
2024-05-29,NIFTYBEES.NS,252.3699951171875,126.60278908072644
2024-05-30,NIFTYBEES.NS,250.35000610351562,125.58945053814521
2024-05-31,NIFTYBEES.NS,251.14999389648438,125.99076879221639
2024-06-03,NIFTYBEES.NS,258.1400146484375,129.49735095353273
2024-06-04,NIFTYBEES.NS,250.47999572753906,125.65466054437151
2024-06-05,NIFTYBEES.NS,251.3000030517578,126.066021705846
2024-06-06,NIFTYBEES.NS,252.97999572753906,126.90879922498148
2024-06-07,NIFTYBEES.NS,258.4200134277344,129.63781387338864
2024-06-10,NIFTYBEES.NS,257.94000244140625,129.3970137353599
2024-06-11,NIFTYBEES.NS,258.79998779296875,129.8284300930209
2024-06-12,NIFTYBEES.NS,259.3900146484375,130.12442029383772
2024-06-13,NIFTYBEES.NS,260.29998779296875,130.5809133013869
2024-06-14,NIFTYBEES.NS,260.6499938964844,130.7564957785343
2024-06-18,NIFTYBEES.NS,261.55999755859375,131.21300409539353
2024-06-19,NIFTYBEES.NS,261.3800048828125,131.12270978462405
2024-06-20,NIFTYBEES.NS,261.7200012207031,131.2932708080698
2024-06-21,NIFTYBEES.NS,260.8699951171875,130.86686059480036
2024-06-24,NIFTYBEES.NS,261.6600036621094,131.26317270447996
2024-06-25,NIFTYBEES.NS,263.5899963378906,132.23136409167643
2024-06-26,NIFTYBEES.NS,265.010009765625,132.94372159835933
2024-06-27,NIFTYBEES.NS,266.95001220703125,133.91693443925746
2024-06-28,NIFTYBEES.NS,267.4800109863281,134.1828112271744
2024-07-01,NIFTYBEES.NS,268.29998779296875,134.59415707933883
2024-07-02,NIFTYBEES.NS,269.0299987792969,134.96037108542856
2024-07-03,NIFTYBEES.NS,270.2300109863281,135.56236377584537
2024-07-04,NIFTYBEES.NS,270.5299987792969,135.71285429379455
2024-07-05,NIFTYBEES.NS,270.5299987792969,135.71285429379455
2024-07-08,NIFTYBEES.NS,270.0400085449219,135.4670480113742
2024-07-09,NIFTYBEES.NS,271.3800048828125,136.13926450706396
2024-07-10,NIFTYBEES.NS,270.9200134277344,135.90850727643854
2024-07-11,NIFTYBEES.NS,270.75,135.82321911006062
2024-07-12,NIFTYBEES.NS,271.94000244140625,136.42019034677577
2024-07-15,NIFTYBEES.NS,273.0899963378906,136.99709107799436
2024-07-16,NIFTYBEES.NS,273.54998779296875,137.22784830861977
2024-07-18,NIFTYBEES.NS,275.510009765625,138.21110405692124
2024-07-19,NIFTYBEES.NS,273.2900085449219,137.09742829616718
2024-07-22,NIFTYBEES.NS,272.45001220703125,136.67603953659943
2024-07-23,NIFTYBEES.NS,272.6400146484375,136.77135530107057
2024-07-24,NIFTYBEES.NS,271.8900146484375,136.3951136968876
2024-07-25,NIFTYBEES.NS,271.9200134277344,136.41016274868252
2024-07-26,NIFTYBEES.NS,276.05999755859375,138.4870084429314
2024-07-29,NIFTYBEES.NS,276.67999267578125,138.79803238623307
2024-07-30,NIFTYBEES.NS,277.1000061035156,139.008734420672
2024-07-31,NIFTYBEES.NS,277.75,139.33480741576855
2024-08-01,NIFTYBEES.NS,278.3299865722656,139.62576085357367
2024-08-02,NIFTYBEES.NS,275.69000244140625,138.30139836769075
2024-08-05,NIFTYBEES.NS,269.4800109863281,135.18612217166236
2024-08-06,NIFTYBEES.NS,267.6099853515625,134.24801357874566
2024-08-07,NIFTYBEES.NS,271.1000061035156,135.99880158720802
2024-08-08,NIFTYBEES.NS,269.3299865722656,135.11086160337774
2024-08-09,NIFTYBEES.NS,271.5899963378906,136.24460786962837
2024-08-12,NIFTYBEES.NS,271.44000244140625,136.16936261065376
2024-08-13,NIFTYBEES.NS,269.5199890136719,135.20617736784888
2024-08-14,NIFTYBEES.NS,269.3399963378906,135.11588305707937
2024-08-16,NIFTYBEES.NS,273.80999755859375,137.35828363038243
2024-08-19,NIFTYBEES.NS,274.42999267578125,137.6693075736841
2024-08-20,NIFTYBEES.NS,275.8299865722656,138.37162217296367
2024-08-21,NIFTYBEES.NS,276.1199951171875,138.51710654652126
2024-08-22,NIFTYBEES.NS,276.4800109863281,138.69771047737032
2024-08-23,NIFTYBEES.NS,276.6000061035156,138.75790668455
2024-08-26,NIFTYBEES.NS,278.8399963378906,139.8816100433973
2024-08-27,NIFTYBEES.NS,278.70001220703125,139.81138623812436
2024-08-28,NIFTYBEES.NS,278.94000244140625,139.93177865248373
2024-08-29,NIFTYBEES.NS,280.1000061035156,140.51370083740395
2024-08-30,NIFTYBEES.NS,281.0799865722656,141.00531340224464
2024-09-02,NIFTYBEES.NS,281.45001220703125,141.19093878679536
2024-09-03,NIFTYBEES.NS,281.7200012207031,141.3263802529496
2024-09-04,NIFTYBEES.NS,281.2799987792969,141.10565062041744
2024-09-05,NIFTYBEES.NS,280.42999267578125,140.67924040714803
2024-09-06,NIFTYBEES.NS,277.82000732421875,139.36992697306005
2024-09-09,NIFTYBEES.NS,277.67999267578125,139.29968785847706
2024-09-10,NIFTYBEES.NS,279.20001220703125,140.06221397424636
2024-09-11,NIFTYBEES.NS,277.5400085449219,139.22946405320414
2024-09-12,NIFTYBEES.NS,282.7099914550781,141.82301427149193
2024-09-13,NIFTYBEES.NS,283.19000244140625,142.06381440952066
2024-09-16,NIFTYBEES.NS,283.2699890136719,142.10394011120377
2024-09-17,NIFTYBEES.NS,283.8900146484375,142.4149793638155
2024-09-18,NIFTYBEES.NS,283.3599853515625,142.14908726658854
2024-09-19,NIFTYBEES.NS,283.9200134277344,142.43002841561042
2024-09-20,NIFTYBEES.NS,287.1000061035156,144.02528914311188
2024-09-23,NIFTYBEES.NS,289.3399963378906,145.1489925019592
2024-09-24,NIFTYBEES.NS,289.29998779296875,145.12892199646262
2024-09-25,NIFTYBEES.NS,290.0899963378906,145.5252341061422
2024-09-26,NIFTYBEES.NS,291.54998779296875,146.25764680901162
2024-09-27,NIFTYBEES.NS,291.9700012207031,146.4683488434505
2024-09-30,NIFTYBEES.NS,288.3800048828125,144.6674075352118
2024-10-01,NIFTYBEES.NS,288.2699890136719,144.6122174724237
2024-10-03,NIFTYBEES.NS,282.69000244140625,141.81298667339868
2024-10-04,NIFTYBEES.NS,280.1499938964844,140.53877748729212
2024-10-07,NIFTYBEES.NS,278.010009765625,139.4652427375312
2024-10-08,NIFTYBEES.NS,279.3999938964844,140.16253588310914
2024-10-09,NIFTYBEES.NS,278.7200012207031,139.82141383621763
2024-10-10,NIFTYBEES.NS,279.29998779296875,140.11236727402272
2024-10-11,NIFTYBEES.NS,278.7200012207031,139.82141383621763
2024-10-14,NIFTYBEES.NS,280.760009765625,140.84479528620219
2024-10-15,NIFTYBEES.NS,279.8299865722656,140.37824406193963
2024-10-16,NIFTYBEES.NS,278.5,139.71104901995156
2024-10-17,NIFTYBEES.NS,276.69000244140625,138.80305383993473
2024-10-18,NIFTYBEES.NS,277.5299987792969,139.22444259950248
2024-10-21,NIFTYBEES.NS,276.4700012207031,138.69268902366863
2024-10-22,NIFTYBEES.NS,273.55999755859375,137.23286976232143
2024-10-23,NIFTYBEES.NS,273.0899963378906,136.99709107799436
2024-10-24,NIFTYBEES.NS,272.1199951171875,136.51048465754528
2024-10-25,NIFTYBEES.NS,270.4800109863281,135.68777764390637
2024-10-28,NIFTYBEES.NS,271.9700012207031,136.4352393985707
2024-10-29,NIFTYBEES.NS,273.5899963378906,137.24791881411636
2024-10-30,NIFTYBEES.NS,272.1600036621094,136.53055516304187
2024-10-31,NIFTYBEES.NS,270.6400146484375,135.7680443565826
2024-11-01,NIFTYBEES.NS,270.6400146484375,135.7680443565826
2024-11-04,NIFTYBEES.NS,268.4700012207031,134.67944524571672
2024-11-05,NIFTYBEES.NS,270.7900085449219,135.8432896155572
2024-11-06,NIFTYBEES.NS,273.9100036621094,137.40845223946886
2024-11-07,NIFTYBEES.NS,270.70001220703125,135.79814246017244
2024-11-08,NIFTYBEES.NS,270.0299987792969,135.46202655767254
2024-11-11,NIFTYBEES.NS,269.9599914550781,135.42690700038105
2024-11-12,NIFTYBEES.NS,267.17999267578125,134.03230539991515
2024-11-13,NIFTYBEES.NS,263.6400146484375,132.25645605087468
2024-11-14,NIFTYBEES.NS,263.57000732421875,132.22133649358318
2024-11-18,NIFTYBEES.NS,262.4700012207031,131.66951241225277
2024-11-19,NIFTYBEES.NS,263.07000732421875,131.9705087574612
2024-11-21,NIFTYBEES.NS,261.2900085449219,131.07756262923928
2024-11-22,NIFTYBEES.NS,266.8599853515625,133.87177197456265
2024-11-25,NIFTYBEES.NS,270.7300109863281,135.81319151196735
2024-11-26,NIFTYBEES.NS,270.5400085449219,135.7178757474962
2024-11-27,NIFTYBEES.NS,271.5400085449219,136.2195312197402
2024-11-28,NIFTYBEES.NS,267.67999267578125,134.28313313603715
2024-11-29,NIFTYBEES.NS,269.8800048828125,135.38678129869797
2024-12-02,NIFTYBEES.NS,271.3800048828125,136.13926450706396
2024-12-03,NIFTYBEES.NS,272.9800109863281,136.94191632451634
2024-12-04,NIFTYBEES.NS,273.42999267578125,137.1676521014401
2024-12-05,NIFTYBEES.NS,275.9200134277344,138.41678463765848
2024-12-06,NIFTYBEES.NS,275.8800048828125,138.3967141321619
2024-12-09,NIFTYBEES.NS,275.1400146484375,138.02549398168057
2024-12-10,NIFTYBEES.NS,274.67999267578125,137.79472144174508
2024-12-11,NIFTYBEES.NS,274.9700012207031,137.94020581530268
2024-12-12,NIFTYBEES.NS,274.1000061035156,137.50376800394
2024-12-13,NIFTYBEES.NS,276.0799865722656,138.49703604102467
2024-12-16,NIFTYBEES.NS,275.4800109863281,138.19605500512634
2024-12-17,NIFTYBEES.NS,272.2200012207031,136.5606532666317
2024-12-18,NIFTYBEES.NS,270.70001220703125,135.79814246017244
2024-12-19,NIFTYBEES.NS,268.3900146484375,134.63931954403364
2024-12-20,NIFTYBEES.NS,264.1499938964844,132.51228993138827
2024-12-23,NIFTYBEES.NS,265.6600036621094,133.2697945934559
2024-12-24,NIFTYBEES.NS,265.489990234375,133.184506427078
2024-12-26,NIFTYBEES.NS,265.6700134277344,133.27481604715757
2024-12-27,NIFTYBEES.NS,266.3900146484375,133.63600859954565
2024-12-30,NIFTYBEES.NS,264.3699951171875,132.62265474765437
2024-12-31,NIFTYBEES.NS,264.4700012207031,132.67282335674076
2025-01-01,NIFTYBEES.NS,265.5899963378906,133.23467503616442
2025-01-02,NIFTYBEES.NS,269.8900146484375,135.39180275239963
2025-01-03,NIFTYBEES.NS,268.4100036621094,134.64934714212689
2025-01-06,NIFTYBEES.NS,264.4800109863281,132.67784481044242
2025-01-07,NIFTYBEES.NS,265.1600036621094,133.0189668573339
2025-01-08,NIFTYBEES.NS,264.9200134277344,132.89857444297456
2025-01-09,NIFTYBEES.NS,263.1499938964844,132.01063445914428
2025-01-10,NIFTYBEES.NS,262.2200012207031,131.54409854419177
2025-01-13,NIFTYBEES.NS,258.3999938964844,129.62777096598532
2025-01-14,NIFTYBEES.NS,259.260009765625,130.05920263295639
2025-01-15,NIFTYBEES.NS,259.5799865722656,130.2197207489988
2025-01-16,NIFTYBEES.NS,260.7200012207031,130.79161533582578
2025-01-17,NIFTYBEES.NS,259.7699890136719,130.31503651346998
2025-01-20,NIFTYBEES.NS,261.2900085449219,131.07756262923928
2025-01-21,NIFTYBEES.NS,257.9100036621094,129.38196468356497
2025-01-22,NIFTYBEES.NS,258.8500061035156,129.85352205221915
2025-01-23,NIFTYBEES.NS,259.510009765625,130.1846165010174
2025-01-24,NIFTYBEES.NS,258.19000244140625,129.5224276034209
2025-01-27,NIFTYBEES.NS,255.69000244140625,128.26828892281094
2025-01-28,NIFTYBEES.NS,257.3299865722656,129.09099593644984
2025-01-29,NIFTYBEES.NS,259.3800048828125,130.11939884013606
2025-01-30,NIFTYBEES.NS,260.2200012207031,130.5407875997038
2025-01-31,NIFTYBEES.NS,263.0,131.9353892001697
2025-02-01,NIFTYBEES.NS,262.1300048828125,131.49895138880703
2025-02-03,NIFTYBEES.NS,261.4700012207031,131.1678569400088
2025-02-04,NIFTYBEES.NS,265.04998779296875,132.96377679454585
2025-02-05,NIFTYBEES.NS,265.25,133.06411401271868
2025-02-06,NIFTYBEES.NS,264.3699951171875,132.62265474765437
2025-02-07,NIFTYBEES.NS,263.75,132.3116308043527
2025-02-10,NIFTYBEES.NS,261.8999938964844,131.38356511883927
2025-02-11,NIFTYBEES.NS,258.54998779296875,129.7030162249599
2025-02-12,NIFTYBEES.NS,258.2699890136719,129.562553305104
2025-02-13,NIFTYBEES.NS,258.1700134277344,129.51240000532763
2025-02-14,NIFTYBEES.NS,256.95001220703125,128.90037971681755
2025-02-17,NIFTYBEES.NS,257.1099853515625,128.98063112018374
2025-02-18,NIFTYBEES.NS,256.8399963378906,128.8451896540295
2025-02-19,NIFTYBEES.NS,256.8900146484375,128.87028161322775
2025-02-20,NIFTYBEES.NS,256.8500061035156,128.85021110773116
2025-02-21,NIFTYBEES.NS,255.52999877929688,128.18802221013468
2025-02-24,NIFTYBEES.NS,252.8699951171875,126.85361681684846
2025-02-25,NIFTYBEES.NS,252.75,126.79342060966879
2025-02-27,NIFTYBEES.NS,252.55999755859375,126.6981048451976
2025-02-28,NIFTYBEES.NS,248.4499969482422,124.63630054808861
2025-03-03,NIFTYBEES.NS,248.0500030517578,124.43564142105303
2025-03-04,NIFTYBEES.NS,247.49000549316406,124.1547155813412
2025-03-05,NIFTYBEES.NS,250.47999572753906,125.65466054437151
2025-03-06,NIFTYBEES.NS,252.75,126.79342060966879
2025-03-07,NIFTYBEES.NS,252.83999633789062,126.83856776505354
2025-03-10,NIFTYBEES.NS,251.75,126.29176513742479
2025-03-11,NIFTYBEES.NS,252.0800018310547,126.45731236182391
2025-03-12,NIFTYBEES.NS,251.74000549316406,126.28675133837817
2025-03-13,NIFTYBEES.NS,251.05999755859375,125.94562163683163
2025-03-17,NIFTYBEES.NS,252.17999267578125,126.50747331625529
2025-03-18,NIFTYBEES.NS,252.17999267578125,126.50747331625529
2025-03-19,NIFTYBEES.NS,256.70001220703125,128.77496584875655
2025-03-20,NIFTYBEES.NS,259.32000732421875,130.08930073654622
2025-03-21,NIFTYBEES.NS,261.0899963378906,130.97722541106646
2025-03-24,NIFTYBEES.NS,264.8999938964844,132.88853153557125
2025-03-25,NIFTYBEES.NS,264.7300109863281,132.80325867850343
2025-03-26,NIFTYBEES.NS,262.8999938964844,131.88522059108328
2025-03-27,NIFTYBEES.NS,263.7300109863281,132.30160320625944
2025-03-28,NIFTYBEES.NS,263.2099914550781,132.0407325627341
2025-04-01,NIFTYBEES.NS,259.6000061035156,130.22976365640213
2025-04-02,NIFTYBEES.NS,261.6400146484375,131.25314510638668
2025-04-03,NIFTYBEES.NS,260.4599914550781,130.66118001406312
2025-04-04,NIFTYBEES.NS,257.1600036621094,129.005723079382
2025-04-07,NIFTYBEES.NS,249.10000610351562,124.96238119784022
2025-04-08,NIFTYBEES.NS,252.72000122070312,126.77837155787385
2025-04-09,NIFTYBEES.NS,251.02999877929688,125.9305725850367
2025-04-11,NIFTYBEES.NS,255.97000122070312,128.40875184266682
2025-04-15,NIFTYBEES.NS,260.8699951171875,130.86686059480036
2025-04-16,NIFTYBEES.NS,261.9100036621094,131.38858657254096
2025-04-17,NIFTYBEES.NS,266.5400085449219,133.71125385852022
2025-04-21,NIFTYBEES.NS,269.70001220703125,135.29648698792846
2025-04-22,NIFTYBEES.NS,270.04998779296875,135.4720541557658
2025-04-23,NIFTYBEES.NS,271.82000732421875,136.3599941395961
2025-04-24,NIFTYBEES.NS,270.95001220703125,135.92355632823345
2025-04-25,NIFTYBEES.NS,268.6300048828125,134.75971195839298
2025-04-28,NIFTYBEES.NS,271.8999938964844,136.4001198412792
2025-04-29,NIFTYBEES.NS,271.9100036621094,136.40514129498084
2025-04-30,NIFTYBEES.NS,271.989990234375,136.44526699666395
2025-05-02,NIFTYBEES.NS,271.7699890136719,136.33490218039788
2025-05-05,NIFTYBEES.NS,274.3900146484375,137.6492523774976
2025-05-06,NIFTYBEES.NS,272.6000061035156,136.751284795574
2025-05-07,NIFTYBEES.NS,272.7900085449219,136.84660056004518
2025-05-08,NIFTYBEES.NS,271.0400085449219,135.9687034836182
2025-05-09,NIFTYBEES.NS,268.489990234375,134.68947284381
2025-05-12,NIFTYBEES.NS,278.94000244140625,139.93177865248373
2025-05-13,NIFTYBEES.NS,275.6499938964844,138.28132786219416
2025-05-14,NIFTYBEES.NS,276.57000732421875,138.74285763275506
2025-05-15,NIFTYBEES.NS,280.1700134277344,140.54882039469544
2025-05-16,NIFTYBEES.NS,280.2099914550781,140.56887559088196
2025-05-19,NIFTYBEES.NS,279.2099914550781,140.06722011863798
2025-05-20,NIFTYBEES.NS,276.8900146484375,138.90339105810756
2025-05-21,NIFTYBEES.NS,277.54998779296875,139.23447019759573
2025-05-22,NIFTYBEES.NS,275.9100036621094,138.41176318395682
2025-05-23,NIFTYBEES.NS,278.3699951171875,139.64583135907023
2025-05-26,NIFTYBEES.NS,279.8900146484375,140.40835747483953
2025-05-27,NIFTYBEES.NS,278.25,139.58563515189056
2025-05-28,NIFTYBEES.NS,277.69000244140625,139.30470931217874
2025-05-29,NIFTYBEES.NS,278.5400085449219,139.73111952544812
2025-05-30,NIFTYBEES.NS,277.9700012207031,139.44517223203462
2025-06-02,NIFTYBEES.NS,277.6000061035156,139.25956215679398
2025-06-03,NIFTYBEES.NS,275.7699890136719,138.34152406937383
2025-06-04,NIFTYBEES.NS,276.4599914550781,138.687667569967
2025-06-05,NIFTYBEES.NS,278.04998779296875,139.48529793371773
2025-06-06,NIFTYBEES.NS,280.5,140.71435996443952
2025-06-09,NIFTYBEES.NS,281.3500061035156,141.14077017770893
2025-06-10,NIFTYBEES.NS,281.3900146484375,141.16084068320552
2025-06-11,NIFTYBEES.NS,281.8699951171875,141.40162551192418
2025-06-12,NIFTYBEES.NS,278.95001220703125,139.93680010618536
2025-06-13,NIFTYBEES.NS,277.1000061035156,139.008734420672
2025-06-16,NIFTYBEES.NS,279.70001220703125,140.31304171036837
2025-06-17,NIFTYBEES.NS,278.5899963378906,139.7561961753363
2025-06-18,NIFTYBEES.NS,278.239990234375,139.58061369818887
2025-06-19,NIFTYBEES.NS,277.9100036621094,139.41507412844481
2025-06-20,NIFTYBEES.NS,281.5,141.2160154366835
2025-06-23,NIFTYBEES.NS,280.8599853515625,140.89494858597854
2025-06-24,NIFTYBEES.NS,281.42999267578125,141.180895879392
2025-06-25,NIFTYBEES.NS,283.4100036621094,142.17417922578676
2025-06-26,NIFTYBEES.NS,286.3900146484375,143.6691180444255
2025-06-27,NIFTYBEES.NS,287.9599914550781,144.4567055007729
2025-06-30,NIFTYBEES.NS,286.510009765625,143.72931425160513
2025-07-01,NIFTYBEES.NS,286.8399963378906,143.89485382134924
2025-07-02,NIFTYBEES.NS,285.7799987792969,143.3631002455154
2025-07-03,NIFTYBEES.NS,285.3900146484375,143.16746257218148
2025-07-04,NIFTYBEES.NS,286.1099853515625,143.5286398152595
2025-07-07,NIFTYBEES.NS,286.07000732421875,143.508584619073
2025-07-08,NIFTYBEES.NS,286.9100036621094,143.92997337864074
2025-07-09,NIFTYBEES.NS,286.5,143.72429279790347
2025-07-10,NIFTYBEES.NS,285.1600036621094,143.05207630221375
2025-07-11,NIFTYBEES.NS,283.1099853515625,142.02367339852754
2025-07-14,NIFTYBEES.NS,282.7099914550781,141.82301427149193
2025-07-15,NIFTYBEES.NS,283.69000244140625,142.31464214564267
2025-07-16,NIFTYBEES.NS,283.6400146484375,142.2895654957545
2025-07-17,NIFTYBEES.NS,282.8299865722656,141.8832104786716
2025-07-18,NIFTYBEES.NS,281.42999267578125,141.180895879392
2025-07-21,NIFTYBEES.NS,282.260009765625,141.59727849456817
2025-07-22,NIFTYBEES.NS,282.07000732421875,141.501962730097
2025-07-23,NIFTYBEES.NS,283.5299987792969,142.23437543296643
2025-07-24,NIFTYBEES.NS,282.1000061035156,141.51701178189194
2025-07-25,NIFTYBEES.NS,280.0299987792969,140.47858128011245
2025-07-28,NIFTYBEES.NS,278.489990234375,139.7060275662499
2025-07-29,NIFTYBEES.NS,280.0899963378906,140.5086793837023
2025-07-30,NIFTYBEES.NS,280.1300048828125,140.52874988919888
2025-07-31,NIFTYBEES.NS,279.260009765625,140.0923120778362
2025-08-01,NIFTYBEES.NS,277.3500061035156,139.13414828873297
2025-08-04,NIFTYBEES.NS,278.8500061035156,139.88663149709896
2025-08-05,NIFTYBEES.NS,278.1400146484375,139.53046039841254
2025-08-06,NIFTYBEES.NS,277.30999755859375,139.11407778323638
2025-08-07,NIFTYBEES.NS,277.2900085449219,139.10405018514314
2025-08-08,NIFTYBEES.NS,275.1400146484375,138.02549398168057
2025-08-11,NIFTYBEES.NS,277.2900085449219,139.10405018514314
2025-08-12,NIFTYBEES.NS,276.5400085449219,138.72780858096013
2025-08-13,NIFTYBEES.NS,278.0199890136719,139.4702488819228
2025-08-14,NIFTYBEES.NS,278.2300109863281,139.5756075537973
2025-08-18,NIFTYBEES.NS,281.07000732421875,141.00030725785302
2025-08-19,NIFTYBEES.NS,281.9599914550781,141.44677266730895
2025-08-20,NIFTYBEES.NS,282.5199890136719,141.7276985070208
2025-08-21,NIFTYBEES.NS,283.05999755859375,141.99859674863936
2025-08-22,NIFTYBEES.NS,280.75,140.83977383250053
2025-08-25,NIFTYBEES.NS,281.67999267578125,141.306309747453
2025-08-26,NIFTYBEES.NS,279.04998779296875,139.9869534059617
2025-08-28,NIFTYBEES.NS,276.92999267578125,138.92344625429408
2025-08-29,NIFTYBEES.NS,276.05999755859375,138.4870084429314
2025-09-01,NIFTYBEES.NS,278.17999267578125,139.55051559459906
2025-09-02,NIFTYBEES.NS,277.67999267578125,139.29968785847706
2025-09-03,NIFTYBEES.NS,278.94000244140625,139.93177865248373
2025-09-04,NIFTYBEES.NS,279.32000732421875,140.12241018142603
2025-09-05,NIFTYBEES.NS,279.6000061035156,140.26287310128197
2025-09-08,NIFTYBEES.NS,279.989990234375,140.4585107746159
2025-09-09,NIFTYBEES.NS,280.5400085449219,140.73443046993611
2025-09-10,NIFTYBEES.NS,281.8399963378906,141.38657646012928
2025-09-11,NIFTYBEES.NS,282.5299987792969,141.73271996072242
2025-09-12,NIFTYBEES.NS,283.510009765625,142.22434783487316
2025-09-15,NIFTYBEES.NS,283.1199951171875,142.02869485222917
2025-09-16,NIFTYBEES.NS,284.8900146484375,142.9166348360595
2025-09-17,NIFTYBEES.NS,285.9800109863281,143.46343746368825
2025-09-18,NIFTYBEES.NS,286.70001220703125,143.8246300160763
2025-09-19,NIFTYBEES.NS,285.8999938964844,143.42329645269507
2025-09-22,NIFTYBEES.NS,284.489990234375,142.71596039971385
2025-09-23,NIFTYBEES.NS,284.3500061035156,142.6457365944409
2025-09-24,NIFTYBEES.NS,282.8800048828125,141.90830243786985
2025-09-25,NIFTYBEES.NS,281.239990234375,141.08558011492087
2025-09-26,NIFTYBEES.NS,278.739990234375,139.8314414343109
2025-09-29,NIFTYBEES.NS,278.5400085449219,139.73111952544812
2025-09-30,NIFTYBEES.NS,277.5199890136719,139.21942114580082
2025-10-01,NIFTYBEES.NS,280.510009765625,140.7193814181412
2025-10-03,NIFTYBEES.NS,281.1600036621094,141.04545441323776
2025-10-06,NIFTYBEES.NS,283.07000732421875,142.003618202341
2025-10-07,NIFTYBEES.NS,283.4100036621094,142.17417922578676
2025-10-08,NIFTYBEES.NS,282.3800048828125,141.65747470174784
2025-10-09,NIFTYBEES.NS,284.04998779296875,142.49523076718168
2025-10-10,NIFTYBEES.NS,285.5199890136719,143.23266492375274
2025-10-13,NIFTYBEES.NS,284.6400146484375,142.7912209679985
2025-10-14,NIFTYBEES.NS,283.69000244140625,142.31464214564267
2025-10-15,NIFTYBEES.NS,286.07000732421875,143.508584619073
2025-10-16,NIFTYBEES.NS,288.70001220703125,144.8279409605643
2025-10-17,NIFTYBEES.NS,290.1700134277344,145.56537511713537
2025-10-20,NIFTYBEES.NS,291.8599853515625,146.41315878066243
2025-10-21,NIFTYBEES.NS,291.8699951171875,146.41818023436412
2025-10-23,NIFTYBEES.NS,292.3900146484375,146.6790508778894
2025-10-27,NIFTYBEES.NS,293.3500061035156,147.16063584463683
2025-10-28,NIFTYBEES.NS,293.1000061035156,147.03522197657583
2025-10-29,NIFTYBEES.NS,294.5,147.73753657585542
2025-10-30,NIFTYBEES.NS,292.5799865722656,146.77435133305053
2025-10-31,NIFTYBEES.NS,291.0799865722656,146.02186812468454
2025-11-03,NIFTYBEES.NS,291.3500061035156,146.15732490014886
2025-11-04,NIFTYBEES.NS,289.5899963378906,145.27440637002022
2025-11-06,NIFTYBEES.NS,288.239990234375,144.5971684206288
2025-11-07,NIFTYBEES.NS,288.44000244140625,144.69750563880163
2025-11-10,NIFTYBEES.NS,289.489990234375,145.22423776093382
2025-11-11,NIFTYBEES.NS,290.82000732421875,145.89144811223193
2025-11-12,NIFTYBEES.NS,292.7200012207031,146.84459044763352
2025-11-13,NIFTYBEES.NS,292.3900146484375,146.6790508778894
2025-11-14,NIFTYBEES.NS,292.8299865722656,146.8997652011115
2025-11-17,NIFTYBEES.NS,293.9700012207031,147.4716597879385
2025-11-18,NIFTYBEES.NS,292.9700012207031,146.97000431569452
2025-11-19,NIFTYBEES.NS,294.3699951171875,147.67231891497408
2025-11-20,NIFTYBEES.NS,295.6400146484375,148.30943116268242
2025-11-21,NIFTYBEES.NS,294.32000732421875,147.6472422650859
2025-11-24,NIFTYBEES.NS,293.29998779296875,147.13554388543858
2025-11-25,NIFTYBEES.NS,292.67999267578125,146.82451994213693
2025-11-26,NIFTYBEES.NS,296.010009765625,148.49504123792306
2025-11-27,NIFTYBEES.NS,296.4200134277344,148.7007218186603
2025-11-28,NIFTYBEES.NS,296.489990234375,148.73582606664172
2025-12-01,NIFTYBEES.NS,296.1000061035156,148.5401883933078
2025-12-02,NIFTYBEES.NS,294.6600036621094,147.81780328853168
2025-12-03,NIFTYBEES.NS,293.79998779296875,147.38637162156058
2025-12-04,NIFTYBEES.NS,294.3699951171875,147.67231891497408
2025-12-05,NIFTYBEES.NS,296.010009765625,148.49504123792306
2025-12-08,NIFTYBEES.NS,293.45001220703125,147.21080445372326
2025-12-09,NIFTYBEES.NS,292.3500061035156,146.65898037239285
2025-12-10,NIFTYBEES.NS,291.55999755859375,146.26266826271328
2025-12-11,NIFTYBEES.NS,292.92999267578125,146.94993381019793
2025-12-12,NIFTYBEES.NS,294.69000244140625,147.83285234032658
2025-12-15,NIFTYBEES.NS,294.5400085449219,147.757607081352
2025-12-16,NIFTYBEES.NS,292.6600036621094,146.81449234404366
2025-12-17,NIFTYBEES.NS,291.7099914550781,146.33791352168785
2025-12-18,NIFTYBEES.NS,291.8399963378906,146.40313118256918
2025-12-19,NIFTYBEES.NS,293.4494934082031,147.21054419545212
2025-12-22,NIFTYBEES.NS,295.69000244140625,148.33450781257056
2025-12-23,NIFTYBEES.NS,295.67999267578125,148.3294863588689
2025-12-24,NIFTYBEES.NS,295.5,148.2391920480994
2025-12-26,NIFTYBEES.NS,294.4599914550781,147.71746607035882
2025-12-29,NIFTYBEES.NS,293.1499938964844,147.060298626464
2025-12-30,NIFTYBEES.NS,293.32000732421875,147.1455867928419
2025-12-31,NIFTYBEES.NS,295.30999755859375,148.14387628362823
2026-01-01,NIFTYBEES.NS,295.3299865722656,148.1539038817215
2026-01-02,NIFTYBEES.NS,297.54998779296875,149.26757964247557
2026-01-05,NIFTYBEES.NS,296.4100036621094,148.69570036495864
2026-01-06,NIFTYBEES.NS,296.0199890136719,148.50004738231465
2026-01-07,NIFTYBEES.NS,295.7200012207031,148.3495568643655
2026-01-08,NIFTYBEES.NS,292.92999267578125,146.94993381019793
2026-01-09,NIFTYBEES.NS,290.5899963378906,145.7760618422642
2026-01-12,NIFTYBEES.NS,291.8699951171875,146.41818023436412
2026-01-13,NIFTYBEES.NS,291.1300048828125,146.0469600838828
2026-01-14,NIFTYBEES.NS,290.6600036621094,145.8111813995557
2026-01-15,NIFTYBEES.NS,290.6600036621094,145.8111813995557
2026-01-16,NIFTYBEES.NS,291.0400085449219,146.00181292849803
2026-01-19,NIFTYBEES.NS,289.6300048828125,145.29447687551678
2026-01-20,NIFTYBEES.NS,286.2799987792969,143.6139279816374
2026-01-21,NIFTYBEES.NS,284.95001220703125,142.94673293964934
2026-01-22,NIFTYBEES.NS,286.6099853515625,143.7794675513815
2026-01-23,NIFTYBEES.NS,283.9100036621094,142.42500696190876
2026-01-27,NIFTYBEES.NS,285.2200012207031,143.08217440580358
2026-01-28,NIFTYBEES.NS,286.6099853515625,143.7794675513815
2026-01-29,NIFTYBEES.NS,287.3699951171875,144.16073060926615
2026-01-30,NIFTYBEES.NS,286.7300109863281,143.83967906787123
2026-02-02,NIFTYBEES.NS,283.94000244140625,142.44005601370367
2026-02-03,NIFTYBEES.NS,291.239990234375,146.10213483736078
2026-02-04,NIFTYBEES.NS,291.6499938964844,146.30781541809802
2026-02-05,NIFTYBEES.NS,290.3500061035156,145.65566942790485
2026-02-06,NIFTYBEES.NS,290.6499938964844,145.80615994585403
2026-02-09,NIFTYBEES.NS,292.55999755859375,146.76432373495726
2026-02-10,NIFTYBEES.NS,293.55999755859375,147.26597920720127
2026-02-11,NIFTYBEES.NS,293.8500061035156,147.41146358075883
2026-02-12,NIFTYBEES.NS,292.2699890136719,146.61883936139967
2026-02-13,NIFTYBEES.NS,288.8699951171875,144.91321381763214
2026-02-16,NIFTYBEES.NS,290.760009765625,145.86135000864212
2026-02-17,NIFTYBEES.NS,291.5199890136719,146.24259775721669
2026-02-18,NIFTYBEES.NS,292.20001220703125,146.58373511341827
2026-02-19,NIFTYBEES.NS,288.3800048828125,144.6674075352118
2026-02-20,NIFTYBEES.NS,289.2300109863281,145.0938177484812
2026-02-23,NIFTYBEES.NS,290.45001220703125,145.70583803699125
2026-02-24,NIFTYBEES.NS,287.8500061035156,144.40153074729488
2026-02-25,NIFTYBEES.NS,288.6300048828125,144.7928214032728
2026-02-26,NIFTYBEES.NS,288.5799865722656,144.76772944407455
2026-02-27,NIFTYBEES.NS,285.2900085449219,143.11729396309508
2026-03-02,NIFTYBEES.NS,281.92999267578125,141.43172361551402
2026-03-04,NIFTYBEES.NS,277.2900085449219,139.10405018514314
2026-03-05,NIFTYBEES.NS,280.3500061035156,140.63911470546495
2026-03-06,NIFTYBEES.NS,277.25,139.08397967964657
2026-03-09,NIFTYBEES.NS,272.4200134277344,136.6609904848045
2026-03-10,NIFTYBEES.NS,274.95001220703125,137.9301782172094
2026-03-11,NIFTYBEES.NS,270.55999755859375,135.72790334558945
2026-03-12,NIFTYBEES.NS,267.94000244140625,134.4135684577998
2026-03-13,NIFTYBEES.NS,262.69000244140625,131.77987722851884
2026-03-16,NIFTYBEES.NS,265.17999267578125,133.02899445542718
2026-03-17,NIFTYBEES.NS,267.1600036621094,134.0222778018219
2026-03-18,NIFTYBEES.NS,269.42999267578125,135.16103021246414
2026-03-19,NIFTYBEES.NS,262.1199951171875,131.49392993510537
2026-03-20,NIFTYBEES.NS,262.07000732421875,131.4688532852172
2026-03-23,NIFTYBEES.NS,255.14999389648438,127.99739068119234
2026-03-24,NIFTYBEES.NS,259.8299865722656,130.3451346170598
2026-03-25,NIFTYBEES.NS,264.05999755859375,132.4671427760035
2026-03-27,NIFTYBEES.NS,258.8900146484375,129.8735925577157
2026-03-30,NIFTYBEES.NS,253.44000244140625,127.13956411026193
2026-04-01,NIFTYBEES.NS,257.45001220703125,129.15120745293956
2026-04-02,NIFTYBEES.NS,257.6099853515625,129.23145885630575
2026-04-06,NIFTYBEES.NS,260.25,130.5558366514987
2026-04-07,NIFTYBEES.NS,261.4700012207031,131.1678569400088
2026-04-08,NIFTYBEES.NS,271.67999267578125,136.28975502501314
2026-04-09,NIFTYBEES.NS,269.489990234375,135.19112831605398
2026-04-10,NIFTYBEES.NS,271.95001220703125,136.42521180047743
2026-04-13,NIFTYBEES.NS,269.5199890136719,135.20617736784888
2026-04-15,NIFTYBEES.NS,273.7699890136719,137.33821312488587
2026-04-16,NIFTYBEES.NS,273.95001220703125,137.42852274496542
2026-04-17,NIFTYBEES.NS,275.8699951171875,138.39169267846026
2026-04-20,NIFTYBEES.NS,275.2099914550781,138.06059822966202
2026-04-21,NIFTYBEES.NS,277.6300048828125,139.27461120858888
2026-04-22,NIFTYBEES.NS,275.6400146484375,138.27632171780257
2026-04-23,NIFTYBEES.NS,273.760009765625,137.33320698049425
2026-04-24,NIFTYBEES.NS,271.0899963378906,135.99378013350636
2026-04-27,NIFTYBEES.NS,272.5199890136719,136.71114378458086
2026-04-28,NIFTYBEES.NS,271.4800109863281,136.18943311615035
2026-04-29,NIFTYBEES.NS,273.1300048828125,137.01716158349092
2026-04-30,NIFTYBEES.NS,272.010009765625,136.45530990406726
2026-05-01,NIFTYBEES.NS,272.010009765625,136.45530990406726
2026-05-04,NIFTYBEES.NS,273.1199951171875,137.01214012978926
2026-05-05,NIFTYBEES.NS,272.29998779296875,136.60077896831478
2026-05-06,NIFTYBEES.NS,275.7300109863281,138.3214688731873
2026-05-07,NIFTYBEES.NS,275.1700134277344,138.04054303347547
2026-05-08,NIFTYBEES.NS,273.94000244140625,137.42350129126376
2026-05-11,NIFTYBEES.NS,270.1000061035156,135.49714611496404
2026-05-12,NIFTYBEES.NS,265.04998779296875,132.96377679454585
2026-05-13,NIFTYBEES.NS,265.44000244140625,133.15942977718984
2026-05-14,NIFTYBEES.NS,268.0899963378906,134.4888137167744
2026-05-15,NIFTYBEES.NS,267.29998779296875,134.09250160709482
2026-05-18,NIFTYBEES.NS,267.5799865722656,134.23296452695075
2026-05-19,NIFTYBEES.NS,267.6099853515625,134.24801357874566
2026-05-20,NIFTYBEES.NS,268.04998779296875,134.46874321127783
2026-05-21,NIFTYBEES.NS,268.2099914550781,134.54900992395406
2026-05-22,NIFTYBEES.NS,269.1000061035156,134.99549064272006
2026-05-25,NIFTYBEES.NS,271.989990234375,136.44526699666395
2026-05-26,NIFTYBEES.NS,270.8299865722656,135.8633448117437
2026-05-27,NIFTYBEES.NS,270.94000244140625,135.9185348745318
2026-05-28,NIFTYBEES.NS,270.94000244140625,135.9185348745318
2026-05-29,NIFTYBEES.NS,267.7799987792969,134.33330174512358
2026-06-01,NIFTYBEES.NS,265.5199890136719,133.19955547887292
2026-06-02,NIFTYBEES.NS,266.0199890136719,133.45038321499493
2026-06-03,NIFTYBEES.NS,265.54998779296875,133.21460453066786
2023-01-02,RELIANCE.NS,1175.8896484375,100.0
2023-01-03,RELIANCE.NS,1167.2845458984375,99.26820492462905
2023-01-04,RELIANCE.NS,1149.7095947265625,97.77359603890339
2023-01-05,RELIANCE.NS,1147.6553955078125,97.59890284201373
2023-01-06,RELIANCE.NS,1158.086181640625,98.48595768994718
2023-01-09,RELIANCE.NS,1185.4302978515625,100.81135584676164
2023-01-10,RELIANCE.NS,1167.90087890625,99.32061911235758
2023-01-11,RELIANCE.NS,1153.1790771484375,98.06864774094747
2023-01-12,RELIANCE.NS,1128.2769775390625,95.95092354442406
2023-01-13,RELIANCE.NS,1126.451171875,95.79565339075883
2023-01-16,RELIANCE.NS,1115.723388671875,94.8833413198617
2023-01-17,RELIANCE.NS,1131.56396484375,96.23045549787354
2023-01-18,RELIANCE.NS,1129.692138671875,96.07127166847575
2023-01-19,RELIANCE.NS,1128.4825439453125,95.96840532143631
2023-01-20,RELIANCE.NS,1115.0615234375,94.82705498081157
2023-01-23,RELIANCE.NS,1109.4237060546875,94.34760375081699
2023-01-24,RELIANCE.NS,1102.873046875,93.79052263454116
2023-01-25,RELIANCE.NS,1087.6259765625,92.49388137804571
2023-01-27,RELIANCE.NS,1066.992431640625,90.739163582095
2023-01-30,RELIANCE.NS,1077.218017578125,91.60876779632443
2023-01-31,RELIANCE.NS,1074.5244140625,91.37969838328858
2023-02-01,RELIANCE.NS,1068.1563720703125,90.8381473967101
2023-02-02,RELIANCE.NS,1062.2447509765625,90.33541135327225
2023-02-03,RELIANCE.NS,1063.1806640625,90.41500326797114
2023-02-06,RELIANCE.NS,1055.169189453125,89.73369149521929
2023-02-07,RELIANCE.NS,1052.6356201171875,89.51823170787411
2023-02-08,RELIANCE.NS,1073.6573486328125,91.30596141053441
2023-02-09,RELIANCE.NS,1075.52880859375,91.46511409662398
2023-02-10,RELIANCE.NS,1066.6728515625,90.71198585512465
2023-02-13,RELIANCE.NS,1060.6014404296875,90.19566094820162
2023-02-14,RELIANCE.NS,1085.5947265625,92.32113982847096
2023-02-15,RELIANCE.NS,1110.1768798828125,94.4116551547158
2023-02-16,RELIANCE.NS,1109.3094482421875,94.3378870386534
2023-02-17,RELIANCE.NS,1113.94287109375,94.7319225553126
2023-02-20,RELIANCE.NS,1102.16552734375,93.7303537630667
2023-02-21,RELIANCE.NS,1111.1585693359375,94.49513998294177
2023-02-22,RELIANCE.NS,1085.959716796875,92.35217932566017
2023-02-23,RELIANCE.NS,1080.7557373046875,91.90962253479952
2023-02-24,RELIANCE.NS,1088.1510009765625,92.53853050092557
2023-02-27,RELIANCE.NS,1080.91552734375,91.9232113982847
2023-02-28,RELIANCE.NS,1060.2362060546875,90.16460068880693
2023-03-01,RELIANCE.NS,1069.982421875,90.99343831258082
2023-03-02,RELIANCE.NS,1061.8338623046875,90.30046856145321
2023-03-03,RELIANCE.NS,1088.9271240234375,92.6045335521393
2023-03-06,RELIANCE.NS,1099.5633544921875,93.50905979598227
2023-03-08,RELIANCE.NS,1103.5120849609375,93.84486770737914
2023-03-09,RELIANCE.NS,1076.9896240234375,91.58934475310001
2023-03-10,RELIANCE.NS,1060.3046875,90.17042448744344
2023-03-13,RELIANCE.NS,1042.8665771484375,88.68745281788806
2023-03-14,RELIANCE.NS,1038.9635009765625,88.35552743891552
2023-03-15,RELIANCE.NS,1021.205810546875,86.84537804238978
2023-03-16,RELIANCE.NS,1016.1157836914062,86.41251201093587
2023-03-17,RELIANCE.NS,1014.8377075195312,86.30382186525993
2023-03-20,RELIANCE.NS,1004.8632202148438,85.45557157936436
2023-03-21,RELIANCE.NS,1036.1102294921875,88.11287954349723
2023-03-22,RELIANCE.NS,1039.26025390625,88.3807638996737
2023-03-23,RELIANCE.NS,1026.1131591796875,87.26270875359498
2023-03-24,RELIANCE.NS,1005.7989501953125,85.53514792240915
2023-03-27,RELIANCE.NS,1021.4338989257812,86.86477513285735
2023-03-28,RELIANCE.NS,1026.2044677734375,87.27047381844365
2023-03-29,RELIANCE.NS,1020.1329956054688,86.75414372096924
2023-03-31,RELIANCE.NS,1064.116455078125,90.4945848015673
2023-04-03,RELIANCE.NS,1064.299072265625,90.51011493126464
2023-04-05,RELIANCE.NS,1061.74267578125,90.29271387770729
2023-04-06,RELIANCE.NS,1068.8638916015625,90.89831626818457
2023-04-10,RELIANCE.NS,1061.2861328125,90.25388855346392
2023-04-11,RELIANCE.NS,1066.535888671875,90.70033825785164
2023-04-12,RELIANCE.NS,1071.23779296875,91.10019757314733
2023-04-13,RELIANCE.NS,1075.27783203125,91.44377054939287
2023-04-17,RELIANCE.NS,1080.73291015625,91.90768126858735
2023-04-18,RELIANCE.NS,1068.3619384765625,90.85562917372235
2023-04-19,RELIANCE.NS,1073.6800537109375,91.30789229564384
2023-04-20,RELIANCE.NS,1070.9637451171875,91.07689199749856
2023-04-21,RELIANCE.NS,1072.310546875,91.1914267040165
2023-04-24,RELIANCE.NS,1076.4190673828125,91.54082347889853
2023-04-25,RELIANCE.NS,1084.6588134765625,92.24154791377207
2023-04-26,RELIANCE.NS,1078.290771484375,91.6999969271936
2023-04-27,RELIANCE.NS,1085.1153564453125,92.28037323801543
2023-04-28,RELIANCE.NS,1104.9500732421875,93.967157097643
2023-05-02,RELIANCE.NS,1114.3311767578125,94.76494484312494
2023-05-03,RELIANCE.NS,1104.7674560546875,93.95162696794564
2023-05-04,RELIANCE.NS,1117.503662109375,95.03473932220534
2023-05-05,RELIANCE.NS,1114.650634765625,94.79211218899253
2023-05-08,RELIANCE.NS,1128.4139404296875,95.96257114169707
2023-05-09,RELIANCE.NS,1131.90625,96.25956410995332
2023-05-10,RELIANCE.NS,1139.6895751953125,96.92147360168623
2023-05-11,RELIANCE.NS,1132.2486572265625,96.28868310313584
2023-05-12,RELIANCE.NS,1134.097412109375,96.44590490411599
2023-05-15,RELIANCE.NS,1136.334228515625,96.63612823070298
2023-05-16,RELIANCE.NS,1120.1513671875,95.25990544061138
2023-05-17,RELIANCE.NS,1113.5322265625,94.69700052569904
2023-05-18,RELIANCE.NS,1111.1356201171875,94.49318833562687
2023-05-19,RELIANCE.NS,1114.7418212890625,94.79986687273848
2023-05-22,RELIANCE.NS,1120.6990966796875,95.30648544860067
2023-05-23,RELIANCE.NS,1120.49365234375,95.28901405269116
2023-05-24,RELIANCE.NS,1113.9659423828125,94.73388458373023
2023-05-25,RELIANCE.NS,1113.8289794921875,94.72223698645723
2023-05-26,RELIANCE.NS,1144.2088623046875,97.30580278728456
2023-05-29,RELIANCE.NS,1150.645263671875,97.8531671913968
2023-05-30,RELIANCE.NS,1150.3486328125,97.82794111174135
2023-05-31,RELIANCE.NS,1127.5009765625,95.88493087431308
2023-06-01,RELIANCE.NS,1124.46533203125,95.62677361140294
2023-06-02,RELIANCE.NS,1120.7904052734375,95.31425051344934
2023-06-05,RELIANCE.NS,1130.856201171875,96.17026586419358
2023-06-06,RELIANCE.NS,1131.81494140625,96.25179904510465
2023-06-07,RELIANCE.NS,1140.3970947265625,96.9816424731607
2023-06-08,RELIANCE.NS,1141.0816650390625,97.03985969732027
2023-06-09,RELIANCE.NS,1133.001953125,96.35274488813738
2023-06-12,RELIANCE.NS,1134.006103515625,96.43813983926731
2023-06-13,RELIANCE.NS,1150.759521484375,97.86288390356039
2023-06-14,RELIANCE.NS,1164.910888671875,99.06634438187177
2023-06-15,RELIANCE.NS,1165.23046875,99.09352210884212
2023-06-16,RELIANCE.NS,1176.574462890625,100.05823798636504
2023-06-19,RELIANCE.NS,1164.8880615234375,99.0644031156596
2023-06-20,RELIANCE.NS,1167.3074951171875,99.27015657194394
2023-06-21,RELIANCE.NS,1170.59423828125,99.54966776318794
2023-06-22,RELIANCE.NS,1157.4471435546875,98.43161261710922
2023-06-23,RELIANCE.NS,1147.974853515625,97.62607018788135
2023-06-26,RELIANCE.NS,1139.210205078125,96.8807070112307
2023-06-27,RELIANCE.NS,1139.62109375,96.91564980304972
2023-06-28,RELIANCE.NS,1154.708251953125,98.19869181495726
2023-06-30,RELIANCE.NS,1164.1805419921875,99.00423424418513
2023-07-03,RELIANCE.NS,1194.0582275390625,101.54509218834475
2023-07-04,RELIANCE.NS,1181.755615234375,100.49885351101354
2023-07-05,RELIANCE.NS,1179.8155517578125,100.33386664518471
2023-07-06,RELIANCE.NS,1204.5804443359375,102.43992248222962
2023-07-07,RELIANCE.NS,1202.2296142578125,102.24000320568452
2023-07-10,RELIANCE.NS,1248.5411376953125,106.17842748716689
2023-07-11,RELIANCE.NS,1262.076171875,107.32947377774973
2023-07-12,RELIANCE.NS,1263.4683837890625,107.4478702544865
2023-07-13,RELIANCE.NS,1252.170166015625,106.48704729049065
2023-07-14,RELIANCE.NS,1251.1202392578125,106.39775942583367
2023-07-17,RELIANCE.NS,1276.6842041015625,108.5717699614072
2023-07-18,RELIANCE.NS,1287.52587890625,109.4937676011597
2023-07-19,RELIANCE.NS,1297.294921875,110.32454649114575
2023-07-20,RELIANCE.NS,1295.723876953125,110.19094169889654
2023-07-21,RELIANCE.NS,1255.6134033203125,106.77986705544589
2023-07-24,RELIANCE.NS,1230.216796875,104.62008901172733
2023-07-25,RELIANCE.NS,1229.425537109375,104.55279870377399
2023-07-26,RELIANCE.NS,1249.4063720703125,106.25200874337996
2023-07-27,RELIANCE.NS,1237.7838134765625,105.26360318940695
2023-07-28,RELIANCE.NS,1250.2225341796875,106.32141679629203
2023-07-31,RELIANCE.NS,1260.8065185546875,107.22149992816277
2023-08-01,RELIANCE.NS,1242.9769287109375,105.70523606212383
2023-08-02,RELIANCE.NS,1229.697509765625,104.5759278006762
2023-08-03,RELIANCE.NS,1224.5291748046875,104.13640229181529
2023-08-04,RELIANCE.NS,1241.171630859375,105.55170993371874
2023-08-07,RELIANCE.NS,1248.244140625,106.15317026420321
2023-08-08,RELIANCE.NS,1240.7264404296875,105.5138500520301
2023-08-09,RELIANCE.NS,1248.911865234375,106.20995489618481
2023-08-10,RELIANCE.NS,1254.4759521484375,106.68313594012513
2023-08-11,RELIANCE.NS,1259.767822265625,107.13316712495775
2023-08-14,RELIANCE.NS,1274.6546630859375,108.39917374727082
2023-08-16,RELIANCE.NS,1273.6160888671875,108.31085132516853
2023-08-17,RELIANCE.NS,1255.2425537109375,106.7483292653252
2023-08-18,RELIANCE.NS,1264.54052734375,107.53904747984197
2023-08-21,RELIANCE.NS,1250.74267578125,106.36565067506234
2023-08-22,RELIANCE.NS,1250.44482421875,106.34032078437951
2023-08-23,RELIANCE.NS,1251.8345947265625,106.45850963906152
2023-08-24,RELIANCE.NS,1230.7904052734375,104.66886981349725
2023-08-25,RELIANCE.NS,1225.1075439453125,104.18558795659206
2023-08-28,RELIANCE.NS,1212.8978271484375,103.14724929844508
2023-08-29,RELIANCE.NS,1201.2838134765625,102.15957042166379
2023-08-30,RELIANCE.NS,1200.1422119140625,102.06248634884989
2023-08-31,RELIANCE.NS,1194.65771484375,101.59607378389535
2023-09-01,RELIANCE.NS,1197.4619140625,101.83454847601259
2023-09-04,RELIANCE.NS,1196.494140625,101.75224709349887
2023-09-05,RELIANCE.NS,1202.8968505859375,102.29674631325518
2023-09-06,RELIANCE.NS,1205.4281005859375,102.51200885964833
2023-09-07,RELIANCE.NS,1207.06591796875,102.6512921150957
2023-09-08,RELIANCE.NS,1215.1064453125,103.3350745902994
2023-09-11,RELIANCE.NS,1228.20947265625,104.44938215828938
2023-09-12,RELIANCE.NS,1210.4659423828125,102.94043696968136
2023-09-13,RELIANCE.NS,1216.52099609375,103.4553708088374
2023-09-14,RELIANCE.NS,1217.6376953125,103.55033713669255
2023-09-15,RELIANCE.NS,1219.8961181640625,103.74239791846433
2023-09-18,RELIANCE.NS,1209.274658203125,102.83912778805275
2023-09-20,RELIANCE.NS,1182.323974609375,100.54718792536568
2023-09-21,RELIANCE.NS,1173.712890625,99.81488417596051
2023-09-22,RELIANCE.NS,1168.8240966796875,99.39913139237163
2023-09-25,RELIANCE.NS,1161.6273193359375,98.78710309929899
2023-09-26,RELIANCE.NS,1162.6446533203125,98.8736192095247
2023-09-27,RELIANCE.NS,1175.7476806640625,99.9879267775147
2023-09-28,RELIANCE.NS,1158.4755859375,98.51907340768417
2023-09-29,RELIANCE.NS,1163.8856201171875,98.97915349996804
2023-10-03,RELIANCE.NS,1150.55908203125,97.84583813286316
2023-10-04,RELIANCE.NS,1148.5738525390625,97.67701025902097
2023-10-05,RELIANCE.NS,1148.549072265625,97.67490289516499
2023-10-06,RELIANCE.NS,1150.4847412109375,97.8395160412952
2023-10-09,RELIANCE.NS,1140.6822509765625,97.00589272915869
2023-10-10,RELIANCE.NS,1145.719970703125,97.434310458089
2023-10-11,RELIANCE.NS,1163.910400390625,98.98126086382402
2023-10-12,RELIANCE.NS,1166.0693359375,99.16486104686362
2023-10-13,RELIANCE.NS,1166.0198974609375,99.16065670025438
2023-10-16,RELIANCE.NS,1163.4140625,98.93905130008778
2023-10-17,RELIANCE.NS,1168.972900390625,99.41178595661032
2023-10-18,RELIANCE.NS,1153.4627685546875,98.0927734237126
2023-10-19,RELIANCE.NS,1144.603271484375,97.33934413023384
2023-10-20,RELIANCE.NS,1141.104248046875,97.04178020132696
2023-10-23,RELIANCE.NS,1123.2861328125,95.52649215894547
2023-10-25,RELIANCE.NS,1120.6802978515625,95.30488675877888
2023-10-26,RELIANCE.NS,1105.0709228515625,93.97743438935447
2023-10-27,RELIANCE.NS,1124.5765380859375,95.63623079599805
2023-10-30,RELIANCE.NS,1147.7548828125,97.60736344074591
2023-10-31,RELIANCE.NS,1135.5452880859375,96.56903516370168
2023-11-01,RELIANCE.NS,1140.2603759765625,96.97001563809316
2023-11-02,RELIANCE.NS,1151.57666015625,97.93237500529436
2023-11-03,RELIANCE.NS,1151.3284912109375,97.91127022342624
2023-11-06,RELIANCE.NS,1160.9075927734375,98.72589611755063
2023-11-07,RELIANCE.NS,1153.3634033203125,98.08432320608316
2023-11-08,RELIANCE.NS,1159.368896484375,98.5950423175272
2023-11-09,RELIANCE.NS,1146.787109375,97.52506205823217
2023-11-10,RELIANCE.NS,1148.946044921875,97.70866224127177
2023-11-13,RELIANCE.NS,1148.7972412109375,97.6960076770331
2023-11-15,RELIANCE.NS,1169.5684814453125,99.46243535687324
2023-11-16,RELIANCE.NS,1171.6778564453125,99.64182081220086
2023-11-17,RELIANCE.NS,1169.121826171875,99.42445090195173
2023-11-20,RELIANCE.NS,1166.044677734375,99.16276406411036
2023-11-21,RELIANCE.NS,1180.7109375,100.4100120337743
2023-11-22,RELIANCE.NS,1185.326904296875,100.80256305274182
2023-11-23,RELIANCE.NS,1188.9500732421875,101.11068456313413
2023-11-24,RELIANCE.NS,1188.1558837890625,101.04314510871507
2023-11-28,RELIANCE.NS,1188.404052734375,101.06424989058318
2023-11-29,RELIANCE.NS,1191.5308837890625,101.33016183723926
2023-11-30,RELIANCE.NS,1179.9913330078125,100.34881543312868
2023-12-01,RELIANCE.NS,1188.3544921875,101.06003516287119
2023-12-04,RELIANCE.NS,1201.209228515625,102.15322756789034
2023-12-05,RELIANCE.NS,1209.9197998046875,102.89399191602769
2023-12-06,RELIANCE.NS,1221.5091552734375,103.87957381005573
2023-12-07,RELIANCE.NS,1219.4990234375,103.70862819125479
2023-12-08,RELIANCE.NS,1218.853759765625,103.65375368217715
2023-12-11,RELIANCE.NS,1220.6405029296875,103.80570188296593
2023-12-12,RELIANCE.NS,1203.1202392578125,102.3157437312673
2023-12-13,RELIANCE.NS,1208.03369140625,102.73359349760945
2023-12-14,RELIANCE.NS,1223.0228271484375,104.00829948401767
2023-12-15,RELIANCE.NS,1238.6324462890625,105.33577261564757
2023-12-18,RELIANCE.NS,1251.239013671875,106.40786023879858
2023-12-19,RELIANCE.NS,1269.6527099609375,107.97379768144299
2023-12-20,RELIANCE.NS,1254.2913818359375,106.66743971278396
2023-12-21,RELIANCE.NS,1271.8614501953125,108.16163335440005
2023-12-22,RELIANCE.NS,1273.1021728515625,108.2671468826379
2023-12-26,RELIANCE.NS,1279.554443359375,108.81586083010619
2023-12-27,RELIANCE.NS,1283.922119140625,109.18729668610285
2023-12-28,RELIANCE.NS,1293.203369140625,109.9765926895444
2023-12-29,RELIANCE.NS,1282.9791259765625,109.10710266744512
2024-01-01,RELIANCE.NS,1285.6097412109375,109.3308154314677
2024-01-02,RELIANCE.NS,1296.255859375,110.23618254463253
2024-01-03,RELIANCE.NS,1282.16015625,109.03745584917006
2024-01-04,RELIANCE.NS,1288.7860107421875,109.60093172473302
2024-01-05,RELIANCE.NS,1294.2705078125,110.06734428968758
2024-01-08,RELIANCE.NS,1284.17041015625,109.20841184907371
2024-01-09,RELIANCE.NS,1280.7703857421875,108.91926699448804
2024-01-10,RELIANCE.NS,1315.3148193359375,111.85699449635457
2024-01-11,RELIANCE.NS,1349.9088134765625,114.79893672593306
2024-01-12,RELIANCE.NS,1360.6541748046875,115.71274367562458
2024-01-15,RELIANCE.NS,1383.8822021484375,117.68810142918717
2024-01-16,RELIANCE.NS,1364.5255126953125,116.04196996788502
2024-01-17,RELIANCE.NS,1351.5714111328125,114.94032734523645
2024-01-18,RELIANCE.NS,1357.8995361328125,115.47848371121931
2024-01-19,RELIANCE.NS,1357.4031982421875,115.43627414748308
2024-01-23,RELIANCE.NS,1318.8138427734375,112.15455842526146
2024-01-24,RELIANCE.NS,1334.00146484375,113.44614408472309
2024-01-25,RELIANCE.NS,1343.1337890625,114.22277514282322
2024-01-29,RELIANCE.NS,1437.4111328125,122.24030841010504
2024-01-30,RELIANCE.NS,1397.2830810546875,118.82773888786001
2024-01-31,RELIANCE.NS,1416.1434326171875,120.43166078542593
2024-02-01,RELIANCE.NS,1416.1683349609375,120.43377853038466
2024-02-02,RELIANCE.NS,1446.990234375,123.05493430422942
2024-02-05,RELIANCE.NS,1428.452392578125,121.47843928009958
2024-02-06,RELIANCE.NS,1417.3099365234375,120.53086260319854
2024-02-07,RELIANCE.NS,1431.554443359375,121.74224386289968
2024-02-08,RELIANCE.NS,1439.4708251953125,122.41546875661795
2024-02-09,RELIANCE.NS,1450.0177001953125,123.31239603325608
2024-02-12,RELIANCE.NS,1441.679443359375,122.60329404847228
2024-02-13,RELIANCE.NS,1454.335693359375,123.67960678043801
2024-02-14,RELIANCE.NS,1470.4912109375,125.05350420351613
2024-02-15,RELIANCE.NS,1459.79541015625,124.14391198153658
2024-02-16,RELIANCE.NS,1449.843994140625,123.29762372405865
2024-02-19,RELIANCE.NS,1463.17041015625,124.43092871006078
2024-02-20,RELIANCE.NS,1460.21728515625,124.17978907260212
2024-02-21,RELIANCE.NS,1456.916748046875,123.89910481674862
2024-02-22,RELIANCE.NS,1470.863525390625,125.08516656686967
2024-02-23,RELIANCE.NS,1482.6512451171875,126.08761775284836
2024-02-26,RELIANCE.NS,1476.3974609375,125.55578347843345
2024-02-27,RELIANCE.NS,1474.73486328125,125.4143928591301
2024-02-28,RELIANCE.NS,1444.930419921875,122.87976357661378
2024-02-29,RELIANCE.NS,1450.0675048828125,123.31663152317354
2024-03-01,RELIANCE.NS,1481.1622314453125,125.96098906163967
2024-03-04,RELIANCE.NS,1496.3250732421875,127.2504673572453
2024-03-05,RELIANCE.NS,1489.177978515625,126.64266417298737
2024-03-06,RELIANCE.NS,1491.957275390625,126.87902112014591
2024-03-07,RELIANCE.NS,1468.059326171875,124.84669187475241
2024-03-11,RELIANCE.NS,1455.8248291015625,123.80624585274947
2024-03-12,RELIANCE.NS,1464.5849609375,124.55122492859878
2024-03-13,RELIANCE.NS,1421.6527099609375,120.90018071423647
2024-03-14,RELIANCE.NS,1420.957763671875,120.84108109634411
2024-03-15,RELIANCE.NS,1407.80517578125,119.72255880064213
2024-03-18,RELIANCE.NS,1428.899169921875,121.51643411612385
2024-03-19,RELIANCE.NS,1414.778564453125,120.31558967570265
2024-03-20,RELIANCE.NS,1433.1427001953125,121.87731239063508
2024-03-21,RELIANCE.NS,1440.3145751953125,122.48722293874901
2024-03-22,RELIANCE.NS,1444.3348388671875,122.82911417635086
2024-03-26,RELIANCE.NS,1430.983642578125,121.69370182649276
2024-03-27,RELIANCE.NS,1481.8818359375,126.0221856622853
2024-03-28,RELIANCE.NS,1474.933349609375,125.43127253218348
2024-04-01,RELIANCE.NS,1473.8662109375,125.3405209320403
2024-04-02,RELIANCE.NS,1476.025146484375,125.52412111507991
2024-04-03,RELIANCE.NS,1460.7880859375,124.22833110900906
2024-04-04,RELIANCE.NS,1452.1767578125,123.4960065973984
2024-04-05,RELIANCE.NS,1449.3724365234375,123.25752152417842
2024-04-08,RELIANCE.NS,1475.057373046875,125.44181973256619
2024-04-09,RELIANCE.NS,1452.896484375,123.55721357914678
2024-04-10,RELIANCE.NS,1468.7044677734375,124.90155600272732
2024-04-12,RELIANCE.NS,1456.370849609375,123.8526805253004
2024-04-15,RELIANCE.NS,1454.062744140625,123.65639463471392
2024-04-16,RELIANCE.NS,1454.98095703125,123.73448128951567
2024-04-18,RELIANCE.NS,1453.5665283203125,123.61419545208041
2024-04-19,RELIANCE.NS,1459.323974609375,124.10382016275906
2024-04-22,RELIANCE.NS,1468.9774169921875,124.92476814845143
2024-04-23,RELIANCE.NS,1448.603271484375,123.19211019582082
2024-04-24,RELIANCE.NS,1439.5205078125,122.41969386543268
2024-04-25,RELIANCE.NS,1449.2484130859375,123.24697432379573
2024-04-26,RELIANCE.NS,1441.8780517578125,122.6201841026284
2024-04-29,RELIANCE.NS,1454.2613525390625,123.67328468887004
2024-04-30,RELIANCE.NS,1456.221923828125,123.84001557995899
2024-05-02,RELIANCE.NS,1455.775146484375,123.80202074393473
2024-05-03,RELIANCE.NS,1423.46435546875,121.05424665998402
2024-05-06,RELIANCE.NS,1409.095703125,119.83230781879743
2024-05-07,RELIANCE.NS,1391.17822265625,118.30856955878653
2024-05-08,RELIANCE.NS,1408.1278076171875,119.74999605518096
2024-05-09,RELIANCE.NS,1383.8822021484375,117.68810142918717
2024-05-10,RELIANCE.NS,1397.0845947265625,118.81085921480661
2024-05-13,RELIANCE.NS,1392.394287109375,118.41198610427112
2024-05-14,RELIANCE.NS,1409.6416015625,119.87873211024565
2024-05-15,RELIANCE.NS,1405.86962890625,119.55795603561465
2024-05-16,RELIANCE.NS,1414.8778076171875,120.32402951222936
2024-05-17,RELIANCE.NS,1425.15185546875,121.1977550242461
2024-05-21,RELIANCE.NS,1425.57373046875,121.23363211531162
2024-05-22,RELIANCE.NS,1449.91845703125,123.30395619672939
2024-05-23,RELIANCE.NS,1475.1319580078125,125.44816258633963
2024-05-24,RELIANCE.NS,1469.37451171875,124.95853787566095
2024-05-27,RELIANCE.NS,1455.4774169921875,123.77670123435465
2024-05-28,RELIANCE.NS,1445.501220703125,122.92830561302073
2024-05-29,RELIANCE.NS,1430.1895751953125,121.62617275317642
2024-05-30,RELIANCE.NS,1414.3814697265625,120.28181994849312
2024-05-31,RELIANCE.NS,1419.8907470703125,120.75033987730367
2024-06-03,RELIANCE.NS,1499.228515625,127.49738188588925
2024-06-04,RELIANCE.NS,1387.0091552734375,117.95402375694599
2024-06-05,RELIANCE.NS,1410.3116455078125,119.93571398317928
2024-06-06,RELIANCE.NS,1421.0819091796875,120.85163867782953
2024-06-07,RELIANCE.NS,1459.1500244140625,124.08902709135619
2024-06-10,RELIANCE.NS,1460.5894775390625,124.21144105485291
2024-06-11,RELIANCE.NS,1445.9727783203125,122.96840781290098
2024-06-12,RELIANCE.NS,1452.57373046875,123.5297659435052
2024-06-13,RELIANCE.NS,1454.4847412109375,123.69228210688217
2024-06-14,RELIANCE.NS,1466.6944580078125,124.73062076502914
2024-06-18,RELIANCE.NS,1470.1439208984375,125.02396996622404
2024-06-19,RELIANCE.NS,1447.9332275390625,123.13512832288718
2024-06-20,RELIANCE.NS,1462.87255859375,124.40559881937794
2024-06-21,RELIANCE.NS,1443.515869140625,122.7594673580758
2024-06-24,RELIANCE.NS,1430.88427734375,121.6852516088633
2024-06-25,RELIANCE.NS,1443.46630859375,122.75525263036383
2024-06-26,RELIANCE.NS,1502.9013671875,127.80972850509629
2024-06-27,RELIANCE.NS,1519.3050537109375,129.2047307100425
2024-06-28,RELIANCE.NS,1553.89892578125,132.14666255851827
2024-07-01,RELIANCE.NS,1548.6875,131.70347252039056
2024-07-02,RELIANCE.NS,1553.675537109375,132.12766514050617
2024-07-03,RELIANCE.NS,1541.019287109375,131.0513524085404
2024-07-04,RELIANCE.NS,1542.6075439453125,131.18642093627582
2024-07-05,RELIANCE.NS,1576.9532470703125,134.10724800288344
2024-07-08,RELIANCE.NS,1589.1380615234375,135.1434689160717
2024-07-09,RELIANCE.NS,1578.5911865234375,134.24654163943356
2024-07-10,RELIANCE.NS,1572.5855712890625,133.7358121468868
2024-07-11,RELIANCE.NS,1569.036865234375,133.4340231091652
2024-07-12,RELIANCE.NS,1584.9937744140625,134.79103047808715
2024-07-15,RELIANCE.NS,1585.4901123046875,134.8332400418234
2024-07-16,RELIANCE.NS,1564.669189453125,133.06258725316852
2024-07-18,RELIANCE.NS,1575.0177001953125,133.94264523785597
2024-07-19,RELIANCE.NS,1543.7242431640625,131.28138726413096
2024-07-22,RELIANCE.NS,1489.6495361328125,126.68276637286762
2024-07-23,RELIANCE.NS,1476.96826171875,125.60432551484043
2024-07-24,RELIANCE.NS,1484.7109375,126.26277809936126
2024-07-25,RELIANCE.NS,1481.435302734375,125.98421158846651
2024-07-26,RELIANCE.NS,1497.9381103515625,127.3876432488367
2024-07-29,RELIANCE.NS,1508.931640625,128.32255498039632
2024-07-30,RELIANCE.NS,1502.0328369140625,127.73586695910926
2024-07-31,RELIANCE.NS,1494.364501953125,127.08373646615637
2024-08-01,RELIANCE.NS,1504.1671142578125,127.91737015939559
2024-08-02,RELIANCE.NS,1488.309326171875,126.56879224589758
2024-08-05,RELIANCE.NS,1436.69140625,122.17910142835669
2024-08-06,RELIANCE.NS,1445.352294921875,122.9156406676793
2024-08-07,RELIANCE.NS,1454.062744140625,123.65639463471392
2024-08-08,RELIANCE.NS,1438.4781494140625,122.3310496291455
2024-08-09,RELIANCE.NS,1463.46826171875,124.45625860074362
2024-08-12,RELIANCE.NS,1449.8936767578125,123.30184883287339
2024-08-13,RELIANCE.NS,1452.8717041015625,123.55510621529078
2024-08-14,RELIANCE.NS,1451.109619140625,123.40525499725523
2024-08-16,RELIANCE.NS,1467.339599609375,124.78548489300405
2024-08-19,RELIANCE.NS,1482.4791259765625,126.07298039798656
2024-08-20,RELIANCE.NS,1489.9990234375,126.71248747000898
2024-08-21,RELIANCE.NS,1492.7132568359375,126.9433112894077
2024-08-22,RELIANCE.NS,1492.1654052734375,126.89672090031567
2024-08-23,RELIANCE.NS,1494.008056640625,127.05342364615886
2024-08-26,RELIANCE.NS,1506.5828857421875,128.12281218259778
2024-08-27,RELIANCE.NS,1494.481201171875,127.09366080037472
2024-08-28,RELIANCE.NS,1492.33984375,126.91155549612951
2024-08-29,RELIANCE.NS,1514.874755859375,128.8279693483408
2024-08-30,RELIANCE.NS,1503.6197509765625,127.87082129471452
2024-09-02,RELIANCE.NS,1510.2183837890625,128.43198218436675
2024-09-03,RELIANCE.NS,1503.1217041015625,127.82846639553995
2024-09-04,RELIANCE.NS,1508.525146484375,128.2879859082759
2024-09-05,RELIANCE.NS,1487.035888671875,126.46049658212573
2024-09-06,RELIANCE.NS,1458.997802734375,124.07608185624083
2024-09-09,RELIANCE.NS,1456.63232421875,123.87491684736706
2024-09-10,RELIANCE.NS,1455.7110595703125,123.79657066499684
2024-09-11,RELIANCE.NS,1445.7259521484375,122.94741722316299
2024-09-12,RELIANCE.NS,1473.913330078125,125.34452803769751
2024-09-13,RELIANCE.NS,1466.766845703125,124.7367767589533
2024-09-16,RELIANCE.NS,1465.4969482421875,124.62878214716085
2024-09-17,RELIANCE.NS,1466.4432373046875,124.70925645559254
2024-09-18,RELIANCE.NS,1457.6282958984375,123.95961626461347
2024-09-19,RELIANCE.NS,1463.82861328125,124.48690361602877
2024-09-20,RELIANCE.NS,1480.0140380859375,125.86334440927789
2024-09-23,RELIANCE.NS,1487.434326171875,126.4943805014654
2024-09-24,RELIANCE.NS,1483.4501953125,126.15556207027426
2024-09-25,RELIANCE.NS,1488.0069580078125,126.54307825441342
2024-09-26,RELIANCE.NS,1491.9910888671875,126.88189668560457
2024-09-27,RELIANCE.NS,1520.1038818359375,129.27266464636566
2024-09-30,RELIANCE.NS,1470.701171875,125.07135970022698
2024-10-01,RELIANCE.NS,1458.997802734375,124.07608185624083
2024-10-03,RELIANCE.NS,1401.3780517578125,119.17598336033804
2024-10-04,RELIANCE.NS,1381.0093994140625,117.44379255733068
2024-10-07,RELIANCE.NS,1365.272216796875,116.10547117333867
2024-10-08,RELIANCE.NS,1391.791259765625,118.36070345674112
2024-10-09,RELIANCE.NS,1369.1318359375,116.43370087973616
2024-10-10,RELIANCE.NS,1365.595947265625,116.13300185780216
2024-10-11,RELIANCE.NS,1366.6417236328125,116.22193676496602
2024-10-14,RELIANCE.NS,1367.0650634765625,116.25793842926441
2024-10-15,RELIANCE.NS,1338.678466796875,113.84388565506005
2024-10-16,RELIANCE.NS,1348.6884765625,114.69515684185264
2024-10-17,RELIANCE.NS,1351.0291748046875,114.89421448687041
2024-10-18,RELIANCE.NS,1353.8927001953125,115.13773439491874
2024-10-21,RELIANCE.NS,1363.7532958984375,115.97629911195895
2024-10-22,RELIANCE.NS,1338.006103515625,113.78670654117435
2024-10-23,RELIANCE.NS,1333.2003173828125,113.37801290744791
2024-10-24,RELIANCE.NS,1334.4703369140625,113.48601790034307
2024-10-25,RELIANCE.NS,1322.5677490234375,112.47379809668709
2024-10-28,RELIANCE.NS,1329.0418701171875,113.02437026154566
2024-10-29,RELIANCE.NS,1334.66943359375,113.50294947891018
2024-10-30,RELIANCE.NS,1338.553955078125,113.8332969302664
2024-10-31,RELIANCE.NS,1326.7510986328125,112.82955848754807
2024-11-01,RELIANCE.NS,1333.3248291015625,113.38860163224153
2024-11-04,RELIANCE.NS,1296.9700927734375,110.29692237675764
2024-11-05,RELIANCE.NS,1300.1075439453125,110.56373747935197
2024-11-06,RELIANCE.NS,1320.0777587890625,112.2620443630197
2024-11-07,RELIANCE.NS,1300.4561767578125,110.5933859087742
2024-11-08,RELIANCE.NS,1278.6431884765625,108.73836589816055
2024-11-11,RELIANCE.NS,1267.6370849609375,107.80238491301881
2024-11-12,RELIANCE.NS,1269.1810302734375,107.93368510046
2024-11-13,RELIANCE.NS,1247.0693359375,106.05326253144436
2024-11-14,RELIANCE.NS,1262.5574951171875,107.37040646584907
2024-11-18,RELIANCE.NS,1255.7347412109375,106.79018587156833
2024-11-19,RELIANCE.NS,1236.710693359375,105.17234291522956
2024-11-21,RELIANCE.NS,1218.1348876953125,103.59261936814794
2024-11-22,RELIANCE.NS,1260.3662109375,107.18405529058369
2024-11-25,RELIANCE.NS,1281.8802490234375,109.01365198058983
2024-11-26,RELIANCE.NS,1290.545654296875,109.75057532071379
2024-11-27,RELIANCE.NS,1288.0555419921875,109.53881120594365
2024-11-28,RELIANCE.NS,1265.7447509765625,107.6414570583609
2024-11-29,RELIANCE.NS,1287.0595703125,109.45411178869722
2024-12-02,RELIANCE.NS,1303.9422607421875,110.88984944079077
2024-12-03,RELIANCE.NS,1318.035888671875,112.08839965750666
2024-12-04,RELIANCE.NS,1303.742919921875,110.87289710001819
2024-12-05,RELIANCE.NS,1316.7908935546875,111.98252279067296
2024-12-06,RELIANCE.NS,1306.3326416015625,111.09313219462325
2024-12-09,RELIANCE.NS,1289.9979248046875,109.7039953127245
2024-12-10,RELIANCE.NS,1279.73876953125,108.83153629524189
2024-12-11,RELIANCE.NS,1273.115234375,108.26825766063095
2024-12-12,RELIANCE.NS,1257.876220703125,106.97230155691626
2024-12-13,RELIANCE.NS,1267.78662109375,107.81510176387393
2024-12-16,RELIANCE.NS,1263.2547607421875,107.42970332469348
2024-12-17,RELIANCE.NS,1240.34619140625,105.48151291699853
2024-12-18,RELIANCE.NS,1248.2645263671875,106.1549039083606
2024-12-19,RELIANCE.NS,1225.55517578125,104.22365546033548
2024-12-20,RELIANCE.NS,1200.50537109375,102.09337012949801
2024-12-23,RELIANCE.NS,1217.437744140625,103.5333328904063
2024-12-24,RELIANCE.NS,1217.8858642578125,103.57144191856067
2024-12-26,RELIANCE.NS,1211.7105712890625,103.04628269320686
2024-12-27,RELIANCE.NS,1216.1927490234375,103.42745602357257
2024-12-30,RELIANCE.NS,1205.8837890625,102.5507615161725
2024-12-31,RELIANCE.NS,1210.6148681640625,102.95310191502278
2025-01-01,RELIANCE.NS,1216.391845703125,103.44438760213967
2025-01-02,RELIANCE.NS,1236.860107421875,105.18504938498194
2025-01-03,RELIANCE.NS,1246.1729736328125,105.97703409403285
2025-01-06,RELIANCE.NS,1213.15478515625,103.1691015197104
2025-01-07,RELIANCE.NS,1235.913818359375,105.10457507655025
2025-01-08,RELIANCE.NS,1260.4658203125,107.1925262704186
2025-01-09,RELIANCE.NS,1249.758544921875,106.28195822478159
2025-01-10,RELIANCE.NS,1236.959716796875,105.19352036481686
2025-01-13,RELIANCE.NS,1234.9178466796875,105.01987565930384
2025-01-14,RELIANCE.NS,1233.822265625,104.9267052622225
2025-01-15,RELIANCE.NS,1247.2186279296875,106.06595862009401
2025-01-16,RELIANCE.NS,1261.4119873046875,107.27299019774755
2025-01-17,RELIANCE.NS,1297.169189453125,110.31385395532472
2025-01-20,RELIANCE.NS,1300.2568359375,110.57643356800162
2025-01-21,RELIANCE.NS,1268.6331787109375,107.88709471136796
2025-01-22,RELIANCE.NS,1272.0196533203125,108.17508726354963
2025-01-23,RELIANCE.NS,1258.6231689453125,107.03582352457539
2025-01-24,RELIANCE.NS,1241.34228515625,105.56622271534768
2025-01-27,RELIANCE.NS,1224.4595947265625,104.13048506325413
2025-01-28,RELIANCE.NS,1229.4896240234375,104.5582487827119
2025-01-29,RELIANCE.NS,1230.585205078125,104.65141917979321
2025-01-30,RELIANCE.NS,1248.0654296875,106.13797232979351
2025-01-31,RELIANCE.NS,1260.0673828125,107.15864235107892
2025-02-01,RELIANCE.NS,1259.5693359375,107.11628745190436
2025-02-03,RELIANCE.NS,1240.94384765625,105.532338796008
2025-02-04,RELIANCE.NS,1280.08740234375,108.86118472466408
2025-02-05,RELIANCE.NS,1273.115234375,108.26825766063095
2025-02-06,RELIANCE.NS,1276.4520263671875,108.55202510399789
2025-02-07,RELIANCE.NS,1261.6610107421875,107.29416764733483
2025-02-10,RELIANCE.NS,1248.6629638671875,106.18878782770027
2025-02-11,RELIANCE.NS,1229.937744140625,104.59635781086627
2025-02-12,RELIANCE.NS,1211.7105712890625,103.04628269320686
2025-02-13,RELIANCE.NS,1211.2623291015625,103.00816328394973
2025-02-14,RELIANCE.NS,1212.40771484375,103.10556917094853
2025-02-17,RELIANCE.NS,1220.02734375,103.7535576039086
2025-02-18,RELIANCE.NS,1220.525390625,103.7959125030832
2025-02-19,RELIANCE.NS,1222.567138671875,103.96954682749349
2025-02-20,RELIANCE.NS,1228.0950927734375,104.43965506502309
2025-02-21,RELIANCE.NS,1223.264404296875,104.0288436863379
2025-02-24,RELIANCE.NS,1209.718505859375,102.87687347761127
2025-02-25,RELIANCE.NS,1199.21044921875,101.98324739164413
2025-02-27,RELIANCE.NS,1202.298095703125,102.24582700432103
2025-02-28,RELIANCE.NS,1195.325927734375,101.6528999402879
2025-03-03,RELIANCE.NS,1166.5906982421875,99.20919873666132
2025-03-04,RELIANCE.NS,1157.2779541015625,98.41722440871315
2025-03-05,RELIANCE.NS,1170.9234619140625,99.57766559727467
2025-03-06,RELIANCE.NS,1204.7882080078125,102.45759111909119
2025-03-07,RELIANCE.NS,1244.828369140625,105.86268624736424
2025-03-10,RELIANCE.NS,1233.4736328125,104.8970568328003
2025-03-11,RELIANCE.NS,1242.3382568359375,105.65092213259408
2025-03-12,RELIANCE.NS,1252.0494384765625,106.47678037988193
2025-03-13,RELIANCE.NS,1242.9359130859375,105.7017480116036
2025-03-17,RELIANCE.NS,1233.9217529296875,104.93516586095468
2025-03-18,RELIANCE.NS,1233.9217529296875,104.93516586095468
2025-03-19,RELIANCE.NS,1242.1888427734375,105.6382156628417
2025-03-20,RELIANCE.NS,1264.101318359375,107.50169627218753
2025-03-21,RELIANCE.NS,1271.2725830078125,108.11155491478776
2025-03-24,RELIANCE.NS,1296.920166015625,110.29267650573742
2025-03-25,RELIANCE.NS,1280.33642578125,108.88236217425138
2025-03-26,RELIANCE.NS,1267.98583984375,107.83204372354376
2025-03-27,RELIANCE.NS,1273.115234375,108.26825766063095
2025-03-28,RELIANCE.NS,1270.027587890625,108.00567804795405
2025-04-01,RELIANCE.NS,1247.6170654296875,106.09984253943365
2025-04-02,RELIANCE.NS,1246.1729736328125,105.97703409403285
2025-04-03,RELIANCE.NS,1243.732666015625,105.76950546918016
2025-04-04,RELIANCE.NS,1199.9075927734375,102.04253386938579
2025-04-07,RELIANCE.NS,1161.062744140625,98.73909049913172
2025-04-08,RELIANCE.NS,1177.4971923828125,100.13670874196814
2025-04-09,RELIANCE.NS,1180.6346435546875,100.4035238445625
2025-04-11,RELIANCE.NS,1214.1009521484375,103.24956544703936
2025-04-15,RELIANCE.NS,1235.1668701171875,105.04105310889112
2025-04-16,RELIANCE.NS,1234.3701171875,104.97329565131454
2025-04-17,RELIANCE.NS,1269.4300537109375,107.9548625500473
2025-04-21,RELIANCE.NS,1290.346435546875,109.73363336104396
2025-04-22,RELIANCE.NS,1286.0635986328125,109.3694123714508
2025-04-23,RELIANCE.NS,1294.82861328125,110.11480669140967
2025-04-24,RELIANCE.NS,1296.4222412109375,110.25033198766559
2025-04-25,RELIANCE.NS,1295.22705078125,110.14869061074934
2025-04-28,RELIANCE.NS,1363.35498046875,115.94242557372203
2025-04-29,RELIANCE.NS,1394.1319580078125,118.5597611017589
2025-04-30,RELIANCE.NS,1399.410888671875,119.0086918897012
2025-05-02,RELIANCE.NS,1414.152099609375,120.2623138564468
2025-05-05,RELIANCE.NS,1425.6063232421875,121.2364038697429
2025-05-06,RELIANCE.NS,1415.2476806640625,120.35548425352812
2025-05-07,RELIANCE.NS,1400.4068603515625,119.09339130694761
2025-05-08,RELIANCE.NS,1401.4029541015625,119.17810110529676
2025-05-09,RELIANCE.NS,1371.721435546875,116.65392559323851
2025-05-12,RELIANCE.NS,1430.7855224609375,121.67685329674755
2025-05-13,RELIANCE.NS,1410.0682373046875,119.91501406431799
2025-05-14,RELIANCE.NS,1418.7337646484375,120.65194778554469
2025-05-15,RELIANCE.NS,1448.4151611328125,123.17611291650022
2025-05-16,RELIANCE.NS,1450.6064453125,123.36246409176563
2025-05-19,RELIANCE.NS,1435.0684814453125,122.04108466744346
2025-05-20,RELIANCE.NS,1418.932861328125,120.66887936411177
2025-05-21,RELIANCE.NS,1423.5145263671875,121.05851329320967
2025-05-22,RELIANCE.NS,1403.79345703125,119.381394240232
2025-05-23,RELIANCE.NS,1421.124267578125,120.85524092047993
2025-05-26,RELIANCE.NS,1429.0924072265625,121.53286740175948
2025-05-27,RELIANCE.NS,1416.44287109375,120.45712563044437
2025-05-28,RELIANCE.NS,1407.279541015625,119.67785777224857
2025-05-29,RELIANCE.NS,1412.1600341796875,120.09290464085123
2025-05-30,RELIANCE.NS,1415.2476806640625,120.35548425352812
2025-06-02,RELIANCE.NS,1408.0762939453125,119.74561522982516
2025-06-03,RELIANCE.NS,1399.908935546875,119.05104678887577
2025-06-04,RELIANCE.NS,1417.8372802734375,120.57570896703045
2025-06-05,RELIANCE.NS,1436.662109375,122.17660996369936
2025-06-06,RELIANCE.NS,1437.7576904296875,122.26978036078069
2025-06-09,RELIANCE.NS,1443.0367431640625,122.71872152982574
2025-06-10,RELIANCE.NS,1432.777587890625,121.84626251234315
2025-06-11,RELIANCE.NS,1443.13623046875,122.72718212855791
2025-06-12,RELIANCE.NS,1435.865234375,122.10884212502005
2025-06-13,RELIANCE.NS,1422.2198486328125,120.94841131756124
2025-06-16,RELIANCE.NS,1432.0804443359375,121.78697603460147
2025-06-17,RELIANCE.NS,1425.506591796875,121.22792250880525
2025-06-18,RELIANCE.NS,1424.4110107421875,121.13475211172391
2025-06-19,RELIANCE.NS,1427.598388671875,121.4058130853385
2025-06-20,RELIANCE.NS,1460.367431640625,124.19255782897092
2025-06-23,RELIANCE.NS,1451.0048828125,123.39634801110529
2025-06-24,RELIANCE.NS,1445.0286865234375,122.88812036431858
2025-06-25,RELIANCE.NS,1461.463134765625,124.285738607155
2025-06-26,RELIANCE.NS,1489.3516845703125,126.65743648218478
2025-06-27,RELIANCE.NS,1509.3717041015625,128.35997885576995
2025-06-30,RELIANCE.NS,1494.630615234375,127.1063672701271
2025-07-01,RELIANCE.NS,1522.320068359375,129.46113356658978
2025-07-02,RELIANCE.NS,1512.75830078125,128.6479817890543
2025-07-03,RELIANCE.NS,1511.76220703125,128.56327199070518
2025-07-04,RELIANCE.NS,1521.2244873046875,129.36796316950844
2025-07-07,RELIANCE.NS,1535.367919921875,130.5707488761418
2025-07-08,RELIANCE.NS,1531.4833984375,130.2404014247856
2025-07-09,RELIANCE.NS,1512.9573974609375,128.66491336762144
2025-07-10,RELIANCE.NS,1511.16455078125,128.51244611169568
2025-07-11,RELIANCE.NS,1489.2520751953125,126.64896550234988
2025-07-14,RELIANCE.NS,1477.7977294921875,125.674865107951
2025-07-15,RELIANCE.NS,1479.4910888671875,125.81887176514456
2025-07-16,RELIANCE.NS,1479.690185546875,125.83580334371167
2025-07-17,RELIANCE.NS,1470.52685546875,125.05653548551588
2025-07-18,RELIANCE.NS,1470.12841796875,125.02265156617621
2025-07-21,RELIANCE.NS,1422.9169921875,121.00769779530292
2025-07-22,RELIANCE.NS,1407.179931640625,119.66938679241366
2025-07-23,RELIANCE.NS,1418.932861328125,120.66887936411177
2025-07-24,RELIANCE.NS,1397.3192138671875,118.83081169427072
2025-07-25,RELIANCE.NS,1386.1636962890625,117.88212423937661
2025-07-28,RELIANCE.NS,1382.080078125,117.53484520945328
2025-07-29,RELIANCE.NS,1411.4627685546875,120.0336077820068
2025-07-30,RELIANCE.NS,1404.4906005859375,119.44068071797366
2025-07-31,RELIANCE.NS,1384.669677734375,117.75506992295561
2025-08-01,RELIANCE.NS,1388.15576171875,118.05153345497217
2025-08-04,RELIANCE.NS,1405.885009765625,119.55926405455975
2025-08-05,RELIANCE.NS,1386.1636962890625,117.88212423937661
2025-08-06,RELIANCE.NS,1387.259521484375,117.97531539866341
2025-08-07,RELIANCE.NS,1383.8729248046875,117.68731246537902
2025-08-08,RELIANCE.NS,1362.35888671875,115.85771577537287
2025-08-11,RELIANCE.NS,1380.6856689453125,117.4162618728672
2025-08-12,RELIANCE.NS,1374.9088134765625,116.92498656685306
2025-08-13,RELIANCE.NS,1377.0999755859375,117.11132736101573
2025-08-14,RELIANCE.NS,1373.800048828125,116.83069501067594
2025-08-18,RELIANCE.NS,1381.699951171875,117.50251845552444
2025-08-19,RELIANCE.NS,1420.0999755859375,120.76813308739808
2025-08-20,RELIANCE.NS,1413.0,120.16433700879736
2025-08-21,RELIANCE.NS,1424.800048828125,121.1678366861527
2025-08-22,RELIANCE.NS,1409.199951171875,119.84117328053642
2025-08-25,RELIANCE.NS,1412.5999755859375,120.1303181351221
2025-08-26,RELIANCE.NS,1384.9000244140625,117.77465906382385
2025-08-28,RELIANCE.NS,1385.9000244140625,117.85970105746064
2025-08-29,RELIANCE.NS,1357.199951171875,115.41898961142287
2025-09-01,RELIANCE.NS,1353.9000244140625,115.13835726108309
2025-09-02,RELIANCE.NS,1366.5,116.2098843046862
2025-09-03,RELIANCE.NS,1372.5999755859375,116.72863838965013
2025-09-04,RELIANCE.NS,1359.300048828125,115.59758610294233
2025-09-05,RELIANCE.NS,1375.0,116.93274125059898
2025-09-08,RELIANCE.NS,1378.5,117.23038822832778
2025-09-09,RELIANCE.NS,1376.199951171875,117.03478749052205
2025-09-10,RELIANCE.NS,1377.0,117.1028252378726
2025-09-11,RELIANCE.NS,1383.300048828125,117.63859395022551
2025-09-12,RELIANCE.NS,1395.0,118.63358112333498
2025-09-15,RELIANCE.NS,1399.300048828125,118.99926584841431
2025-09-16,RELIANCE.NS,1405.300048828125,119.50951781023511
2025-09-17,RELIANCE.NS,1413.800048828125,120.23237475614789
2025-09-18,RELIANCE.NS,1415.0,120.33442099607097
2025-09-19,RELIANCE.NS,1407.4000244140625,119.68810392065183
2025-09-22,RELIANCE.NS,1390.5999755859375,118.25939427511251
2025-09-23,RELIANCE.NS,1389.800048828125,118.19136690886471
2025-09-24,RELIANCE.NS,1383.0,117.61307719969338
2025-09-25,RELIANCE.NS,1372.4000244140625,116.71163414336385
2025-09-26,RELIANCE.NS,1377.5999755859375,117.15384835783411
2025-09-29,RELIANCE.NS,1372.800048828125,116.74565301703912
2025-09-30,RELIANCE.NS,1364.0,115.9972793205942
2025-10-01,RELIANCE.NS,1368.699951171875,116.39697253824606
2025-10-03,RELIANCE.NS,1363.4000244140625,115.94625620063266
2025-10-06,RELIANCE.NS,1375.0,116.93274125059898
2025-10-07,RELIANCE.NS,1384.800048828125,117.76615694068072
2025-10-08,RELIANCE.NS,1367.4000244140625,116.28642417517987
2025-10-09,RELIANCE.NS,1377.800048828125,117.17086298522312
2025-10-10,RELIANCE.NS,1381.699951171875,117.50251845552444
2025-10-13,RELIANCE.NS,1375.0,116.93274125059898
2025-10-14,RELIANCE.NS,1375.9000244140625,117.00928112109266
2025-10-15,RELIANCE.NS,1374.300048828125,116.87321600749432
2025-10-16,RELIANCE.NS,1398.300048828125,118.9142238547775
2025-10-17,RELIANCE.NS,1416.800048828125,120.4875007370583
2025-10-20,RELIANCE.NS,1466.800048828125,124.73960041889826
2025-10-21,RELIANCE.NS,1465.199951171875,124.60352492419719
2025-10-23,RELIANCE.NS,1448.4000244140625,123.17482565976061
2025-10-24,RELIANCE.NS,1451.5999755859375,123.44695588695727
2025-10-27,RELIANCE.NS,1484.0999755859375,126.21082068015323
2025-10-28,RELIANCE.NS,1486.9000244140625,126.44894241477738
2025-10-29,RELIANCE.NS,1504.199951171875,127.92016267603236
2025-10-30,RELIANCE.NS,1488.5,126.58500752837571
2025-10-31,RELIANCE.NS,1486.4000244140625,126.40642141795897
2025-11-03,RELIANCE.NS,1484.699951171875,126.26184380011478
2025-11-04,RELIANCE.NS,1473.0999755859375,125.27535875014846
2025-11-06,RELIANCE.NS,1496.0999755859375,127.23132460379483
2025-11-07,RELIANCE.NS,1478.0,125.69206659518932
2025-11-10,RELIANCE.NS,1489.300048828125,126.65304527572626
2025-11-11,RELIANCE.NS,1493.4000244140625,127.00171537341657
2025-11-12,RELIANCE.NS,1511.5,128.5409733820221
2025-11-13,RELIANCE.NS,1510.9000244140625,128.48995026206055
2025-11-14,RELIANCE.NS,1518.9000244140625,129.17028621115497
2025-11-17,RELIANCE.NS,1518.300048828125,129.1192630911934
2025-11-18,RELIANCE.NS,1519.4000244140625,129.21280720797336
2025-11-19,RELIANCE.NS,1518.9000244140625,129.17028621115497
2025-11-20,RELIANCE.NS,1549.0999755859375,131.7385502665452
2025-11-21,RELIANCE.NS,1546.5999755859375,131.5259452824532
2025-11-24,RELIANCE.NS,1535.9000244140625,130.61600010298054
2025-11-25,RELIANCE.NS,1539.699951171875,130.93915345013875
2025-11-26,RELIANCE.NS,1569.9000244140625,133.50742788663172
2025-11-27,RELIANCE.NS,1563.4000244140625,132.95465492799252
2025-11-28,RELIANCE.NS,1567.5,133.30332502568285
2025-12-01,RELIANCE.NS,1566.0999755859375,133.18426415837078
2025-12-02,RELIANCE.NS,1546.300048828125,131.5004389130238
2025-12-03,RELIANCE.NS,1538.800048828125,130.8626239607478
2025-12-04,RELIANCE.NS,1535.5999755859375,130.59048335244842
2025-12-05,RELIANCE.NS,1540.5999755859375,131.0156933206324
2025-12-08,RELIANCE.NS,1543.0,131.21979618158127
2025-12-09,RELIANCE.NS,1529.4000244140625,130.06322714434134
2025-12-10,RELIANCE.NS,1536.9000244140625,130.70104209661736
2025-12-11,RELIANCE.NS,1545.0,131.38988016885486
2025-12-12,RELIANCE.NS,1556.5,132.36786309567805
2025-12-15,RELIANCE.NS,1556.199951171875,132.34234634514593
2025-12-16,RELIANCE.NS,1542.300048828125,131.1602709384766
2025-12-17,RELIANCE.NS,1544.4000244140625,131.33885704889335
2025-12-18,RELIANCE.NS,1544.4000244140625,131.33885704889335
2025-12-19,RELIANCE.NS,1565.0999755859375,133.099222164734
2025-12-22,RELIANCE.NS,1575.4000244140625,133.97515885163412
2025-12-23,RELIANCE.NS,1570.699951171875,133.5754552528795
2025-12-24,RELIANCE.NS,1558.199951171875,132.51243033241954
2025-12-26,RELIANCE.NS,1559.199951171875,132.59747232605633
2025-12-29,RELIANCE.NS,1545.5999755859375,131.4409032888164
2025-12-30,RELIANCE.NS,1539.800048828125,130.9476659543846
2025-12-31,RELIANCE.NS,1570.4000244140625,133.5499488834501
2026-01-01,RELIANCE.NS,1575.5999755859375,133.99216309792038
2026-01-02,RELIANCE.NS,1592.300048828125,135.41237062031658
2026-01-05,RELIANCE.NS,1578.0999755859375,134.20476808201238
2026-01-06,RELIANCE.NS,1507.5999755859375,128.20930753061802
2026-01-07,RELIANCE.NS,1504.199951171875,127.92016267603236
2026-01-08,RELIANCE.NS,1470.5999755859375,125.06275376605645
2026-01-09,RELIANCE.NS,1475.300048828125,125.46245736481106
2026-01-12,RELIANCE.NS,1483.199951171875,126.13428080965959
2026-01-13,RELIANCE.NS,1452.800048828125,123.54901250798306
2026-01-14,RELIANCE.NS,1458.800048828125,124.05926446980386
2026-01-15,RELIANCE.NS,1458.800048828125,124.05926446980386
2026-01-16,RELIANCE.NS,1457.9000244140625,123.98272459931019
2026-01-19,RELIANCE.NS,1413.5999755859375,120.21536012875889
2026-01-20,RELIANCE.NS,1394.0,118.54853912969818
2026-01-21,RELIANCE.NS,1404.5999755859375,119.4499821860277
2026-01-22,RELIANCE.NS,1402.5,119.27139607561097
2026-01-23,RELIANCE.NS,1386.0999755859375,117.87670530374692
2026-01-27,RELIANCE.NS,1380.5,117.4004722156014
2026-01-28,RELIANCE.NS,1396.699951171875,118.77814836007643
2026-01-29,RELIANCE.NS,1391.0,118.29341314878778
2026-01-30,RELIANCE.NS,1395.4000244140625,118.66759999701024
2026-02-02,RELIANCE.NS,1390.4000244140625,118.24239002882624
2026-02-03,RELIANCE.NS,1437.0999755859375,122.21384697922369
2026-02-04,RELIANCE.NS,1456.800048828125,123.88918048253026
2026-02-05,RELIANCE.NS,1443.4000244140625,122.74961569157661
2026-02-06,RELIANCE.NS,1450.800048828125,123.37892852070947
2026-02-09,RELIANCE.NS,1461.5999755859375,124.29737582332525
2026-02-10,RELIANCE.NS,1458.5,124.03374771927173
2026-02-11,RELIANCE.NS,1468.699951171875,124.90117190192598
2026-02-12,RELIANCE.NS,1448.9000244140625,123.217346656579
2026-02-13,RELIANCE.NS,1419.5999755859375,120.72561209057969
2026-02-16,RELIANCE.NS,1437.0999755859375,122.21384697922369
2026-02-17,RELIANCE.NS,1423.0,121.01475694516535
2026-02-18,RELIANCE.NS,1441.300048828125,122.57102958115989
2026-02-19,RELIANCE.NS,1409.5,119.86669003106856
2026-02-20,RELIANCE.NS,1419.4000244140625,120.70860784429343
2026-02-23,RELIANCE.NS,1428.0,121.43996691334935
2026-02-24,RELIANCE.NS,1428.800048828125,121.50800466069988
2026-02-25,RELIANCE.NS,1398.5,118.93122810106378
2026-02-26,RELIANCE.NS,1406.800048828125,119.63708080069031
2026-02-27,RELIANCE.NS,1393.9000244140625,118.54003700655504
2026-03-02,RELIANCE.NS,1358.0,115.4870273587734
2026-03-04,RELIANCE.NS,1345.0,114.381481441495
2026-03-05,RELIANCE.NS,1389.4000244140625,118.15734803518944
2026-03-06,RELIANCE.NS,1404.800048828125,119.4669968134167
2026-03-09,RELIANCE.NS,1424.0,121.09979893880217
2026-03-10,RELIANCE.NS,1408.800048828125,119.8071647879639
2026-03-11,RELIANCE.NS,1390.199951171875,118.22537540143725
2026-03-12,RELIANCE.NS,1392.199951171875,118.39545938871083
2026-03-13,RELIANCE.NS,1380.699951171875,117.41747646188765
2026-03-16,RELIANCE.NS,1395.0999755859375,118.64208324647811
2026-03-17,RELIANCE.NS,1397.5999755859375,118.8546882305701
2026-03-18,RELIANCE.NS,1408.0999755859375,119.7476291637565
2026-03-19,RELIANCE.NS,1384.800048828125,117.76615694068072
2026-03-20,RELIANCE.NS,1414.4000244140625,120.28339787610942
2026-03-23,RELIANCE.NS,1407.800048828125,119.7221227943271
2026-03-24,RELIANCE.NS,1411.800048828125,120.06229076887429
2026-03-25,RELIANCE.NS,1413.0999755859375,120.1728391319405
2026-03-27,RELIANCE.NS,1348.0999755859375,114.64510954554854
2026-03-30,RELIANCE.NS,1343.9000244140625,114.28793732471507
2026-04-01,RELIANCE.NS,1369.199951171875,116.43949353506446
2026-04-02,RELIANCE.NS,1350.5,114.84921240649741
2026-04-06,RELIANCE.NS,1304.699951171875,110.95428494549091
2026-04-07,RELIANCE.NS,1304.5999755859375,110.94578282234777
2026-04-08,RELIANCE.NS,1347.800048828125,114.61960317611914
2026-04-09,RELIANCE.NS,1330.0,113.10585153694302
2026-04-10,RELIANCE.NS,1350.199951171875,114.82369565596527
2026-04-13,RELIANCE.NS,1315.0999755859375,111.83872375553416
2026-04-15,RELIANCE.NS,1344.0999755859375,114.30494157100135
2026-04-16,RELIANCE.NS,1343.300048828125,114.23691420475355
2026-04-17,RELIANCE.NS,1365.0,116.082321314231
2026-04-20,RELIANCE.NS,1363.300048828125,115.93775407748954
2026-04-21,RELIANCE.NS,1353.300048828125,115.08733414112153
2026-04-22,RELIANCE.NS,1362.0999755859375,115.83569745646373
2026-04-23,RELIANCE.NS,1343.4000244140625,114.24541632789669
2026-04-24,RELIANCE.NS,1327.800048828125,112.91876330338314
2026-04-27,RELIANCE.NS,1365.800048828125,116.15035906158153
2026-04-28,RELIANCE.NS,1388.9000244140625,118.11482703837103
2026-04-29,RELIANCE.NS,1425.4000244140625,121.21885980611422
2026-04-30,RELIANCE.NS,1430.800048828125,121.6780886479735
2026-05-01,RELIANCE.NS,1430.800048828125,121.6780886479735
2026-05-04,RELIANCE.NS,1463.0999755859375,124.42493881378044
2026-05-05,RELIANCE.NS,1463.5999755859375,124.46745981059885
2026-05-06,RELIANCE.NS,1437.9000244140625,122.28188472657422
2026-05-07,RELIANCE.NS,1436.199951171875,122.13730710873001
2026-05-08,RELIANCE.NS,1435.199951171875,122.05226511509322
2026-05-11,RELIANCE.NS,1388.199951171875,118.05529141416365
2026-05-12,RELIANCE.NS,1364.0,115.9972793205942
2026-05-13,RELIANCE.NS,1358.800048828125,115.55506510612395
2026-05-14,RELIANCE.NS,1361.800048828125,115.81019108703434
2026-05-15,RELIANCE.NS,1336.4000244140625,113.65012237243907
2026-05-18,RELIANCE.NS,1335.9000244140625,113.60760137562069
2026-05-19,RELIANCE.NS,1322.699951171875,112.4850408309533
2026-05-20,RELIANCE.NS,1359.699951171875,115.63159459551487
2026-05-21,RELIANCE.NS,1349.5999755859375,114.77267253600374
2026-05-22,RELIANCE.NS,1354.5,115.1893803810446
2026-05-25,RELIANCE.NS,1367.0,116.25240530150461
2026-05-26,RELIANCE.NS,1356.300048828125,115.34246012203194
2026-05-27,RELIANCE.NS,1350.5,114.84921240649741
2026-05-28,RELIANCE.NS,1350.5,114.84921240649741
2026-05-29,RELIANCE.NS,1321.199951171875,112.35747784049809
2026-06-01,RELIANCE.NS,1320.0,112.25543160057502
2026-06-02,RELIANCE.NS,1314.5999755859375,111.79620275871575
2026-06-03,RELIANCE.NS,1313.199951171875,111.67714189140369
2023-01-02,SILVERBEES.NS,67.66999816894531,100.0
2023-01-03,SILVERBEES.NS,68.66999816894531,101.47775975625623
2023-01-04,SILVERBEES.NS,68.7300033569336,101.5664330082319
2023-01-05,SILVERBEES.NS,66.91999816894531,98.89168018280783
2023-01-06,SILVERBEES.NS,66.87999725341797,98.83256843962812
2023-01-09,SILVERBEES.NS,67.94999694824219,100.4137709278458
2023-01-10,SILVERBEES.NS,67.08000183105469,99.12812715552668
2023-01-11,SILVERBEES.NS,67.54000091552734,99.80789529047507
2023-01-12,SILVERBEES.NS,67.1500015258789,99.23156988748813
2023-01-13,SILVERBEES.NS,67.18000030517578,99.27590087626986
2023-01-16,SILVERBEES.NS,68.26000213623047,100.87188411888552
2023-01-17,SILVERBEES.NS,68.05000305175781,100.56155592300118
2023-01-18,SILVERBEES.NS,68.19999694824219,100.78321086690984
2023-01-19,SILVERBEES.NS,66.73999786376953,98.62568297570522
2023-01-20,SILVERBEES.NS,67.58999633789062,99.88177651364057
2023-01-23,SILVERBEES.NS,67.5199966430664,99.77833378167912
2023-01-24,SILVERBEES.NS,67.30999755859375,99.46800558579478
2023-01-25,SILVERBEES.NS,67.25,99.37934360823131
2023-01-27,SILVERBEES.NS,67.47000122070312,99.70445255851364
2023-01-30,SILVERBEES.NS,67.44999694824219,99.67489104971767
2023-01-31,SILVERBEES.NS,66.9800033569336,98.9803534347835
2023-02-01,SILVERBEES.NS,68.70999908447266,101.53687149943593
2023-02-02,SILVERBEES.NS,70.5999984741211,104.32983653680724
2023-02-03,SILVERBEES.NS,68.87999725341797,101.78808795214056
2023-02-06,SILVERBEES.NS,66.91999816894531,98.89168018280783
2023-02-07,SILVERBEES.NS,66.80999755859375,98.72912570766667
2023-02-08,SILVERBEES.NS,66.83999633789062,98.7734566964484
2023-02-09,SILVERBEES.NS,66.73999786376953,98.62568297570522
2023-02-10,SILVERBEES.NS,66.04000091552734,97.59125565609075
2023-02-13,SILVERBEES.NS,65.62000274658203,96.97059926432206
2023-02-14,SILVERBEES.NS,65.55999755859375,96.88192601234638
2023-02-15,SILVERBEES.NS,64.80000305175781,95.75883671516844
2023-02-16,SILVERBEES.NS,64.9800033569336,96.02483392227104
2023-02-17,SILVERBEES.NS,64.11000061035156,94.73917887553974
2023-02-20,SILVERBEES.NS,65.33000183105469,96.54204758207828
2023-02-21,SILVERBEES.NS,65.12000274658203,96.23171938619393
2023-02-22,SILVERBEES.NS,65.22000122070312,96.37949310693712
2023-02-23,SILVERBEES.NS,64.52999877929688,95.35983526730843
2023-02-24,SILVERBEES.NS,63.900001525878906,94.4288506796554
2023-02-27,SILVERBEES.NS,62.90999984741211,92.96586604059104
2023-02-28,SILVERBEES.NS,62.47999954223633,92.33042889442437
2023-03-01,SILVERBEES.NS,63.7599983215332,94.2219595785264
2023-03-02,SILVERBEES.NS,63.209999084472656,93.40919284002669
2023-03-03,SILVERBEES.NS,63.540000915527344,93.89685626545017
2023-03-06,SILVERBEES.NS,63.720001220703125,94.16285347255278
2023-03-08,SILVERBEES.NS,61.29999923706055,90.58667193106554
2023-03-09,SILVERBEES.NS,60.939998626708984,90.05467751686031
2023-03-10,SILVERBEES.NS,61.2599983215332,90.52756018788583
2023-03-13,SILVERBEES.NS,63.099998474121094,93.24663836488553
2023-03-14,SILVERBEES.NS,64.91000366210938,95.9213911903096
2023-03-15,SILVERBEES.NS,65.4000015258789,96.64549031403973
2023-03-16,SILVERBEES.NS,66.23999786376953,97.8868030975771
2023-03-17,SILVERBEES.NS,65.88999938964844,97.36958943776986
2023-03-20,SILVERBEES.NS,67.58999633789062,99.88177651364057
2023-03-21,SILVERBEES.NS,67.36000061035156,99.54189808337247
2023-03-22,SILVERBEES.NS,67.43000030517578,99.64534081533392
2023-03-23,SILVERBEES.NS,68.26000213623047,100.87188411888552
2023-03-24,SILVERBEES.NS,68.9800033569336,101.93587294729596
2023-03-27,SILVERBEES.NS,68.41999816894531,101.10831981719217
2023-03-28,SILVERBEES.NS,68.30999755859375,100.94576534205102
2023-03-29,SILVERBEES.NS,69.19999694824219,102.26097062316609
2023-03-31,SILVERBEES.NS,70.66999816894531,104.43327926876869
2023-04-03,SILVERBEES.NS,70.38999938964844,104.01950834092288
2023-04-05,SILVERBEES.NS,72.94999694824219,107.80256970912694
2023-04-06,SILVERBEES.NS,73.22000122070312,108.20157115698694
2023-04-10,SILVERBEES.NS,73.23999786376953,108.23112139137069
2023-04-11,SILVERBEES.NS,73.56999969482422,108.71878481679418
2023-04-12,SILVERBEES.NS,73.8499984741211,109.13255574463999
2023-04-13,SILVERBEES.NS,74.86000061035156,110.62509625529418
2023-04-17,SILVERBEES.NS,74.62000274658203,110.27043707062812
2023-04-18,SILVERBEES.NS,73.68000030517578,108.88133929193535
2023-04-19,SILVERBEES.NS,73.0,107.87646220670462
2023-04-20,SILVERBEES.NS,74.56999969482422,110.19654457305042
2023-04-21,SILVERBEES.NS,73.94000244140625,109.26555998539737
2023-04-24,SILVERBEES.NS,73.66999816894531,108.86655853753737
2023-04-25,SILVERBEES.NS,73.7300033569336,108.95523178951304
2023-04-26,SILVERBEES.NS,73.51000213623047,108.63012283923072
2023-04-27,SILVERBEES.NS,73.44999694824219,108.54144958725504
2023-04-28,SILVERBEES.NS,73.08000183105469,107.99468569306406
2023-05-02,SILVERBEES.NS,72.98999786376953,107.86168145230664
2023-05-03,SILVERBEES.NS,74.41000366210938,109.96010887474377
2023-05-04,SILVERBEES.NS,75.1500015258789,111.05364793753796
2023-05-05,SILVERBEES.NS,75.93000030517578,112.20629874351187
2023-05-08,SILVERBEES.NS,75.25,111.20142165828113
2023-05-09,SILVERBEES.NS,75.2300033569336,111.17187142389737
2023-05-10,SILVERBEES.NS,75.41999816894531,111.45263811098576
2023-05-11,SILVERBEES.NS,73.88999938964844,109.1916674878197
2023-05-12,SILVERBEES.NS,71.08999633789062,105.05393566053738
2023-05-15,SILVERBEES.NS,71.83000183105469,106.14748599774377
2023-05-16,SILVERBEES.NS,71.25,105.29038263325623
2023-05-17,SILVERBEES.NS,70.94999694824219,104.84705019661446
2023-05-18,SILVERBEES.NS,70.66999816894531,104.43327926876869
2023-05-19,SILVERBEES.NS,71.20999908447266,105.23127089007652
2023-05-22,SILVERBEES.NS,71.68000030517578,105.92581977942288
2023-05-23,SILVERBEES.NS,69.91999816894531,103.32495945157652
2023-05-24,SILVERBEES.NS,70.41999816894531,104.06383932970462
2023-05-25,SILVERBEES.NS,69.72000122070312,103.02941201009016
2023-05-26,SILVERBEES.NS,69.75,103.0737429988719
2023-05-29,SILVERBEES.NS,70.19999694824219,103.7387303794223
2023-05-30,SILVERBEES.NS,69.95999908447266,103.38407119475623
2023-05-31,SILVERBEES.NS,70.18000030517578,103.70918014503854
2023-06-01,SILVERBEES.NS,70.30000305175781,103.8865153745777
2023-06-02,SILVERBEES.NS,71.4800033569336,105.63027233793652
2023-06-05,SILVERBEES.NS,70.62999725341797,104.37416752558897
2023-06-06,SILVERBEES.NS,70.7300033569336,104.52195252074436
2023-06-07,SILVERBEES.NS,70.70999908447266,104.4923910119484
2023-06-08,SILVERBEES.NS,71.05999755859375,105.00960467175564
2023-06-09,SILVERBEES.NS,72.66000366210938,107.37402930129537
2023-06-12,SILVERBEES.NS,72.3499984741211,106.91591611025564
2023-06-13,SILVERBEES.NS,72.2699966430664,106.7976926238962
2023-06-14,SILVERBEES.NS,71.4800033569336,105.63027233793652
2023-06-15,SILVERBEES.NS,70.12000274658203,103.62051816747508
2023-06-16,SILVERBEES.NS,71.48999786376953,105.64504181792229
2023-06-19,SILVERBEES.NS,71.73999786376953,106.01448175698636
2023-06-20,SILVERBEES.NS,71.44999694824219,105.58593007474259
2023-06-21,SILVERBEES.NS,69.36000061035156,102.49741759588493
2023-06-22,SILVERBEES.NS,68.08999633789062,100.62065639176869
2023-06-23,SILVERBEES.NS,67.41000366210938,99.61579058095018
2023-06-26,SILVERBEES.NS,68.4800033569336,101.19699306916785
2023-06-27,SILVERBEES.NS,68.80000305175781,101.66987574019335
2023-06-28,SILVERBEES.NS,68.37999725341797,101.04920807401245
2023-06-30,SILVERBEES.NS,67.56999969482422,99.85222627925681
2023-07-03,SILVERBEES.NS,68.5,101.22654330355161
2023-07-04,SILVERBEES.NS,69.0199966430664,101.99497341606347
2023-07-05,SILVERBEES.NS,68.91999816894531,101.84719969532028
2023-07-06,SILVERBEES.NS,69.73999786376953,103.0589622444739
2023-07-07,SILVERBEES.NS,68.94000244140625,101.87676120411624
2023-07-10,SILVERBEES.NS,69.6500015258789,102.92596927812869
2023-07-11,SILVERBEES.NS,70.0,103.44318293793593
2023-07-12,SILVERBEES.NS,69.88999938964844,103.28062846279478
2023-07-13,SILVERBEES.NS,72.1500015258789,106.62036866876927
2023-07-14,SILVERBEES.NS,73.61000061035156,108.7778965599739
2023-07-17,SILVERBEES.NS,73.80999755859375,109.07344400146026
2023-07-18,SILVERBEES.NS,74.05000305175781,109.42811446053855
2023-07-19,SILVERBEES.NS,74.41999816894531,109.97487835472954
2023-07-20,SILVERBEES.NS,74.76000213623047,110.477322534551
2023-07-21,SILVERBEES.NS,73.44999694824219,108.54144958725504
2023-07-24,SILVERBEES.NS,73.2300033569336,108.21635191138492
2023-07-25,SILVERBEES.NS,73.16999816894531,108.12767865940924
2023-07-26,SILVERBEES.NS,73.58000183105469,108.73356557119216
2023-07-27,SILVERBEES.NS,74.1500015258789,109.57588818128173
2023-07-28,SILVERBEES.NS,72.4000015258789,106.98980860783334
2023-07-31,SILVERBEES.NS,72.68000030517578,107.40357953567911
2023-08-01,SILVERBEES.NS,73.37000274658203,108.4232373753078
2023-08-02,SILVERBEES.NS,72.97000122070312,107.83213121792288
2023-08-03,SILVERBEES.NS,71.13999938964844,105.12782815811505
2023-08-04,SILVERBEES.NS,71.13999938964844,105.12782815811505
2023-08-07,SILVERBEES.NS,71.04000091552734,104.98005443737188
2023-08-08,SILVERBEES.NS,70.31999969482422,103.91606560896145
2023-08-09,SILVERBEES.NS,69.41000366210938,102.57131009346263
2023-08-10,SILVERBEES.NS,69.4800033569336,102.67475282542406
2023-08-11,SILVERBEES.NS,69.25,102.33486312074376
2023-08-14,SILVERBEES.NS,69.31999969482422,102.43830585270521
2023-08-16,SILVERBEES.NS,69.68000030517578,102.97030026691043
2023-08-17,SILVERBEES.NS,69.16999816894531,102.21663963438434
2023-08-18,SILVERBEES.NS,69.62999725341797,102.89640776933273
2023-08-21,SILVERBEES.NS,69.7300033569336,103.04419276448813
2023-08-22,SILVERBEES.NS,70.94999694824219,104.84705019661446
2023-08-23,SILVERBEES.NS,71.62000274658203,105.83715780185943
2023-08-24,SILVERBEES.NS,72.54000091552734,107.19669407175623
2023-08-25,SILVERBEES.NS,72.55000305175781,107.2114748261542
2023-08-28,SILVERBEES.NS,72.4800033569336,107.10803209419275
2023-08-29,SILVERBEES.NS,72.69000244140625,107.4183602900771
2023-08-30,SILVERBEES.NS,73.4800033569336,108.58579185044898
2023-08-31,SILVERBEES.NS,73.29000091552734,108.3050138889484
2023-09-01,SILVERBEES.NS,73.55000305175781,108.68923458241042
2023-09-04,SILVERBEES.NS,72.43000030517578,107.03413959661505
2023-09-05,SILVERBEES.NS,71.2300033569336,105.26083239887247
2023-09-06,SILVERBEES.NS,71.12000274658203,105.0982779237313
2023-09-07,SILVERBEES.NS,70.4000015258789,104.03428909532086
2023-09-08,SILVERBEES.NS,70.16999816894531,103.69439939064058
2023-09-11,SILVERBEES.NS,70.61000061035156,104.34461729120521
2023-09-12,SILVERBEES.NS,70.29000091552734,103.87173462017971
2023-09-13,SILVERBEES.NS,70.05000305175781,103.51707543551363
2023-09-14,SILVERBEES.NS,69.26000213623047,102.34964387514174
2023-09-15,SILVERBEES.NS,70.7300033569336,104.52195252074436
2023-09-18,SILVERBEES.NS,71.08000183105469,105.0391661805516
2023-09-20,SILVERBEES.NS,71.08000183105469,105.0391661805516
2023-09-21,SILVERBEES.NS,70.93000030517578,104.81749996223071
2023-09-22,SILVERBEES.NS,71.83000183105469,106.14748599774377
2023-09-25,SILVERBEES.NS,71.70999908447266,105.97015076820462
2023-09-26,SILVERBEES.NS,70.52999877929688,104.2263938048458
2023-09-27,SILVERBEES.NS,69.97000122070312,103.39885194915422
2023-09-28,SILVERBEES.NS,69.55000305175781,102.77819555738552
2023-09-29,SILVERBEES.NS,70.55999755859375,104.27072479362751
2023-10-03,SILVERBEES.NS,67.7300033569336,100.08867325197568
2023-10-04,SILVERBEES.NS,67.05999755859375,99.09856564673073
2023-10-05,SILVERBEES.NS,67.38999938964844,99.58622907215421
2023-10-06,SILVERBEES.NS,68.25,100.85710336448754
2023-10-09,SILVERBEES.NS,69.30999755859375,102.42352509830724
2023-10-10,SILVERBEES.NS,69.44999694824219,102.63041056223013
2023-10-11,SILVERBEES.NS,69.5199966430664,102.73385329419158
2023-10-12,SILVERBEES.NS,68.9000015258789,101.81764946093652
2023-10-13,SILVERBEES.NS,68.69000244140625,101.50732126505217
2023-10-16,SILVERBEES.NS,69.72000122070312,103.02941201009016
2023-10-17,SILVERBEES.NS,69.80000305175781,103.14763549644958
2023-10-18,SILVERBEES.NS,70.8499984741211,104.6992764758713
2023-10-19,SILVERBEES.NS,70.27999877929688,103.85695386578173
2023-10-20,SILVERBEES.NS,70.76000213623047,104.56628350952609
2023-10-23,SILVERBEES.NS,70.91999816894531,104.80271920783275
2023-10-25,SILVERBEES.NS,70.01000213623047,103.4579636923339
2023-10-26,SILVERBEES.NS,70.58999633789062,104.31505578240925
2023-10-27,SILVERBEES.NS,70.16999816894531,103.69439939064058
2023-10-30,SILVERBEES.NS,70.8499984741211,104.6992764758713
2023-10-31,SILVERBEES.NS,71.04000091552734,104.98005443737188
2023-11-01,SILVERBEES.NS,69.70999908447266,103.01463125569217
2023-11-02,SILVERBEES.NS,70.68000030517578,104.44806002316666
2023-11-03,SILVERBEES.NS,69.81999969482422,103.17718573083332
2023-11-06,SILVERBEES.NS,70.7699966430664,104.58105298951186
2023-11-07,SILVERBEES.NS,70.04000091552734,103.50229468111564
2023-11-08,SILVERBEES.NS,69.37000274658203,102.51219835028292
2023-11-09,SILVERBEES.NS,69.22000122070312,102.29053213196204
2023-11-10,SILVERBEES.NS,69.69000244140625,102.98508102130842
2023-11-13,SILVERBEES.NS,68.62999725341797,101.41864801307652
2023-11-15,SILVERBEES.NS,70.86000061035156,104.71405723026928
2023-11-16,SILVERBEES.NS,71.41999816894531,105.54159908596085
2023-11-17,SILVERBEES.NS,72.2699966430664,106.7976926238962
2023-11-20,SILVERBEES.NS,71.58000183105469,105.7780460586797
2023-11-21,SILVERBEES.NS,71.58000183105469,105.7780460586797
2023-11-22,SILVERBEES.NS,72.18000030517578,106.66469965755101
2023-11-23,SILVERBEES.NS,71.9000015258789,106.25092872970521
2023-11-24,SILVERBEES.NS,71.87000274658203,106.20659774092347
2023-11-28,SILVERBEES.NS,73.41000366210938,108.48234911848753
2023-11-29,SILVERBEES.NS,74.08000183105469,109.47244544932026
2023-11-30,SILVERBEES.NS,74.61000061035156,110.25565631623013
2023-12-01,SILVERBEES.NS,75.20999908447266,111.14230991510141
2023-12-04,SILVERBEES.NS,75.1500015258789,111.05364793753796
2023-12-05,SILVERBEES.NS,73.63999938964844,108.82222754875563
2023-12-06,SILVERBEES.NS,73.04000091552734,107.93557394988433
2023-12-07,SILVERBEES.NS,72.81999969482422,107.610464999602
2023-12-08,SILVERBEES.NS,72.44000244140625,107.04892035101304
2023-12-11,SILVERBEES.NS,70.3499984741211,103.96039659774318
2023-12-12,SILVERBEES.NS,70.26000213623047,103.82740363139797
2023-12-13,SILVERBEES.NS,69.69000244140625,102.98508102130842
2023-12-14,SILVERBEES.NS,72.56999969482422,107.24102506053796
2023-12-15,SILVERBEES.NS,72.81999969482422,107.610464999602
2023-12-18,SILVERBEES.NS,72.51000213623047,107.15236308297449
2023-12-19,SILVERBEES.NS,72.37999725341797,106.96024709903737
2023-12-20,SILVERBEES.NS,72.66000366210938,107.37402930129537
2023-12-21,SILVERBEES.NS,73.13999938964844,108.08334767062753
2023-12-22,SILVERBEES.NS,73.4800033569336,108.58579185044898
2023-12-26,SILVERBEES.NS,73.30999755859375,108.33456412333216
2023-12-27,SILVERBEES.NS,73.05999755859375,107.96512418426809
2023-12-28,SILVERBEES.NS,73.38999938964844,108.45278760969157
2023-12-29,SILVERBEES.NS,72.18000030517578,106.66469965755101
2024-01-01,SILVERBEES.NS,72.4800033569336,107.10803209419275
2024-01-02,SILVERBEES.NS,73.01000213623047,107.89124296110259
2024-01-03,SILVERBEES.NS,71.58999633789062,105.79281553866548
2024-01-04,SILVERBEES.NS,70.69000244140625,104.46284077756465
2024-01-05,SILVERBEES.NS,70.52999877929688,104.2263938048458
2024-01-08,SILVERBEES.NS,70.41999816894531,104.06383932970462
2024-01-09,SILVERBEES.NS,70.87000274658203,104.72883798466725
2024-01-10,SILVERBEES.NS,70.48999786376953,104.16728206166607
2024-01-11,SILVERBEES.NS,70.43000030517578,104.0786200841026
2024-01-12,SILVERBEES.NS,70.25,103.812622877
2024-01-15,SILVERBEES.NS,70.25,103.812622877
2024-01-16,SILVERBEES.NS,70.69999694824219,104.47761025755042
2024-01-17,SILVERBEES.NS,70.06999969482422,103.54662566989738
2024-01-18,SILVERBEES.NS,69.8499984741211,103.22151671961505
2024-01-19,SILVERBEES.NS,70.16000366210938,103.6796299106548
2024-01-23,SILVERBEES.NS,69.43000030517578,102.60086032784639
2024-01-24,SILVERBEES.NS,70.12999725341797,103.63528764746086
2024-01-25,SILVERBEES.NS,70.12000274658203,103.62051816747508
2024-01-29,SILVERBEES.NS,70.43000030517578,104.0786200841026
2024-01-30,SILVERBEES.NS,70.77999877929688,104.59583374390984
2024-01-31,SILVERBEES.NS,70.58999633789062,104.31505578240925
2024-02-01,SILVERBEES.NS,69.9800033569336,103.4136327035522
2024-02-02,SILVERBEES.NS,70.79000091552734,104.61061449830783
2024-02-05,SILVERBEES.NS,69.22000122070312,102.29053213196204
2024-02-06,SILVERBEES.NS,69.0,101.96542318167971
2024-02-07,SILVERBEES.NS,68.8499984741211,101.74375696335885
2024-02-08,SILVERBEES.NS,68.9000015258789,101.81764946093652
2024-02-09,SILVERBEES.NS,69.54000091552734,102.76341480298754
2024-02-12,SILVERBEES.NS,69.87000274658203,103.25107822841102
2024-02-13,SILVERBEES.NS,70.0199966430664,103.47273317231969
2024-02-14,SILVERBEES.NS,67.91999816894531,100.36943993906407
2024-02-15,SILVERBEES.NS,69.12999725341797,102.15752789120462
2024-02-16,SILVERBEES.NS,69.91000366210938,103.31018997159075
2024-02-19,SILVERBEES.NS,70.01000213623047,103.4579636923339
2024-02-20,SILVERBEES.NS,69.80000305175781,103.14763549644958
2024-02-21,SILVERBEES.NS,69.66999816894531,102.95551951251245
2024-02-22,SILVERBEES.NS,69.66000366210938,102.94075003252668
2024-02-23,SILVERBEES.NS,68.7699966430664,101.62553347699941
2024-02-26,SILVERBEES.NS,68.86000061035156,101.75853771775682
2024-02-27,SILVERBEES.NS,68.68000030517578,101.49254051065422
2024-02-28,SILVERBEES.NS,68.01000213623047,100.50244417982145
2024-02-29,SILVERBEES.NS,68.29000091552734,100.91621510766726
2024-03-01,SILVERBEES.NS,68.83999633789062,101.72897620896086
2024-03-04,SILVERBEES.NS,69.6500015258789,102.92596927812869
2024-03-05,SILVERBEES.NS,71.05999755859375,105.00960467175564
2024-03-06,SILVERBEES.NS,70.66000366210938,104.41850978878291
2024-03-07,SILVERBEES.NS,71.2699966430664,105.31993286763999
2024-03-11,SILVERBEES.NS,71.7699966430664,106.0588127457681
2024-03-12,SILVERBEES.NS,71.94999694824219,106.32480995287071
2024-03-13,SILVERBEES.NS,71.26000213623047,105.3051633876542
2024-03-14,SILVERBEES.NS,72.55000305175781,107.2114748261542
2024-03-15,SILVERBEES.NS,72.7300033569336,107.47747203325682
2024-03-18,SILVERBEES.NS,72.66000366210938,107.37402930129537
2024-03-19,SILVERBEES.NS,72.43000030517578,107.03413959661505
2024-03-20,SILVERBEES.NS,72.48999786376953,107.12280157417852
2024-03-21,SILVERBEES.NS,73.77999877929688,109.02911301267852
2024-03-22,SILVERBEES.NS,72.47000122070312,107.09325133979478
2024-03-26,SILVERBEES.NS,72.83000183105469,107.62524575399999
2024-03-27,SILVERBEES.NS,72.33999633789062,106.90113535585766
2024-03-28,SILVERBEES.NS,72.41999816894531,107.01935884221707
2024-04-01,SILVERBEES.NS,74.02999877929688,109.39855295174259
2024-04-02,SILVERBEES.NS,75.04000091552734,110.89109346239678
2024-04-03,SILVERBEES.NS,76.16999816894531,112.56095792817793
2024-04-04,SILVERBEES.NS,78.02999877929688,115.30959197676749
2024-04-05,SILVERBEES.NS,77.87000274658203,115.07315627846084
2024-04-08,SILVERBEES.NS,80.52999877929688,119.00399136740806
2024-04-09,SILVERBEES.NS,81.01000213623047,119.71332101115242
2024-04-10,SILVERBEES.NS,80.91999816894531,119.58031677039503
2024-04-12,SILVERBEES.NS,82.86000061035156,122.44717430534399
2024-04-15,SILVERBEES.NS,81.45999908447266,120.37830839170284
2024-04-16,SILVERBEES.NS,81.83000183105469,120.92508356030605
2024-04-18,SILVERBEES.NS,81.79000091552734,120.86597181712632
2024-04-19,SILVERBEES.NS,81.55000305175781,120.51131263246025
2024-04-22,SILVERBEES.NS,80.27999877929688,118.634551428344
2024-04-23,SILVERBEES.NS,78.56999969482422,116.10758359807531
2024-04-24,SILVERBEES.NS,79.11000061035156,116.90557521938314
2024-04-25,SILVERBEES.NS,79.33999633789062,117.24545364965124
2024-04-26,SILVERBEES.NS,79.77999877929688,117.8956715502159
2024-04-29,SILVERBEES.NS,79.43000030517578,117.37845789040865
2024-04-30,SILVERBEES.NS,78.55999755859375,116.09280284367733
2024-05-02,SILVERBEES.NS,78.43000030517578,115.90069813415242
2024-05-03,SILVERBEES.NS,78.66000366210938,116.24058783883274
2024-05-06,SILVERBEES.NS,79.77999877929688,117.8956715502159
2024-05-07,SILVERBEES.NS,80.05999755859375,118.30944247806168
2024-05-08,SILVERBEES.NS,79.77999877929688,117.8956715502159
2024-05-09,SILVERBEES.NS,80.55000305175781,119.03355287620403
2024-05-10,SILVERBEES.NS,83.01000213623047,122.66884052366487
2024-05-13,SILVERBEES.NS,81.97000122070312,121.13196902422894
2024-05-14,SILVERBEES.NS,82.56999969482422,122.01862262310024
2024-05-15,SILVERBEES.NS,83.08999633789062,122.78705273561211
2024-05-16,SILVERBEES.NS,84.33999633789062,124.63425243093238
2024-05-17,SILVERBEES.NS,84.80000305175781,125.314031840293
2024-05-21,SILVERBEES.NS,91.02999877929688,134.52046880809846
2024-05-22,SILVERBEES.NS,90.80999755859375,134.19535985781613
2024-05-23,SILVERBEES.NS,88.05999755859375,130.1315205281115
2024-05-24,SILVERBEES.NS,88.01000213623047,130.05763930494604
2024-05-27,SILVERBEES.NS,88.97000122070312,131.47628731802251
2024-05-28,SILVERBEES.NS,91.19999694824219,134.77168526080308
2024-05-29,SILVERBEES.NS,92.45999908447266,136.63366571052137
2024-05-30,SILVERBEES.NS,90.8499984741211,134.25447160099583
2024-05-31,SILVERBEES.NS,90.5999984741211,133.8850316619318
2024-06-03,SILVERBEES.NS,88.12000274658203,130.2201937800872
2024-06-04,SILVERBEES.NS,87.30999755859375,129.02320071091933
2024-06-05,SILVERBEES.NS,86.7699966430664,128.2252090896115
2024-06-06,SILVERBEES.NS,88.83999633789062,131.2841713340854
2024-06-07,SILVERBEES.NS,89.37999725341797,132.08216295539324
2024-06-10,SILVERBEES.NS,87.33999633789062,129.06753169970108
2024-06-11,SILVERBEES.NS,86.20999908447266,127.39766723391992
2024-06-12,SILVERBEES.NS,86.81999969482422,128.2991015871892
2024-06-13,SILVERBEES.NS,86.58000183105469,127.94444240252312
2024-06-14,SILVERBEES.NS,86.11000061035156,127.24989351317674
2024-06-18,SILVERBEES.NS,86.26000213623047,127.47155973149762
2024-06-19,SILVERBEES.NS,86.91999816894531,128.44687530793237
2024-06-20,SILVERBEES.NS,88.5,130.78173842867616
2024-06-21,SILVERBEES.NS,88.69999694824219,131.0772858701625
2024-06-24,SILVERBEES.NS,86.98999786376953,128.55031803989382
2024-06-25,SILVERBEES.NS,86.80999755859375,128.28432083279122
2024-06-26,SILVERBEES.NS,85.2699966430664,126.00856945522716
2024-06-27,SILVERBEES.NS,85.05999755859375,125.69824125934281
2024-06-28,SILVERBEES.NS,85.9000015258789,126.9395653172924
2024-07-01,SILVERBEES.NS,85.58000183105469,126.4666826462669
2024-07-02,SILVERBEES.NS,85.94999694824219,127.01344654045789
2024-07-03,SILVERBEES.NS,87.44000244140625,129.21531669485645
2024-07-04,SILVERBEES.NS,87.88999938964844,129.88030407540688
2024-07-05,SILVERBEES.NS,88.68000030517578,131.04773563577876
2024-07-08,SILVERBEES.NS,89.44000244140625,132.17083620736892
2024-07-09,SILVERBEES.NS,89.86000061035156,132.7914925991376
2024-07-10,SILVERBEES.NS,89.69999694824219,132.55504562641875
2024-07-11,SILVERBEES.NS,90.02999877929688,133.04270905184222
2024-07-12,SILVERBEES.NS,89.61000061035156,132.42205266007355
2024-07-15,SILVERBEES.NS,89.4000015258789,132.1117244641892
2024-07-16,SILVERBEES.NS,89.77999877929688,132.67326911277817
2024-07-18,SILVERBEES.NS,89.43000030517578,132.15605545297095
2024-07-19,SILVERBEES.NS,86.91000366210938,128.4321058279466
2024-07-22,SILVERBEES.NS,86.30000305175781,127.53067147467733
2024-07-23,SILVERBEES.NS,83.51000213623047,123.407720401793
2024-07-24,SILVERBEES.NS,82.91000366210938,122.5210668029217
2024-07-25,SILVERBEES.NS,79.87000274658203,118.0286757909733
2024-07-26,SILVERBEES.NS,79.80000305175781,117.92523305901186
2024-07-29,SILVERBEES.NS,80.36000061035156,118.75277491470344
2024-07-30,SILVERBEES.NS,80.0,118.22078050049822
2024-07-31,SILVERBEES.NS,81.83999633789062,120.93985304029182
2024-08-01,SILVERBEES.NS,82.33999633789062,121.67873291841993
2024-08-02,SILVERBEES.NS,82.04000091552734,121.23541175619039
2024-08-05,SILVERBEES.NS,78.94000244140625,116.65435876667851
2024-08-06,SILVERBEES.NS,77.29000091552734,114.2160529139733
2024-08-07,SILVERBEES.NS,78.56999969482422,116.10758359807531
2024-08-08,SILVERBEES.NS,77.3499984741211,114.30471489153678
2024-08-09,SILVERBEES.NS,78.69999694824219,116.29968830760025
2024-08-12,SILVERBEES.NS,79.83999633789062,117.98433352777937
2024-08-13,SILVERBEES.NS,79.30999755859375,117.2011226608695
2024-08-14,SILVERBEES.NS,79.62000274658203,117.65923585190924
2024-08-16,SILVERBEES.NS,80.01000213623047,118.2355612548962
2024-08-19,SILVERBEES.NS,82.0,121.17630001301067
2024-08-20,SILVERBEES.NS,83.37000274658203,123.20083493787011
2024-08-21,SILVERBEES.NS,82.94999694824219,122.5801672716892
2024-08-22,SILVERBEES.NS,82.9000015258789,122.50628604852372
2024-08-23,SILVERBEES.NS,82.4800033569336,121.88562965675503
2024-08-26,SILVERBEES.NS,84.12999725341797,124.32392423504804
2024-08-27,SILVERBEES.NS,83.98999786376953,124.11703877112514
2024-08-28,SILVERBEES.NS,83.29000091552734,123.08261145151067
2024-08-29,SILVERBEES.NS,83.27999877929688,123.0678306971127
2024-08-30,SILVERBEES.NS,83.06999969482422,122.75750250122834
2024-09-02,SILVERBEES.NS,80.88999938964844,119.53598578161329
2024-09-03,SILVERBEES.NS,80.5199966430664,118.98921061301009
2024-09-04,SILVERBEES.NS,79.38999938964844,117.31934614722894
2024-09-05,SILVERBEES.NS,81.08000183105469,119.81676374311388
2024-09-06,SILVERBEES.NS,81.31999969482422,120.17142292777996
2024-09-09,SILVERBEES.NS,79.7699966430664,117.88089079581792
2024-09-10,SILVERBEES.NS,80.33999633789062,118.72321340590747
2024-09-11,SILVERBEES.NS,81.29000091552734,120.12709193899822
2024-09-12,SILVERBEES.NS,81.2300033569336,120.03842996143474
2024-09-13,SILVERBEES.NS,84.12000274658203,124.30915475506225
2024-09-16,SILVERBEES.NS,86.23999786376953,127.44199822270166
2024-09-17,SILVERBEES.NS,85.37999725341797,126.17112393036834
2024-09-18,SILVERBEES.NS,84.95999908447266,125.55046753859965
2024-09-19,SILVERBEES.NS,86.61000061035156,127.98877339130486
2024-09-20,SILVERBEES.NS,86.4800033569336,127.79666868177995
2024-09-23,SILVERBEES.NS,85.3499984741211,126.1267929415866
2024-09-24,SILVERBEES.NS,86.12999725341797,127.2794437475605
2024-09-25,SILVERBEES.NS,88.11000061035156,130.2054130256892
2024-09-26,SILVERBEES.NS,88.98999786376953,131.5058375524063
2024-09-27,SILVERBEES.NS,88.33999633789062,130.5452914559573
2024-09-30,SILVERBEES.NS,88.04000091552734,130.10197029372773
2024-10-01,SILVERBEES.NS,87.66999816894531,129.55519512512456
2024-10-03,SILVERBEES.NS,88.44999694824219,130.70784593109846
2024-10-04,SILVERBEES.NS,89.86000061035156,132.7914925991376
2024-10-07,SILVERBEES.NS,89.43000030517578,132.15605545297095
2024-10-08,SILVERBEES.NS,87.66000366210938,129.54042564513878
2024-10-09,SILVERBEES.NS,86.33000183105469,127.57500246345907
2024-10-10,SILVERBEES.NS,86.25,127.45677897709965
2024-10-11,SILVERBEES.NS,87.70999908447266,129.61430686830425
2024-10-14,SILVERBEES.NS,88.38999938964844,130.619183953535
2024-10-15,SILVERBEES.NS,87.62999725341797,129.49608338194486
2024-10-16,SILVERBEES.NS,89.26000213623047,131.9048390002663
2024-10-17,SILVERBEES.NS,88.58999633789062,130.91473139502133
2024-10-18,SILVERBEES.NS,89.80999755859375,132.7176001015599
2024-10-21,SILVERBEES.NS,94.63999938964844,139.8551824301364
2024-10-22,SILVERBEES.NS,94.87999725341797,140.20984161480249
2024-10-23,SILVERBEES.NS,96.11000061035156,142.02749107573902
2024-10-24,SILVERBEES.NS,95.12000274658203,140.56451207388076
2024-10-25,SILVERBEES.NS,92.6500015258789,136.91444367202195
2024-10-28,SILVERBEES.NS,93.62999725341797,138.3626419194822
2024-10-29,SILVERBEES.NS,95.33999633789062,140.8896097497509
2024-10-30,SILVERBEES.NS,95.66999816894531,141.37727317517437
2024-10-31,SILVERBEES.NS,94.2699966430664,139.3084072615332
2024-11-01,SILVERBEES.NS,94.2699966430664,139.3084072615332
2024-11-04,SILVERBEES.NS,92.25,136.32333751463702
2024-11-05,SILVERBEES.NS,91.70999908447266,135.5253458933292
2024-11-06,SILVERBEES.NS,90.70999908447266,134.04758613707295
2024-11-07,SILVERBEES.NS,87.98999786376953,130.02807779615006
2024-11-08,SILVERBEES.NS,89.12999725341797,131.7127230163292
2024-11-11,SILVERBEES.NS,88.4800033569336,130.7521881942924
2024-11-12,SILVERBEES.NS,85.86000061035156,126.88045357411268
2024-11-13,SILVERBEES.NS,87.61000061035156,129.46653314756108
2024-11-14,SILVERBEES.NS,84.66000366210938,125.10714637637011
2024-11-18,SILVERBEES.NS,86.91999816894531,128.44687530793237
2024-11-19,SILVERBEES.NS,88.81999969482422,131.25462109970164
2024-11-21,SILVERBEES.NS,88.0999984741211,130.1906322712912
2024-11-22,SILVERBEES.NS,88.44000244140625,130.6930764511127
2024-11-25,SILVERBEES.NS,86.87000274658203,128.3729940847669
2024-11-26,SILVERBEES.NS,86.01000213623047,127.10211979243356
2024-11-27,SILVERBEES.NS,86.58999633789062,127.9592118825089
2024-11-28,SILVERBEES.NS,85.1500015258789,125.83124550010024
2024-11-29,SILVERBEES.NS,86.91999816894531,128.44687530793237
2024-12-02,SILVERBEES.NS,86.04000091552734,127.1464507812153
2024-12-03,SILVERBEES.NS,87.62999725341797,129.49608338194486
2024-12-04,SILVERBEES.NS,87.54000091552734,129.36309041559963
2024-12-05,SILVERBEES.NS,88.55000305175781,130.85563092625387
2024-12-06,SILVERBEES.NS,88.48999786376953,130.76695767427816
2024-12-09,SILVERBEES.NS,88.70999908447266,131.0920666245605
2024-12-10,SILVERBEES.NS,90.11000061035156,133.16093253820165
2024-12-11,SILVERBEES.NS,90.05000305175781,133.0722705606382
2024-12-12,SILVERBEES.NS,91.2699966430664,134.87512799276453
2024-12-13,SILVERBEES.NS,87.25,128.93453873335588
2024-12-16,SILVERBEES.NS,87.2699966430664,128.96408896773963
2024-12-17,SILVERBEES.NS,86.37999725341797,127.64888368662454
2024-12-18,SILVERBEES.NS,86.7300033569336,128.166108620844
2024-12-19,SILVERBEES.NS,84.68000030517578,125.13669661075384
2024-12-20,SILVERBEES.NS,82.94999694824219,122.5801672716892
2024-12-23,SILVERBEES.NS,85.48999786376953,126.33367840550949
2024-12-24,SILVERBEES.NS,85.30000305175781,126.0529117184211
2024-12-26,SILVERBEES.NS,85.43000030517578,126.24501642794601
2024-12-27,SILVERBEES.NS,85.70999908447266,126.65878735579182
2024-12-30,SILVERBEES.NS,84.94999694824219,125.53568678420166
2024-12-31,SILVERBEES.NS,83.7300033569336,123.73282935207533
2025-01-01,SILVERBEES.NS,83.8499984741211,123.91015330720225
2025-01-02,SILVERBEES.NS,84.83999633789062,125.37313230906051
2025-01-03,SILVERBEES.NS,85.86000061035156,126.88045357411268
2025-01-06,SILVERBEES.NS,85.93000030517578,126.98389630607414
2025-01-07,SILVERBEES.NS,87.06999969482422,128.66854152625328
2025-01-08,SILVERBEES.NS,87.19999694824219,128.86064623577818
2025-01-09,SILVERBEES.NS,87.2699966430664,128.96408896773963
2025-01-10,SILVERBEES.NS,87.54000091552734,129.36309041559963
2025-01-13,SILVERBEES.NS,87.29000091552734,128.99365047653558
2025-01-14,SILVERBEES.NS,86.2699966430664,127.4863292114834
2025-01-15,SILVERBEES.NS,87.31999969482422,129.0379814653173
2025-01-16,SILVERBEES.NS,88.94999694824219,131.4467258092266
2025-01-17,SILVERBEES.NS,87.6500015258789,129.5256448907408
2025-01-20,SILVERBEES.NS,87.7300033569336,129.64386837710023
2025-01-21,SILVERBEES.NS,87.80999755859375,129.76208058904746
2025-01-22,SILVERBEES.NS,88.61000061035156,130.9442929038173
2025-01-23,SILVERBEES.NS,87.8499984741211,129.82119233222716
2025-01-24,SILVERBEES.NS,88.66999816894531,131.0329548813808
2025-01-27,SILVERBEES.NS,87.58999633789062,129.43697163876513
2025-01-28,SILVERBEES.NS,87.0999984741211,128.71287251503497
2025-01-29,SILVERBEES.NS,88.01000213623047,130.05763930494604
2025-01-30,SILVERBEES.NS,89.5,132.2594981849324
2025-01-31,SILVERBEES.NS,90.66999816894531,133.98847439389323
2025-02-01,SILVERBEES.NS,90.11000061035156,133.16093253820165
2025-02-03,SILVERBEES.NS,90.52999877929688,133.78158892997035
2025-02-04,SILVERBEES.NS,91.08999633789062,134.60913078566193
2025-02-05,SILVERBEES.NS,93.02999877929688,137.47598832061092
2025-02-06,SILVERBEES.NS,91.83999633789062,135.7174506028541
2025-02-07,SILVERBEES.NS,92.7300033569336,137.03266715838137
2025-02-10,SILVERBEES.NS,92.94999694824219,137.3577648342515
2025-02-11,SILVERBEES.NS,91.37000274658203,135.0229129879199
2025-02-12,SILVERBEES.NS,91.29000091552734,134.90468950156048
2025-02-13,SILVERBEES.NS,92.75,137.06221739276512
2025-02-14,SILVERBEES.NS,94.70999908447266,139.95862516209786
2025-02-17,SILVERBEES.NS,92.86000061035156,137.22477186790627
2025-02-18,SILVERBEES.NS,93.20999908447266,137.74198552771352
2025-02-19,SILVERBEES.NS,94.55999755859375,139.73695894377698
2025-02-20,SILVERBEES.NS,94.55999755859375,139.73695894377698
2025-02-21,SILVERBEES.NS,94.05999755859375,138.99807906564888
2025-02-24,SILVERBEES.NS,93.20999908447266,137.74198552771352
2025-02-25,SILVERBEES.NS,92.91000366210938,137.29866436548397
2025-02-27,SILVERBEES.NS,91.97000122070312,135.90956658679121
2025-02-28,SILVERBEES.NS,90.45999908447266,133.67814619800887
2025-03-03,SILVERBEES.NS,91.41000366210938,135.08202473109964
2025-03-04,SILVERBEES.NS,92.52999877929688,136.7371084424828
2025-03-05,SILVERBEES.NS,93.29000091552734,137.86020901407295
2025-03-06,SILVERBEES.NS,93.5199966430664,138.20008744434105
2025-03-07,SILVERBEES.NS,94.08999633789062,139.0424100544306
2025-03-10,SILVERBEES.NS,94.0999984741211,139.05719080882858
2025-03-11,SILVERBEES.NS,93.6500015258789,138.39220342827815
2025-03-12,SILVERBEES.NS,94.97000122070312,140.3428458555599
2025-03-13,SILVERBEES.NS,95.20999908447266,140.697505040226
2025-03-17,SILVERBEES.NS,96.4800033569336,142.57426624434223
2025-03-18,SILVERBEES.NS,96.4800033569336,142.57426624434223
2025-03-19,SILVERBEES.NS,96.41000366210938,142.47082351238078
2025-03-20,SILVERBEES.NS,95.83999633789062,141.628489627879
2025-03-21,SILVERBEES.NS,94.18000030517578,139.175414295188
2025-03-24,SILVERBEES.NS,94.18000030517578,139.175414295188
2025-03-25,SILVERBEES.NS,94.56999969482422,139.75173969817496
2025-03-26,SILVERBEES.NS,95.73999786376953,141.48071590713582
2025-03-27,SILVERBEES.NS,95.9000015258789,141.71716287985467
2025-03-28,SILVERBEES.NS,97.5999984741211,144.22934995572538
2025-04-01,SILVERBEES.NS,96.72000122070312,142.9289254290083
2025-04-02,SILVERBEES.NS,96.8499984741211,143.1210301385332
2025-04-03,SILVERBEES.NS,93.29000091552734,137.86020901407295
2025-04-04,SILVERBEES.NS,89.72000122070312,132.5846071352147
2025-04-07,SILVERBEES.NS,87.02999877929688,128.60942978307355
2025-04-08,SILVERBEES.NS,87.44000244140625,129.21531669485645
2025-04-09,SILVERBEES.NS,87.97000122070312,129.9985275617663
2025-04-11,SILVERBEES.NS,90.37000274658203,133.5451532316637
2025-04-15,SILVERBEES.NS,92.22000122070312,136.27900652585527
2025-04-16,SILVERBEES.NS,93.80000305175781,138.61386964659903
2025-04-17,SILVERBEES.NS,92.16000366210938,136.1903445482918
2025-04-21,SILVERBEES.NS,93.0,137.43165733182917
2025-04-22,SILVERBEES.NS,92.3499984741211,136.4711112353802
2025-04-23,SILVERBEES.NS,93.54000091552734,138.229648953137
2025-04-24,SILVERBEES.NS,94.6500015258789,139.86996318453438
2025-04-25,SILVERBEES.NS,94.6500015258789,139.86996318453438
2025-04-28,SILVERBEES.NS,93.16000366210938,137.66810430454802
2025-04-29,SILVERBEES.NS,94.66999816894531,139.89951341891816
2025-04-30,SILVERBEES.NS,91.62000274658203,135.39235292698396
2025-05-02,SILVERBEES.NS,91.5199966430664,135.24456793182858
2025-05-05,SILVERBEES.NS,91.41000366210938,135.08202473109964
2025-05-06,SILVERBEES.NS,93.0199966430664,137.46120756621295
2025-05-07,SILVERBEES.NS,92.77999877929688,137.10654838154684
2025-05-08,SILVERBEES.NS,92.58999633789062,136.82577042004627
2025-05-09,SILVERBEES.NS,93.02999877929688,137.47598832061092
2025-05-12,SILVERBEES.NS,91.44000244140625,135.12635571988136
2025-05-13,SILVERBEES.NS,93.91000366210938,138.7764241217402
2025-05-14,SILVERBEES.NS,93.33000183105469,137.91932075725265
2025-05-15,SILVERBEES.NS,91.5,135.21501769744484
2025-05-16,SILVERBEES.NS,92.2699966430664,136.35288774902077
2025-05-19,SILVERBEES.NS,92.80999755859375,137.1508793703286
2025-05-20,SILVERBEES.NS,92.51000213623047,136.70755820809904
2025-05-21,SILVERBEES.NS,94.26000213623047,139.29363778154743
2025-05-22,SILVERBEES.NS,94.44999694824219,139.57440446863583
2025-05-23,SILVERBEES.NS,94.0199966430664,138.93896732246915
2025-05-26,SILVERBEES.NS,94.55000305175781,139.7221894637912
2025-05-27,SILVERBEES.NS,94.05000305175781,138.9833095856631
2025-05-28,SILVERBEES.NS,94.88999938964844,140.2246223692005
2025-05-29,SILVERBEES.NS,94.62999725341797,139.84040167573843
2025-05-30,SILVERBEES.NS,94.3499984741211,139.42663074789263
2025-06-02,SILVERBEES.NS,94.62000274658203,139.82563219575266
2025-06-03,SILVERBEES.NS,97.16000366210938,143.57914332957293
2025-06-04,SILVERBEES.NS,98.0999984741211,144.96822983385348
2025-06-05,SILVERBEES.NS,100.72000122070312,148.8399644540332
2025-06-06,SILVERBEES.NS,102.41000366210938,151.33738204991815
2025-06-09,SILVERBEES.NS,102.98999786376953,152.19447413999347
2025-06-10,SILVERBEES.NS,103.87000274658203,153.49490994112276
2025-06-11,SILVERBEES.NS,102.77999877929688,151.88414594410912
2025-06-12,SILVERBEES.NS,102.05999755859375,150.8201571156987
2025-06-13,SILVERBEES.NS,103.70999908447266,153.2584629684039
2025-06-16,SILVERBEES.NS,103.56999969482422,153.05157750448103
2025-06-17,SILVERBEES.NS,104.19000244140625,153.9677926121483
2025-06-18,SILVERBEES.NS,106.2300033569336,156.98242386784045
2025-06-19,SILVERBEES.NS,104.12999725341797,153.8791193601726
2025-06-20,SILVERBEES.NS,103.30999755859375,152.66735681101898
2025-06-23,SILVERBEES.NS,103.76000213623047,153.3323554659816
2025-06-24,SILVERBEES.NS,102.70999908447266,151.7807032121477
2025-06-25,SILVERBEES.NS,101.87999725341797,150.5541599085961
2025-06-26,SILVERBEES.NS,103.93000030517578,153.58357191868623
2025-06-27,SILVERBEES.NS,101.66000366210938,150.22906223272597
2025-06-30,SILVERBEES.NS,102.47000122070312,151.42604402748162
2025-07-01,SILVERBEES.NS,103.41999816894531,152.82991128616015
2025-07-02,SILVERBEES.NS,102.69999694824219,151.76592245774972
2025-07-03,SILVERBEES.NS,103.87000274658203,153.49490994112276
2025-07-04,SILVERBEES.NS,103.9000015258789,153.5392409299045
2025-07-07,SILVERBEES.NS,103.79000091552734,153.37668645476333
2025-07-08,SILVERBEES.NS,104.08999633789062,153.82000761699288
2025-07-09,SILVERBEES.NS,103.58999633789062,153.08112773886478
2025-07-10,SILVERBEES.NS,103.70999908447266,153.2584629684039
2025-07-11,SILVERBEES.NS,106.69000244140625,157.66219200278883
2025-07-14,SILVERBEES.NS,110.0199966430664,162.5831234225688
2025-07-15,SILVERBEES.NS,108.2300033569336,159.9379433803529
2025-07-16,SILVERBEES.NS,107.79000091552734,159.28772547978824
2025-07-17,SILVERBEES.NS,107.13999938964844,158.32717938333926
2025-07-18,SILVERBEES.NS,109.11000061035156,161.23836790706997
2025-07-21,SILVERBEES.NS,109.37000274658203,161.62258860053203
2025-07-22,SILVERBEES.NS,110.19999694824219,162.8491206296714
2025-07-23,SILVERBEES.NS,112.01000213623047,165.52387345509547
2025-07-24,SILVERBEES.NS,110.91000366210938,163.89833997809606
2025-07-25,SILVERBEES.NS,110.68000030517578,163.5584502734158
2025-07-28,SILVERBEES.NS,109.05000305175781,161.1497059295065
2025-07-29,SILVERBEES.NS,109.5199966430664,161.8442435444407
2025-07-30,SILVERBEES.NS,109.87999725341797,162.3762379586459
2025-07-31,SILVERBEES.NS,106.9000015258789,157.97252019867318
2025-08-01,SILVERBEES.NS,105.70999908447266,156.21398248091637
2025-08-04,SILVERBEES.NS,108.08999633789062,159.73104664201782
2025-08-05,SILVERBEES.NS,108.66000366210938,160.57338052651954
2025-08-06,SILVERBEES.NS,109.18000030517578,161.34181063903142
2025-08-07,SILVERBEES.NS,110.58000183105469,163.41067655267258
2025-08-08,SILVERBEES.NS,110.97000122070312,163.98700195565954
2025-08-11,SILVERBEES.NS,109.5199966430664,161.8442435444407
2025-08-12,SILVERBEES.NS,109.26000213623047,161.46003412539085
2025-08-13,SILVERBEES.NS,111.25,164.40077288350534
2025-08-14,SILVERBEES.NS,110.83000183105469,163.78011649173663
2025-08-18,SILVERBEES.NS,110.05999755859375,162.6422351657485
2025-08-19,SILVERBEES.NS,109.41000366210938,161.68170034371173
2025-08-20,SILVERBEES.NS,106.98999786376953,158.10551316501838
2025-08-21,SILVERBEES.NS,109.12000274658203,161.25314866146795
2025-08-22,SILVERBEES.NS,109.93000030517578,162.4501304562236
2025-08-25,SILVERBEES.NS,112.05000305175781,165.5829851982752
2025-08-26,SILVERBEES.NS,111.91000366210938,165.3760997343523
2025-08-28,SILVERBEES.NS,112.77999877929688,166.6617435066714
2025-08-29,SILVERBEES.NS,113.58000183105469,167.84395582144128
2025-09-01,SILVERBEES.NS,118.58999633789062,175.2475240827082
2025-09-02,SILVERBEES.NS,117.91000366210938,174.24265827188967
2025-09-03,SILVERBEES.NS,118.95999908447266,175.79429925131137
2025-09-04,SILVERBEES.NS,119.02999877929688,175.89774198327285
2025-09-05,SILVERBEES.NS,119.01000213623047,175.86819174888907
2025-09-08,SILVERBEES.NS,120.25,177.70061068981138
2025-09-09,SILVERBEES.NS,120.19000244140625,177.6119487122479
2025-09-10,SILVERBEES.NS,119.33999633789062,176.35584389990035
2025-09-11,SILVERBEES.NS,119.30000305175781,176.29674343113285
2025-09-12,SILVERBEES.NS,123.66000366210938,182.739776870363
2025-09-15,SILVERBEES.NS,123.08000183105469,181.88267350587543
2025-09-16,SILVERBEES.NS,124.62000274658203,184.1584248834395
2025-09-17,SILVERBEES.NS,121.76000213623047,179.9320310785937
2025-09-18,SILVERBEES.NS,123.04000091552734,181.8235617626957
2025-09-19,SILVERBEES.NS,123.6500015258789,182.724996115965
2025-09-22,SILVERBEES.NS,128.22000122070312,189.47835775107947
2025-09-23,SILVERBEES.NS,129.74000549316406,191.72455889425976
2025-09-24,SILVERBEES.NS,129.99000549316406,192.09399883332384
2025-09-25,SILVERBEES.NS,132.3699951171875,195.61105172001305
2025-09-26,SILVERBEES.NS,133.00999450683594,196.55681706206408
2025-09-29,SILVERBEES.NS,139.05999755859375,205.49726809717913
2025-09-30,SILVERBEES.NS,136.07000732421875,201.0787808572206
2025-10-01,SILVERBEES.NS,139.8699951171875,206.69424989193476
2025-10-03,SILVERBEES.NS,139.75999450683594,206.53169541679358
2025-10-06,SILVERBEES.NS,143.6699981689453,212.30974147547332
2025-10-07,SILVERBEES.NS,143.82000732421875,212.53141896820637
2025-10-08,SILVERBEES.NS,150.92999267578125,223.03826918831672
2025-10-09,SILVERBEES.NS,156.16000366210938,230.76696894869036
2025-10-10,SILVERBEES.NS,153.9199981689453,227.45677897709965
2025-10-13,SILVERBEES.NS,164.33999633789062,242.8550329314306
2025-10-14,SILVERBEES.NS,174.30999755859375,257.5882995052111
2025-10-15,SILVERBEES.NS,168.55999755859375,249.09118090673786
2025-10-16,SILVERBEES.NS,157.2100067138672,232.3186212025243
2025-10-17,SILVERBEES.NS,160.60000610351562,237.32822587427992
2025-10-20,SILVERBEES.NS,148.82000732421875,219.92021774948753
2025-10-21,SILVERBEES.NS,145.3000030517578,214.71849709379475
2025-10-23,SILVERBEES.NS,141.94000244140625,209.75322341082085
2025-10-27,SILVERBEES.NS,138.85000610351562,205.186951175707
2025-10-28,SILVERBEES.NS,133.80999755859375,197.7390293768339
2025-10-29,SILVERBEES.NS,141.1300048828125,208.55624161606522
2025-10-30,SILVERBEES.NS,140.52000427246094,207.65480726279594
2025-10-31,SILVERBEES.NS,142.47000122070312,210.53643427773073
2025-11-03,SILVERBEES.NS,142.47000122070312,210.53643427773073
2025-11-04,SILVERBEES.NS,139.9499969482422,206.81247337829421
2025-11-06,SILVERBEES.NS,141.8300018310547,209.59066893567973
2025-11-07,SILVERBEES.NS,142.0500030517578,209.91577788596203
2025-11-10,SILVERBEES.NS,145.33999633789062,214.77759756256228
2025-11-11,SILVERBEES.NS,148.0500030517578,218.7823364234994
2025-11-12,SILVERBEES.NS,150.27000427246094,222.06296488629417
2025-11-13,SILVERBEES.NS,157.08999633789062,232.14127469857297
2025-11-14,SILVERBEES.NS,153.25999450683594,226.4814521262527
2025-11-17,SILVERBEES.NS,148.9199981689453,220.06798019581848
2025-11-18,SILVERBEES.NS,146.5800018310547,216.6100277778968
2025-11-19,SILVERBEES.NS,150.36000061035156,222.1959578526394
2025-11-20,SILVERBEES.NS,147.99000549316406,218.69367444593593
2025-11-21,SILVERBEES.NS,144.69000244140625,213.8170627405255
2025-11-24,SILVERBEES.NS,147.0800018310547,217.3489076560249
2025-11-25,SILVERBEES.NS,149.32000732421875,220.6590976276156
2025-11-26,SILVERBEES.NS,151.63999938964844,224.08748853674138
2025-11-27,SILVERBEES.NS,155.6999969482422,230.08718953932976
2025-11-28,SILVERBEES.NS,156.77000427246094,231.66840330195964
2025-12-01,SILVERBEES.NS,166.2100067138672,245.61845900883034
2025-12-02,SILVERBEES.NS,165.33999633789062,244.3327926876868
2025-12-03,SILVERBEES.NS,169.77999877929688,250.89404961327637
2025-12-04,SILVERBEES.NS,167.22000122070312,247.11098824507235
2025-12-05,SILVERBEES.NS,170.17999267578125,251.4851444962491
2025-12-08,SILVERBEES.NS,170.83999633789062,252.4604713470961
2025-12-09,SILVERBEES.NS,171.11000061035156,252.8594727949561
2025-12-10,SILVERBEES.NS,175.2899932861328,259.03649775267144
2025-12-11,SILVERBEES.NS,178.85000610351562,264.29734142595606
2025-12-12,SILVERBEES.NS,184.1300048828125,272.099911135083
2025-12-15,SILVERBEES.NS,184.8699951171875,273.193438923465
2025-12-16,SILVERBEES.NS,184.69000244140625,272.9274529907746
2025-12-17,SILVERBEES.NS,192.16000366210938,283.96632017391454
2025-12-18,SILVERBEES.NS,193.25999450683594,285.59184237650175
2025-12-19,SILVERBEES.NS,192.55999755859375,284.5574150568873
2025-12-22,SILVERBEES.NS,199.9499969482422,295.4780587536678
2025-12-23,SILVERBEES.NS,201.7899932861328,298.19713129346144
2025-12-24,SILVERBEES.NS,209.22999572753906,309.1916674878197
2025-12-26,SILVERBEES.NS,219.85000610351562,324.88549143246144
2025-12-29,SILVERBEES.NS,218.25,322.5210668029217
2025-12-30,SILVERBEES.NS,218.2100067138672,322.46196633415417
2025-12-31,SILVERBEES.NS,215.42999267578125,318.35377346684345
2026-01-01,SILVERBEES.NS,214.9499969482422,317.64445509751124
2026-01-02,SILVERBEES.NS,221.8699951171875,327.8705499049454
2026-01-05,SILVERBEES.NS,225.5399932861328,333.29392550454685
2026-01-06,SILVERBEES.NS,231.64999389648438,342.32303851722537
2026-01-07,SILVERBEES.NS,234.36000061035156,346.3277773781625
2026-01-08,SILVERBEES.NS,223.52999877929688,330.3236365120486
2026-01-09,SILVERBEES.NS,230.3699951171875,340.43150783312336
2026-01-12,SILVERBEES.NS,243.35000610351562,359.61284570448277
2026-01-13,SILVERBEES.NS,249.50999450683594,368.7158286659146
2026-01-14,SILVERBEES.NS,262.80999755859375,388.3700379338873
2026-01-15,SILVERBEES.NS,262.80999755859375,388.3700379338873
2026-01-16,SILVERBEES.NS,269.44000244140625,398.1675923334899
2026-01-19,SILVERBEES.NS,282.95001220703125,418.1321410717591
2026-01-20,SILVERBEES.NS,297.6199951171875,439.8108514413547
2026-01-21,SILVERBEES.NS,310.67999267578125,459.1103902502491
2026-01-22,SILVERBEES.NS,276.2699890136719,408.2606716257544
2026-01-23,SILVERBEES.NS,292.7300109863281,432.5846296840391
2026-01-27,SILVERBEES.NS,317.8500061035156,469.7059475455718
2026-01-28,SILVERBEES.NS,332.0299987792969,490.6605700658493
2026-01-29,SILVERBEES.NS,351.9100036621094,520.038441235847
2026-01-30,SILVERBEES.NS,286.4800109863281,423.34863120743773
2026-02-02,SILVERBEES.NS,219.94000244140625,325.0184843988066
2026-02-03,SILVERBEES.NS,247.33999633789062,365.5090927006975
2026-02-04,SILVERBEES.NS,265.57000732421875,392.44866929240214
2026-02-05,SILVERBEES.NS,236.4199981689453,349.37195886823844
2026-02-06,SILVERBEES.NS,224.4600067138672,331.6979648107556
2026-02-09,SILVERBEES.NS,243.6999969482422,360.13004808987785
2026-02-10,SILVERBEES.NS,243.82000732421875,360.30739459382914
2026-02-11,SILVERBEES.NS,247.3699951171875,365.55342368947925
2026-02-12,SILVERBEES.NS,245.38999938964844,362.62746568576273
2026-02-13,SILVERBEES.NS,232.5800018310547,343.69736681593236
2026-02-16,SILVERBEES.NS,227.33999633789062,335.95389757557297
2026-02-17,SILVERBEES.NS,220.0399932861328,325.1662468451376
2026-02-18,SILVERBEES.NS,223.7899932861328,330.70784593109846
2026-02-19,SILVERBEES.NS,233.2100067138672,344.6283626779976
2026-02-20,SILVERBEES.NS,236.6199951171875,349.6675063097248
2026-02-23,SILVERBEES.NS,250.1699981689453,369.69115551676157
2026-02-24,SILVERBEES.NS,250.6699981689453,370.43003539488967
2026-02-25,SILVERBEES.NS,253.25,374.2426582718897
2026-02-26,SILVERBEES.NS,246.05999755859375,363.61756201659546
2026-02-27,SILVERBEES.NS,252.80999755859375,373.59244037132504
2026-03-02,SILVERBEES.NS,274.6499938964844,405.8667080362432
2026-03-04,SILVERBEES.NS,255.57000732421875,377.67107172983987
2026-03-05,SILVERBEES.NS,247.92999267578125,366.3809655451708
2026-03-06,SILVERBEES.NS,246.75999450683594,364.65198933620997
2026-03-09,SILVERBEES.NS,247.0,365.0066597952883
2026-03-10,SILVERBEES.NS,256.3500061035156,378.8237225358138
2026-03-11,SILVERBEES.NS,251.69000244140625,371.9373566599418
2026-03-12,SILVERBEES.NS,253.5,374.6120982109537
2026-03-13,SILVERBEES.NS,244.49000549316406,361.2974909246619
2026-03-16,SILVERBEES.NS,233.47999572753906,345.0273415770332
2026-03-17,SILVERBEES.NS,240.88999938964844,355.9775467826097
2026-03-18,SILVERBEES.NS,237.1300048828125,350.42117821666307
2026-03-19,SILVERBEES.NS,218.97999572753906,323.5998251113179
2026-03-20,SILVERBEES.NS,219.89999389648438,324.9593613812147
2026-03-23,SILVERBEES.NS,193.52000427246094,285.976074344376
2026-03-24,SILVERBEES.NS,212.30999755859375,313.7431702429478
2026-03-25,SILVERBEES.NS,221.4199981689453,327.20556252439496
2026-03-27,SILVERBEES.NS,212.5,314.02394820444835
2026-03-30,SILVERBEES.NS,216.0800018310547,319.31433083770463
2026-04-01,SILVERBEES.NS,224.80999755859375,332.2151671961506
2026-04-02,SILVERBEES.NS,215.9499969482422,319.1222148537675
2026-04-06,SILVERBEES.NS,222.3800048828125,328.62422181188373
2026-04-07,SILVERBEES.NS,220.02999877929688,325.15147736515183
2026-04-08,SILVERBEES.NS,230.5800018310547,340.74184730341995
2026-04-09,SILVERBEES.NS,223.8300018310547,330.76696894869036
2026-04-10,SILVERBEES.NS,226.5399932861328,334.7716852608031
2026-04-13,SILVERBEES.NS,224.97000122070312,332.4516141688695
2026-04-15,SILVERBEES.NS,235.0800018310547,347.3917662065729
2026-04-16,SILVERBEES.NS,237.97000122070312,351.6624910002005
2026-04-17,SILVERBEES.NS,238.13999938964844,351.9137074529051
2026-04-20,SILVERBEES.NS,237.27000427246094,350.62806368058597
2026-04-21,SILVERBEES.NS,237.41000366210938,350.83494914450887
2026-04-22,SILVERBEES.NS,236.02999877929688,348.79563346525146
2026-04-23,SILVERBEES.NS,229.6699981689453,339.39708051350885
2026-04-24,SILVERBEES.NS,227.88999938964844,336.76666995127874
2026-04-27,SILVERBEES.NS,230.72000122070312,340.9487327673428
2026-04-28,SILVERBEES.NS,224.72999572753906,332.0969437097912
2026-04-29,SILVERBEES.NS,224.1999969482422,331.3137328428814
2026-04-30,SILVERBEES.NS,227.5,336.1903445482918
2026-05-01,SILVERBEES.NS,227.5,336.1903445482918
2026-05-04,SILVERBEES.NS,230.36000061035156,340.4167383531376
2026-05-05,SILVERBEES.NS,228.88999938964844,338.24442970753495
2026-05-06,SILVERBEES.NS,234.49000549316406,346.5198933620996
2026-05-07,SILVERBEES.NS,239.44000244140625,353.83479964580306
2026-05-08,SILVERBEES.NS,240.1699981689453,354.9135579541993
2026-05-11,SILVERBEES.NS,241.2899932861328,356.56864166558245
2026-05-12,SILVERBEES.NS,252.00999450683594,372.4102280565551
2026-05-13,SILVERBEES.NS,269.4200134277344,398.13805337351835
2026-05-14,SILVERBEES.NS,270.92999267578125,400.3694399390641
2026-05-15,SILVERBEES.NS,249.85000610351562,369.21828412014827
2026-05-18,SILVERBEES.NS,253.16000366210938,374.10966530554447
2026-05-19,SILVERBEES.NS,253.25,374.2426582718897
2026-05-20,SILVERBEES.NS,252.66000366210938,373.3707854274163
2026-05-21,SILVERBEES.NS,251.97000122070312,372.35112758778763
2026-05-22,SILVERBEES.NS,252.5399932861328,373.193438923465
2026-05-25,SILVERBEES.NS,256.0299987792969,378.350828590376
2026-05-26,SILVERBEES.NS,251.2899932861328,371.3462392281447
2026-05-27,SILVERBEES.NS,249.8699951171875,369.2478230801198
2026-05-28,SILVERBEES.NS,249.8699951171875,369.2478230801198
2026-05-29,SILVERBEES.NS,249.3699951171875,368.50894320199166
2026-06-01,SILVERBEES.NS,249.5399932861328,368.76015965469634
2026-06-02,SILVERBEES.NS,251.55999755859375,371.7452406760047
2026-06-03,SILVERBEES.NS,246.7899932861328,364.6963203249917
2023-01-02,TCS.NS,2893.559814453125,100.0
2023-01-03,TCS.NS,2937.83154296875,101.53000910140135
2023-01-04,TCS.NS,2940.758544921875,101.63116484521923
2023-01-05,TCS.NS,2937.609375,101.52233108598104
2023-01-06,TCS.NS,2849.288818359375,98.47001621073738
2023-01-09,TCS.NS,2945.46142578125,101.79369408812218
2023-01-10,TCS.NS,2915.696044921875,100.76501720677004
2023-01-11,TCS.NS,2953.223876953125,102.06196057195646
2023-01-12,TCS.NS,2958.237060546875,102.23521372430912
2023-01-13,TCS.NS,2993.902099609375,103.46777988327898
2023-01-16,TCS.NS,3025.206298828125,104.54963756814134
2023-01-17,TCS.NS,3065.44775390625,105.94036240739027
2023-01-18,TCS.NS,3075.9736328125,106.30413159072197
2023-01-19,TCS.NS,3060.639404296875,105.77418821650755
2023-01-20,TCS.NS,3051.565673828125,105.46060456693421
2023-01-23,TCS.NS,3098.567626953125,107.0849688842097
2023-01-24,TCS.NS,3117.98486328125,107.75601899456642
2023-01-25,TCS.NS,3112.041748046875,107.55062786338297
2023-01-27,TCS.NS,3095.073486328125,106.96421310762105
2023-01-30,TCS.NS,3115.580078125,107.6729108056761
2023-01-31,TCS.NS,3047.57275390625,105.32261122385793
2023-02-01,TCS.NS,3092.62451171875,106.87957775302625
2023-02-02,TCS.NS,3139.852294921875,108.51174664641583
2023-02-03,TCS.NS,3159.723876953125,109.19849872017609
2023-02-06,TCS.NS,3139.444091796875,108.49763934775342
2023-02-07,TCS.NS,3150.876953125,108.89275339623512
2023-02-08,TCS.NS,3194.0224609375,110.38384086562114
2023-02-09,TCS.NS,3212.849853515625,111.03450626690588
2023-02-10,TCS.NS,3209.855712890625,110.93103024370275
2023-02-13,TCS.NS,3159.814453125,109.20162898800127
2023-02-14,TCS.NS,3175.87548828125,109.75669044123362
2023-02-15,TCS.NS,3194.520751953125,110.40106155734959
2023-02-16,TCS.NS,3228.45703125,111.57388263149382
2023-02-17,TCS.NS,3176.82763671875,109.78959622160642
2023-02-20,TCS.NS,3164.2607421875,109.35529054496276
2023-02-21,TCS.NS,3131.322998046875,108.21697835331206
2023-02-22,TCS.NS,3086.4541015625,106.66633142145126
2023-02-23,TCS.NS,3097.569580078125,107.05047687647533
2023-02-24,TCS.NS,3085.455810546875,106.63183097633728
2023-02-27,TCS.NS,3023.21044921875,104.48066199005217
2023-02-28,TCS.NS,3005.970947265625,103.88487330557379
2023-03-01,TCS.NS,3072.072265625,106.16930226498924
2023-03-02,TCS.NS,3013.77392578125,104.1545403944188
2023-03-03,TCS.NS,3032.55615234375,104.80364488048073
2023-03-06,TCS.NS,3059.50537109375,105.73499658834558
2023-03-08,TCS.NS,3076.336669921875,106.31667797416154
2023-03-09,TCS.NS,3027.74755859375,104.63746225221841
2023-03-10,TCS.NS,3022.439453125,104.45401674532977
2023-03-13,TCS.NS,2977.932373046875,102.91587401001061
2023-03-14,TCS.NS,2917.13916015625,100.81489055748382
2023-03-15,TCS.NS,2902.57568359375,100.31158399061223
2023-03-16,TCS.NS,2889.963623046875,99.87571739874575
2023-03-17,TCS.NS,2884.791259765625,99.69696307490511
2023-03-20,TCS.NS,2852.126220703125,98.56807543624838
2023-03-21,TCS.NS,2818.372314453125,97.40155708465248
2023-03-22,TCS.NS,2840.7841796875,98.17610009297148
2023-03-23,TCS.NS,2835.203857421875,97.98324690784803
2023-03-24,TCS.NS,2831.4384765625,97.85311720254293
2023-03-27,TCS.NS,2833.0712890625,97.90954639719251
2023-03-28,TCS.NS,2827.264404296875,97.70886332381625
2023-03-29,TCS.NS,2848.1337890625,98.43009896793129
2023-03-31,TCS.NS,2908.92724609375,100.53109085783767
2023-04-03,TCS.NS,2903.57421875,100.34609287310579
2023-04-05,TCS.NS,2939.687255859375,101.59414162361003
2023-04-06,TCS.NS,2922.356689453125,100.99520579654728
2023-04-10,TCS.NS,2961.101318359375,102.33420106157422
2023-04-11,TCS.NS,2916.09619140625,100.77884607190622
2023-04-12,TCS.NS,2941.365478515625,101.652140170862
2023-04-13,TCS.NS,2893.45654296875,99.99643098843649
2023-04-17,TCS.NS,2848.678466796875,98.44892276178045
2023-04-18,TCS.NS,2840.73876953125,98.1745307403691
2023-04-19,TCS.NS,2803.401123046875,96.88416009387765
2023-04-20,TCS.NS,2817.192626953125,97.36078766650851
2023-04-21,TCS.NS,2868.05078125,99.11842039429393
2023-04-24,TCS.NS,2880.708251953125,99.55585633876282
2023-04-25,TCS.NS,2881.797607421875,99.59350392646115
2023-04-26,TCS.NS,2901.895263671875,100.28806901371506
2023-04-27,TCS.NS,2892.640380859375,99.96822482849129
2023-04-28,TCS.NS,2921.041015625,100.94973675797571
2023-05-02,TCS.NS,2921.1767578125,100.95442794102374
2023-05-03,TCS.NS,2885.3359375,99.7157868687543
2023-05-04,TCS.NS,2922.356689453125,100.99520579654728
2023-05-05,TCS.NS,2931.43017578125,101.30878100874104
2023-05-08,TCS.NS,2949.4873046875,101.9328264774421
2023-05-09,TCS.NS,2979.11279296875,102.95666874029332
2023-05-10,TCS.NS,2982.3330078125,103.0679577769901
2023-05-11,TCS.NS,2978.114013671875,102.9221514204202
2023-05-12,TCS.NS,2970.9912109375,102.67599087109278
2023-05-15,TCS.NS,2953.524169921875,102.07233854884328
2023-05-16,TCS.NS,2956.33740234375,102.16956247377557
2023-05-17,TCS.NS,2911.4677734375,100.61889022977599
2023-05-18,TCS.NS,2903.438232421875,100.34139325267817
2023-05-19,TCS.NS,2924.307373046875,101.06262045941364
2023-05-22,TCS.NS,2993.130615234375,103.44111776379741
2023-05-23,TCS.NS,2991.634521484375,103.38941350171417
2023-05-24,TCS.NS,2997.350341796875,103.58694943250606
2023-05-25,TCS.NS,2988.412841796875,103.2780738407399
2023-05-26,TCS.NS,3020.532958984375,104.3881292481679
2023-05-29,TCS.NS,3012.775634765625,104.12003994930485
2023-05-30,TCS.NS,3009.010009765625,103.98990180662015
2023-05-31,TCS.NS,2984.78369140625,103.15265219324199
2023-06-01,TCS.NS,3016.08740234375,104.23449300334518
2023-06-02,TCS.NS,2999.391845703125,103.65750280057722
2023-06-05,TCS.NS,2984.23876953125,103.13381996201323
2023-06-06,TCS.NS,2932.8818359375,101.35894966774022
2023-06-07,TCS.NS,2971.535888671875,102.69481466494194
2023-06-08,TCS.NS,2936.6474609375,101.48908781042492
2023-06-09,TCS.NS,2912.012451171875,100.63771402362518
2023-06-12,TCS.NS,2946.129150390625,101.81677032128107
2023-06-13,TCS.NS,2943.22607421875,101.71644144066232
2023-06-14,TCS.NS,2949.894775390625,101.94690846396577
2023-06-15,TCS.NS,2940.068603515625,101.6073208105183
2023-06-16,TCS.NS,2902.223876953125,100.29942572663346
2023-06-19,TCS.NS,2934.6748046875,101.4209137833961
2023-06-20,TCS.NS,2950.4892578125,101.96745348324983
2023-06-21,TCS.NS,2978.369140625,102.93096848208418
2023-06-22,TCS.NS,2960.36181640625,102.308644238818
2023-06-23,TCS.NS,2940.1142578125,101.60889860050028
2023-06-26,TCS.NS,2915.70703125,100.76539688885127
2023-06-27,TCS.NS,2922.745849609375,101.00865497960221
2023-06-28,TCS.NS,2939.291748046875,101.58047306868592
2023-06-30,TCS.NS,3018.636474609375,104.3225876835689
2023-07-03,TCS.NS,2991.2587890625,103.37642837453629
2023-07-04,TCS.NS,3024.669677734375,104.5310922078184
2023-07-05,TCS.NS,3034.816162109375,104.88174970327846
2023-07-06,TCS.NS,3037.51318359375,104.97495743552936
2023-07-07,TCS.NS,3043.31787109375,105.17556457248938
2023-07-10,TCS.NS,2990.938720703125,103.36536696990328
2023-07-11,TCS.NS,2991.350341796875,103.37959239187984
2023-07-12,TCS.NS,2979.923828125,102.9846977152673
2023-07-13,TCS.NS,3053.647216796875,105.53254166525691
2023-07-14,TCS.NS,3212.79443359375,111.03259098174058
2023-07-17,TCS.NS,3191.81591796875,110.30758382895205
2023-07-18,TCS.NS,3196.523681640625,110.47028181944665
2023-07-19,TCS.NS,3172.02490234375,109.6236160904541
2023-07-20,TCS.NS,3174.08740234375,109.69489507316939
2023-07-21,TCS.NS,3087.020751953125,106.68591457946286
2023-07-24,TCS.NS,3111.261474609375,107.52366199823642
2023-07-25,TCS.NS,3115.29443359375,107.66303907156424
2023-07-26,TCS.NS,3105.35009765625,107.31936772639874
2023-07-27,TCS.NS,3113.231689453125,107.5917516514694
2023-07-28,TCS.NS,3075.197509765625,106.27730916102831
2023-07-31,TCS.NS,3135.73193359375,108.36934899119737
2023-08-01,TCS.NS,3163.776611328125,109.33855922125011
2023-08-02,TCS.NS,3153.328857421875,108.97748999938493
2023-08-03,TCS.NS,3116.027099609375,107.68835964769214
2023-08-04,TCS.NS,3155.986572265625,109.06933931352299
2023-08-07,TCS.NS,3193.104248046875,110.35210788101033
2023-08-08,TCS.NS,3180.77734375,109.92609614849653
2023-08-09,TCS.NS,3173.3544921875,109.66956605966189
2023-08-10,TCS.NS,3154.657958984375,109.02342309383353
2023-08-11,TCS.NS,3160.7978515625,109.23561475296071
2023-08-14,TCS.NS,3161.76025390625,109.26887490327599
2023-08-16,TCS.NS,3169.59619140625,109.53968103836469
2023-08-17,TCS.NS,3148.838134765625,108.82229283933937
2023-08-18,TCS.NS,3085.920654296875,106.64789574706288
2023-08-21,TCS.NS,3117.585205078125,107.74220700418941
2023-08-22,TCS.NS,3099.7138671875,107.12458238135083
2023-08-23,TCS.NS,3114.46923828125,107.63452072857447
2023-08-24,TCS.NS,3104.846435546875,107.30196141231947
2023-08-25,TCS.NS,3098.9345703125,107.09765026572262
2023-08-28,TCS.NS,3093.6650390625,106.91553786480803
2023-08-29,TCS.NS,3094.214599609375,106.93453040624885
2023-08-30,TCS.NS,3107.7783203125,107.40328590372899
2023-08-31,TCS.NS,3076.48095703125,106.32166446549496
2023-09-01,TCS.NS,3097.009765625,107.03112996509203
2023-09-04,TCS.NS,3133.028076171875,108.27590501231816
2023-09-05,TCS.NS,3142.972412109375,108.61957635748367
2023-09-06,TCS.NS,3143.475830078125,108.63697423418334
2023-09-07,TCS.NS,3166.709228515625,109.43990902479838
2023-09-08,TCS.NS,3154.473876953125,109.01706130962812
2023-09-11,TCS.NS,3189.98828125,110.2444216053954
2023-09-12,TCS.NS,3281.77490234375,113.41652195857567
2023-09-13,TCS.NS,3269.90673828125,113.00636406229789
2023-09-14,TCS.NS,3262.757568359375,112.75929227597554
2023-09-15,TCS.NS,3297.813720703125,113.97081561026596
2023-09-18,TCS.NS,3305.0078125,114.21943987443154
2023-09-20,TCS.NS,3304.91650390625,114.21628429446757
2023-09-21,TCS.NS,3285.899169921875,113.55905461186747
2023-09-22,TCS.NS,3302.716796875,114.14026350442681
2023-09-25,TCS.NS,3278.429931640625,113.3009214209121
2023-09-26,TCS.NS,3286.265625,113.5717191186212
2023-09-27,TCS.NS,3289.564697265625,113.68573342892321
2023-09-28,TCS.NS,3241.403564453125,112.02130843338871
2023-09-29,TCS.NS,3233.93408203125,111.76316680505376
2023-10-03,TCS.NS,3220.415771484375,111.29598066017601
2023-10-04,TCS.NS,3242.31982421875,112.05297391896285
2023-10-05,TCS.NS,3289.611083984375,113.68733653104395
2023-10-06,TCS.NS,3318.984375,114.70246298078615
2023-10-09,TCS.NS,3334.519287109375,115.2393418810176
2023-10-10,TCS.NS,3325.85791015625,114.94000896555954
2023-10-11,TCS.NS,3308.445068359375,114.33822974157741
2023-10-12,TCS.NS,3246.718994140625,112.20500706166486
2023-10-13,TCS.NS,3272.656005859375,113.1013773937795
2023-10-16,TCS.NS,3229.763671875,111.61903948702081
2023-10-17,TCS.NS,3214.183837890625,111.08060810894615
2023-10-18,TCS.NS,3196.03759765625,110.45348299669735
2023-10-19,TCS.NS,3175.270751953125,109.73579105200709
2023-10-20,TCS.NS,3211.01416015625,110.971065609823
2023-10-23,TCS.NS,3133.46240234375,108.2909151105959
2023-10-25,TCS.NS,3115.039306640625,107.65422200990025
2023-10-26,TCS.NS,3066.017822265625,105.96006368871605
2023-10-27,TCS.NS,3079.06591796875,106.41099944051734
2023-10-30,TCS.NS,3104.426513671875,107.2874491194371
2023-10-31,TCS.NS,3095.42138671875,106.97623637352652
2023-11-01,TCS.NS,3060.41259765625,105.76634989087515
2023-11-02,TCS.NS,3087.473388671875,106.70155748120933
2023-11-03,TCS.NS,3079.02001953125,106.4094132131558
2023-11-06,TCS.NS,3105.98876953125,107.34143991138727
2023-11-07,TCS.NS,3096.983642578125,107.03022716547667
2023-11-08,TCS.NS,3107.18310546875,107.38271557230618
2023-11-09,TCS.NS,3075.849609375,106.2998454018939
2023-11-10,TCS.NS,3062.986083984375,105.85528830905717
2023-11-13,TCS.NS,3061.239501953125,105.794927295522
2023-11-15,TCS.NS,3128.08740234375,108.10515776170158
2023-11-16,TCS.NS,3214.046875,111.0758747390002
2023-11-17,TCS.NS,3218.273193359375,111.2219342169576
2023-11-20,TCS.NS,3234.031982421875,111.76655019426644
2023-11-21,TCS.NS,3225.394775390625,111.4680525793871
2023-11-22,TCS.NS,3243.726318359375,112.1015816627392
2023-11-23,TCS.NS,3223.602783203125,111.40612221324955
2023-11-24,TCS.NS,3176.603515625,109.78185070714943
2023-11-28,TCS.NS,3188.59423828125,110.19624416797778
2023-11-29,TCS.NS,3228.65673828125,111.58078440799252
2023-11-30,TCS.NS,3204.62841796875,110.75037750945597
2023-12-01,TCS.NS,3226.72705078125,111.51409535977028
2023-12-04,TCS.NS,3227.46240234375,111.5395087470736
2023-12-05,TCS.NS,3245.058349609375,112.1476160057428
2023-12-06,TCS.NS,3311.67626953125,114.4498984603554
2023-12-07,TCS.NS,3321.599609375,114.7928441908768
2023-12-08,TCS.NS,3332.442138671875,115.16755665552736
2023-12-11,TCS.NS,3347.32763671875,115.68199212606862
2023-12-12,TCS.NS,3374.158935546875,116.609268579595
2023-12-13,TCS.NS,3301.98193359375,114.11486699188265
2023-12-14,TCS.NS,3369.7021484375,116.45524421531147
2023-12-15,TCS.NS,3547.73193359375,122.60786578086555
2023-12-18,TCS.NS,3546.077880859375,122.55070253419227
2023-12-19,TCS.NS,3506.5673828125,121.18523920941415
2023-12-20,TCS.NS,3473.350341796875,120.03727465552076
2023-12-21,TCS.NS,3480.195556640625,120.27384190426258
2023-12-22,TCS.NS,3513.734375,121.43292692444605
2023-12-26,TCS.NS,3487.5927734375,120.52948606824101
2023-12-27,TCS.NS,3501.972412109375,121.02643928828678
2023-12-28,TCS.NS,3491.589599609375,120.6676144093906
2023-12-29,TCS.NS,3485.61669921875,120.46119391789804
2024-01-01,TCS.NS,3501.881103515625,121.02328370832282
2024-01-02,TCS.NS,3476.244384765625,120.13729135309497
2024-01-03,TCS.NS,3392.214599609375,117.23326342401856
2024-01-04,TCS.NS,3369.288818359375,116.44095973167782
2024-01-05,TCS.NS,3434.619873046875,118.69876875850962
2024-01-08,TCS.NS,3379.85595703125,116.80615483215901
2024-01-09,TCS.NS,3390.514404296875,117.17450551260413
2024-01-10,TCS.NS,3411.786376953125,117.90965439565117
2024-01-11,TCS.NS,3432.460693359375,118.62414857347959
2024-01-12,TCS.NS,3567.763427734375,123.30014433825252
2024-01-15,TCS.NS,3587.059814453125,123.96701794571577
2024-01-16,TCS.NS,3548.008056640625,122.61740845717368
2024-01-17,TCS.NS,3569.417236328125,123.35729914754623
2024-01-18,TCS.NS,3585.95703125,123.92890630214038
2024-01-19,TCS.NS,3648.365966796875,126.08572833274596
2024-01-23,TCS.NS,3569.90380859375,123.37411484505469
2024-01-24,TCS.NS,3554.6826171875,122.84807797758712
2024-01-25,TCS.NS,3525.537841796875,121.84084891513439
2024-01-29,TCS.NS,3516.932373046875,121.54344815960079
2024-01-30,TCS.NS,3516.515869140625,121.52905399003258
2024-01-31,TCS.NS,3530.764892578125,122.02149321200157
2024-02-01,TCS.NS,3566.110107421875,123.243006403718
2024-02-02,TCS.NS,3669.878662109375,126.8291964720616
2024-02-05,TCS.NS,3676.355712890625,127.05304015239258
2024-02-06,TCS.NS,3826.89599609375,132.25563808906514
2024-02-07,TCS.NS,3778.22705078125,130.57366334399848
2024-02-08,TCS.NS,3825.137939453125,132.1948805186896
2024-02-09,TCS.NS,3824.767822265625,132.18208945124212
2024-02-12,TCS.NS,3812.7392578125,131.76638819657848
2024-02-13,TCS.NS,3839.387451171875,132.68733661541773
2024-02-14,TCS.NS,3793.678955078125,131.10767353517176
2024-02-15,TCS.NS,3796.5478515625,131.20682118264892
2024-02-16,TCS.NS,3819.771240234375,132.00941004070108
2024-02-19,TCS.NS,3797.10205078125,131.22597403430183
2024-02-20,TCS.NS,3729.419189453125,128.8868877299492
2024-02-21,TCS.NS,3693.1953125,127.63500840911436
2024-02-22,TCS.NS,3781.650634765625,130.6919807178877
2024-02-23,TCS.NS,3749.2666015625,129.57280450313073
2024-02-26,TCS.NS,3702.031494140625,127.94038248835366
2024-02-27,TCS.NS,3797.6572265625,131.24516063547304
2024-02-28,TCS.NS,3811.120361328125,131.7104399325651
2024-02-29,TCS.NS,3789.052734375,130.94779362945778
2024-03-01,TCS.NS,3788.359130859375,130.92382303406313
2024-03-04,TCS.NS,3775.728759765625,130.48732363872796
2024-03-05,TCS.NS,3712.255615234375,128.29372307052105
2024-03-06,TCS.NS,3760.5546875,129.96291518551985
2024-03-07,TCS.NS,3801.54345703125,131.37946684367162
2024-03-11,TCS.NS,3814.266845703125,131.81918088062787
2024-03-12,TCS.NS,3878.942138671875,134.05432710590034
2024-03-13,TCS.NS,3838.924072265625,132.67132246896963
2024-03-14,TCS.NS,3893.144775390625,134.54516322574858
2024-03-15,TCS.NS,3903.924072265625,134.9176904090872
2024-03-18,TCS.NS,3842.162841796875,132.7832527465147
2024-03-19,TCS.NS,3680.056640625,127.18094238948783
2024-03-20,TCS.NS,3674.134521484375,126.9762768729485
2024-03-21,TCS.NS,3676.03173828125,127.04184374968624
2024-03-22,TCS.NS,3618.618896484375,125.05768425486252
2024-03-26,TCS.NS,3587.71484375,123.98965543513634
2024-03-27,TCS.NS,3553.85009765625,122.81930651320985
2024-03-28,TCS.NS,3586.605224609375,123.95130754493265
2024-04-01,TCS.NS,3624.03173828125,125.24474939759219
2024-04-02,TCS.NS,3593.54443359375,124.1911231848138
2024-04-03,TCS.NS,3652.298583984375,126.22163764306526
2024-04-04,TCS.NS,3704.11328125,128.012328024056
2024-04-05,TCS.NS,3681.86083984375,127.24329462460453
2024-04-08,TCS.NS,3675.661376953125,127.02904424485916
2024-04-09,TCS.NS,3651.6044921875,126.19765017291145
2024-04-10,TCS.NS,3686.857177734375,127.41596559776598
2024-04-12,TCS.NS,3702.35546875,127.95157889106001
2024-04-15,TCS.NS,3646.65380859375,126.02655698973196
2024-04-16,TCS.NS,3583.366455078125,123.83937726738756
2024-04-18,TCS.NS,3573.37353515625,123.49402688368507
2024-04-19,TCS.NS,3540.2490234375,122.34926009665357
2024-04-22,TCS.NS,3575.779296875,123.57716882209371
2024-04-23,TCS.NS,3585.1240234375,123.90011796300395
2024-04-24,TCS.NS,3544.736328125,122.50433913338492
2024-04-25,TCS.NS,3564.305419921875,123.18063729384212
2024-04-26,TCS.NS,3535.76171875,122.19418105992219
2024-04-29,TCS.NS,3580.96044921875,123.75622689159933
2024-04-30,TCS.NS,3535.113525390625,122.17177981712992
2024-05-02,TCS.NS,3574.576171875,123.53558941550982
2024-05-03,TCS.NS,3556.1630859375,122.89924224737705
2024-05-06,TCS.NS,3628.01025390625,125.38224493527306
2024-05-07,TCS.NS,3681.583251953125,127.23370132401892
2024-05-08,TCS.NS,3679.73291015625,127.16975442416107
2024-05-09,TCS.NS,3664.234375,126.63413269348747
2024-05-10,TCS.NS,3602.88916015625,124.51407232572403
2024-05-13,TCS.NS,3652.761474609375,126.2376349147542
2024-05-14,TCS.NS,3609.6435546875,124.74750086926103
2024-05-15,TCS.NS,3590.39794921875,124.08238223675102
2024-05-16,TCS.NS,3635.64599609375,125.64613241910388
2024-05-17,TCS.NS,3573.3427734375,123.49296377385764
2024-05-21,TCS.NS,3560.38818359375,123.04525953843653
2024-05-22,TCS.NS,3571.3857421875,123.42532973912212
2024-05-23,TCS.NS,3628.65625,125.40457024164908
2024-05-24,TCS.NS,3587.6953125,123.98898044476971
2024-05-27,TCS.NS,3585.412109375,123.91007407091162
2024-05-28,TCS.NS,3578.748291015625,123.67977579519982
2024-05-29,TCS.NS,3544.963623046875,122.51219433377649
2024-05-30,TCS.NS,3482.007568359375,120.33646413552592
2024-05-31,TCS.NS,3421.28857421875,118.2380456463923
2024-06-03,TCS.NS,3451.01904296875,119.26551598246408
2024-06-04,TCS.NS,3462.3427734375,119.65685852227227
2024-06-05,TCS.NS,3491.654052734375,120.66984187760046
2024-06-06,TCS.NS,3569.894287109375,123.37378578725098
2024-06-07,TCS.NS,3629.12255859375,125.42068563665218
2024-06-10,TCS.NS,3596.269775390625,124.2853096530963
2024-06-11,TCS.NS,3590.119140625,124.0727467492675
2024-06-12,TCS.NS,3571.059326171875,123.41404896261996
2024-06-13,TCS.NS,3614.39697265625,124.91177664973763
2024-06-14,TCS.NS,3571.431884765625,123.42692440386327
2024-06-18,TCS.NS,3555.635498046875,122.88100907009867
2024-06-19,TCS.NS,3543.146240234375,122.44938648016233
2024-06-20,TCS.NS,3529.678955078125,121.9839637476174
2024-06-21,TCS.NS,3551.580810546875,122.74088106998798
2024-06-24,TCS.NS,3557.21923828125,122.93574235145212
2024-06-25,TCS.NS,3577.396484375,123.63305802445001
2024-06-26,TCS.NS,3593.61376953125,124.19351940061532
2024-06-27,TCS.NS,3666.588134765625,126.71547747004499
2024-06-28,TCS.NS,3638.628662109375,125.74921188546662
2024-07-01,TCS.NS,3707.642578125,128.13429878330456
2024-07-02,TCS.NS,3744.176513671875,129.3968935762095
2024-07-03,TCS.NS,3695.573486328125,127.71719692363015
2024-07-04,TCS.NS,3747.48486328125,129.51122850693565
2024-07-05,TCS.NS,3738.957275390625,129.21651927548896
2024-07-08,TCS.NS,3721.622314453125,128.61743157559374
2024-07-09,TCS.NS,3714.44580078125,128.36941480275812
2024-07-10,TCS.NS,3643.28857421875,125.91025614956301
2024-07-11,TCS.NS,3656.84912109375,126.37890196110857
2024-07-12,TCS.NS,3899.39990234375,134.76133732803882
2024-07-15,TCS.NS,3885.65283203125,134.28624535849204
2024-07-16,TCS.NS,3894.27392578125,134.5841861063189
2024-07-18,TCS.NS,4022.04931640625,139.0000405837958
2024-07-19,TCS.NS,4019.107421875,138.89837015982337
2024-07-22,TCS.NS,4005.0478515625,138.41247834441063
2024-07-23,TCS.NS,4019.059814453125,138.89672487080475
2024-07-24,TCS.NS,4022.703125,139.02263588631848
2024-07-25,TCS.NS,4037.88330078125,139.54725527401615
2024-07-26,TCS.NS,4098.93017578125,141.65700516392943
2024-07-29,TCS.NS,4092.62451171875,141.43908452406555
2024-07-30,TCS.NS,4077.912353515625,140.93063959302805
2024-07-31,TCS.NS,4096.5947265625,141.57629319084063
2024-08-01,TCS.NS,4107.57080078125,141.95562090212294
2024-08-02,TCS.NS,4001.03076171875,138.2736497007557
2024-08-05,TCS.NS,3881.458740234375,134.14129961463956
2024-08-06,TCS.NS,3896.545654296875,134.66269592333663
2024-08-07,TCS.NS,3923.870361328125,135.60702432099976
2024-08-08,TCS.NS,3897.806396484375,134.70626655150207
2024-08-09,TCS.NS,3950.306396484375,136.5206406569816
2024-08-12,TCS.NS,3919.385498046875,135.45202965806422
2024-08-13,TCS.NS,3920.60009765625,135.49400562148853
2024-08-14,TCS.NS,4012.42724609375,138.66750657967953
2024-08-16,TCS.NS,4125.27294921875,142.56739842091065
2024-08-19,TCS.NS,4194.35400390625,144.95480559813385
2024-08-20,TCS.NS,4225.46142578125,146.0298627550525
2024-08-21,TCS.NS,4251.8046875,146.9402728867929
2024-08-22,TCS.NS,4205.56396484375,145.34221631905646
2024-08-23,TCS.NS,4169.97265625,144.1121982487206
2024-08-26,TCS.NS,4205.98388671875,145.35672861193885
2024-08-27,TCS.NS,4201.03369140625,145.1856523035185
2024-08-28,TCS.NS,4209.34716796875,145.47296195307112
2024-08-29,TCS.NS,4214.71875,145.6586011786513
2024-08-30,TCS.NS,4253.90625,147.0129018502414
2024-09-02,TCS.NS,4223.35986328125,145.95723379160398
2024-09-03,TCS.NS,4215.23291015625,145.67637030005264
2024-09-04,TCS.NS,4184.31201171875,144.60775930113522
2024-09-05,TCS.NS,4181.22900390625,144.50121207176397
2024-09-06,TCS.NS,4163.29345703125,143.88136841809512
2024-09-09,TCS.NS,4156.56689453125,143.64890173583055
2024-09-10,TCS.NS,4211.02880859375,145.53107862363728
2024-09-11,TCS.NS,4184.40478515625,144.6109655053767
2024-09-12,TCS.NS,4220.22998046875,145.84906658535283
2024-09-13,TCS.NS,4224.8076171875,146.00726745252985
2024-09-16,TCS.NS,4216.0732421875,145.7054117605765
2024-09-17,TCS.NS,4208.9736328125,145.4600527623095
2024-09-18,TCS.NS,4059.975830078125,140.31076218984086
2024-09-19,TCS.NS,4013.268310546875,138.69657335234217
2024-09-20,TCS.NS,4002.759521484375,138.33339478558128
2024-09-23,TCS.NS,3987.43896484375,137.80392390462353
2024-09-24,TCS.NS,3990.05419921875,137.8943051147142
2024-09-25,TCS.NS,3993.27734375,138.00569539996596
2024-09-26,TCS.NS,4009.858642578125,138.57873690908917
2024-09-27,TCS.NS,4024.9921875,139.10174475728653
2024-09-30,TCS.NS,3987.43896484375,137.80392390462353
2024-10-01,TCS.NS,4005.561279296875,138.43022215367318
2024-10-03,TCS.NS,3954.042724609375,136.6497663141164
2024-10-04,TCS.NS,3972.258056640625,137.27927920478712
2024-10-07,TCS.NS,3991.502685546875,137.94436408777878
2024-10-08,TCS.NS,3973.193603515625,137.3116112433483
2024-10-09,TCS.NS,3972.913330078125,137.30192513158727
2024-10-10,TCS.NS,3949.045166015625,136.47705315405702
2024-10-11,TCS.NS,3875.99462890625,133.95246262219752
2024-10-14,TCS.NS,3864.270263671875,133.54727434249398
2024-10-15,TCS.NS,3845.7275390625,132.90644692580278
2024-10-16,TCS.NS,3825.31640625,132.20104824316462
2024-10-17,TCS.NS,3838.44140625,132.6546417695345
2024-10-18,TCS.NS,3860.962646484375,133.43296472390657
2024-10-21,TCS.NS,3820.508544921875,132.03489092704106
2024-10-22,TCS.NS,3760.248779296875,129.95234314890263
2024-10-23,TCS.NS,3807.77294921875,131.5947550211057
2024-10-24,TCS.NS,3790.589111328125,131.0008900591722
2024-10-25,TCS.NS,3799.6259765625,131.31319966442854
2024-10-28,TCS.NS,3830.809326171875,132.39088084639744
2024-10-29,TCS.NS,3816.200927734375,131.8860218016826
2024-10-30,TCS.NS,3825.003173828125,132.19022308515991
2024-10-31,TCS.NS,3716.189697265625,128.42968300511785
2024-11-01,TCS.NS,3730.938720703125,128.93940198047235
2024-11-04,TCS.NS,3712.1630859375,128.2905253036592
2024-11-05,TCS.NS,3718.905517578125,128.52354041559664
2024-11-06,TCS.NS,3876.507080078125,133.97017268194176
2024-11-07,TCS.NS,3887.0419921875,134.334254048318
2024-11-08,TCS.NS,3883.389892578125,134.2080392871393
2024-11-11,TCS.NS,3931.803955078125,135.88120540792156
2024-11-12,TCS.NS,3930.5859375,135.8391113211831
2024-11-13,TCS.NS,3886.527099609375,134.31645961477793
2024-11-14,TCS.NS,3882.35986328125,134.17244198267957
2024-11-18,TCS.NS,3763.99462890625,130.0817978638411
2024-11-19,TCS.NS,3782.770263671875,130.7306745406543
2024-11-21,TCS.NS,3813.953125,131.808338847864
2024-11-22,TCS.NS,3974.785888671875,137.36663983298715
2024-11-25,TCS.NS,4040.80419921875,139.64820008334445
2024-11-26,TCS.NS,4076.014404296875,140.86504740415157
2024-11-27,TCS.NS,4057.14501953125,140.21293077357862
2024-11-28,TCS.NS,3975.066162109375,137.37632594474815
2024-11-29,TCS.NS,3999.367431640625,138.21616583365824
2024-12-02,TCS.NS,4004.798828125,138.4038722172362
2024-12-03,TCS.NS,4029.23974609375,139.24853828726765
2024-12-04,TCS.NS,4077.6064453125,140.92006755641086
2024-12-05,TCS.NS,4180.2861328125,144.4686269118153
2024-12-06,TCS.NS,4162.91552734375,143.86830735450098
2024-12-09,TCS.NS,4169.142578125,144.0835111581392
2024-12-10,TCS.NS,4150.7880859375,143.4491889611063
2024-12-11,TCS.NS,4146.0126953125,143.28415381646724
2024-12-12,TCS.NS,4171.76513671875,144.17414548961733
2024-12-13,TCS.NS,4189.51025390625,144.78740798721162
2024-12-16,TCS.NS,4134.541015625,142.8876982246319
2024-12-17,TCS.NS,4053.3525390625,140.08186451913983
2024-12-18,TCS.NS,4071.472900390625,140.70809526915284
2024-12-19,TCS.NS,4000.3505859375,138.25014316123807
2024-12-20,TCS.NS,3905.20849609375,134.96207946307217
2024-12-23,TCS.NS,3893.97119140625,134.57372375563628
2024-12-24,TCS.NS,3913.82421875,135.25983458854822
2024-12-26,TCS.NS,3904.085205078125,134.92325907961182
2024-12-27,TCS.NS,3900.105712890625,134.7857297924126
2024-12-30,TCS.NS,3894.43994140625,134.5899235244352
2024-12-31,TCS.NS,3834.508056640625,132.51870714707644
2025-01-01,TCS.NS,3851.0361328125,133.0899093074506
2025-01-02,TCS.NS,3910.3125,135.1384713206296
2025-01-03,TCS.NS,3839.28369140625,132.68375072909507
2025-01-06,TCS.NS,3834.695556640625,132.525187054596
2025-01-07,TCS.NS,3772.2353515625,130.36659317427802
2025-01-08,TCS.NS,3847.2431640625,132.95882617825262
2025-01-09,TCS.NS,3782.114990234375,130.70802861385414
2025-01-10,TCS.NS,3994.497802734375,138.04787386050023
2025-01-13,TCS.NS,4018.330078125,138.87150554323182
2025-01-14,TCS.NS,3963.969970703125,136.9928470427111
2025-01-15,TCS.NS,3979.46826171875,137.52846033600514
2025-01-16,TCS.NS,3938.920166015625,136.12713814800023
2025-01-17,TCS.NS,3933.1982421875,135.9293912827188
2025-01-20,TCS.NS,3888.85302734375,134.396842530063
2025-01-21,TCS.NS,3848.846923828125,133.01425132473187
2025-01-22,TCS.NS,3964.00146484375,136.9939354646773
2025-01-23,TCS.NS,3953.368408203125,136.62646227170876
2025-01-24,TCS.NS,3959.94921875,136.85389183836242
2025-01-27,TCS.NS,3876.789306640625,133.97992629273944
2025-01-28,TCS.NS,3853.091064453125,133.1609267313988
2025-01-29,TCS.NS,3909.83349609375,135.12191718188822
2025-01-30,TCS.NS,3910.07177734375,135.130152064361
2025-01-31,TCS.NS,3921.849853515625,135.53719656757272
2025-02-01,TCS.NS,3884.418212890625,134.24357752994194
2025-02-03,TCS.NS,3880.126708984375,134.09526527163595
2025-02-04,TCS.NS,3916.74755859375,135.36086377167237
2025-02-05,TCS.NS,3901.536865234375,134.83518971152682
2025-02-06,TCS.NS,3893.57373046875,134.5599877016755
2025-02-07,TCS.NS,3842.69580078125,132.8016715461439
2025-02-10,TCS.NS,3849.89599609375,133.05050674479907
2025-02-11,TCS.NS,3779.89697265625,130.63137502034462
2025-02-12,TCS.NS,3767.11767578125,130.18972882346395
2025-02-13,TCS.NS,3728.971435546875,128.87141357579438
2025-02-14,TCS.NS,3752.52685546875,129.68547727007908
2025-02-17,TCS.NS,3723.5830078125,128.68519217102298
2025-02-18,TCS.NS,3693.7333984375,127.6536043937148
2025-02-19,TCS.NS,3608.76220703125,124.71704192896722
2025-02-20,TCS.NS,3604.279541015625,124.56212320244792
2025-02-21,TCS.NS,3610.573486328125,124.77963884809182
2025-02-24,TCS.NS,3505.2890625,121.14106108991875
2025-02-25,TCS.NS,3461.372802734375,119.62333681318992
2025-02-27,TCS.NS,3445.16064453125,119.06305262199585
2025-02-28,TCS.NS,3321.851806640625,114.80156000398583
2025-03-03,TCS.NS,3331.19775390625,115.12455133179395
2025-03-04,TCS.NS,3368.390869140625,116.40992704957239
2025-03-05,TCS.NS,3382.695556640625,116.90428999408624
2025-03-06,TCS.NS,3434.71826171875,118.70216902248147
2025-03-07,TCS.NS,3443.873291015625,119.0185623194559
2025-03-10,TCS.NS,3423.322021484375,118.3083205809372
2025-03-11,TCS.NS,3409.636962890625,117.83537170580442
2025-03-12,TCS.NS,3343.738525390625,115.55795420882227
2025-03-13,TCS.NS,3348.363525390625,115.71779192763833
2025-03-17,TCS.NS,3335.63232421875,115.27780789453546
2025-03-18,TCS.NS,3335.63232421875,115.27780789453546
2025-03-19,TCS.NS,3335.06005859375,115.25803067679344
2025-03-20,TCS.NS,3398.049560546875,117.43491679604685
2025-03-21,TCS.NS,3412.306884765625,117.92764288892164
2025-03-24,TCS.NS,3460.800537109375,119.6035595954479
2025-03-25,TCS.NS,3488.266357421875,120.5527647985099
2025-03-26,TCS.NS,3467.33349609375,119.82933543570333
2025-03-27,TCS.NS,3482.019775390625,120.33688600450505
2025-03-28,TCS.NS,3439.05712890625,118.85211813242653
2025-04-01,TCS.NS,3386.27197265625,117.02788916759428
2025-04-02,TCS.NS,3379.739013671875,116.80211332733886
2025-04-03,TCS.NS,3245.463134765625,112.16160518109106
2025-04-04,TCS.NS,3146.520751953125,108.7422052323397
2025-04-07,TCS.NS,3122.34521484375,107.90671059391474
2025-04-08,TCS.NS,3140.36962890625,108.52962545375173
2025-04-09,TCS.NS,3096.167236328125,107.00201256815187
2025-04-11,TCS.NS,3081.766845703125,106.50434217084157
2025-04-15,TCS.NS,3097.692626953125,107.05472931578504
2025-04-16,TCS.NS,3122.106689453125,107.89846727406238
2025-04-17,TCS.NS,3146.043701171875,108.72571859263496
2025-04-21,TCS.NS,3167.69189453125,109.47386947761906
2025-04-22,TCS.NS,3160.82568359375,109.23657661423314
2025-04-23,TCS.NS,3254.85693359375,112.48625023529742
2025-04-24,TCS.NS,3243.985107421875,112.11052528509695
2025-04-25,TCS.NS,3288.2353515625,113.63979189709501
2025-04-28,TCS.NS,3283.94384765625,113.49147963878903
2025-04-29,TCS.NS,3311.60009765625,114.44726599792558
2025-04-30,TCS.NS,3293.671142578125,113.82765015350546
2025-05-02,TCS.NS,3272.02294921875,113.07949926852136
2025-05-05,TCS.NS,3294.243408203125,113.84742737124749
2025-05-06,TCS.NS,3299.67919921875,114.03528562765793
2025-05-07,TCS.NS,3285.469970703125,113.54422169856096
2025-05-08,TCS.NS,3289.09326171875,113.66944084894888
2025-05-09,TCS.NS,3280.89208984375,113.38601239400437
2025-05-12,TCS.NS,3452.64697265625,119.32177642952202
2025-05-13,TCS.NS,3352.130859375,115.84798913198011
2025-05-14,TCS.NS,3384.269287109375,116.9586773428768
2025-05-15,TCS.NS,3414.0234375,117.98696610476813
2025-05-16,TCS.NS,3396.28564453125,117.37395672856132
2025-05-19,TCS.NS,3355.754638671875,115.9732251571272
2025-05-20,TCS.NS,3336.20458984375,115.29758511227747
2025-05-21,TCS.NS,3362.430419921875,116.20393686443857
2025-05-22,TCS.NS,3315.891357421875,114.595569818852
2025-05-23,TCS.NS,3351.749267578125,115.83480150769223
2025-05-26,TCS.NS,3373.397216796875,116.58294395529674
2025-05-27,TCS.NS,3336.5859375,115.31076429918576
2025-05-28,TCS.NS,3335.63232421875,115.27780789453546
2025-05-29,TCS.NS,3336.013916015625,115.29099551882334
2025-05-30,TCS.NS,3302.921630859375,114.14734246589676
2025-06-02,TCS.NS,3289.951904296875,113.69911511294151
2025-06-03,TCS.NS,3247.418212890625,112.22917171678989
2025-06-04,TCS.NS,3252.90234375,112.41870057435774
2025-06-05,TCS.NS,3243.4736328125,112.09284897487105
2025-06-06,TCS.NS,3256.07763671875,112.52843713321128
2025-06-09,TCS.NS,3292.350341796875,113.78200392996267
2025-06-10,TCS.NS,3331.798095703125,115.145298848188
2025-06-11,TCS.NS,3340.457275390625,115.4445558272298
2025-06-12,TCS.NS,3304.184814453125,114.19099746785801
2025-06-13,TCS.NS,3315.249267578125,114.57337951054929
2025-06-16,TCS.NS,3363.93359375,116.2558858105297
2025-06-17,TCS.NS,3382.21435546875,116.8876599189286
2025-06-18,TCS.NS,3320.733642578125,114.7629168054967
2025-06-19,TCS.NS,3294.37109375,113.85184012076928
2025-06-20,TCS.NS,3305.627685546875,114.2408623811922
2025-06-23,TCS.NS,3265.121826171875,112.84099985985512
2025-06-24,TCS.NS,3262.04296875,112.73459606593677
2025-06-25,TCS.NS,3314.38330078125,114.54345212516921
2025-06-26,TCS.NS,3311.496826171875,114.44369698636207
2025-06-27,TCS.NS,3310.823486328125,114.42042669347279
2025-06-30,TCS.NS,3330.931884765625,115.11536302542834
2025-07-01,TCS.NS,3299.854736328125,114.04135210357795
2025-07-02,TCS.NS,3293.697265625,113.82855295312082
2025-07-03,TCS.NS,3272.04931640625,113.08041050551631
2025-07-04,TCS.NS,3290.329833984375,113.71217617653564
2025-07-07,TCS.NS,3282.53662109375,113.44284658287394
2025-07-08,TCS.NS,3277.24462890625,113.25995794303773
2025-07-09,TCS.NS,3255.693115234375,112.51514826036842
2025-07-10,TCS.NS,3253.9609375,112.45528505222863
2025-07-11,TCS.NS,3142.352783203125,108.5981622881026
2025-07-14,TCS.NS,3100.69189453125,107.15838252395942
2025-07-15,TCS.NS,3129.171142578125,108.1426112896695
2025-07-16,TCS.NS,3121.2548828125,107.86902925669808
2025-07-17,TCS.NS,3098.181640625,107.07162938708935
2025-07-18,TCS.NS,3079.549072265625,106.42769701471167
2025-07-21,TCS.NS,3048.94580078125,105.37006304663146
2025-07-22,TCS.NS,3050.29736328125,105.41677238000169
2025-07-23,TCS.NS,3069.123046875,106.06737871962935
2025-07-24,TCS.NS,3039.098876953125,105.02975821591947
2025-07-25,TCS.NS,3027.32080078125,104.62271371270772
2025-07-28,TCS.NS,2972.775390625,102.7376512410837
2025-07-29,TCS.NS,2950.281494140625,101.96027327322487
2025-07-30,TCS.NS,2947.96435546875,101.88019410360478
2025-07-31,TCS.NS,2931.74560546875,101.31968210316198
2025-08-01,TCS.NS,2899.11474609375,100.19197569764684
2025-08-04,TCS.NS,2968.044677734375,102.5741601369083
2025-08-05,TCS.NS,2957.908203125,102.22384857401113
2025-08-06,TCS.NS,2927.401123046875,101.16953893348652
2025-08-07,TCS.NS,2941.5927734375,101.65999537125356
2025-08-08,TCS.NS,2931.359375,101.30633416866203
2025-08-11,TCS.NS,2935.607177734375,101.45313613602272
2025-08-12,TCS.NS,2930.39404296875,101.27297276979175
2025-08-13,TCS.NS,2931.166259765625,101.29966020141205
2025-08-14,TCS.NS,2917.747314453125,100.83590807002452
2025-08-18,TCS.NS,2907.03125,100.46556616799785
2025-08-19,TCS.NS,2911.8583984375,100.63239003710845
2025-08-20,TCS.NS,2991.407470703125,103.3815667387022
2025-08-21,TCS.NS,2995.26953125,103.51503764632209
2025-08-22,TCS.NS,2948.350341796875,101.89353360072515
2025-08-25,TCS.NS,3031.954833984375,104.78286361456834
2025-08-26,TCS.NS,3047.98046875,105.33670164776116
2025-08-28,TCS.NS,2986.67724609375,103.21809250928598
2025-08-29,TCS.NS,2977.988525390625,102.91781460731467
2025-09-01,TCS.NS,3004.92333984375,103.84866850978412
2025-09-02,TCS.NS,3003.861328125,103.81196590859905
2025-09-03,TCS.NS,2990.345458984375,103.34486413751713
2025-09-04,TCS.NS,2988.608154296875,103.28482374440613
2025-09-05,TCS.NS,2942.84765625,101.70336350230902
2025-09-08,TCS.NS,2914.561279296875,100.7258002664693
2025-09-09,TCS.NS,2943.909423828125,101.7400576661145
2025-09-10,TCS.NS,3002.413330078125,103.76192381029361
2025-09-11,TCS.NS,3016.1220703125,104.23569111124593
2025-09-12,TCS.NS,3025.00390625,104.5426429804672
2025-09-15,TCS.NS,3004.247314453125,103.82530540571942
2025-09-16,TCS.NS,3036.87841796875,104.95302024861415
2025-09-17,TCS.NS,3063.041015625,105.85718671946329
2025-09-18,TCS.NS,3066.805908203125,105.98729955000923
2025-09-19,TCS.NS,3059.565185546875,105.73706374634335
2025-09-22,TCS.NS,2967.465576171875,102.55414667253795
2025-09-23,TCS.NS,2956.4599609375,102.17379803832611
2025-09-24,TCS.NS,2930.39404296875,101.27297276979175
2025-09-25,TCS.NS,2855.09228515625,98.6705811607995
2025-09-26,TCS.NS,2798.80908203125,96.72546142130528
2025-09-29,TCS.NS,2795.912841796875,96.62536878731484
2025-09-30,TCS.NS,2788.479248046875,96.36846745377856
2025-10-01,TCS.NS,2813.38671875,97.22925735619266
2025-10-03,TCS.NS,2801.511962890625,96.81887165066615
2025-10-06,TCS.NS,2885.019775390625,99.70486046219459
2025-10-07,TCS.NS,2870.828369140625,99.21441246180714
2025-10-08,TCS.NS,2922.4775390625,100.99938229944074
2025-10-09,TCS.NS,2955.7841796875,102.150443371641
2025-10-10,TCS.NS,2923.53955078125,101.03608490062581
2025-10-13,TCS.NS,2903.169677734375,100.33211213513712
2025-10-14,TCS.NS,2857.891845703125,98.76733259247516
2025-10-15,TCS.NS,2877.756591796875,99.45384841960708
2025-10-16,TCS.NS,2878.628662109375,99.48398673947675
2025-10-17,TCS.NS,2870.391845703125,99.19932642711315
2025-10-20,TCS.NS,2921.749267578125,100.97421359614533
2025-10-21,TCS.NS,2913.512939453125,100.6895701585409
2025-10-23,TCS.NS,2977.95166015625,102.91654056299765
2025-10-24,TCS.NS,2968.26171875,102.5816609673574
2025-10-27,TCS.NS,2989.2890625,103.30835559606248
2025-10-28,TCS.NS,2963.1259765625,102.40417225045417
2025-10-29,TCS.NS,2962.83544921875,102.39413176875067
2025-10-30,TCS.NS,2941.2265625,101.64733930187938
2025-10-31,TCS.NS,2963.222900390625,102.40752189014853
2025-11-03,TCS.NS,2923.300048828125,101.02780783125512
2025-11-04,TCS.NS,2897.524169921875,100.13700616966507
2025-11-06,TCS.NS,2917.58251953125,100.83021283880613
2025-11-07,TCS.NS,2899.074951171875,100.19060040477486
2025-11-10,TCS.NS,2931.439453125,101.30910162916518
2025-11-11,TCS.NS,2952.56396484375,102.03915433494421
2025-11-12,TCS.NS,3034.735595703125,104.87896536801613
2025-11-13,TCS.NS,3009.4443359375,104.00491190489791
2025-11-14,TCS.NS,3009.7353515625,104.01496926136058
2025-11-17,TCS.NS,3006.052978515625,103.8877082651136
2025-11-18,TCS.NS,2991.421142578125,103.38203923195883
2025-11-19,TCS.NS,3050.142822265625,105.41143151872578
2025-11-20,TCS.NS,3047.332763671875,105.31431727972806
2025-11-21,TCS.NS,3052.953125,105.5085541951031
2025-11-24,TCS.NS,3043.84423828125,105.19375556286982
2025-11-25,TCS.NS,3022.526123046875,104.45701201508165
2025-11-26,TCS.NS,3064.87158203125,105.92045019157493
2025-11-27,TCS.NS,3039.386962890625,105.03971432382713
2025-11-28,TCS.NS,3040.259033203125,105.06985264369679
2025-12-01,TCS.NS,3036.2861328125,104.93255116574633
2025-12-02,TCS.NS,3038.514892578125,105.00957600395746
2025-12-03,TCS.NS,3081.441650390625,106.49310358123734
2025-12-04,TCS.NS,3129.11669921875,108.14072975402253
2025-12-05,TCS.NS,3137.837890625,108.44212982747837
2025-12-08,TCS.NS,3136.190673828125,108.3852028274334
2025-12-09,TCS.NS,3108.864501953125,107.44082380549276
2025-12-10,TCS.NS,3090.356689453125,106.80120293408189
2025-12-11,TCS.NS,3092.972900390625,106.89161789369088
2025-12-12,TCS.NS,3120.6865234375,107.84938703702937
2025-12-15,TCS.NS,3130.085693359375,108.17421771358657
2025-12-16,TCS.NS,3105.763916015625,107.33366908479154
2025-12-17,TCS.NS,3118.0703125,107.75897207742038
2025-12-18,TCS.NS,3179.11767578125,109.86873884209282
2025-12-19,TCS.NS,3180.280517578125,109.90892608104559
2025-12-22,TCS.NS,3221.8505859375,111.34556713998398
2025-12-23,TCS.NS,3207.41259765625,110.84659738621794
2025-12-24,TCS.NS,3216.1337890625,111.14799745967376
2025-12-26,TCS.NS,3178.342529296875,109.84195016191754
2025-12-29,TCS.NS,3150.7255859375,108.8875222208938
2025-12-30,TCS.NS,3146.171630859375,108.73013977953634
2025-12-31,TCS.NS,3106.829833984375,107.37050668404993
2026-01-01,TCS.NS,3127.37255859375,108.0804531142832
2026-01-02,TCS.NS,3149.950439453125,108.8607335407185
2026-01-05,TCS.NS,3116.423095703125,107.70204507737542
2026-01-06,TCS.NS,3154.892578125,109.03153141561258
2026-01-07,TCS.NS,3193.458984375,110.36436739354411
2026-01-08,TCS.NS,3104.60107421875,107.29348184583878
2026-01-09,TCS.NS,3108.38037109375,107.42409248178011
2026-01-12,TCS.NS,3139.194580078125,108.48901634581985
2026-01-13,TCS.NS,3166.71435546875,109.44008620976962
2026-01-14,TCS.NS,3093.55419921875,106.91170729447745
2026-01-15,TCS.NS,3093.55419921875,106.91170729447745
2026-01-16,TCS.NS,3163.8017578125,109.33942827134715
2026-01-19,TCS.NS,3121.278564453125,107.86984768251762
2026-01-20,TCS.NS,3060.798583984375,105.77968938799552
2026-01-21,TCS.NS,3080.826904296875,106.4718582594479
2026-01-22,TCS.NS,3108.2548828125,107.41975566867457
2026-01-23,TCS.NS,3120.193115234375,107.8323350928926
2026-01-27,TCS.NS,3115.75341796875,107.67890134517985
2026-01-28,TCS.NS,3157.290283203125,109.11439492049499
2026-01-29,TCS.NS,3102.335205078125,107.21517452593106
2026-01-30,TCS.NS,3082.109375,106.51617981439621
2026-02-02,TCS.NS,3127.1982421875,108.07442882526111
2026-02-03,TCS.NS,3182.153076171875,109.97364078244544
2026-02-04,TCS.NS,2958.979248046875,102.26086335824075
2026-02-05,TCS.NS,2951.480712890625,102.00171768173547
2026-02-06,TCS.NS,2902.248291015625,100.30026946459174
2026-02-09,TCS.NS,2908.760009765625,100.52531125282347
2026-02-10,TCS.NS,2944.673095703125,101.76644978944942
2026-02-11,TCS.NS,2870.873779296875,99.21598181440953
2026-02-12,TCS.NS,2713.31005859375,93.77065734189975
2026-02-13,TCS.NS,2656.1845703125,91.79642864284496
2026-02-16,TCS.NS,2670.39208984375,92.28743351028487
2026-02-17,TCS.NS,2681.04736328125,92.65567450479543
2026-02-18,TCS.NS,2658.848388671875,91.88848889147259
2026-02-19,TCS.NS,2642.075927734375,91.30884091413608
2026-02-20,TCS.NS,2650.264892578125,91.59184750010147
2026-02-23,TCS.NS,2640.497314453125,91.25428481775386
2026-02-24,TCS.NS,2539.269775390625,87.75591099610776
2026-02-25,TCS.NS,2594.126220703125,89.65172268932025
2026-02-26,TCS.NS,2612.27978515625,90.27910092295652
2026-02-27,TCS.NS,2602.11767578125,89.92790343520316
2026-03-02,TCS.NS,2578.537353515625,89.112979128201
2026-03-04,TCS.NS,2553.181396484375,88.23668975949333
2026-03-05,TCS.NS,2544.3017578125,87.9298138266883
2026-03-06,TCS.NS,2523.385498046875,87.20695820569337
2026-03-09,TCS.NS,2493.589111328125,86.17720977713421
2026-03-10,TCS.NS,2479.480712890625,85.68963048580491
2026-03-11,TCS.NS,2431.92529296875,84.04613862901526
2026-03-12,TCS.NS,2409.726318359375,83.27895301569242
2026-03-13,TCS.NS,2378.253173828125,82.1912566641588
2026-03-16,TCS.NS,2376.970458984375,82.1469266718309
2026-03-17,TCS.NS,2359.70458984375,81.5502267503576
2026-03-18,TCS.NS,2408.14794921875,83.2244053566898
2026-03-19,TCS.NS,2324.482177734375,80.33295756057132
2026-03-20,TCS.NS,2358.619384765625,81.51272259811218
2026-03-23,TCS.NS,2351.910400390625,81.28086340717756
2026-03-24,TCS.NS,2366.709716796875,81.79232048272611
2026-03-25,TCS.NS,2345.595947265625,81.0626390216487
2026-03-27,TCS.NS,2357.830078125,81.48544454992106
2026-03-30,TCS.NS,2327.34326171875,80.43183521190184
2026-04-01,TCS.NS,2375.98388671875,82.11283122093693
2026-04-02,TCS.NS,2417.915283203125,83.5619596016578
2026-04-06,TCS.NS,2440.804931640625,84.3530145618203
2026-04-07,TCS.NS,2505.823486328125,86.60002374278615
2026-04-08,TCS.NS,2524.9638671875,87.26150586469599
2026-04-09,TCS.NS,2554.365234375,88.27760261309021
2026-04-10,TCS.NS,2490.53076171875,86.0715147231008
2026-04-13,TCS.NS,2439.5224609375,84.30869300687199
2026-04-15,TCS.NS,2520.72119140625,87.11488108230655
2026-04-16,TCS.NS,2542.427001953125,87.86502318887217
2026-04-17,TCS.NS,2546.965576171875,88.02187407531594
2026-04-20,TCS.NS,2545.091064453125,87.9570918748794
2026-04-21,TCS.NS,2575.57763671875,89.01069277551905
2026-04-22,TCS.NS,2504.540771484375,86.55569375045825
2026-04-23,TCS.NS,2488.064208984375,85.98627187717605
2026-04-24,TCS.NS,2364.8349609375,81.72752984491
2026-04-27,TCS.NS,2414.85693359375,83.45626454762441
2026-04-28,TCS.NS,2411.99560546875,83.35737845891431
2026-04-29,TCS.NS,2441.59423828125,84.38029261001141
2026-04-30,TCS.NS,2440.804931640625,84.3530145618203
2026-05-01,TCS.NS,2440.804931640625,84.3530145618203
2026-05-04,TCS.NS,2398.77490234375,82.90047747974796
2026-05-05,TCS.NS,2394.828369140625,82.76408723879244
2026-05-06,TCS.NS,2402.81982421875,83.04026798467535
2026-05-07,TCS.NS,2369.274658203125,81.88096359262272
2026-05-08,TCS.NS,2362.368408203125,81.64228699898524
2026-05-11,TCS.NS,2360.888427734375,81.59113960395446
2026-05-12,TCS.NS,2269.52734375,78.43374560338697
2026-05-13,TCS.NS,2242.395263671875,77.49607429821462
2026-05-14,TCS.NS,2215.953857421875,76.58227233988195
2026-05-15,TCS.NS,2233.712890625,77.19601576811246
2026-05-18,TCS.NS,2252.656005859375,77.85068048731942
2026-05-19,TCS.NS,2295.968994140625,79.34755599909923
2026-05-20,TCS.NS,2296.2646484375,79.35777366577396
2026-05-21,TCS.NS,2296.0673828125,79.35095626307108
2026-05-22,TCS.NS,2286.300048828125,79.01340201810308
2026-05-25,TCS.NS,2308.199951171875,79.770251841437
2026-05-26,TCS.NS,2276.199951171875,78.66434762476374
2026-05-27,TCS.NS,2284.199951171875,78.94082367893206
2026-05-28,TCS.NS,2284.199951171875,78.94082367893206
2026-05-29,TCS.NS,2258.89990234375,78.06646647014884
2026-06-01,TCS.NS,2297.39990234375,79.39700748083386
2026-06-02,TCS.NS,2446.89990234375,84.56365374310424
2026-06-03,TCS.NS,2241.699951171875,77.47204464116288
