Date,Asset,Close Price,Asset Class
2023-01-01,BTC-INR,1375710.75,Crypto
2023-01-02,BTC-INR,1380239.125,Crypto
2023-01-03,BTC-INR,1380747.875,Crypto
2023-01-04,BTC-INR,1394025.75,Crypto
2023-01-05,BTC-INR,1391479.625,Crypto
2023-01-06,BTC-INR,1394699.5,Crypto
2023-01-07,BTC-INR,1394956.125,Crypto
2023-01-08,BTC-INR,1406154.0,Crypto
2023-01-09,BTC-INR,1413218.75,Crypto
2023-01-10,BTC-INR,1424274.375,Crypto
2023-01-11,BTC-INR,1464062.375,Crypto
2023-01-12,BTC-INR,1530618.75,Crypto
2023-01-13,BTC-INR,1618351.75,Crypto
2023-01-14,BTC-INR,1705051.125,Crypto
2023-01-15,BTC-INR,1697291.125,Crypto
2023-01-16,BTC-INR,1728560.875,Crypto
2023-01-17,BTC-INR,1725208.625,Crypto
2023-01-18,BTC-INR,1684816.625,Crypto
2023-01-19,BTC-INR,1713092.125,Crypto
2023-01-20,BTC-INR,1836262.125,Crypto
2023-01-21,BTC-INR,1844446.75,Crypto
2023-01-22,BTC-INR,1839764.125,Crypto
2023-01-23,BTC-INR,1868886.5,Crypto
2023-01-24,BTC-INR,1847184.625,Crypto
2023-01-25,BTC-INR,1884173.75,Crypto
2023-01-26,BTC-INR,1875915.125,Crypto
2023-01-27,BTC-INR,1881252.0,Crypto
2023-01-28,BTC-INR,1877392.0,Crypto
2023-01-29,BTC-INR,1937945.5,Crypto
2023-01-30,BTC-INR,1863300.875,Crypto
2023-01-31,BTC-INR,1892068.125,Crypto
2023-02-01,BTC-INR,1938482.375,Crypto
2023-02-02,BTC-INR,1925776.375,Crypto
2023-02-03,BTC-INR,1934372.0,Crypto
2023-02-04,BTC-INR,1924659.25,Crypto
2023-02-05,BTC-INR,1890522.125,Crypto
2023-02-06,BTC-INR,1883523.125,Crypto
2023-02-07,BTC-INR,1924942.125,Crypto
2023-02-08,BTC-INR,1896165.125,Crypto
2023-02-09,BTC-INR,1800763.5,Crypto
2023-02-10,BTC-INR,1786113.25,Crypto
2023-02-11,BTC-INR,1804108.75,Crypto
2023-02-12,BTC-INR,1797794.75,Crypto
2023-02-13,BTC-INR,1801311.0,Crypto
2023-02-14,BTC-INR,1841390.375,Crypto
2023-02-15,BTC-INR,2011257.25,Crypto
2023-02-16,BTC-INR,1953367.25,Crypto
2023-02-17,BTC-INR,2034404.0,Crypto
2023-02-18,BTC-INR,2040646.375,Crypto
2023-02-19,BTC-INR,2013489.75,Crypto
2023-02-20,BTC-INR,2053314.875,Crypto
2023-02-21,BTC-INR,2024841.5,Crypto
2023-02-22,BTC-INR,2003695.875,Crypto
2023-02-23,BTC-INR,1978490.125,Crypto
2023-02-24,BTC-INR,1923901.875,Crypto
2023-02-25,BTC-INR,1921993.0,Crypto
2023-02-26,BTC-INR,1953991.5,Crypto
2023-02-27,BTC-INR,1944215.875,Crypto
2023-02-28,BTC-INR,1912796.625,Crypto
2023-03-01,BTC-INR,1948952.25,Crypto
2023-03-02,BTC-INR,1933323.375,Crypto
2023-03-03,BTC-INR,1827316.125,Crypto
2023-03-04,BTC-INR,1826553.75,Crypto
2023-03-05,BTC-INR,1833267.625,Crypto
2023-03-06,BTC-INR,1835980.125,Crypto
2023-03-07,BTC-INR,1823684.25,Crypto
2023-03-08,BTC-INR,1780117.125,Crypto
2023-03-09,BTC-INR,1670145.375,Crypto
2023-03-10,BTC-INR,1655728.375,Crypto
2023-03-11,BTC-INR,1691145.75,Crypto
2023-03-12,BTC-INR,1817116.75,Crypto
2023-03-13,BTC-INR,1994330.5,Crypto
2023-03-14,BTC-INR,2036726.75,Crypto
2023-03-15,BTC-INR,2016281.0,Crypto
2023-03-16,BTC-INR,2069935.375,Crypto
2023-03-17,BTC-INR,2263369.75,Crypto
2023-03-18,BTC-INR,2225565.5,Crypto
2023-03-19,BTC-INR,2314190.0,Crypto
2023-03-20,BTC-INR,2291612.0,Crypto
2023-03-21,BTC-INR,2329504.75,Crypto
2023-03-22,BTC-INR,2253569.5,Crypto
2023-03-23,BTC-INR,2330910.0,Crypto
2023-03-24,BTC-INR,2264002.0,Crypto
2023-03-25,BTC-INR,2264119.0,Crypto
2023-03-26,BTC-INR,2305026.5,Crypto
2023-03-27,BTC-INR,2231312.5,Crypto
2023-03-28,BTC-INR,2240473.75,Crypto
2023-03-29,BTC-INR,2331816.75,Crypto
2023-03-30,BTC-INR,2301574.0,Crypto
2023-03-31,BTC-INR,2340380.5,Crypto
2023-04-01,BTC-INR,2334837.25,Crypto
2023-04-02,BTC-INR,2317561.5,Crypto
2023-04-03,BTC-INR,2282692.75,Crypto
2023-04-04,BTC-INR,2313024.25,Crypto
2023-04-05,BTC-INR,2309198.5,Crypto
2023-04-06,BTC-INR,2294895.5,Crypto
2023-04-07,BTC-INR,2286436.5,Crypto
2023-04-08,BTC-INR,2287261.5,Crypto
2023-04-09,BTC-INR,2320053.25,Crypto
2023-04-10,BTC-INR,2431074.25,Crypto
2023-04-11,BTC-INR,2481401.75,Crypto
2023-04-12,BTC-INR,2470228.75,Crypto
2023-04-13,BTC-INR,2483024.75,Crypto
2023-04-14,BTC-INR,2495138.75,Crypto
2023-04-15,BTC-INR,2481332.5,Crypto
2023-04-16,BTC-INR,2481161.75,Crypto
2023-04-17,BTC-INR,2414636.5,Crypto
2023-04-18,BTC-INR,2495886.75,Crypto
2023-04-19,BTC-INR,2373287.0,Crypto
2023-04-20,BTC-INR,2320158.0,Crypto
2023-04-21,BTC-INR,2237820.75,Crypto
2023-04-22,BTC-INR,2282171.5,Crypto
2023-04-23,BTC-INR,2264012.5,Crypto
2023-04-24,BTC-INR,2253019.25,Crypto
2023-04-25,BTC-INR,2320992.25,Crypto
2023-04-26,BTC-INR,2324043.25,Crypto
2023-04-27,BTC-INR,2409902.0,Crypto
2023-04-28,BTC-INR,2398439.0,Crypto
2023-04-29,BTC-INR,2390914.75,Crypto
2023-04-30,BTC-INR,2392580.25,Crypto
2023-05-01,BTC-INR,2297186.5,Crypto
2023-05-02,BTC-INR,2345458.5,Crypto
2023-05-03,BTC-INR,2372143.25,Crypto
2023-05-04,BTC-INR,2357329.5,Crypto
2023-05-05,BTC-INR,2413838.0,Crypto
2023-05-06,BTC-INR,2362367.75,Crypto
2023-05-07,BTC-INR,2325622.0,Crypto
2023-05-08,BTC-INR,2265099.5,Crypto
2023-05-09,BTC-INR,2270933.25,Crypto
2023-05-10,BTC-INR,2262778.25,Crypto
2023-05-11,BTC-INR,2216779.75,Crypto
2023-05-12,BTC-INR,2204879.25,Crypto
2023-05-13,BTC-INR,2201664.25,Crypto
2023-05-14,BTC-INR,2213713.25,Crypto
2023-05-15,BTC-INR,2237068.0,Crypto
2023-05-16,BTC-INR,2225014.75,Crypto
2023-05-17,BTC-INR,2259062.5,Crypto
2023-05-18,BTC-INR,2219703.75,Crypto
2023-05-19,BTC-INR,2227546.0,Crypto
2023-05-20,BTC-INR,2247409.5,Crypto
2023-05-21,BTC-INR,2218027.0,Crypto
2023-05-22,BTC-INR,2223963.5,Crypto
2023-05-23,BTC-INR,2256766.25,Crypto
2023-05-24,BTC-INR,2178254.25,Crypto
2023-05-25,BTC-INR,2190703.5,Crypto
2023-05-26,BTC-INR,2206072.75,Crypto
2023-05-27,BTC-INR,2218380.25,Crypto
2023-05-28,BTC-INR,2319173.75,Crypto
2023-05-29,BTC-INR,2291254.0,Crypto
2023-05-30,BTC-INR,2290547.75,Crypto
2023-05-31,BTC-INR,2250169.0,Crypto
2023-06-01,BTC-INR,2206660.5,Crypto
2023-06-02,BTC-INR,2245427.5,Crypto
2023-06-03,BTC-INR,2230943.25,Crypto
2023-06-04,BTC-INR,2234883.5,Crypto
2023-06-05,BTC-INR,2125513.5,Crypto
2023-06-06,BTC-INR,2247699.75,Crypto
2023-06-07,BTC-INR,2176662.75,Crypto
2023-06-08,BTC-INR,2186624.25,Crypto
2023-06-09,BTC-INR,2182638.25,Crypto
2023-06-10,BTC-INR,2130775.5,Crypto
2023-06-11,BTC-INR,2138638.5,Crypto
2023-06-12,BTC-INR,2132746.0,Crypto
2023-06-13,BTC-INR,2132866.25,Crypto
2023-06-14,BTC-INR,2061355.375,Crypto
2023-06-15,BTC-INR,2095035.5,Crypto
2023-06-16,BTC-INR,2156397.0,Crypto
2023-06-17,BTC-INR,2171403.25,Crypto
2023-06-18,BTC-INR,2157332.25,Crypto
2023-06-19,BTC-INR,2201356.0,Crypto
2023-06-20,BTC-INR,2322626.0,Crypto
2023-06-21,BTC-INR,2460489.25,Crypto
2023-06-22,BTC-INR,2450400.5,Crypto
2023-06-23,BTC-INR,2515733.25,Crypto
2023-06-24,BTC-INR,2504550.5,Crypto
2023-06-25,BTC-INR,2498925.75,Crypto
2023-06-26,BTC-INR,2482433.75,Crypto
2023-06-27,BTC-INR,2516385.25,Crypto
2023-06-28,BTC-INR,2467877.0,Crypto
2023-06-29,BTC-INR,2498822.25,Crypto
2023-06-30,BTC-INR,2502068.0,Crypto
2023-07-01,BTC-INR,2511330.75,Crypto
2023-07-02,BTC-INR,2513859.5,Crypto
2023-07-03,BTC-INR,2553281.25,Crypto
2023-07-04,BTC-INR,2523987.75,Crypto
2023-07-05,BTC-INR,2514194.75,Crypto
2023-07-06,BTC-INR,2475555.5,Crypto
2023-07-07,BTC-INR,2508088.5,Crypto
2023-07-08,BTC-INR,2503675.5,Crypto
2023-07-09,BTC-INR,2492613.0,Crypto
2023-07-10,BTC-INR,2509971.0,Crypto
2023-07-11,BTC-INR,2523171.0,Crypto
2023-07-12,BTC-INR,2492177.5,Crypto
2023-07-13,BTC-INR,2582013.5,Crypto
2023-07-14,BTC-INR,2491450.75,Crypto
2023-07-15,BTC-INR,2487778.0,Crypto
2023-07-16,BTC-INR,2482759.5,Crypto
2023-07-17,BTC-INR,2473619.5,Crypto
2023-07-18,BTC-INR,2450495.25,Crypto
2023-07-19,BTC-INR,2454795.0,Crypto
2023-07-20,BTC-INR,2445413.5,Crypto
2023-07-21,BTC-INR,2452608.25,Crypto
2023-07-22,BTC-INR,2441408.5,Crypto
2023-07-23,BTC-INR,2467054.0,Crypto
2023-07-24,BTC-INR,2387096.25,Crypto
2023-07-25,BTC-INR,2395233.0,Crypto
2023-07-26,BTC-INR,2406395.75,Crypto
2023-07-27,BTC-INR,2406234.75,Crypto
2023-07-28,BTC-INR,2411990.25,Crypto
2023-07-29,BTC-INR,2415089.5,Crypto
2023-07-30,BTC-INR,2407983.25,Crypto
2023-07-31,BTC-INR,2403953.0,Crypto
2023-08-01,BTC-INR,2442367.75,Crypto
2023-08-02,BTC-INR,2411845.0,Crypto
2023-08-03,BTC-INR,2415543.75,Crypto
2023-08-04,BTC-INR,2403748.5,Crypto
2023-08-05,BTC-INR,2401105.75,Crypto
2023-08-06,BTC-INR,2401632.25,Crypto
2023-08-07,BTC-INR,2416109.75,Crypto
2023-08-08,BTC-INR,2466145.5,Crypto
2023-08-09,BTC-INR,2449659.0,Crypto
2023-08-10,BTC-INR,2436774.5,Crypto
2023-08-11,BTC-INR,2438759.5,Crypto
2023-08-12,BTC-INR,2440273.5,Crypto
2023-08-13,BTC-INR,2427481.5,Crypto
2023-08-14,BTC-INR,2449196.75,Crypto
2023-08-15,BTC-INR,2426988.5,Crypto
2023-08-16,BTC-INR,2389057.0,Crypto
2023-08-17,BTC-INR,2215785.5,Crypto
2023-08-18,BTC-INR,2166203.0,Crypto
2023-08-19,BTC-INR,2170082.0,Crypto
2023-08-20,BTC-INR,2178123.5,Crypto
2023-08-21,BTC-INR,2171275.25,Crypto
2023-08-22,BTC-INR,2162450.75,Crypto
2023-08-23,BTC-INR,2181798.5,Crypto
2023-08-24,BTC-INR,2162101.75,Crypto
2023-08-25,BTC-INR,2150189.75,Crypto
2023-08-26,BTC-INR,2146953.25,Crypto
2023-08-27,BTC-INR,2156692.75,Crypto
2023-08-28,BTC-INR,2158768.5,Crypto
2023-08-29,BTC-INR,2287528.0,Crypto
2023-08-30,BTC-INR,2257501.5,Crypto
2023-08-31,BTC-INR,2144083.0,Crypto
2023-09-01,BTC-INR,2134335.25,Crypto
2023-09-02,BTC-INR,2139966.5,Crypto
2023-09-03,BTC-INR,2148306.5,Crypto
2023-09-04,BTC-INR,2135602.0,Crypto
2023-09-05,BTC-INR,2142003.25,Crypto
2023-09-06,BTC-INR,2144154.25,Crypto
2023-09-07,BTC-INR,2184279.5,Crypto
2023-09-08,BTC-INR,2151335.0,Crypto
2023-09-09,BTC-INR,2150506.5,Crypto
2023-09-10,BTC-INR,2144889.75,Crypto
2023-09-11,BTC-INR,2086981.75,Crypto
2023-09-12,BTC-INR,2140331.0,Crypto
2023-09-13,BTC-INR,2175439.0,Crypto
2023-09-14,BTC-INR,2203550.75,Crypto
2023-09-15,BTC-INR,2211290.25,Crypto
2023-09-16,BTC-INR,2207931.75,Crypto
2023-09-17,BTC-INR,2204620.75,Crypto
2023-09-18,BTC-INR,2227070.75,Crypto
2023-09-19,BTC-INR,2264033.0,Crypto
2023-09-20,BTC-INR,2254324.0,Crypto
2023-09-21,BTC-INR,2201966.25,Crypto
2023-09-22,BTC-INR,2208745.0,Crypto
2023-09-23,BTC-INR,2208730.0,Crypto
2023-09-24,BTC-INR,2178661.5,Crypto
2023-09-25,BTC-INR,2183551.0,Crypto
2023-09-26,BTC-INR,2183893.0,Crypto
2023-09-27,BTC-INR,2193498.75,Crypto
2023-09-28,BTC-INR,2248206.0,Crypto
2023-09-29,BTC-INR,2238451.0,Crypto
2023-09-30,BTC-INR,2243125.25,Crypto
2023-10-01,BTC-INR,2323632.25,Crypto
2023-10-02,BTC-INR,2294995.25,Crypto
2023-10-03,BTC-INR,2282929.75,Crypto
2023-10-04,BTC-INR,2314439.75,Crypto
2023-10-05,BTC-INR,2281726.25,Crypto
2023-10-06,BTC-INR,2322496.25,Crypto
2023-10-07,BTC-INR,2324769.75,Crypto
2023-10-08,BTC-INR,2322100.25,Crypto
2023-10-09,BTC-INR,2296908.25,Crypto
2023-10-10,BTC-INR,2280317.25,Crypto
2023-10-11,BTC-INR,2234504.5,Crypto
2023-10-12,BTC-INR,2227842.25,Crypto
2023-10-13,BTC-INR,2237086.5,Crypto
2023-10-14,BTC-INR,2237030.75,Crypto
2023-10-15,BTC-INR,2261925.25,Crypto
2023-10-16,BTC-INR,2372727.0,Crypto
2023-10-17,BTC-INR,2365723.0,Crypto
2023-10-18,BTC-INR,2358854.25,Crypto
2023-10-19,BTC-INR,2387263.5,Crypto
2023-10-20,BTC-INR,2471178.25,Crypto
2023-10-21,BTC-INR,2490781.0,Crypto
2023-10-22,BTC-INR,2494294.0,Crypto
2023-10-23,BTC-INR,2747135.0,Crypto
2023-10-24,BTC-INR,2814389.5,Crypto
2023-10-25,BTC-INR,2868973.5,Crypto
2023-10-26,BTC-INR,2844666.5,Crypto
2023-10-27,BTC-INR,2828638.5,Crypto
2023-10-28,BTC-INR,2843634.75,Crypto
2023-10-29,BTC-INR,2880921.25,Crypto
2023-10-30,BTC-INR,2872237.5,Crypto
2023-10-31,BTC-INR,2887054.5,Crypto
2023-11-01,BTC-INR,2950284.25,Crypto
2023-11-02,BTC-INR,2908174.25,Crypto
2023-11-03,BTC-INR,2888296.5,Crypto
2023-11-04,BTC-INR,2917391.5,Crypto
2023-11-05,BTC-INR,2914689.25,Crypto
2023-11-06,BTC-INR,2915916.25,Crypto
2023-11-07,BTC-INR,2950072.0,Crypto
2023-11-08,BTC-INR,2967194.5,Crypto
2023-11-09,BTC-INR,3057173.5,Crypto
2023-11-10,BTC-INR,3108039.0,Crypto
2023-11-11,BTC-INR,3093386.0,Crypto
2023-11-12,BTC-INR,3086677.5,Crypto
2023-11-13,BTC-INR,3036505.0,Crypto
2023-11-14,BTC-INR,2950452.25,Crypto
2023-11-15,BTC-INR,3151147.25,Crypto
2023-11-16,BTC-INR,3005204.25,Crypto
2023-11-17,BTC-INR,3048201.75,Crypto
2023-11-18,BTC-INR,3047287.25,Crypto
2023-11-19,BTC-INR,3114009.5,Crypto
2023-11-20,BTC-INR,3122672.0,Crypto
2023-11-21,BTC-INR,2984936.0,Crypto
2023-11-22,BTC-INR,3120530.25,Crypto
2023-11-23,BTC-INR,3107876.0,Crypto
2023-11-24,BTC-INR,3142689.75,Crypto
2023-11-25,BTC-INR,3149064.25,Crypto
2023-11-26,BTC-INR,3122730.5,Crypto
2023-11-27,BTC-INR,3105610.0,Crypto
2023-11-28,BTC-INR,3154441.25,Crypto
2023-11-29,BTC-INR,3154750.0,Crypto
2023-11-30,BTC-INR,3143479.75,Crypto
2023-12-01,BTC-INR,3220863.5,Crypto
2023-12-02,BTC-INR,3286430.5,Crypto
2023-12-03,BTC-INR,3327616.25,Crypto
2023-12-04,BTC-INR,3502477.5,Crypto
2023-12-05,BTC-INR,3672761.75,Crypto
2023-12-06,BTC-INR,3645489.75,Crypto
2023-12-07,BTC-INR,3608649.5,Crypto
2023-12-08,BTC-INR,3684835.0,Crypto
2023-12-09,BTC-INR,3648074.5,Crypto
2023-12-10,BTC-INR,3652818.5,Crypto
2023-12-11,BTC-INR,3437370.75,Crypto
2023-12-12,BTC-INR,3456589.5,Crypto
2023-12-13,BTC-INR,3572092.75,Crypto
2023-12-14,BTC-INR,3583864.5,Crypto
2023-12-15,BTC-INR,3481924.75,Crypto
2023-12-16,BTC-INR,3507697.75,Crypto
2023-12-17,BTC-INR,3434999.5,Crypto
2023-12-18,BTC-INR,3543232.5,Crypto
2023-12-19,BTC-INR,3512167.0,Crypto
2023-12-20,BTC-INR,3634811.5,Crypto
2023-12-21,BTC-INR,3646923.5,Crypto
2023-12-22,BTC-INR,3666576.0,Crypto
2023-12-23,BTC-INR,3645002.0,Crypto
2023-12-24,BTC-INR,3577758.0,Crypto
2023-12-25,BTC-INR,3627414.0,Crypto
2023-12-26,BTC-INR,3536976.75,Crypto
2023-12-27,BTC-INR,3617419.25,Crypto
2023-12-28,BTC-INR,3533467.25,Crypto
2023-12-29,BTC-INR,3503468.0,Crypto
2023-12-30,BTC-INR,3508253.0,Crypto
2023-12-31,BTC-INR,3517796.0,Crypto
2024-01-01,BTC-INR,3674847.75,Crypto
2024-01-02,BTC-INR,3743086.25,Crypto
2024-01-03,BTC-INR,3570034.5,Crypto
2024-01-04,BTC-INR,3677959.0,Crypto
2024-01-05,BTC-INR,3673885.5,Crypto
2024-01-06,BTC-INR,3659452.25,Crypto
2024-01-07,BTC-INR,3654908.75,Crypto
2024-01-08,BTC-INR,3900830.0,Crypto
2024-01-09,BTC-INR,3835658.25,Crypto
2024-01-10,BTC-INR,3870765.25,Crypto
2024-01-11,BTC-INR,3852016.5,Crypto
2024-01-12,BTC-INR,3551647.0,Crypto
2024-01-13,BTC-INR,3550753.0,Crypto
2024-01-14,BTC-INR,3463847.5,Crypto
2024-01-15,BTC-INR,3522526.75,Crypto
2024-01-16,BTC-INR,3585720.25,Crypto
2024-01-17,BTC-INR,3553361.25,Crypto
2024-01-18,BTC-INR,3431534.5,Crypto
2024-01-19,BTC-INR,3459419.75,Crypto
2024-01-20,BTC-INR,3463341.25,Crypto
2024-01-21,BTC-INR,3453550.25,Crypto
2024-01-22,BTC-INR,3282879.0,Crypto
2024-01-23,BTC-INR,3316012.25,Crypto
2024-01-24,BTC-INR,3330631.5,Crypto
2024-01-25,BTC-INR,3320454.25,Crypto
2024-01-26,BTC-INR,3475722.25,Crypto
2024-01-27,BTC-INR,3500922.25,Crypto
2024-01-28,BTC-INR,3493935.0,Crypto
2024-01-29,BTC-INR,3599562.5,Crypto
2024-01-30,BTC-INR,3569832.0,Crypto
2024-01-31,BTC-INR,3536649.5,Crypto
2024-02-01,BTC-INR,3572750.0,Crypto
2024-02-02,BTC-INR,3584467.25,Crypto
2024-02-03,BTC-INR,3568397.5,Crypto
2024-02-04,BTC-INR,3534380.75,Crypto
2024-02-05,BTC-INR,3542608.0,Crypto
2024-02-06,BTC-INR,3579071.75,Crypto
2024-02-07,BTC-INR,3677905.25,Crypto
2024-02-08,BTC-INR,3759249.0,Crypto
2024-02-09,BTC-INR,3913912.5,Crypto
2024-02-10,BTC-INR,3965720.25,Crypto
2024-02-11,BTC-INR,4008989.5,Crypto
2024-02-12,BTC-INR,4146055.25,Crypto
2024-02-13,BTC-INR,4131863.25,Crypto
2024-02-14,BTC-INR,4302411.5,Crypto
2024-02-15,BTC-INR,4311411.5,Crypto
2024-02-16,BTC-INR,4330042.5,Crypto
2024-02-17,BTC-INR,4288767.5,Crypto
2024-02-18,BTC-INR,4326905.5,Crypto
2024-02-19,BTC-INR,4298738.5,Crypto
2024-02-20,BTC-INR,4332682.0,Crypto
2024-02-21,BTC-INR,4299430.5,Crypto
2024-02-22,BTC-INR,4251773.5,Crypto
2024-02-23,BTC-INR,4204763.0,Crypto
2024-02-24,BTC-INR,4274313.5,Crypto
2024-02-25,BTC-INR,4287817.5,Crypto
2024-02-26,BTC-INR,4517304.0,Crypto
2024-02-27,BTC-INR,4734914.0,Crypto
2024-02-28,BTC-INR,5182407.0,Crypto
2024-02-29,BTC-INR,5074217.5,Crypto
2024-03-01,BTC-INR,5172978.5,Crypto
2024-03-02,BTC-INR,5138946.5,Crypto
2024-03-03,BTC-INR,5233194.5,Crypto
2024-03-04,BTC-INR,5665394.5,Crypto
2024-03-05,BTC-INR,5288164.5,Crypto
2024-03-06,BTC-INR,5474922.0,Crypto
2024-03-07,BTC-INR,5536280.0,Crypto
2024-03-08,BTC-INR,5651993.0,Crypto
2024-03-09,BTC-INR,5668443.0,Crypto
2024-03-10,BTC-INR,5711783.0,Crypto
2024-03-11,BTC-INR,5970307.5,Crypto
2024-03-12,BTC-INR,5921178.0,Crypto
2024-03-13,BTC-INR,6053744.5,Crypto
2024-03-14,BTC-INR,5923472.0,Crypto
2024-03-15,BTC-INR,5752889.0,Crypto
2024-03-16,BTC-INR,5413980.0,Crypto
2024-03-17,BTC-INR,5668867.5,Crypto
2024-03-18,BTC-INR,5600173.5,Crypto
2024-03-19,BTC-INR,5139905.0,Crypto
2024-03-20,BTC-INR,5640560.0,Crypto
2024-03-21,BTC-INR,5449883.0,Crypto
2024-03-22,BTC-INR,5331511.5,Crypto
2024-03-23,BTC-INR,5355205.5,Crypto
2024-03-24,BTC-INR,5620988.5,Crypto
2024-03-25,BTC-INR,5835813.0,Crypto
2024-03-26,BTC-INR,5832419.5,Crypto
2024-03-27,BTC-INR,5789821.5,Crypto
2024-03-28,BTC-INR,5899736.5,Crypto
2024-03-29,BTC-INR,5827897.5,Crypto
2024-03-30,BTC-INR,5807258.0,Crypto
2024-03-31,BTC-INR,5947552.5,Crypto
2024-04-01,BTC-INR,5814062.0,Crypto
2024-04-02,BTC-INR,5455028.0,Crypto
2024-04-03,BTC-INR,5501053.5,Crypto
2024-04-04,BTC-INR,5719224.0,Crypto
2024-04-05,BTC-INR,5650676.5,Crypto
2024-04-06,BTC-INR,5738843.5,Crypto
2024-04-07,BTC-INR,5777696.5,Crypto
2024-04-08,BTC-INR,5964774.5,Crypto
2024-04-09,BTC-INR,5754063.5,Crypto
2024-04-10,BTC-INR,5887949.5,Crypto
2024-04-11,BTC-INR,5839520.0,Crypto
2024-04-12,BTC-INR,5618338.0,Crypto
2024-04-13,BTC-INR,5336200.5,Crypto
2024-04-14,BTC-INR,5496504.5,Crypto
2024-04-15,BTC-INR,5296485.0,Crypto
2024-04-16,BTC-INR,5338995.5,Crypto
2024-04-17,BTC-INR,5122489.5,Crypto
2024-04-18,BTC-INR,5306188.0,Crypto
2024-04-19,BTC-INR,5322664.0,Crypto
2024-04-20,BTC-INR,5418612.5,Crypto
2024-04-21,BTC-INR,5413944.0,Crypto
2024-04-22,BTC-INR,5573610.5,Crypto
2024-04-23,BTC-INR,5531098.0,Crypto
2024-04-24,BTC-INR,5356859.0,Crypto
2024-04-25,BTC-INR,5370349.5,Crypto
2024-04-26,BTC-INR,5317350.0,Crypto
2024-04-27,BTC-INR,5289312.0,Crypto
2024-04-28,BTC-INR,5263803.5,Crypto
2024-04-29,BTC-INR,5327187.5,Crypto
2024-04-30,BTC-INR,5063095.0,Crypto
2024-05-01,BTC-INR,4858771.0,Crypto
2024-05-02,BTC-INR,4931158.0,Crypto
2024-05-03,BTC-INR,5243767.0,Crypto
2024-05-04,BTC-INR,5327284.0,Crypto
2024-05-05,BTC-INR,5338932.5,Crypto
2024-05-06,BTC-INR,5275200.5,Crypto
2024-05-07,BTC-INR,5202716.5,Crypto
2024-05-08,BTC-INR,5107036.5,Crypto
2024-05-09,BTC-INR,5262278.5,Crypto
2024-05-10,BTC-INR,5079033.0,Crypto
2024-05-11,BTC-INR,5079111.0,Crypto
2024-05-12,BTC-INR,5132480.5,Crypto
2024-05-13,BTC-INR,5252627.0,Crypto
2024-05-14,BTC-INR,5141106.5,Crypto
2024-05-15,BTC-INR,5526996.5,Crypto
2024-05-16,BTC-INR,5445223.5,Crypto
2024-05-17,BTC-INR,5585458.0,Crypto
2024-05-18,BTC-INR,5576206.0,Crypto
2024-05-19,BTC-INR,5521032.0,Crypto
2024-05-20,BTC-INR,5952385.0,Crypto
2024-05-21,BTC-INR,5843603.5,Crypto
2024-05-22,BTC-INR,5756167.0,Crypto
2024-05-23,BTC-INR,5657632.0,Crypto
2024-05-24,BTC-INR,5691692.0,Crypto
2024-05-25,BTC-INR,5753143.0,Crypto
2024-05-26,BTC-INR,5690595.0,Crypto
2024-05-27,BTC-INR,5769932.5,Crypto
2024-05-28,BTC-INR,5682712.5,Crypto
2024-05-29,BTC-INR,5633712.0,Crypto
2024-05-30,BTC-INR,5696249.5,Crypto
2024-05-31,BTC-INR,5632740.5,Crypto
2024-06-01,BTC-INR,5650878.5,Crypto
2024-06-02,BTC-INR,5653942.0,Crypto
2024-06-03,BTC-INR,5717563.5,Crypto
2024-06-04,BTC-INR,5904867.5,Crypto
2024-06-05,BTC-INR,5926718.0,Crypto
2024-06-06,BTC-INR,5906089.5,Crypto
2024-06-07,BTC-INR,5791974.5,Crypto
2024-06-08,BTC-INR,5788899.5,Crypto
2024-06-09,BTC-INR,5817547.0,Crypto
2024-06-10,BTC-INR,5806462.5,Crypto
2024-06-11,BTC-INR,5628759.0,Crypto
2024-06-12,BTC-INR,5695030.5,Crypto
2024-06-13,BTC-INR,5575985.5,Crypto
2024-06-14,BTC-INR,5515329.0,Crypto
2024-06-15,BTC-INR,5530360.5,Crypto
2024-06-16,BTC-INR,5567829.5,Crypto
2024-06-17,BTC-INR,5551969.0,Crypto
2024-06-18,BTC-INR,5431403.0,Crypto
2024-06-19,BTC-INR,5418972.5,Crypto
2024-06-20,BTC-INR,5419796.0,Crypto
2024-06-21,BTC-INR,5356224.5,Crypto
2024-06-22,BTC-INR,5369292.5,Crypto
2024-06-23,BTC-INR,5279561.0,Crypto
2024-06-24,BTC-INR,5029948.0,Crypto
2024-06-25,BTC-INR,5155493.0,Crypto
2024-06-26,BTC-INR,5082688.0,Crypto
2024-06-27,BTC-INR,5140992.5,Crypto
2024-06-28,BTC-INR,5028748.0,Crypto
2024-06-29,BTC-INR,5076038.0,Crypto
2024-06-30,BTC-INR,5225348.5,Crypto
2024-07-01,BTC-INR,5244467.0,Crypto
2024-07-02,BTC-INR,5178265.5,Crypto
2024-07-03,BTC-INR,5024008.0,Crypto
2024-07-04,BTC-INR,4757214.0,Crypto
2024-07-05,BTC-INR,4729736.0,Crypto
2024-07-06,BTC-INR,4866727.5,Crypto
2024-07-07,BTC-INR,4661856.5,Crypto
2024-07-08,BTC-INR,4732486.0,Crypto
2024-07-09,BTC-INR,4843262.5,Crypto
2024-07-10,BTC-INR,4821189.5,Crypto
2024-07-11,BTC-INR,4789731.5,Crypto
2024-07-12,BTC-INR,4835661.0,Crypto
2024-07-13,BTC-INR,4946948.0,Crypto
2024-07-14,BTC-INR,5077029.0,Crypto
2024-07-15,BTC-INR,5422395.5,Crypto
2024-07-16,BTC-INR,5437542.5,Crypto
2024-07-17,BTC-INR,5358546.0,Crypto
2024-07-18,BTC-INR,5353945.0,Crypto
2024-07-19,BTC-INR,5585674.5,Crypto
2024-07-20,BTC-INR,5623645.5,Crypto
2024-07-21,BTC-INR,5706615.0,Crypto
2024-07-22,BTC-INR,5654934.5,Crypto
2024-07-23,BTC-INR,5518611.0,Crypto
2024-07-24,BTC-INR,5474461.5,Crypto
2024-07-25,BTC-INR,5508497.5,Crypto
2024-07-26,BTC-INR,5686922.0,Crypto
2024-07-27,BTC-INR,5677502.5,Crypto
2024-07-28,BTC-INR,5714931.5,Crypto
2024-07-29,BTC-INR,5596217.5,Crypto
2024-07-30,BTC-INR,5545915.0,Crypto
2024-07-31,BTC-INR,5409797.5,Crypto
2024-08-01,BTC-INR,5473308.0,Crypto
2024-08-02,BTC-INR,5144577.5,Crypto
2024-08-03,BTC-INR,5083011.0,Crypto
2024-08-04,BTC-INR,4866458.0,Crypto
2024-08-05,BTC-INR,4535437.0,Crypto
2024-08-06,BTC-INR,4703248.5,Crypto
2024-08-07,BTC-INR,4619143.0,Crypto
2024-08-08,BTC-INR,5182982.0,Crypto
2024-08-09,BTC-INR,5111120.0,Crypto
2024-08-10,BTC-INR,5116635.5,Crypto
2024-08-11,BTC-INR,4929503.5,Crypto
2024-08-12,BTC-INR,4979695.5,Crypto
2024-08-13,BTC-INR,5084054.0,Crypto
2024-08-14,BTC-INR,4932272.0,Crypto
2024-08-15,BTC-INR,4832092.5,Crypto
2024-08-16,BTC-INR,4939133.5,Crypto
2024-08-17,BTC-INR,4988183.0,Crypto
2024-08-18,BTC-INR,4905422.0,Crypto
2024-08-19,BTC-INR,4990122.5,Crypto
2024-08-20,BTC-INR,4944761.5,Crypto
2024-08-21,BTC-INR,5132093.5,Crypto
2024-08-22,BTC-INR,5068593.0,Crypto
2024-08-23,BTC-INR,5371991.5,Crypto
2024-08-24,BTC-INR,5379085.0,Crypto
2024-08-25,BTC-INR,5392054.5,Crypto
2024-08-26,BTC-INR,5274778.5,Crypto
2024-08-27,BTC-INR,4993715.0,Crypto
2024-08-28,BTC-INR,4954918.5,Crypto
2024-08-29,BTC-INR,4982391.5,Crypto
2024-08-30,BTC-INR,4959275.5,Crypto
2024-08-31,BTC-INR,4946728.5,Crypto
2024-09-01,BTC-INR,4807376.0,Crypto
2024-09-02,BTC-INR,4961154.0,Crypto
2024-09-03,BTC-INR,4821406.0,Crypto
2024-09-04,BTC-INR,4868592.0,Crypto
2024-09-05,BTC-INR,4716545.5,Crypto
2024-09-06,BTC-INR,4530921.0,Crypto
2024-09-07,BTC-INR,4546957.0,Crypto
2024-09-08,BTC-INR,4605750.5,Crypto
2024-09-09,BTC-INR,4788566.0,Crypto
2024-09-10,BTC-INR,4841469.0,Crypto
2024-09-11,BTC-INR,4816436.0,Crypto
2024-09-12,BTC-INR,4878213.5,Crypto
2024-09-13,BTC-INR,5080805.5,Crypto
2024-09-14,BTC-INR,5033313.5,Crypto
2024-09-15,BTC-INR,4964555.0,Crypto
2024-09-16,BTC-INR,4881435.5,Crypto
2024-09-17,BTC-INR,5052098.0,Crypto
2024-09-18,BTC-INR,5159754.5,Crypto
2024-09-19,BTC-INR,5262750.0,Crypto
2024-09-20,BTC-INR,5275807.5,Crypto
2024-09-21,BTC-INR,5292661.0,Crypto
2024-09-22,BTC-INR,5313479.0,Crypto
2024-09-23,BTC-INR,5291132.5,Crypto
2024-09-24,BTC-INR,5375088.5,Crypto
2024-09-25,BTC-INR,5284472.5,Crypto
2024-09-26,BTC-INR,5449912.0,Crypto
2024-09-27,BTC-INR,5507767.0,Crypto
2024-09-28,BTC-INR,5514418.5,Crypto
2024-09-29,BTC-INR,5494768.0,Crypto
2024-09-30,BTC-INR,5308915.5,Crypto
2024-10-01,BTC-INR,5102878.5,Crypto
2024-10-02,BTC-INR,5088113.0,Crypto
2024-10-03,BTC-INR,5104376.0,Crypto
2024-10-04,BTC-INR,5215341.0,Crypto
2024-10-05,BTC-INR,5217229.0,Crypto
2024-10-06,BTC-INR,5278555.0,Crypto
2024-10-07,BTC-INR,5225661.0,Crypto
2024-10-08,BTC-INR,5214478.0,Crypto
2024-10-09,BTC-INR,5085409.5,Crypto
2024-10-10,BTC-INR,5059860.5,Crypto
2024-10-11,BTC-INR,5252216.0,Crypto
2024-10-12,BTC-INR,5315124.0,Crypto
2024-10-13,BTC-INR,5287041.5,Crypto
2024-10-14,BTC-INR,5551207.0,Crypto
2024-10-15,BTC-INR,5635713.0,Crypto
2024-10-16,BTC-INR,5682143.5,Crypto
2024-10-17,BTC-INR,5664892.0,Crypto
2024-10-18,BTC-INR,5751084.0,Crypto
2024-10-19,BTC-INR,5747218.0,Crypto
2024-10-20,BTC-INR,5800936.0,Crypto
2024-10-21,BTC-INR,5663915.0,Crypto
2024-10-22,BTC-INR,5664384.0,Crypto
2024-10-23,BTC-INR,5584820.0,Crypto
2024-10-24,BTC-INR,5731121.0,Crypto
2024-10-25,BTC-INR,5604776.5,Crypto
2024-10-26,BTC-INR,5636087.0,Crypto
2024-10-27,BTC-INR,5712967.5,Crypto
2024-10-28,BTC-INR,5879455.5,Crypto
2024-10-29,BTC-INR,6114852.5,Crypto
2024-10-30,BTC-INR,6083020.5,Crypto
2024-10-31,BTC-INR,5904517.5,Crypto
2024-11-01,BTC-INR,5842507.5,Crypto
2024-11-02,BTC-INR,5826262.5,Crypto
2024-11-03,BTC-INR,5781735.5,Crypto
2024-11-04,BTC-INR,5706301.0,Crypto
2024-11-05,BTC-INR,5834288.0,Crypto
2024-11-06,BTC-INR,6372701.0,Crypto
2024-11-07,BTC-INR,6399283.0,Crypto
2024-11-08,BTC-INR,6460090.0,Crypto
2024-11-09,BTC-INR,6479787.0,Crypto
2024-11-10,BTC-INR,6790832.5,Crypto
2024-11-11,BTC-INR,7487520.5,Crypto
2024-11-12,BTC-INR,7423079.0,Crypto
2024-11-13,BTC-INR,7647437.5,Crypto
2024-11-14,BTC-INR,7370528.0,Crypto
2024-11-15,BTC-INR,7688734.0,Crypto
2024-11-16,BTC-INR,7645883.0,Crypto
2024-11-17,BTC-INR,7588262.0,Crypto
2024-11-18,BTC-INR,7641686.5,Crypto
2024-11-19,BTC-INR,7793617.0,Crypto
2024-11-20,BTC-INR,7960814.0,Crypto
2024-11-21,BTC-INR,8322521.0,Crypto
2024-11-22,BTC-INR,8359199.0,Crypto
2024-11-23,BTC-INR,8256152.0,Crypto
2024-11-24,BTC-INR,8275837.0,Crypto
2024-11-25,BTC-INR,7843919.5,Crypto
2024-11-26,BTC-INR,7758000.0,Crypto
2024-11-27,BTC-INR,8101210.0,Crypto
2024-11-28,BTC-INR,8079932.0,Crypto
2024-11-29,BTC-INR,8241380.5,Crypto
2024-11-30,BTC-INR,8155862.5,Crypto
2024-12-01,BTC-INR,8226695.5,Crypto
2024-12-02,BTC-INR,8122681.0,Crypto
2024-12-03,BTC-INR,8129553.0,Crypto
2024-12-04,BTC-INR,8366420.0,Crypto
2024-12-05,BTC-INR,8179935.0,Crypto
2024-12-06,BTC-INR,8460472.0,Crypto
2024-12-07,BTC-INR,8460649.0,Crypto
2024-12-08,BTC-INR,8571965.0,Crypto
2024-12-09,BTC-INR,8266956.0,Crypto
2024-12-10,BTC-INR,8206037.0,Crypto
2024-12-11,BTC-INR,8584749.0,Crypto
2024-12-12,BTC-INR,8487595.0,Crypto
2024-12-13,BTC-INR,8605723.0,Crypto
2024-12-14,BTC-INR,8598131.0,Crypto
2024-12-15,BTC-INR,8845695.0,Crypto
2024-12-16,BTC-INR,9003785.0,Crypto
2024-12-17,BTC-INR,9013900.0,Crypto
2024-12-18,BTC-INR,8520115.0,Crypto
2024-12-19,BTC-INR,8297995.5,Crypto
2024-12-20,BTC-INR,8303999.5,Crypto
2024-12-21,BTC-INR,8259124.0,Crypto
2024-12-22,BTC-INR,8079155.5,Crypto
2024-12-23,BTC-INR,8057719.5,Crypto
2024-12-24,BTC-INR,8407155.0,Crypto
2024-12-25,BTC-INR,8482584.0,Crypto
2024-12-26,BTC-INR,8210959.5,Crypto
2024-12-27,BTC-INR,8040262.0,Crypto
2024-12-28,BTC-INR,8126595.5,Crypto
2024-12-29,BTC-INR,7986218.5,Crypto
2024-12-30,BTC-INR,7947559.0,Crypto
2024-12-31,BTC-INR,7995474.5,Crypto
2025-01-01,BTC-INR,8080244.5,Crypto
2025-01-02,BTC-INR,8313315.5,Crypto
2025-01-03,BTC-INR,8416205.0,Crypto
2025-01-04,BTC-INR,8426119.0,Crypto
2025-01-05,BTC-INR,8432133.0,Crypto
2025-01-06,BTC-INR,8746148.0,Crypto
2025-01-07,BTC-INR,8316495.0,Crypto
2025-01-08,BTC-INR,8164946.5,Crypto
2025-01-09,BTC-INR,7946251.5,Crypto
2025-01-10,BTC-INR,8162835.0,Crypto
2025-01-11,BTC-INR,8149243.0,Crypto
2025-01-12,BTC-INR,8144201.0,Crypto
2025-01-13,BTC-INR,8189938.0,Crypto
2025-01-14,BTC-INR,8353969.5,Crypto
2025-01-15,BTC-INR,8688016.0,Crypto
2025-01-16,BTC-INR,8639602.0,Crypto
2025-01-17,BTC-INR,9044541.0,Crypto
2025-01-18,BTC-INR,9040146.0,Crypto
2025-01-19,BTC-INR,8751963.0,Crypto
2025-01-20,BTC-INR,8798524.0,Crypto
2025-01-21,BTC-INR,9176572.0,Crypto
2025-01-22,BTC-INR,8963176.0,Crypto
2025-01-23,BTC-INR,8989218.0,Crypto
2025-01-24,BTC-INR,9033841.0,Crypto
2025-01-25,BTC-INR,9023736.0,Crypto
2025-01-26,BTC-INR,8851959.0,Crypto
2025-01-27,BTC-INR,8824174.0,Crypto
2025-01-28,BTC-INR,8773857.0,Crypto
2025-01-29,BTC-INR,8984934.0,Crypto
2025-01-30,BTC-INR,9075027.0,Crypto
2025-01-31,BTC-INR,8878244.0,Crypto
2025-02-01,BTC-INR,8712926.0,Crypto
2025-02-02,BTC-INR,8459096.0,Crypto
2025-02-03,BTC-INR,8816558.0,Crypto
2025-02-04,BTC-INR,8525140.0,Crypto
2025-02-05,BTC-INR,8437876.0,Crypto
2025-02-06,BTC-INR,8460669.0,Crypto
2025-02-07,BTC-INR,8474216.0,Crypto
2025-02-08,BTC-INR,8470122.0,Crypto
2025-02-09,BTC-INR,8463903.0,Crypto
2025-02-10,BTC-INR,8524944.0,Crypto
2025-02-11,BTC-INR,8311973.5,Crypto
2025-02-12,BTC-INR,8514289.0,Crypto
2025-02-13,BTC-INR,8381671.5,Crypto
2025-02-14,BTC-INR,8450942.0,Crypto
2025-02-15,BTC-INR,8453434.0,Crypto
2025-02-16,BTC-INR,8333506.0,Crypto
2025-02-17,BTC-INR,8318392.0,Crypto
2025-02-18,BTC-INR,8301187.5,Crypto
2025-02-19,BTC-INR,8395997.0,Crypto
2025-02-20,BTC-INR,8502872.0,Crypto
2025-02-21,BTC-INR,8330386.5,Crypto
2025-02-22,BTC-INR,8363586.0,Crypto
2025-02-23,BTC-INR,8337321.5,Crypto
2025-02-24,BTC-INR,7924871.5,Crypto
2025-02-25,BTC-INR,7727576.5,Crypto
2025-02-26,BTC-INR,7353267.5,Crypto
2025-02-27,BTC-INR,7396995.5,Crypto
2025-02-28,BTC-INR,7380234.0,Crypto
2025-03-01,BTC-INR,7525340.5,Crypto
2025-03-02,BTC-INR,8243319.5,Crypto
2025-03-03,BTC-INR,7515913.0,Crypto
2025-03-04,BTC-INR,7607279.5,Crypto
2025-03-05,BTC-INR,7871122.0,Crypto
2025-03-06,BTC-INR,7838289.0,Crypto
2025-03-07,BTC-INR,7559559.0,Crypto
2025-03-08,BTC-INR,7504969.5,Crypto
2025-03-09,BTC-INR,7022530.0,Crypto
2025-03-10,BTC-INR,6860112.5,Crypto
2025-03-11,BTC-INR,7225613.5,Crypto
2025-03-12,BTC-INR,7297287.5,Crypto
2025-03-13,BTC-INR,7046492.5,Crypto
2025-03-14,BTC-INR,7300979.0,Crypto
2025-03-15,BTC-INR,7333338.0,Crypto
2025-03-16,BTC-INR,7180025.5,Crypto
2025-03-17,BTC-INR,7307669.5,Crypto
2025-03-18,BTC-INR,7161416.0,Crypto
2025-03-19,BTC-INR,7498763.0,Crypto
2025-03-20,BTC-INR,7266588.0,Crypto
2025-03-21,BTC-INR,7226900.0,Crypto
2025-03-22,BTC-INR,7209133.0,Crypto
2025-03-23,BTC-INR,7400501.0,Crypto
2025-03-24,BTC-INR,7483987.5,Crypto
2025-03-25,BTC-INR,7486996.0,Crypto
2025-03-26,BTC-INR,7443279.0,Crypto
2025-03-27,BTC-INR,7470829.0,Crypto
2025-03-28,BTC-INR,7215749.5,Crypto
2025-03-29,BTC-INR,7065310.5,Crypto
2025-03-30,BTC-INR,7042808.5,Crypto
2025-03-31,BTC-INR,7052084.5,Crypto
2025-04-01,BTC-INR,7289326.0,Crypto
2025-04-02,BTC-INR,7065020.5,Crypto
2025-04-03,BTC-INR,7087145.5,Crypto
2025-04-04,BTC-INR,7176733.0,Crypto
2025-04-05,BTC-INR,7140748.0,Crypto
2025-04-06,BTC-INR,6689645.5,Crypto
2025-04-07,BTC-INR,6815732.0,Crypto
2025-04-08,BTC-INR,6592554.5,Crypto
2025-04-09,BTC-INR,7118589.0,Crypto
2025-04-10,BTC-INR,6868595.0,Crypto
2025-04-11,BTC-INR,7179810.0,Crypto
2025-04-12,BTC-INR,7332402.0,Crypto
2025-04-13,BTC-INR,7194661.5,Crypto
2025-04-14,BTC-INR,7273229.5,Crypto
2025-04-15,BTC-INR,7172644.5,Crypto
2025-04-16,BTC-INR,7195030.0,Crypto
2025-04-17,BTC-INR,7248701.5,Crypto
2025-04-18,BTC-INR,7210710.5,Crypto
2025-04-19,BTC-INR,7263017.0,Crypto
2025-04-20,BTC-INR,7272485.0,Crypto
2025-04-21,BTC-INR,7453035.5,Crypto
2025-04-22,BTC-INR,7964291.0,Crypto
2025-04-23,BTC-INR,8011296.5,Crypto
2025-04-24,BTC-INR,8006219.0,Crypto
2025-04-25,BTC-INR,8087686.0,Crypto
2025-04-26,BTC-INR,8081404.5,Crypto
2025-04-27,BTC-INR,7996005.5,Crypto
2025-04-28,BTC-INR,8088437.5,Crypto
2025-04-29,BTC-INR,8030118.0,Crypto
2025-04-30,BTC-INR,7966283.5,Crypto
2025-05-01,BTC-INR,8172597.0,Crypto
2025-05-02,BTC-INR,8201547.5,Crypto
2025-05-03,BTC-INR,8115371.0,Crypto
2025-05-04,BTC-INR,7974729.5,Crypto
2025-05-05,BTC-INR,7979781.0,Crypto
2025-05-06,BTC-INR,8203134.0,Crypto
2025-05-07,BTC-INR,8230034.0,Crypto
2025-05-08,BTC-INR,8882373.0,Crypto
2025-05-09,BTC-INR,8794058.0,Crypto
2025-05-10,BTC-INR,8942105.0,Crypto
2025-05-11,BTC-INR,8887268.0,Crypto
2025-05-12,BTC-INR,8734314.0,Crypto
2025-05-13,BTC-INR,8859678.0,Crypto
2025-05-14,BTC-INR,8847555.0,Crypto
2025-05-15,BTC-INR,8864476.0,Crypto
2025-05-16,BTC-INR,8856950.0,Crypto
2025-05-17,BTC-INR,8831428.0,Crypto
2025-05-18,BTC-INR,9101191.0,Crypto
2025-05-19,BTC-INR,9015541.0,Crypto
2025-05-20,BTC-INR,9134489.0,Crypto
2025-05-21,BTC-INR,9388505.0,Crypto
2025-05-22,BTC-INR,9601127.0,Crypto
2025-05-23,BTC-INR,9127622.0,Crypto
2025-05-24,BTC-INR,9170446.0,Crypto
2025-05-25,BTC-INR,9289764.0,Crypto
2025-05-26,BTC-INR,9319772.0,Crypto
2025-05-27,BTC-INR,9303874.0,Crypto
2025-05-28,BTC-INR,9209747.0,Crypto
2025-05-29,BTC-INR,9017734.0,Crypto
2025-05-30,BTC-INR,8899017.0,Crypto
2025-05-31,BTC-INR,8953740.0,Crypto
2025-06-01,BTC-INR,9037451.0,Crypto
2025-06-02,BTC-INR,9038690.0,Crypto
2025-06-03,BTC-INR,9036517.0,Crypto
2025-06-04,BTC-INR,8996797.0,Crypto
2025-06-05,BTC-INR,8723114.0,Crypto
2025-06-06,BTC-INR,8955533.0,Crypto
2025-06-07,BTC-INR,9060648.0,Crypto
2025-06-08,BTC-INR,9075566.0,Crypto
2025-06-09,BTC-INR,9458408.0,Crypto
2025-06-10,BTC-INR,9443869.0,Crypto
2025-06-11,BTC-INR,9289451.0,Crypto
2025-06-12,BTC-INR,9071062.0,Crypto
2025-06-13,BTC-INR,9136613.0,Crypto
2025-06-14,BTC-INR,9083342.0,Crypto
2025-06-15,BTC-INR,9090199.0,Crypto
2025-06-16,BTC-INR,9195676.0,Crypto
2025-06-17,BTC-INR,9032845.0,Crypto
2025-06-18,BTC-INR,9084359.0,Crypto
2025-06-19,BTC-INR,9080032.0,Crypto
2025-06-20,BTC-INR,8946777.0,Crypto
2025-06-21,BTC-INR,8855655.0,Crypto
2025-06-22,BTC-INR,8743523.0,Crypto
2025-06-23,BTC-INR,9117142.0,Crypto
2025-06-24,BTC-INR,9117146.0,Crypto
2025-06-25,BTC-INR,9231926.0,Crypto
2025-06-26,BTC-INR,9163627.0,Crypto
2025-06-27,BTC-INR,9157031.0,Crypto
2025-06-28,BTC-INR,9177491.0,Crypto
2025-06-29,BTC-INR,9264459.0,Crypto
2025-06-30,BTC-INR,9181932.0,Crypto
2025-07-01,BTC-INR,9061598.0,Crypto
2025-07-02,BTC-INR,9328901.0,Crypto
2025-07-03,BTC-INR,9364442.0,Crypto
2025-07-04,BTC-INR,9249939.0,Crypto
2025-07-05,BTC-INR,9286425.0,Crypto
2025-07-06,BTC-INR,9338966.0,Crypto
2025-07-07,BTC-INR,9302129.0,Crypto
2025-07-08,BTC-INR,9337872.0,Crypto
2025-07-09,BTC-INR,9541660.0,Crypto
2025-07-10,BTC-INR,9944169.0,Crypto
2025-07-11,BTC-INR,10084731.0,Crypto
2025-07-12,BTC-INR,10079684.0,Crypto
2025-07-13,BTC-INR,10223200.0,Crypto
2025-07-14,BTC-INR,10303341.0,Crypto
2025-07-15,BTC-INR,10128055.0,Crypto
2025-07-16,BTC-INR,10197910.0,Crypto
2025-07-17,BTC-INR,10264503.0,Crypto
2025-07-18,BTC-INR,10165300.0,Crypto
2025-07-19,BTC-INR,10159851.0,Crypto
2025-07-20,BTC-INR,10105484.0,Crypto
2025-07-21,BTC-INR,10132829.0,Crypto
2025-07-22,BTC-INR,10360770.0,Crypto
2025-07-23,BTC-INR,10260565.0,Crypto
2025-07-24,BTC-INR,10230611.0,Crypto
2025-07-25,BTC-INR,10176245.0,Crypto
2025-07-26,BTC-INR,10202742.0,Crypto
2025-07-27,BTC-INR,10333053.0,Crypto
2025-07-28,BTC-INR,10233232.0,Crypto
2025-07-29,BTC-INR,10266709.0,Crypto
2025-07-30,BTC-INR,10330331.0,Crypto
2025-07-31,BTC-INR,10127645.0,Crypto
2025-08-01,BTC-INR,9877761.0,Crypto
2025-08-02,BTC-INR,9808735.0,Crypto
2025-08-03,BTC-INR,9964983.0,Crypto
2025-08-04,BTC-INR,10114076.0,Crypto
2025-08-05,BTC-INR,10012870.0,Crypto
2025-08-06,BTC-INR,10095173.0,Crypto
2025-08-07,BTC-INR,10273159.0,Crypto
2025-08-08,BTC-INR,10236839.0,Crypto
2025-08-09,BTC-INR,10219907.0,Crypto
2025-08-10,BTC-INR,10437977.0,Crypto
2025-08-11,BTC-INR,10408563.0,Crypto
2025-08-12,BTC-INR,10526732.0,Crypto
2025-08-13,BTC-INR,10786469.0,Crypto
2025-08-14,BTC-INR,10379196.0,Crypto
2025-08-15,BTC-INR,10273981.0,Crypto
2025-08-16,BTC-INR,10282120.0,Crypto
2025-08-17,BTC-INR,10278677.0,Crypto
2025-08-18,BTC-INR,10148286.0,Crypto
2025-08-19,BTC-INR,9825063.0,Crypto
2025-08-20,BTC-INR,9944011.0,Crypto
2025-08-21,BTC-INR,9813467.0,Crypto
2025-08-22,BTC-INR,10206643.0,Crypto
2025-08-23,BTC-INR,10076299.0,Crypto
2025-08-24,BTC-INR,9908364.0,Crypto
2025-08-25,BTC-INR,9647868.0,Crypto
2025-08-26,BTC-INR,9798267.0,Crypto
2025-08-27,BTC-INR,9749565.0,Crypto
2025-08-28,BTC-INR,9858018.0,Crypto
2025-08-29,BTC-INR,9558307.0,Crypto
2025-08-30,BTC-INR,9594097.0,Crypto
2025-08-31,BTC-INR,9546053.0,Crypto
2025-09-01,BTC-INR,9614244.0,Crypto
2025-09-02,BTC-INR,9785512.0,Crypto
2025-09-03,BTC-INR,9839826.0,Crypto
2025-09-04,BTC-INR,9765063.0,Crypto
2025-09-05,BTC-INR,9758040.0,Crypto
2025-09-06,BTC-INR,9723815.0,Crypto
2025-09-07,BTC-INR,9803488.0,Crypto
2025-09-08,BTC-INR,9860129.0,Crypto
2025-09-09,BTC-INR,9839119.0,Crypto
2025-09-10,BTC-INR,10034197.0,Crypto
2025-09-11,BTC-INR,10195601.0,Crypto
2025-09-12,BTC-INR,10249188.0,Crypto
2025-09-13,BTC-INR,10236147.0,Crypto
2025-09-14,BTC-INR,10187904.0,Crypto
2025-09-15,BTC-INR,10173435.0,Crypto
2025-09-16,BTC-INR,10268746.0,Crypto
2025-09-17,BTC-INR,10238857.0,Crypto
2025-09-18,BTC-INR,10332339.0,Crypto
2025-09-19,BTC-INR,10192114.0,Crypto
2025-09-20,BTC-INR,10195029.0,Crypto
2025-09-21,BTC-INR,10157816.0,Crypto
2025-09-22,BTC-INR,9956217.0,Crypto
2025-09-23,BTC-INR,9947812.0,Crypto
2025-09-24,BTC-INR,10061174.0,Crypto
2025-09-25,BTC-INR,9680671.0,Crypto
2025-09-26,BTC-INR,9728484.0,Crypto
2025-09-27,BTC-INR,9726322.0,Crypto
2025-09-28,BTC-INR,9942705.0,Crypto
2025-09-29,BTC-INR,10147834.0,Crypto
2025-09-30,BTC-INR,10132805.0,Crypto
2025-10-01,BTC-INR,10522173.0,Crypto
2025-10-02,BTC-INR,10706896.0,Crypto
2025-10-03,BTC-INR,10849364.0,Crypto
2025-10-04,BTC-INR,10863482.0,Crypto
2025-10-05,BTC-INR,10960012.0,Crypto
2025-10-06,BTC-INR,11068399.0,Crypto
2025-10-07,BTC-INR,10777582.0,Crypto
2025-10-08,BTC-INR,10949120.0,Crypto
2025-10-09,BTC-INR,10815446.0,Crypto
2025-10-10,BTC-INR,10048381.0,Crypto
2025-10-11,BTC-INR,9834343.0,Crypto
2025-10-12,BTC-INR,10222185.0,Crypto
2025-10-13,BTC-INR,10220550.0,Crypto
2025-10-14,BTC-INR,10042964.0,Crypto
2025-10-15,BTC-INR,9727886.0,Crypto
2025-10-16,BTC-INR,9519392.0,Crypto
2025-10-17,BTC-INR,9371896.0,Crypto
2025-10-18,BTC-INR,9436197.0,Crypto
2025-10-19,BTC-INR,9562948.0,Crypto
2025-10-20,BTC-INR,9718583.0,Crypto
2025-10-21,BTC-INR,9545787.0,Crypto
2025-10-22,BTC-INR,9448656.0,Crypto
2025-10-23,BTC-INR,9661838.0,Crypto
2025-10-24,BTC-INR,9751005.0,Crypto
2025-10-25,BTC-INR,9804382.0,Crypto
2025-10-26,BTC-INR,10054859.0,Crypto
2025-10-27,BTC-INR,10067875.0,Crypto
2025-10-28,BTC-INR,9965642.0,Crypto
2025-10-29,BTC-INR,9723050.0,Crypto
2025-10-30,BTC-INR,9599635.0,Crypto
2025-10-31,BTC-INR,9723620.0,Crypto
2025-11-01,BTC-INR,9770216.0,Crypto
2025-11-02,BTC-INR,9823481.0,Crypto
2025-11-03,BTC-INR,9453286.0,Crypto
2025-11-04,BTC-INR,9014345.0,Crypto
2025-11-05,BTC-INR,9200354.0,Crypto
2025-11-06,BTC-INR,8982715.0,Crypto
2025-11-07,BTC-INR,9165552.0,Crypto
2025-11-08,BTC-INR,9068881.0,Crypto
2025-11-09,BTC-INR,9284472.0,Crypto
2025-11-10,BTC-INR,9402677.0,Crypto
2025-11-11,BTC-INR,9111852.0,Crypto
2025-11-12,BTC-INR,9006762.0,Crypto
2025-11-13,BTC-INR,8854777.0,Crypto
2025-11-14,BTC-INR,8371738.5,Crypto
2025-11-15,BTC-INR,8474204.0,Crypto
2025-11-16,BTC-INR,8352310.0,Crypto
2025-11-17,BTC-INR,8162846.0,Crypto
2025-11-18,BTC-INR,8231288.5,Crypto
2025-11-19,BTC-INR,8093601.0,Crypto
2025-11-20,BTC-INR,7683595.5,Crypto
2025-11-21,BTC-INR,7625883.5,Crypto
2025-11-22,BTC-INR,7588007.0,Crypto
2025-11-23,BTC-INR,7780417.0,Crypto
2025-11-24,BTC-INR,7869148.5,Crypto
2025-11-25,BTC-INR,7786841.0,Crypto
2025-11-26,BTC-INR,8070877.0,Crypto
2025-11-27,BTC-INR,8157731.0,Crypto
2025-11-28,BTC-INR,8123441.0,Crypto
2025-11-29,BTC-INR,8117409.0,Crypto
2025-11-30,BTC-INR,8077176.0,Crypto
2025-12-01,BTC-INR,7735530.5,Crypto
2025-12-02,BTC-INR,8213977.5,Crypto
2025-12-03,BTC-INR,8433481.0,Crypto
2025-12-04,BTC-INR,8277694.5,Crypto
2025-12-05,BTC-INR,8040593.5,Crypto
2025-12-06,BTC-INR,8030809.0,Crypto
2025-12-07,BTC-INR,8132017.5,Crypto
2025-12-08,BTC-INR,8169414.0,Crypto
2025-12-09,BTC-INR,8334582.0,Crypto
2025-12-10,BTC-INR,8262860.0,Crypto
2025-12-11,BTC-INR,8349263.5,Crypto
2025-12-12,BTC-INR,8171984.0,Crypto
2025-12-13,BTC-INR,8179664.0,Crypto
2025-12-14,BTC-INR,7987312.0,Crypto
2025-12-15,BTC-INR,7844941.5,Crypto
2025-12-16,BTC-INR,7989345.5,Crypto
2025-12-17,BTC-INR,7788822.0,Crypto
2025-12-18,BTC-INR,7713508.0,Crypto
2025-12-19,BTC-INR,7892067.5,Crypto
2025-12-20,BTC-INR,7913621.5,Crypto
2025-12-21,BTC-INR,7937970.5,Crypto
2025-12-22,BTC-INR,7929082.0,Crypto
2025-12-23,BTC-INR,7821298.0,Crypto
2025-12-24,BTC-INR,7870193.5,Crypto
2025-12-25,BTC-INR,7860622.0,Crypto
2025-12-26,BTC-INR,7838459.5,Crypto
2025-12-27,BTC-INR,7885906.5,Crypto
2025-12-28,BTC-INR,7888931.5,Crypto
2025-12-29,BTC-INR,7833758.0,Crypto
2025-12-30,BTC-INR,7938369.0,Crypto
2025-12-31,BTC-INR,7874082.0,Crypto
2026-01-01,BTC-INR,7982999.5,Crypto
2026-01-02,BTC-INR,8096322.0,Crypto
2026-01-03,BTC-INR,8155596.0,Crypto
2026-01-04,BTC-INR,8227495.5,Crypto
2026-01-05,BTC-INR,8471319.0,Crypto
2026-01-06,BTC-INR,8449442.0,Crypto
2026-01-07,BTC-INR,8204755.0,Crypto
2026-01-08,BTC-INR,8183853.0,Crypto
2026-01-09,BTC-INR,8170468.0,Crypto
2026-01-10,BTC-INR,8159054.0,Crypto
2026-01-11,BTC-INR,8197093.5,Crypto
2026-01-12,BTC-INR,8219494.0,Crypto
2026-01-13,BTC-INR,8605969.0,Crypto
2026-01-14,BTC-INR,8744874.0,Crypto
2026-01-15,BTC-INR,8634181.0,Crypto
2026-01-16,BTC-INR,8666691.0,Crypto
2026-01-17,BTC-INR,8641730.0,Crypto
2026-01-18,BTC-INR,8494239.0,Crypto
2026-01-19,BTC-INR,8413562.0,Crypto
2026-01-20,BTC-INR,8046761.5,Crypto
2026-01-21,BTC-INR,8181312.0,Crypto
2026-01-22,BTC-INR,8191052.0,Crypto
2026-01-23,BTC-INR,8199137.0,Crypto
2026-01-24,BTC-INR,8161920.0,Crypto
2026-01-25,BTC-INR,7929323.5,Crypto
2026-01-26,BTC-INR,8095274.0,Crypto
2026-01-27,BTC-INR,8156051.5,Crypto
2026-01-28,BTC-INR,8208641.5,Crypto
2026-01-29,BTC-INR,7761253.5,Crypto
2026-01-30,BTC-INR,7713710.0,Crypto
2026-01-31,BTC-INR,7208184.0,Crypto
2026-02-01,BTC-INR,7058598.0,Crypto
2026-02-02,BTC-INR,7117218.0,Crypto
2026-02-03,BTC-INR,6839024.0,Crypto
2026-02-04,BTC-INR,6604043.0,Crypto
2026-02-05,BTC-INR,5662943.0,Crypto
2026-02-06,BTC-INR,6392071.0,Crypto
2026-02-07,BTC-INR,6276704.0,Crypto
2026-02-08,BTC-INR,6363837.5,Crypto
2026-02-09,BTC-INR,6365336.5,Crypto
2026-02-10,BTC-INR,6231930.5,Crypto
2026-02-11,BTC-INR,6078586.0,Crypto
2026-02-12,BTC-INR,5997345.0,Crypto
2026-02-13,BTC-INR,6235835.0,Crypto
2026-02-14,BTC-INR,6317841.0,Crypto
2026-02-15,BTC-INR,6229468.0,Crypto
2026-02-16,BTC-INR,6249798.5,Crypto
2026-02-17,BTC-INR,6116761.0,Crypto
2026-02-18,BTC-INR,6030996.5,Crypto
2026-02-19,BTC-INR,6095903.5,Crypto
2026-02-20,BTC-INR,6169917.5,Crypto
2026-02-21,BTC-INR,6169767.5,Crypto
2026-02-22,BTC-INR,6138783.5,Crypto
2026-02-23,BTC-INR,5881503.5,Crypto
2026-02-24,BTC-INR,5826051.5,Crypto
2026-02-25,BTC-INR,6181064.5,Crypto
2026-02-26,BTC-INR,6138808.5,Crypto
2026-02-27,BTC-INR,6000570.0,Crypto
2026-02-28,BTC-INR,6101748.5,Crypto
2026-03-01,BTC-INR,5986515.5,Crypto
2026-03-02,BTC-INR,6297341.0,Crypto
2026-03-03,BTC-INR,6283620.0,Crypto
2026-03-04,BTC-INR,6698342.5,Crypto
2026-03-05,BTC-INR,6502305.0,Crypto
2026-03-06,BTC-INR,6264500.0,Crypto
2026-03-07,BTC-INR,6185073.0,Crypto
2026-03-08,BTC-INR,6065060.0,Crypto
2026-03-09,BTC-INR,6314289.5,Crypto
2026-03-10,BTC-INR,6439936.5,Crypto
2026-03-11,BTC-INR,6474930.0,Crypto
2026-03-12,BTC-INR,6512894.0,Crypto
2026-03-13,BTC-INR,6572006.0,Crypto
2026-03-14,BTC-INR,6593395.5,Crypto
2026-03-15,BTC-INR,6737545.5,Crypto
2026-03-16,BTC-INR,6906655.0,Crypto
2026-03-17,BTC-INR,6829509.0,Crypto
2026-03-18,BTC-INR,6638432.0,Crypto
2026-03-19,BTC-INR,6507885.0,Crypto
2026-03-20,BTC-INR,6632547.0,Crypto
2026-03-21,BTC-INR,6459608.5,Crypto
2026-03-22,BTC-INR,6364373.5,Crypto
2026-03-23,BTC-INR,6616349.5,Crypto
2026-03-24,BTC-INR,6648765.0,Crypto
2026-03-25,BTC-INR,6712231.5,Crypto
2026-03-26,BTC-INR,6488215.5,Crypto
2026-03-27,BTC-INR,6293136.5,Crypto
2026-03-28,BTC-INR,6285945.0,Crypto
2026-03-29,BTC-INR,6251342.5,Crypto
2026-03-30,BTC-INR,6292494.5,Crypto
2026-03-31,BTC-INR,6378767.5,Crypto
2026-04-01,BTC-INR,6306991.0,Crypto
2026-04-02,BTC-INR,6218888.0,Crypto
2026-04-03,BTC-INR,6208773.0,Crypto
2026-04-04,BTC-INR,6256571.5,Crypto
2026-04-05,BTC-INR,6413833.5,Crypto
2026-04-06,BTC-INR,6401457.5,Crypto
2026-04-07,BTC-INR,6680446.0,Crypto
2026-04-08,BTC-INR,6563502.0,Crypto
2026-04-09,BTC-INR,6636375.0,Crypto
2026-04-10,BTC-INR,6794791.0,Crypto
2026-04-11,BTC-INR,6801736.0,Crypto
2026-04-12,BTC-INR,6686836.5,Crypto
2026-04-13,BTC-INR,7072097.0,Crypto
2026-04-14,BTC-INR,6911178.0,Crypto
2026-04-15,BTC-INR,6985833.0,Crypto
2026-04-16,BTC-INR,6992766.0,Crypto
2026-04-17,BTC-INR,7142138.0,Crypto
2026-04-18,BTC-INR,7012432.5,Crypto
2026-04-19,BTC-INR,6839361.5,Crypto
2026-04-20,BTC-INR,7065541.0,Crypto
2026-04-21,BTC-INR,7148380.0,Crypto
2026-04-22,BTC-INR,7335509.5,Crypto
2026-04-23,BTC-INR,7366137.0,Crypto
2026-04-24,BTC-INR,7285880.5,Crypto
2026-04-25,BTC-INR,7300698.5,Crypto
2026-04-26,BTC-INR,7413515.5,Crypto
2026-04-27,BTC-INR,7292481.0,Crypto
2026-04-28,BTC-INR,7226266.5,Crypto
2026-04-29,BTC-INR,7192433.0,Crypto
2026-04-30,BTC-INR,7230547.0,Crypto
2026-05-01,BTC-INR,7418534.5,Crypto
2026-05-02,BTC-INR,7465400.0,Crypto
2026-05-03,BTC-INR,7454102.0,Crypto
2026-05-04,BTC-INR,7604370.5,Crypto
2026-05-05,BTC-INR,7697842.0,Crypto
2026-05-06,BTC-INR,7698733.0,Crypto
2026-05-07,BTC-INR,7541783.0,Crypto
2026-05-08,BTC-INR,7571675.0,Crypto
2026-05-09,BTC-INR,7620980.0,Crypto
2026-05-10,BTC-INR,7756013.5,Crypto
2026-05-11,BTC-INR,7796196.5,Crypto
2026-05-12,BTC-INR,7696909.0,Crypto
2026-05-13,BTC-INR,7586507.5,Crypto
2026-05-14,BTC-INR,7757423.5,Crypto
2026-05-15,BTC-INR,7590543.0,Crypto
2026-05-16,BTC-INR,7502727.0,Crypto
2026-05-17,BTC-INR,7430937.0,Crypto
2026-05-18,BTC-INR,7408409.5,Crypto
2026-05-19,BTC-INR,7411532.0,Crypto
2026-05-20,BTC-INR,7476882.5,Crypto
2026-05-21,BTC-INR,7457263.5,Crypto
2026-05-22,BTC-INR,7225715.5,Crypto
2026-05-23,BTC-INR,7337677.5,Crypto
2026-05-24,BTC-INR,7368614.0,Crypto
2026-05-25,BTC-INR,7361145.0,Crypto
2026-05-26,BTC-INR,7283990.5,Crypto
2026-05-27,BTC-INR,7147536.5,Crypto
2026-05-28,BTC-INR,7047468.0,Crypto
2026-05-29,BTC-INR,6971604.5,Crypto
2026-05-30,BTC-INR,7011470.5,Crypto
2026-05-31,BTC-INR,6991166.0,Crypto
2026-06-01,BTC-INR,6814721.5,Crypto
2026-06-02,BTC-INR,,Crypto
2023-01-01,ETH-INR,99378.78125,Crypto
2023-01-02,ETH-INR,100459.578125,Crypto
2023-01-03,ETH-INR,100558.609375,Crypto
2023-01-04,ETH-INR,103872.7265625,Crypto
2023-01-05,ETH-INR,103343.0546875,Crypto
2023-01-06,ETH-INR,104436.3828125,Crypto
2023-01-07,ETH-INR,104016.1328125,Crypto
2023-01-08,ETH-INR,105916.0,Crypto
2023-01-09,ETH-INR,108604.53125,Crypto
2023-01-10,ETH-INR,109115.75,Crypto
2023-01-11,ETH-INR,113299.796875,Crypto
2023-01-12,ETH-INR,115016.9921875,Crypto
2023-01-13,ETH-INR,117994.65625,Crypto
2023-01-14,ETH-INR,126048.6640625,Crypto
2023-01-15,ETH-INR,126192.953125,Crypto
2023-01-16,ETH-INR,128752.953125,Crypto
2023-01-17,ETH-INR,127819.8125,Crypto
2023-01-18,ETH-INR,123417.203125,Crypto
2023-01-19,ETH-INR,126129.7734375,Crypto
2023-01-20,ETH-INR,134400.671875,Crypto
2023-01-21,ETH-INR,131757.9375,Crypto
2023-01-22,ETH-INR,131856.6875,Crypto
2023-01-23,ETH-INR,132683.3125,Crypto
2023-01-24,ETH-INR,127022.25,Crypto
2023-01-25,ETH-INR,131359.203125,Crypto
2023-01-26,ETH-INR,130565.6953125,Crypto
2023-01-27,ETH-INR,130273.0,Crypto
2023-01-28,ETH-INR,128177.90625,Crypto
2023-01-29,ETH-INR,134183.71875,Crypto
2023-01-30,ETH-INR,127862.6484375,Crypto
2023-01-31,ETH-INR,129728.859375,Crypto
2023-02-01,ETH-INR,134151.796875,Crypto
2023-02-02,ETH-INR,134821.625,Crypto
2023-02-03,ETH-INR,137327.53125,Crypto
2023-02-04,ETH-INR,137516.796875,Crypto
2023-02-05,ETH-INR,134374.78125,Crypto
2023-02-06,ETH-INR,133753.265625,Crypto
2023-02-07,ETH-INR,138345.5,Crypto
2023-02-08,ETH-INR,136447.84375,Crypto
2023-02-09,ETH-INR,127630.2578125,Crypto
2023-02-10,ETH-INR,124969.046875,Crypto
2023-02-11,ETH-INR,127027.171875,Crypto
2023-02-12,ETH-INR,125008.90625,Crypto
2023-02-13,ETH-INR,124489.265625,Crypto
2023-02-14,ETH-INR,129014.90625,Crypto
2023-02-15,ETH-INR,138487.5625,Crypto
2023-02-16,ETH-INR,135613.171875,Crypto
2023-02-17,ETH-INR,140353.734375,Crypto
2023-02-18,ETH-INR,140106.59375,Crypto
2023-02-19,ETH-INR,139164.921875,Crypto
2023-02-20,ETH-INR,140807.421875,Crypto
2023-02-21,ETH-INR,137387.96875,Crypto
2023-02-22,ETH-INR,136117.984375,Crypto
2023-02-23,ETH-INR,136408.15625,Crypto
2023-02-24,ETH-INR,133388.015625,Crypto
2023-02-25,ETH-INR,132270.359375,Crypto
2023-02-26,ETH-INR,136077.15625,Crypto
2023-02-27,ETH-INR,135080.578125,Crypto
2023-02-28,ETH-INR,132704.1875,Crypto
2023-03-01,ETH-INR,137100.453125,Crypto
2023-03-02,ETH-INR,135665.0625,Crypto
2023-03-03,ETH-INR,128221.015625,Crypto
2023-03-04,ETH-INR,128037.6640625,Crypto
2023-03-05,ETH-INR,127837.0390625,Crypto
2023-03-06,ETH-INR,128298.8828125,Crypto
2023-03-07,ETH-INR,128195.4296875,Crypto
2023-03-08,ETH-INR,125741.1640625,Crypto
2023-03-09,ETH-INR,117996.859375,Crypto
2023-03-10,ETH-INR,117217.46875,Crypto
2023-03-11,ETH-INR,121523.4140625,Crypto
2023-03-12,ETH-INR,130380.546875,Crypto
2023-03-13,ETH-INR,138488.96875,Crypto
2023-03-14,ETH-INR,140207.21875,Crypto
2023-03-15,ETH-INR,136992.5625,Crypto
2023-03-16,ETH-INR,138576.5,Crypto
2023-03-17,ETH-INR,147938.5625,Crypto
2023-03-18,ETH-INR,145394.4375,Crypto
2023-03-19,ETH-INR,147373.703125,Crypto
2023-03-20,ETH-INR,143214.9375,Crypto
2023-03-21,ETH-INR,149378.375,Crypto
2023-03-22,ETH-INR,143406.578125,Crypto
2023-03-23,ETH-INR,149427.578125,Crypto
2023-03-24,ETH-INR,144276.4375,Crypto
2023-03-25,ETH-INR,143594.578125,Crypto
2023-03-26,ETH-INR,146207.546875,Crypto
2023-03-27,ETH-INR,141037.03125,Crypto
2023-03-28,ETH-INR,145660.125,Crypto
2023-03-29,ETH-INR,147484.359375,Crypto
2023-03-30,ETH-INR,147184.890625,Crypto
2023-03-31,ETH-INR,149734.96875,Crypto
2023-04-01,ETH-INR,149064.234375,Crypto
2023-04-02,ETH-INR,147580.34375,Crypto
2023-04-03,ETH-INR,148698.078125,Crypto
2023-04-04,ETH-INR,153637.6875,Crypto
2023-04-05,ETH-INR,156452.765625,Crypto
2023-04-06,ETH-INR,153264.171875,Crypto
2023-04-07,ETH-INR,152749.40625,Crypto
2023-04-08,ETH-INR,151363.859375,Crypto
2023-04-09,ETH-INR,152256.0625,Crypto
2023-04-10,ETH-INR,156688.71875,Crypto
2023-04-11,ETH-INR,155292.65625,Crypto
2023-04-12,ETH-INR,157421.140625,Crypto
2023-04-13,ETH-INR,164393.921875,Crypto
2023-04-14,ETH-INR,172010.875,Crypto
2023-04-15,ETH-INR,171252.09375,Crypto
2023-04-16,ETH-INR,173511.984375,Crypto
2023-04-17,ETH-INR,170262.0,Crypto
2023-04-18,ETH-INR,172799.65625,Crypto
2023-04-19,ETH-INR,159445.3125,Crypto
2023-04-20,ETH-INR,159608.28125,Crypto
2023-04-21,ETH-INR,151775.5625,Crypto
2023-04-22,ETH-INR,153763.296875,Crypto
2023-04-23,ETH-INR,152791.59375,Crypto
2023-04-24,ETH-INR,150834.390625,Crypto
2023-04-25,ETH-INR,153058.578125,Crypto
2023-04-26,ETH-INR,152623.640625,Crypto
2023-04-27,ETH-INR,156070.484375,Crypto
2023-04-28,ETH-INR,154704.703125,Crypto
2023-04-29,ETH-INR,156044.234375,Crypto
2023-04-30,ETH-INR,153429.28125,Crypto
2023-05-01,ETH-INR,149808.0,Crypto
2023-05-02,ETH-INR,152990.8125,Crypto
2023-05-03,ETH-INR,155762.921875,Crypto
2023-05-04,ETH-INR,153439.125,Crypto
2023-05-05,ETH-INR,163055.84375,Crypto
2023-05-06,ETH-INR,155304.65625,Crypto
2023-05-07,ETH-INR,153086.3125,Crypto
2023-05-08,ETH-INR,151232.203125,Crypto
2023-05-09,ETH-INR,151780.203125,Crypto
2023-05-10,ETH-INR,150929.796875,Crypto
2023-05-11,ETH-INR,147492.875,Crypto
2023-05-12,ETH-INR,148721.015625,Crypto
2023-05-13,ETH-INR,147641.515625,Crypto
2023-05-14,ETH-INR,148002.171875,Crypto
2023-05-15,ETH-INR,149524.828125,Crypto
2023-05-16,ETH-INR,150118.34375,Crypto
2023-05-17,ETH-INR,150214.40625,Crypto
2023-05-18,ETH-INR,149048.609375,Crypto
2023-05-19,ETH-INR,150152.734375,Crypto
2023-05-20,ETH-INR,150808.03125,Crypto
2023-05-21,ETH-INR,149604.75,Crypto
2023-05-22,ETH-INR,150537.765625,Crypto
2023-05-23,ETH-INR,153711.359375,Crypto
2023-05-24,ETH-INR,148893.203125,Crypto
2023-05-25,ETH-INR,149428.84375,Crypto
2023-05-26,ETH-INR,150985.390625,Crypto
2023-05-27,ETH-INR,151185.90625,Crypto
2023-05-28,ETH-INR,157793.84375,Crypto
2023-05-29,ETH-INR,156330.3125,Crypto
2023-05-30,ETH-INR,157184.9375,Crypto
2023-05-31,ETH-INR,154928.828125,Crypto
2023-06-01,ETH-INR,153215.890625,Crypto
2023-06-02,ETH-INR,157162.234375,Crypto
2023-06-03,ETH-INR,155931.484375,Crypto
2023-06-04,ETH-INR,155797.296875,Crypto
2023-06-05,ETH-INR,149497.3125,Crypto
2023-06-06,ETH-INR,155505.421875,Crypto
2023-06-07,ETH-INR,151389.515625,Crypto
2023-06-08,ETH-INR,152298.765625,Crypto
2023-06-09,ETH-INR,151680.09375,Crypto
2023-06-10,ETH-INR,144439.4375,Crypto
2023-06-11,ETH-INR,144560.40625,Crypto
2023-06-12,ETH-INR,143475.375,Crypto
2023-06-13,ETH-INR,143106.34375,Crypto
2023-06-14,ETH-INR,135416.9375,Crypto
2023-06-15,ETH-INR,136427.484375,Crypto
2023-06-16,ETH-INR,140606.765625,Crypto
2023-06-17,ETH-INR,141469.671875,Crypto
2023-06-18,ETH-INR,140941.1875,Crypto
2023-06-19,ETH-INR,142460.359375,Crypto
2023-06-20,ETH-INR,146939.40625,Crypto
2023-06-21,ETH-INR,154952.4375,Crypto
2023-06-22,ETH-INR,153430.640625,Crypto
2023-06-23,ETH-INR,155134.8125,Crypto
2023-06-24,ETH-INR,153809.71875,Crypto
2023-06-25,ETH-INR,155813.09375,Crypto
2023-06-26,ETH-INR,152485.84375,Crypto
2023-06-27,ETH-INR,154952.953125,Crypto
2023-06-28,ETH-INR,149942.53125,Crypto
2023-06-29,ETH-INR,152022.765625,Crypto
2023-06-30,ETH-INR,158707.5625,Crypto
2023-07-01,ETH-INR,157999.640625,Crypto
2023-07-02,ETH-INR,159057.0,Crypto
2023-07-03,ETH-INR,160244.828125,Crypto
2023-07-04,ETH-INR,158818.1875,Crypto
2023-07-05,ETH-INR,157421.65625,Crypto
2023-07-06,ETH-INR,153009.140625,Crypto
2023-07-07,ETH-INR,154623.828125,Crypto
2023-07-08,ETH-INR,154186.65625,Crypto
2023-07-09,ETH-INR,153913.578125,Crypto
2023-07-10,ETH-INR,155193.953125,Crypto
2023-07-11,ETH-INR,154775.171875,Crypto
2023-07-12,ETH-INR,153517.1875,Crypto
2023-07-13,ETH-INR,164596.25,Crypto
2023-07-14,ETH-INR,159285.84375,Crypto
2023-07-15,ETH-INR,158604.796875,Crypto
2023-07-16,ETH-INR,157890.125,Crypto
2023-07-17,ETH-INR,156860.03125,Crypto
2023-07-18,ETH-INR,155746.59375,Crypto
2023-07-19,ETH-INR,155015.6875,Crypto
2023-07-20,ETH-INR,155216.125,Crypto
2023-07-21,ETH-INR,155156.34375,Crypto
2023-07-22,ETH-INR,152930.359375,Crypto
2023-07-23,ETH-INR,154921.375,Crypto
2023-07-24,ETH-INR,151357.078125,Crypto
2023-07-25,ETH-INR,152245.03125,Crypto
2023-07-26,ETH-INR,153471.71875,Crypto
2023-07-27,ETH-INR,153247.1875,Crypto
2023-07-28,ETH-INR,154228.609375,Crypto
2023-07-29,ETH-INR,154748.859375,Crypto
2023-07-30,ETH-INR,153125.875,Crypto
2023-07-31,ETH-INR,152655.15625,Crypto
2023-08-01,ETH-INR,154051.953125,Crypto
2023-08-02,ETH-INR,152154.421875,Crypto
2023-08-03,ETH-INR,151920.9375,Crypto
2023-08-04,ETH-INR,151109.1875,Crypto
2023-08-05,ETH-INR,151710.65625,Crypto
2023-08-06,ETH-INR,151122.96875,Crypto
2023-08-07,ETH-INR,151267.890625,Crypto
2023-08-08,ETH-INR,153758.28125,Crypto
2023-08-09,ETH-INR,153659.25,Crypto
2023-08-10,ETH-INR,153242.65625,Crypto
2023-08-11,ETH-INR,153232.734375,Crypto
2023-08-12,ETH-INR,153379.1875,Crypto
2023-08-13,ETH-INR,152471.8125,Crypto
2023-08-14,ETH-INR,153587.65625,Crypto
2023-08-15,ETH-INR,152001.796875,Crypto
2023-08-16,ETH-INR,150298.078125,Crypto
2023-08-17,ETH-INR,140015.53125,Crypto
2023-08-18,ETH-INR,138119.21875,Crypto
2023-08-19,ETH-INR,138828.265625,Crypto
2023-08-20,ETH-INR,140125.015625,Crypto
2023-08-21,ETH-INR,138572.984375,Crypto
2023-08-22,ETH-INR,135727.53125,Crypto
2023-08-23,ETH-INR,138615.640625,Crypto
2023-08-24,ETH-INR,137180.5625,Crypto
2023-08-25,ETH-INR,136446.90625,Crypto
2023-08-26,ETH-INR,135899.765625,Crypto
2023-08-27,ETH-INR,137017.578125,Crypto
2023-08-28,ETH-INR,136644.9375,Crypto
2023-08-29,ETH-INR,142703.5,Crypto
2023-08-30,ETH-INR,141013.875,Crypto
2023-08-31,ETH-INR,136065.8125,Crypto
2023-09-01,ETH-INR,134715.0625,Crypto
2023-09-02,ETH-INR,135421.03125,Crypto
2023-09-03,ETH-INR,135346.203125,Crypto
2023-09-04,ETH-INR,134830.265625,Crypto
2023-09-05,ETH-INR,135734.75,Crypto
2023-09-06,ETH-INR,135897.5,Crypto
2023-09-07,ETH-INR,137148.9375,Crypto
2023-09-08,ETH-INR,135873.0625,Crypto
2023-09-09,ETH-INR,135792.046875,Crypto
2023-09-10,ETH-INR,134247.8125,Crypto
2023-09-11,ETH-INR,128692.28125,Crypto
2023-09-12,ETH-INR,131935.15625,Crypto
2023-09-13,ETH-INR,133370.359375,Crypto
2023-09-14,ETH-INR,135085.3125,Crypto
2023-09-15,ETH-INR,136426.96875,Crypto
2023-09-16,ETH-INR,135893.546875,Crypto
2023-09-17,ETH-INR,134840.078125,Crypto
2023-09-18,ETH-INR,136295.46875,Crypto
2023-09-19,ETH-INR,136747.015625,Crypto
2023-09-20,ETH-INR,134841.515625,Crypto
2023-09-21,ETH-INR,131309.8125,Crypto
2023-09-22,ETH-INR,132399.5625,Crypto
2023-09-23,ETH-INR,132448.546875,Crypto
2023-09-24,ETH-INR,131171.390625,Crypto
2023-09-25,ETH-INR,131877.734375,Crypto
2023-09-26,ETH-INR,132731.40625,Crypto
2023-09-27,ETH-INR,132969.015625,Crypto
2023-09-28,ETH-INR,137520.65625,Crypto
2023-09-29,ETH-INR,138735.484375,Crypto
2023-09-30,ETH-INR,139003.140625,Crypto
2023-10-01,ETH-INR,143967.046875,Crypto
2023-10-02,ETH-INR,138681.734375,Crypto
2023-10-03,ETH-INR,137881.875,Crypto
2023-10-04,ETH-INR,137190.828125,Crypto
2023-10-05,ETH-INR,134117.3125,Crypto
2023-10-06,ETH-INR,136776.5,Crypto
2023-10-07,ETH-INR,135860.578125,Crypto
2023-10-08,ETH-INR,135788.484375,Crypto
2023-10-09,ETH-INR,131551.375,Crypto
2023-10-10,ETH-INR,130512.953125,Crypto
2023-10-11,ETH-INR,130233.375,Crypto
2023-10-12,ETH-INR,128192.21875,Crypto
2023-10-13,ETH-INR,129257.3125,Crypto
2023-10-14,ETH-INR,129521.0859375,Crypto
2023-10-15,ETH-INR,129760.0390625,Crypto
2023-10-16,ETH-INR,133159.25,Crypto
2023-10-17,ETH-INR,130329.0078125,Crypto
2023-10-18,ETH-INR,130210.875,Crypto
2023-10-19,ETH-INR,130291.03125,Crypto
2023-10-20,ETH-INR,133592.453125,Crypto
2023-10-21,ETH-INR,135643.59375,Crypto
2023-10-22,ETH-INR,138330.921875,Crypto
2023-10-23,ETH-INR,146578.921875,Crypto
2023-10-24,ETH-INR,148137.9375,Crypto
2023-10-25,ETH-INR,148625.421875,Crypto
2023-10-26,ETH-INR,150245.71875,Crypto
2023-10-27,ETH-INR,148485.234375,Crypto
2023-10-28,ETH-INR,148199.359375,Crypto
2023-10-29,ETH-INR,149769.9375,Crypto
2023-10-30,ETH-INR,150685.4375,Crypto
2023-10-31,ETH-INR,151270.609375,Crypto
2023-11-01,ETH-INR,153777.15625,Crypto
2023-11-02,ETH-INR,149879.296875,Crypto
2023-11-03,ETH-INR,152412.9375,Crypto
2023-11-04,ETH-INR,154483.875,Crypto
2023-11-05,ETH-INR,157517.34375,Crypto
2023-11-06,ETH-INR,158110.234375,Crypto
2023-11-07,ETH-INR,157154.140625,Crypto
2023-11-08,ETH-INR,157227.421875,Crypto
2023-11-09,ETH-INR,176679.5,Crypto
2023-11-10,ETH-INR,173109.578125,Crypto
2023-11-11,ETH-INR,170979.265625,Crypto
2023-11-12,ETH-INR,170366.078125,Crypto
2023-11-13,ETH-INR,170970.421875,Crypto
2023-11-14,ETH-INR,164307.484375,Crypto
2023-11-15,ETH-INR,171397.84375,Crypto
2023-11-16,ETH-INR,162989.546875,Crypto
2023-11-17,ETH-INR,163358.515625,Crypto
2023-11-18,ETH-INR,163525.453125,Crypto
2023-11-19,ETH-INR,167684.3125,Crypto
2023-11-20,ETH-INR,168497.9375,Crypto
2023-11-21,ETH-INR,161446.65625,Crypto
2023-11-22,ETH-INR,172099.890625,Crypto
2023-11-23,ETH-INR,171873.421875,Crypto
2023-11-24,ETH-INR,173392.53125,Crypto
2023-11-25,ETH-INR,173664.234375,Crypto
2023-11-26,ETH-INR,171911.359375,Crypto
2023-11-27,ETH-INR,169011.078125,Crypto
2023-11-28,ETH-INR,170878.421875,Crypto
2023-11-29,ETH-INR,169154.078125,Crypto
2023-11-30,ETH-INR,171087.203125,Crypto
2023-12-01,ETH-INR,173755.765625,Crypto
2023-12-02,ETH-INR,180296.265625,Crypto
2023-12-03,ETH-INR,182592.734375,Crypto
2023-12-04,ETH-INR,187155.65625,Crypto
2023-12-05,ETH-INR,191120.921875,Crypto
2023-12-06,ETH-INR,185969.375,Crypto
2023-12-07,ETH-INR,196515.46875,Crypto
2023-12-08,ETH-INR,196789.84375,Crypto
2023-12-09,ETH-INR,195325.078125,Crypto
2023-12-10,ETH-INR,196280.921875,Crypto
2023-12-11,ETH-INR,185402.3125,Crypto
2023-12-12,ETH-INR,183630.890625,Crypto
2023-12-13,ETH-INR,188274.84375,Crypto
2023-12-14,ETH-INR,192969.296875,Crypto
2023-12-15,ETH-INR,184297.875,Crypto
2023-12-16,ETH-INR,184928.09375,Crypto
2023-12-17,ETH-INR,182399.921875,Crypto
2023-12-18,ETH-INR,184318.6875,Crypto
2023-12-19,ETH-INR,180954.75,Crypto
2023-12-20,ETH-INR,183347.546875,Crypto
2023-12-21,ETH-INR,186177.296875,Crypto
2023-12-22,ETH-INR,193881.53125,Crypto
2023-12-23,ETH-INR,192422.640625,Crypto
2023-12-24,ETH-INR,188443.28125,Crypto
2023-12-25,ETH-INR,189014.640625,Crypto
2023-12-26,ETH-INR,185620.09375,Crypto
2023-12-27,ETH-INR,198074.0,Crypto
2023-12-28,ETH-INR,194592.203125,Crypto
2023-12-29,ETH-INR,191461.0625,Crypto
2023-12-30,ETH-INR,190743.265625,Crypto
2023-12-31,ETH-INR,189890.34375,Crypto
2024-01-01,ETH-INR,195720.390625,Crypto
2024-01-02,ETH-INR,196140.953125,Crypto
2024-01-03,ETH-INR,184196.796875,Crypto
2024-01-04,ETH-INR,188896.421875,Crypto
2024-01-05,ETH-INR,188728.3125,Crypto
2024-01-06,ETH-INR,186480.3125,Crypto
2024-01-07,ETH-INR,184883.921875,Crypto
2024-01-08,ETH-INR,193754.890625,Crypto
2024-01-09,ETH-INR,194928.65625,Crypto
2024-01-10,ETH-INR,214351.125,Crypto
2024-01-11,ETH-INR,217621.8125,Crypto
2024-01-12,ETH-INR,209225.875,Crypto
2024-01-13,ETH-INR,213547.015625,Crypto
2024-01-14,ETH-INR,204885.90625,Crypto
2024-01-15,ETH-INR,208090.71875,Crypto
2024-01-16,ETH-INR,215009.8125,Crypto
2024-01-17,ETH-INR,210193.078125,Crypto
2024-01-18,ETH-INR,205168.15625,Crypto
2024-01-19,ETH-INR,206932.96875,Crypto
2024-01-20,ETH-INR,205278.046875,Crypto
2024-01-21,ETH-INR,203984.890625,Crypto
2024-01-22,ETH-INR,192018.953125,Crypto
2024-01-23,ETH-INR,186473.578125,Crypto
2024-01-24,ETH-INR,185621.609375,Crypto
2024-01-25,ETH-INR,184400.28125,Crypto
2024-01-26,ETH-INR,188444.4375,Crypto
2024-01-27,ETH-INR,188501.46875,Crypto
2024-01-28,ETH-INR,187615.78125,Crypto
2024-01-29,ETH-INR,192671.625,Crypto
2024-01-30,ETH-INR,194853.09375,Crypto
2024-01-31,ETH-INR,189574.125,Crypto
2024-02-01,ETH-INR,191081.65625,Crypto
2024-02-02,ETH-INR,191569.359375,Crypto
2024-02-03,ETH-INR,190573.359375,Crypto
2024-02-04,ETH-INR,190029.28125,Crypto
2024-02-05,ETH-INR,190912.25,Crypto
2024-02-06,ETH-INR,197060.359375,Crypto
2024-02-07,ETH-INR,201143.09375,Crypto
2024-02-08,ETH-INR,200810.515625,Crypto
2024-02-09,ETH-INR,206500.46875,Crypto
2024-02-10,ETH-INR,207638.8125,Crypto
2024-02-11,ETH-INR,208159.21875,Crypto
2024-02-12,ETH-INR,220598.234375,Crypto
2024-02-13,ETH-INR,219473.515625,Crypto
2024-02-14,ETH-INR,230608.53125,Crypto
2024-02-15,ETH-INR,234451.25,Crypto
2024-02-16,ETH-INR,232746.484375,Crypto
2024-02-17,ETH-INR,231333.6875,Crypto
2024-02-18,ETH-INR,238997.390625,Crypto
2024-02-19,ETH-INR,244377.5,Crypto
2024-02-20,ETH-INR,249719.515625,Crypto
2024-02-21,ETH-INR,246354.921875,Crypto
2024-02-22,ETH-INR,246214.921875,Crypto
2024-02-23,ETH-INR,242152.734375,Crypto
2024-02-24,ETH-INR,248014.796875,Crypto
2024-02-25,ETH-INR,257990.390625,Crypto
2024-02-26,ETH-INR,263386.8125,Crypto
2024-02-27,ETH-INR,269114.84375,Crypto
2024-02-28,ETH-INR,280716.03125,Crypto
2024-02-29,ETH-INR,277092.71875,Crypto
2024-03-01,ETH-INR,284581.6875,Crypto
2024-03-02,ETH-INR,283504.34375,Crypto
2024-03-03,ETH-INR,289216.5625,Crypto
2024-03-04,ETH-INR,301005.65625,Crypto
2024-03-05,ETH-INR,294653.375,Crypto
2024-03-06,ETH-INR,316305.8125,Crypto
2024-03-07,ETH-INR,320497.84375,Crypto
2024-03-08,ETH-INR,322077.1875,Crypto
2024-03-09,ETH-INR,324010.09375,Crypto
2024-03-10,ETH-INR,321191.0,Crypto
2024-03-11,ETH-INR,336614.15625,Crypto
2024-03-12,ETH-INR,329707.34375,Crypto
2024-03-13,ETH-INR,331867.875,Crypto
2024-03-14,ETH-INR,322167.65625,Crypto
2024-03-15,ETH-INR,309612.96875,Crypto
2024-03-16,ETH-INR,292010.40625,Crypto
2024-03-17,ETH-INR,301917.9375,Crypto
2024-03-18,ETH-INR,291661.5625,Crypto
2024-03-19,ETH-INR,262140.703125,Crypto
2024-03-20,ETH-INR,291804.34375,Crypto
2024-03-21,ETH-INR,290670.1875,Crypto
2024-03-22,ETH-INR,278675.78125,Crypto
2024-03-23,ETH-INR,278918.71875,Crypto
2024-03-24,ETH-INR,288818.46875,Crypto
2024-03-25,ETH-INR,299543.75,Crypto
2024-03-26,ETH-INR,298963.84375,Crypto
2024-03-27,ETH-INR,291770.84375,Crypto
2024-03-28,ETH-INR,296992.15625,Crypto
2024-03-29,ETH-INR,292826.125,Crypto
2024-03-30,ETH-INR,292504.125,Crypto
2024-03-31,ETH-INR,304145.625,Crypto
2024-04-01,ETH-INR,292364.90625,Crypto
2024-04-02,ETH-INR,273158.65625,Crypto
2024-04-03,ETH-INR,276086.625,Crypto
2024-04-04,ETH-INR,277996.9375,Crypto
2024-04-05,ETH-INR,276453.375,Crypto
2024-04-06,ETH-INR,279393.65625,Crypto
2024-04-07,ETH-INR,287665.9375,Crypto
2024-04-08,ETH-INR,307708.65625,Crypto
2024-04-09,ETH-INR,291715.65625,Crypto
2024-04-10,ETH-INR,295593.875,Crypto
2024-04-11,ETH-INR,292160.84375,Crypto
2024-04-12,ETH-INR,271154.5625,Crypto
2024-04-13,ETH-INR,251243.828125,Crypto
2024-04-14,ETH-INR,263956.21875,Crypto
2024-04-15,ETH-INR,259003.015625,Crypto
2024-04-16,ETH-INR,258108.34375,Crypto
2024-04-17,ETH-INR,249511.4375,Crypto
2024-04-18,ETH-INR,256152.0,Crypto
2024-04-19,ETH-INR,255053.265625,Crypto
2024-04-20,ETH-INR,263252.65625,Crypto
2024-04-21,ETH-INR,262438.375,Crypto
2024-04-22,ETH-INR,266986.5625,Crypto
2024-04-23,ETH-INR,268188.1875,Crypto
2024-04-24,ETH-INR,261672.46875,Crypto
2024-04-25,ETH-INR,262889.4375,Crypto
2024-04-26,ETH-INR,261063.40625,Crypto
2024-04-27,ETH-INR,271238.78125,Crypto
2024-04-28,ETH-INR,272123.6875,Crypto
2024-04-29,ETH-INR,268309.71875,Crypto
2024-04-30,ETH-INR,251521.84375,Crypto
2024-05-01,ETH-INR,247699.765625,Crypto
2024-05-02,ETH-INR,249226.578125,Crypto
2024-05-03,ETH-INR,258773.96875,Crypto
2024-05-04,ETH-INR,259944.15625,Crypto
2024-05-05,ETH-INR,261584.625,Crypto
2024-05-06,ETH-INR,255794.953125,Crypto
2024-05-07,ETH-INR,250941.109375,Crypto
2024-05-08,ETH-INR,248195.5625,Crypto
2024-05-09,ETH-INR,253392.484375,Crypto
2024-05-10,ETH-INR,243103.296875,Crypto
2024-05-11,ETH-INR,243254.59375,Crypto
2024-05-12,ETH-INR,244620.0,Crypto
2024-05-13,ETH-INR,246288.21875,Crypto
2024-05-14,ETH-INR,240644.515625,Crypto
2024-05-15,ETH-INR,253303.703125,Crypto
2024-05-16,ETH-INR,245845.59375,Crypto
2024-05-17,ETH-INR,257741.796875,Crypto
2024-05-18,ETH-INR,260143.375,Crypto
2024-05-19,ETH-INR,255886.546875,Crypto
2024-05-20,ETH-INR,305237.625,Crypto
2024-05-21,ETH-INR,315716.25,Crypto
2024-05-22,ETH-INR,311217.0625,Crypto
2024-05-23,ETH-INR,314567.96875,Crypto
2024-05-24,ETH-INR,309554.53125,Crypto
2024-05-25,ETH-INR,311406.90625,Crypto
2024-05-26,ETH-INR,317750.15625,Crypto
2024-05-27,ETH-INR,323607.75,Crypto
2024-05-28,ETH-INR,319535.59375,Crypto
2024-05-29,ETH-INR,313722.4375,Crypto
2024-05-30,ETH-INR,312191.8125,Crypto
2024-05-31,ETH-INR,313815.03125,Crypto
2024-06-01,ETH-INR,318252.8125,Crypto
2024-06-02,ETH-INR,315519.6875,Crypto
2024-06-03,ETH-INR,312980.6875,Crypto
2024-06-04,ETH-INR,319018.15625,Crypto
2024-06-05,ETH-INR,322192.96875,Crypto
2024-06-06,ETH-INR,318154.15625,Crypto
2024-06-07,ETH-INR,307264.65625,Crypto
2024-06-08,ETH-INR,307458.5,Crypto
2024-06-09,ETH-INR,309546.1875,Crypto
2024-06-10,ETH-INR,306286.28125,Crypto
2024-06-11,ETH-INR,292450.125,Crypto
2024-06-12,ETH-INR,297065.9375,Crypto
2024-06-13,ETH-INR,289779.875,Crypto
2024-06-14,ETH-INR,290782.125,Crypto
2024-06-15,ETH-INR,297907.1875,Crypto
2024-06-16,ETH-INR,302505.53125,Crypto
2024-06-17,ETH-INR,293201.71875,Crypto
2024-06-18,ETH-INR,290467.625,Crypto
2024-06-19,ETH-INR,296919.90625,Crypto
2024-06-20,ETH-INR,293533.40625,Crypto
2024-06-21,ETH-INR,293822.25,Crypto
2024-06-22,ETH-INR,292045.46875,Crypto
2024-06-23,ETH-INR,285668.59375,Crypto
2024-06-24,ETH-INR,279567.65625,Crypto
2024-06-25,ETH-INR,283199.5625,Crypto
2024-06-26,ETH-INR,281625.40625,Crypto
2024-06-27,ETH-INR,287472.59375,Crypto
2024-06-28,ETH-INR,281252.09375,Crypto
2024-06-29,ETH-INR,281196.40625,Crypto
2024-06-30,ETH-INR,286192.25,Crypto
2024-07-01,ETH-INR,287067.46875,Crypto
2024-07-02,ETH-INR,285201.875,Crypto
2024-07-03,ETH-INR,274930.40625,Crypto
2024-07-04,ETH-INR,255029.84375,Crypto
2024-07-05,ETH-INR,248880.75,Crypto
2024-07-06,ETH-INR,256207.875,Crypto
2024-07-07,ETH-INR,244522.84375,Crypto
2024-07-08,ETH-INR,251936.90625,Crypto
2024-07-09,ETH-INR,255819.90625,Crypto
2024-07-10,ETH-INR,259018.671875,Crypto
2024-07-11,ETH-INR,258954.984375,Crypto
2024-07-12,ETH-INR,261759.40625,Crypto
2024-07-13,ETH-INR,265354.03125,Crypto
2024-07-14,ETH-INR,270947.21875,Crypto
2024-07-15,ETH-INR,291686.3125,Crypto
2024-07-16,ETH-INR,287635.5,Crypto
2024-07-17,ETH-INR,283205.375,Crypto
2024-07-18,ETH-INR,286741.1875,Crypto
2024-07-19,ETH-INR,293536.9375,Crypto
2024-07-20,ETH-INR,294672.34375,Crypto
2024-07-21,ETH-INR,296121.875,Crypto
2024-07-22,ETH-INR,287863.84375,Crypto
2024-07-23,ETH-INR,291467.625,Crypto
2024-07-24,ETH-INR,279395.21875,Crypto
2024-07-25,ETH-INR,265841.65625,Crypto
2024-07-26,ETH-INR,274326.53125,Crypto
2024-07-27,ETH-INR,271897.875,Crypto
2024-07-28,ETH-INR,273913.40625,Crypto
2024-07-29,ETH-INR,278097.625,Crypto
2024-07-30,ETH-INR,274666.6875,Crypto
2024-07-31,ETH-INR,270517.78125,Crypto
2024-08-01,ETH-INR,268112.28125,Crypto
2024-08-02,ETH-INR,250130.40625,Crypto
2024-08-03,ETH-INR,243208.921875,Crypto
2024-08-04,ETH-INR,224947.125,Crypto
2024-08-05,ETH-INR,203052.234375,Crypto
2024-08-06,ETH-INR,206373.359375,Crypto
2024-08-07,ETH-INR,196139.171875,Crypto
2024-08-08,ETH-INR,225372.515625,Crypto
2024-08-09,ETH-INR,218246.3125,Crypto
2024-08-10,ETH-INR,219121.46875,Crypto
2024-08-11,ETH-INR,214345.65625,Crypto
2024-08-12,ETH-INR,228573.03125,Crypto
2024-08-13,ETH-INR,226789.5,Crypto
2024-08-14,ETH-INR,223609.640625,Crypto
2024-08-15,ETH-INR,215755.390625,Crypto
2024-08-16,ETH-INR,217476.671875,Crypto
2024-08-17,ETH-INR,219268.046875,Crypto
2024-08-18,ETH-INR,219198.875,Crypto
2024-08-19,ETH-INR,221208.90625,Crypto
2024-08-20,ETH-INR,215604.109375,Crypto
2024-08-21,ETH-INR,220752.359375,Crypto
2024-08-22,ETH-INR,220176.40625,Crypto
2024-08-23,ETH-INR,231698.8125,Crypto
2024-08-24,ETH-INR,232113.078125,Crypto
2024-08-25,ETH-INR,230418.03125,Crypto
2024-08-26,ETH-INR,224925.71875,Crypto
2024-08-27,ETH-INR,206341.609375,Crypto
2024-08-28,ETH-INR,212241.171875,Crypto
2024-08-29,ETH-INR,212153.921875,Crypto
2024-08-30,ETH-INR,211880.21875,Crypto
2024-08-31,ETH-INR,210837.671875,Crypto
2024-09-01,ETH-INR,203606.453125,Crypto
2024-09-02,ETH-INR,213023.359375,Crypto
2024-09-03,ETH-INR,203212.703125,Crypto
2024-09-04,ETH-INR,205671.078125,Crypto
2024-09-05,ETH-INR,198850.515625,Crypto
2024-09-06,ETH-INR,186773.71875,Crypto
2024-09-07,ETH-INR,190992.359375,Crypto
2024-09-08,ETH-INR,192933.1875,Crypto
2024-09-09,ETH-INR,198068.03125,Crypto
2024-09-10,ETH-INR,200682.40625,Crypto
2024-09-11,ETH-INR,196530.765625,Crypto
2024-09-12,ETH-INR,198208.625,Crypto
2024-09-13,ETH-INR,204805.4375,Crypto
2024-09-14,ETH-INR,202875.203125,Crypto
2024-09-15,ETH-INR,194688.578125,Crypto
2024-09-16,ETH-INR,192538.1875,Crypto
2024-09-17,ETH-INR,196166.859375,Crypto
2024-09-18,ETH-INR,198333.875,Crypto
2024-09-19,ETH-INR,206089.609375,Crypto
2024-09-20,ETH-INR,213816.859375,Crypto
2024-09-21,ETH-INR,218390.71875,Crypto
2024-09-22,ETH-INR,215620.796875,Crypto
2024-09-23,ETH-INR,221283.015625,Crypto
2024-09-24,ETH-INR,221881.109375,Crypto
2024-09-25,ETH-INR,215869.9375,Crypto
2024-09-26,ETH-INR,220083.34375,Crypto
2024-09-27,ETH-INR,225691.5,Crypto
2024-09-28,ETH-INR,224094.671875,Crypto
2024-09-29,ETH-INR,222631.609375,Crypto
2024-09-30,ETH-INR,218214.890625,Crypto
2024-10-01,ETH-INR,205410.28125,Crypto
2024-10-02,ETH-INR,198482.8125,Crypto
2024-10-03,ETH-INR,197405.125,Crypto
2024-10-04,ETH-INR,202907.765625,Crypto
2024-10-05,ETH-INR,202978.171875,Crypto
2024-10-06,ETH-INR,205024.921875,Crypto
2024-10-07,ETH-INR,203344.609375,Crypto
2024-10-08,ETH-INR,204765.71875,Crypto
2024-10-09,ETH-INR,198799.515625,Crypto
2024-10-10,ETH-INR,200117.59375,Crypto
2024-10-11,ETH-INR,204933.5625,Crypto
2024-10-12,ETH-INR,208298.75,Crypto
2024-10-13,ETH-INR,207580.359375,Crypto
2024-10-14,ETH-INR,220960.234375,Crypto
2024-10-15,ETH-INR,219071.421875,Crypto
2024-10-16,ETH-INR,219435.875,Crypto
2024-10-17,ETH-INR,218886.703125,Crypto
2024-10-18,ETH-INR,222041.171875,Crypto
2024-10-19,ETH-INR,222671.15625,Crypto
2024-10-20,ETH-INR,230885.328125,Crypto
2024-10-21,ETH-INR,224118.28125,Crypto
2024-10-22,ETH-INR,220331.0,Crypto
2024-10-23,ETH-INR,210934.828125,Crypto
2024-10-24,ETH-INR,213105.84375,Crypto
2024-10-25,ETH-INR,204867.53125,Crypto
2024-10-26,ETH-INR,208540.203125,Crypto
2024-10-27,ETH-INR,210753.796875,Crypto
2024-10-28,ETH-INR,215753.59375,Crypto
2024-10-29,ETH-INR,221818.09375,Crypto
2024-10-30,ETH-INR,223458.03125,Crypto
2024-10-31,ETH-INR,211557.9375,Crypto
2024-11-01,ETH-INR,211214.5625,Crypto
2024-11-02,ETH-INR,209464.15625,Crypto
2024-11-03,ETH-INR,206607.0625,Crypto
2024-11-04,ETH-INR,201708.453125,Crypto
2024-11-05,ETH-INR,203785.03125,Crypto
2024-11-06,ETH-INR,229515.171875,Crypto
2024-11-07,ETH-INR,244117.0625,Crypto
2024-11-08,ETH-INR,250004.359375,Crypto
2024-11-09,ETH-INR,264254.34375,Crypto
2024-11-10,ETH-INR,269301.21875,Crypto
2024-11-11,ETH-INR,284876.625,Crypto
2024-11-12,ETH-INR,273969.6875,Crypto
2024-11-13,ETH-INR,269530.3125,Crypto
2024-11-14,ETH-INR,258406.375,Crypto
2024-11-15,ETH-INR,261990.75,Crypto
2024-11-16,ETH-INR,264543.375,Crypto
2024-11-17,ETH-INR,259766.3125,Crypto
2024-11-18,ETH-INR,270739.09375,Crypto
2024-11-19,ETH-INR,262594.09375,Crypto
2024-11-20,ETH-INR,259245.78125,Crypto
2024-11-21,ETH-INR,283970.5625,Crypto
2024-11-22,ETH-INR,281314.875,Crypto
2024-11-23,ETH-INR,286771.5,Crypto
2024-11-24,ETH-INR,284012.0,Crypto
2024-11-25,ETH-INR,287592.9375,Crypto
2024-11-26,ETH-INR,280556.96875,Crypto
2024-11-27,ETH-INR,308747.03125,Crypto
2024-11-28,ETH-INR,302392.96875,Crypto
2024-11-29,ETH-INR,303867.125,Crypto
2024-11-30,ETH-INR,313359.4375,Crypto
2024-12-01,ETH-INR,313843.4375,Crypto
2024-12-02,ETH-INR,308773.5,Crypto
2024-12-03,ETH-INR,306605.25,Crypto
2024-12-04,ETH-INR,325388.96875,Crypto
2024-12-05,ETH-INR,322731.625,Crypto
2024-12-06,ETH-INR,339179.375,Crypto
2024-12-07,ETH-INR,338913.59375,Crypto
2024-12-08,ETH-INR,339175.3125,Crypto
2024-12-09,ETH-INR,315522.84375,Crypto
2024-12-10,ETH-INR,308278.53125,Crypto
2024-12-11,ETH-INR,325223.1875,Crypto
2024-12-12,ETH-INR,329440.25,Crypto
2024-12-13,ETH-INR,331746.46875,Crypto
2024-12-14,ETH-INR,328105.75,Crypto
2024-12-15,ETH-INR,335168.78125,Crypto
2024-12-16,ETH-INR,338607.1875,Crypto
2024-12-17,ETH-INR,330080.28125,Crypto
2024-12-18,ETH-INR,308197.125,Crypto
2024-12-19,ETH-INR,290918.8125,Crypto
2024-12-20,ETH-INR,294980.375,Crypto
2024-12-21,ETH-INR,283493.03125,Crypto
2024-12-22,ETH-INR,278426.3125,Crypto
2024-12-23,ETH-INR,290680.46875,Crypto
2024-12-24,ETH-INR,297520.90625,Crypto
2024-12-25,ETH-INR,298407.90625,Crypto
2024-12-26,ETH-INR,285530.6875,Crypto
2024-12-27,ETH-INR,284239.40625,Crypto
2024-12-28,ETH-INR,290166.40625,Crypto
2024-12-29,ETH-INR,286003.21875,Crypto
2024-12-30,ETH-INR,287933.96875,Crypto
2024-12-31,ETH-INR,285191.0625,Crypto
2025-01-01,ETH-INR,286985.84375,Crypto
2025-01-02,ETH-INR,296144.5,Crypto
2025-01-03,ETH-INR,309257.90625,Crypto
2025-01-04,ETH-INR,313736.3125,Crypto
2025-01-05,ETH-INR,311684.46875,Crypto
2025-01-06,ETH-INR,316043.75,Crypto
2025-01-07,ETH-INR,290157.71875,Crypto
2025-01-08,ETH-INR,285756.4375,Crypto
2025-01-09,ETH-INR,276614.28125,Crypto
2025-01-10,ETH-INR,281642.78125,Crypto
2025-01-11,ETH-INR,282843.96875,Crypto
2025-01-12,ETH-INR,281500.71875,Crypto
2025-01-13,ETH-INR,271693.75,Crypto
2025-01-14,ETH-INR,278974.78125,Crypto
2025-01-15,ETH-INR,298278.46875,Crypto
2025-01-16,ETH-INR,286524.375,Crypto
2025-01-17,ETH-INR,300795.4375,Crypto
2025-01-18,ETH-INR,286230.96875,Crypto
2025-01-19,ETH-INR,277820.21875,Crypto
2025-01-20,ETH-INR,282717.28125,Crypto
2025-01-21,ETH-INR,287661.40625,Crypto
2025-01-22,ETH-INR,280191.4375,Crypto
2025-01-23,ETH-INR,288345.71875,Crypto
2025-01-24,ETH-INR,285233.15625,Crypto
2025-01-25,ETH-INR,285864.15625,Crypto
2025-01-26,ETH-INR,278977.6875,Crypto
2025-01-27,ETH-INR,274777.0,Crypto
2025-01-28,ETH-INR,266431.34375,Crypto
2025-01-29,ETH-INR,269712.875,Crypto
2025-01-30,ETH-INR,281411.21875,Crypto
2025-01-31,ETH-INR,285950.84375,Crypto
2025-02-01,ETH-INR,269927.21875,Crypto
2025-02-02,ETH-INR,248406.203125,Crypto
2025-02-03,ETH-INR,250794.75,Crypto
2025-02-04,ETH-INR,238237.078125,Crypto
2025-02-05,ETH-INR,243469.6875,Crypto
2025-02-06,ETH-INR,235478.765625,Crypto
2025-02-07,ETH-INR,230201.953125,Crypto
2025-02-08,ETH-INR,231088.375,Crypto
2025-02-09,ETH-INR,230561.859375,Crypto
2025-02-10,ETH-INR,232829.09375,Crypto
2025-02-11,ETH-INR,225951.28125,Crypto
2025-02-12,ETH-INR,238060.65625,Crypto
2025-02-13,ETH-INR,232122.109375,Crypto
2025-02-14,ETH-INR,236265.859375,Crypto
2025-02-15,ETH-INR,233344.4375,Crypto
2025-02-16,ETH-INR,230774.640625,Crypto
2025-02-17,ETH-INR,238260.46875,Crypto
2025-02-18,ETH-INR,231932.03125,Crypto
2025-02-19,ETH-INR,235954.453125,Crypto
2025-02-20,ETH-INR,236959.4375,Crypto
2025-02-21,ETH-INR,230489.8125,Crypto
2025-02-22,ETH-INR,239363.5625,Crypto
2025-02-23,ETH-INR,244325.46875,Crypto
2025-02-24,ETH-INR,217918.484375,Crypto
2025-02-25,ETH-INR,217154.125,Crypto
2025-02-26,ETH-INR,203253.125,Crypto
2025-02-27,ETH-INR,201331.84375,Crypto
2025-02-28,ETH-INR,195752.9375,Crypto
2025-03-01,ETH-INR,193893.125,Crypto
2025-03-02,ETH-INR,220382.078125,Crypto
2025-03-03,ETH-INR,187367.9375,Crypto
2025-03-04,ETH-INR,189262.75,Crypto
2025-03-05,ETH-INR,194727.25,Crypto
2025-03-06,ETH-INR,191899.9375,Crypto
2025-03-07,ETH-INR,186411.15625,Crypto
2025-03-08,ETH-INR,191774.65625,Crypto
2025-03-09,ETH-INR,175605.34375,Crypto
2025-03-10,ETH-INR,162579.6875,Crypto
2025-03-11,ETH-INR,167411.15625,Crypto
2025-03-12,ETH-INR,166387.984375,Crypto
2025-03-13,ETH-INR,161933.34375,Crypto
2025-03-14,ETH-INR,166025.140625,Crypto
2025-03-15,ETH-INR,168449.6875,Crypto
2025-03-16,ETH-INR,164106.109375,Crypto
2025-03-17,ETH-INR,167490.75,Crypto
2025-03-18,ETH-INR,167311.390625,Crypto
2025-03-19,ETH-INR,177660.59375,Crypto
2025-03-20,ETH-INR,171124.90625,Crypto
2025-03-21,ETH-INR,168957.734375,Crypto
2025-03-22,ETH-INR,170272.359375,Crypto
2025-03-23,ETH-INR,172451.65625,Crypto
2025-03-24,ETH-INR,177691.671875,Crypto
2025-03-25,ETH-INR,176986.875,Crypto
2025-03-26,ETH-INR,172092.109375,Crypto
2025-03-27,ETH-INR,171596.328125,Crypto
2025-03-28,ETH-INR,162145.375,Crypto
2025-03-29,ETH-INR,156307.0625,Crypto
2025-03-30,ETH-INR,154502.046875,Crypto
2025-03-31,ETH-INR,155778.375,Crypto
2025-04-01,ETH-INR,163084.234375,Crypto
2025-04-02,ETH-INR,153771.171875,Crypto
2025-04-03,ETH-INR,154840.515625,Crypto
2025-04-04,ETH-INR,155386.265625,Crypto
2025-04-05,ETH-INR,154434.234375,Crypto
2025-04-06,ETH-INR,134856.765625,Crypto
2025-04-07,ETH-INR,133780.03125,Crypto
2025-04-08,ETH-INR,127279.90625,Crypto
2025-04-09,ETH-INR,143799.484375,Crypto
2025-04-10,ETH-INR,131333.3125,Crypto
2025-04-11,ETH-INR,134906.296875,Crypto
2025-04-12,ETH-INR,141299.328125,Crypto
2025-04-13,ETH-INR,137272.109375,Crypto
2025-04-14,ETH-INR,139607.796875,Crypto
2025-04-15,ETH-INR,136187.796875,Crypto
2025-04-16,ETH-INR,135118.328125,Crypto
2025-04-17,ETH-INR,135123.609375,Crypto
2025-04-18,ETH-INR,135668.046875,Crypto
2025-04-19,ETH-INR,137717.09375,Crypto
2025-04-20,ETH-INR,135547.609375,Crypto
2025-04-21,ETH-INR,134528.859375,Crypto
2025-04-22,ETH-INR,149781.859375,Crypto
2025-04-23,ETH-INR,153567.34375,Crypto
2025-04-24,ETH-INR,150831.25,Crypto
2025-04-25,ETH-INR,152551.34375,Crypto
2025-04-26,ETH-INR,155560.859375,Crypto
2025-04-27,ETH-INR,152906.84375,Crypto
2025-04-28,ETH-INR,153191.109375,Crypto
2025-04-29,ETH-INR,153233.546875,Crypto
2025-04-30,ETH-INR,151683.796875,Crypto
2025-05-01,ETH-INR,155776.28125,Crypto
2025-05-02,ETH-INR,155949.28125,Crypto
2025-05-03,ETH-INR,155198.765625,Crypto
2025-05-04,ETH-INR,152922.65625,Crypto
2025-05-05,ETH-INR,153256.84375,Crypto
2025-05-06,ETH-INR,153812.234375,Crypto
2025-05-07,ETH-INR,153655.859375,Crypto
2025-05-08,ETH-INR,189837.359375,Crypto
2025-05-09,ETH-INR,200314.234375,Crypto
2025-05-10,ETH-INR,220564.53125,Crypto
2025-05-11,ETH-INR,214291.96875,Crypto
2025-05-12,ETH-INR,212077.578125,Crypto
2025-05-13,ETH-INR,227945.921875,Crypto
2025-05-14,ETH-INR,223032.71875,Crypto
2025-05-15,ETH-INR,217616.5625,Crypto
2025-05-16,ETH-INR,217064.59375,Crypto
2025-05-17,ETH-INR,211883.109375,Crypto
2025-05-18,ETH-INR,213600.3125,Crypto
2025-05-19,ETH-INR,215913.546875,Crypto
2025-05-20,ETH-INR,215907.828125,Crypto
2025-05-21,ETH-INR,218482.359375,Crypto
2025-05-22,ETH-INR,229051.296875,Crypto
2025-05-23,ETH-INR,214939.703125,Crypto
2025-05-24,ETH-INR,215297.390625,Crypto
2025-05-25,ETH-INR,217409.09375,Crypto
2025-05-26,ETH-INR,218358.046875,Crypto
2025-05-27,ETH-INR,227321.875,Crypto
2025-05-28,ETH-INR,229146.296875,Crypto
2025-05-29,ETH-INR,224727.234375,Crypto
2025-05-30,ETH-INR,216483.859375,Crypto
2025-05-31,ETH-INR,216410.59375,Crypto
2025-06-01,ETH-INR,216951.515625,Crypto
2025-06-02,ETH-INR,222557.65625,Crypto
2025-06-03,ETH-INR,222267.59375,Crypto
2025-06-04,ETH-INR,224090.390625,Crypto
2025-06-05,ETH-INR,207505.171875,Crypto
2025-06-06,ETH-INR,212515.8125,Crypto
2025-06-07,ETH-INR,216746.125,Crypto
2025-06-08,ETH-INR,215389.234375,Crypto
2025-06-09,ETH-INR,229956.859375,Crypto
2025-06-10,ETH-INR,240986.359375,Crypto
2025-06-11,ETH-INR,237053.6875,Crypto
2025-06-12,ETH-INR,227082.171875,Crypto
2025-06-13,ETH-INR,222146.765625,Crypto
2025-06-14,ETH-INR,218181.609375,Crypto
2025-06-15,ETH-INR,219335.015625,Crypto
2025-06-16,ETH-INR,218757.40625,Crypto
2025-06-17,ETH-INR,216817.1875,Crypto
2025-06-18,ETH-INR,218639.71875,Crypto
2025-06-19,ETH-INR,218721.4375,Crypto
2025-06-20,ETH-INR,208476.40625,Crypto
2025-06-21,ETH-INR,199226.609375,Crypto
2025-06-22,ETH-INR,192919.953125,Crypto
2025-06-23,ETH-INR,209136.078125,Crypto
2025-06-24,ETH-INR,210464.625,Crypto
2025-06-25,ETH-INR,208034.9375,Crypto
2025-06-26,ETH-INR,206999.5,Crypto
2025-06-27,ETH-INR,207262.578125,Crypto
2025-06-28,ETH-INR,208394.953125,Crypto
2025-06-29,ETH-INR,213774.234375,Crypto
2025-06-30,ETH-INR,213100.0625,Crypto
2025-07-01,ETH-INR,206250.546875,Crypto
2025-07-02,ETH-INR,220355.359375,Crypto
2025-07-03,ETH-INR,221283.9375,Crypto
2025-07-04,ETH-INR,214780.234375,Crypto
2025-07-05,ETH-INR,215987.03125,Crypto
2025-07-06,ETH-INR,219831.875,Crypto
2025-07-07,ETH-INR,218425.390625,Crypto
2025-07-08,ETH-INR,224168.859375,Crypto
2025-07-09,ETH-INR,237479.890625,Crypto
2025-07-10,ETH-INR,253333.796875,Crypto
2025-07-11,ETH-INR,253831.265625,Crypto
2025-07-12,ETH-INR,252595.578125,Crypto
2025-07-13,ETH-INR,255190.015625,Crypto
2025-07-14,ETH-INR,259054.3125,Crypto
2025-07-15,ETH-INR,270009.625,Crypto
2025-07-16,ETH-INR,289563.375,Crypto
2025-07-17,ETH-INR,299166.0,Crypto
2025-07-18,ETH-INR,305727.34375,Crypto
2025-07-19,ETH-INR,309712.15625,Crypto
2025-07-20,ETH-INR,323879.15625,Crypto
2025-07-21,ETH-INR,324708.34375,Crypto
2025-07-22,ETH-INR,323712.65625,Crypto
2025-07-23,ETH-INR,313610.5625,Crypto
2025-07-24,ETH-INR,320484.9375,Crypto
2025-07-25,ETH-INR,322432.0625,Crypto
2025-07-26,ETH-INR,323640.125,Crypto
2025-07-27,ETH-INR,335233.4375,Crypto
2025-07-28,ETH-INR,328664.65625,Crypto
2025-07-29,ETH-INR,330271.28125,Crypto
2025-07-30,ETH-INR,333867.3125,Crypto
2025-07-31,ETH-INR,323423.65625,Crypto
2025-08-01,ETH-INR,304070.03125,Crypto
2025-08-02,ETH-INR,295738.125,Crypto
2025-08-03,ETH-INR,305130.71875,Crypto
2025-08-04,ETH-INR,326874.875,Crypto
2025-08-05,ETH-INR,316847.90625,Crypto
2025-08-06,ETH-INR,323311.0,Crypto
2025-08-07,ETH-INR,342243.03125,Crypto
2025-08-08,ETH-INR,351775.03125,Crypto
2025-08-09,ETH-INR,374021.03125,Crypto
2025-08-10,ETH-INR,372195.375,Crypto
2025-08-11,ETH-INR,370556.0,Crypto
2025-08-12,ETH-INR,402149.1875,Crypto
2025-08-13,ETH-INR,415937.5,Crypto
2025-08-14,ETH-INR,398838.125,Crypto
2025-08-15,ETH-INR,388560.5,Crypto
2025-08-16,ETH-INR,387352.09375,Crypto
2025-08-17,ETH-INR,391469.6875,Crypto
2025-08-18,ETH-INR,376461.625,Crypto
2025-08-19,ETH-INR,354707.3125,Crypto
2025-08-20,ETH-INR,377181.5,Crypto
2025-08-21,ETH-INR,368659.40625,Crypto
2025-08-22,ETH-INR,421922.90625,Crypto
2025-08-23,ETH-INR,417123.25,Crypto
2025-08-24,ETH-INR,417408.25,Crypto
2025-08-25,ETH-INR,383112.4375,Crypto
2025-08-26,ETH-INR,403176.5625,Crypto
2025-08-27,ETH-INR,394760.90625,Crypto
2025-08-28,ETH-INR,394792.46875,Crypto
2025-08-29,ETH-INR,384423.5625,Crypto
2025-08-30,ETH-INR,385688.78125,Crypto
2025-08-31,ETH-INR,387182.46875,Crypto
2025-09-01,ETH-INR,379680.9375,Crypto
2025-09-02,ETH-INR,380626.75,Crypto
2025-09-03,ETH-INR,391960.21875,Crypto
2025-09-04,ETH-INR,379119.78125,Crypto
2025-09-05,ETH-INR,379822.8125,Crypto
2025-09-06,ETH-INR,377065.5625,Crypto
2025-09-07,ETH-INR,379673.71875,Crypto
2025-09-08,ETH-INR,379027.4375,Crypto
2025-09-09,ETH-INR,380139.5625,Crypto
2025-09-10,ETH-INR,382958.625,Crypto
2025-09-11,ETH-INR,393783.4375,Crypto
2025-09-12,ETH-INR,416251.375,Crypto
2025-09-13,ETH-INR,412108.375,Crypto
2025-09-14,ETH-INR,406923.96875,Crypto
2025-09-15,ETH-INR,398920.375,Crypto
2025-09-16,ETH-INR,395795.09375,Crypto
2025-09-17,ETH-INR,403751.5625,Crypto
2025-09-18,ETH-INR,404863.6875,Crypto
2025-09-19,ETH-INR,393884.875,Crypto
2025-09-20,ETH-INR,394884.6875,Crypto
2025-09-21,ETH-INR,392136.96875,Crypto
2025-09-22,ETH-INR,371133.59375,Crypto
2025-09-23,ETH-INR,369931.125,Crypto
2025-09-24,ETH-INR,368739.8125,Crypto
2025-09-25,ETH-INR,343405.0,Crypto
2025-09-26,ETH-INR,357871.25,Crypto
2025-09-27,ETH-INR,356364.625,Crypto
2025-09-28,ETH-INR,367253.90625,Crypto
2025-09-29,ETH-INR,374097.375,Crypto
2025-09-30,ETH-INR,368329.15625,Crypto
2025-10-01,ETH-INR,385870.78125,Crypto
2025-10-02,ETH-INR,398170.625,Crypto
2025-10-03,ETH-INR,400628.625,Crypto
2025-10-04,ETH-INR,398351.15625,Crypto
2025-10-05,ETH-INR,400677.65625,Crypto
2025-10-06,ETH-INR,415912.40625,Crypto
2025-10-07,ETH-INR,394994.71875,Crypto
2025-10-08,ETH-INR,401879.25,Crypto
2025-10-09,ETH-INR,388266.8125,Crypto
2025-10-10,ETH-INR,341087.59375,Crypto
2025-10-11,ETH-INR,332871.65625,Crypto
2025-10-12,ETH-INR,369624.375,Crypto
2025-10-13,ETH-INR,376425.90625,Crypto
2025-10-14,ETH-INR,366264.59375,Crypto
2025-10-15,ETH-INR,350139.4375,Crypto
2025-10-16,ETH-INR,342703.125,Crypto
2025-10-17,ETH-INR,337363.5,Crypto
2025-10-18,ETH-INR,342450.25,Crypto
2025-10-19,ETH-INR,350659.34375,Crypto
2025-10-20,ETH-INR,349830.21875,Crypto
2025-10-21,ETH-INR,341148.84375,Crypto
2025-10-22,ETH-INR,334126.75,Crypto
2025-10-23,ETH-INR,338479.09375,Crypto
2025-10-24,ETH-INR,345533.90625,Crypto
2025-10-25,ETH-INR,347194.03125,Crypto
2025-10-26,ETH-INR,365223.21875,Crypto
2025-10-27,ETH-INR,363486.84375,Crypto
2025-10-28,ETH-INR,351338.09375,Crypto
2025-10-29,ETH-INR,344849.34375,Crypto
2025-10-30,ETH-INR,337199.84375,Crypto
2025-10-31,ETH-INR,341446.3125,Crypto
2025-11-01,ETH-INR,343905.8125,Crypto
2025-11-02,ETH-INR,347255.84375,Crypto
2025-11-03,ETH-INR,319609.9375,Crypto
2025-11-04,ETH-INR,292157.21875,Crypto
2025-11-05,ETH-INR,303323.0625,Crypto
2025-11-06,ETH-INR,293708.65625,Crypto
2025-11-07,ETH-INR,304592.21875,Crypto
2025-11-08,ETH-INR,301495.5625,Crypto
2025-11-09,ETH-INR,317636.1875,Crypto
2025-11-10,ETH-INR,316548.625,Crypto
2025-11-11,ETH-INR,302138.9375,Crypto
2025-11-12,ETH-INR,302380.15625,Crypto
2025-11-13,ETH-INR,287122.0,Crypto
2025-11-14,ETH-INR,275261.5625,Crypto
2025-11-15,ETH-INR,280846.90625,Crypto
2025-11-16,ETH-INR,274296.28125,Crypto
2025-11-17,ETH-INR,268083.46875,Crypto
2025-11-18,ETH-INR,276562.1875,Crypto
2025-11-19,ETH-INR,267504.125,Crypto
2025-11-20,ETH-INR,251157.296875,Crypto
2025-11-21,ETH-INR,247863.78125,Crypto
2025-11-22,ETH-INR,248092.515625,Crypto
2025-11-23,ETH-INR,251116.9375,Crypto
2025-11-24,ETH-INR,263228.65625,Crypto
2025-11-25,ETH-INR,263710.5625,Crypto
2025-11-26,ETH-INR,269968.375,Crypto
2025-11-27,ETH-INR,269395.03125,Crypto
2025-11-28,ETH-INR,270929.875,Crypto
2025-11-29,ETH-INR,267300.65625,Crypto
2025-11-30,ETH-INR,267359.96875,Crypto
2025-12-01,ETH-INR,250933.203125,Crypto
2025-12-02,ETH-INR,269567.09375,Crypto
2025-12-03,ETH-INR,287786.71875,Crypto
2025-12-04,ETH-INR,281576.5,Crypto
2025-12-05,ETH-INR,272053.3125,Crypto
2025-12-06,ETH-INR,273492.53125,Crypto
2025-12-07,ETH-INR,275365.125,Crypto
2025-12-08,ETH-INR,281674.53125,Crypto
2025-12-09,ETH-INR,298625.46875,Crypto
2025-12-10,ETH-INR,298597.59375,Crypto
2025-12-11,ETH-INR,292148.40625,Crypto
2025-12-12,ETH-INR,279203.4375,Crypto
2025-12-13,ETH-INR,282324.3125,Crypto
2025-12-14,ETH-INR,277242.71875,Crypto
2025-12-15,ETH-INR,269080.09375,Crypto
2025-12-16,ETH-INR,269590.0625,Crypto
2025-12-17,ETH-INR,256005.765625,Crypto
2025-12-18,ETH-INR,255160.078125,Crypto
2025-12-19,ETH-INR,266758.71875,Crypto
2025-12-20,ETH-INR,266723.9375,Crypto
2025-12-21,ETH-INR,268858.625,Crypto
2025-12-22,ETH-INR,269356.96875,Crypto
2025-12-23,ETH-INR,265145.53125,Crypto
2025-12-24,ETH-INR,264602.78125,Crypto
2025-12-25,ETH-INR,261638.21875,Crypto
2025-12-26,ETH-INR,262691.4375,Crypto
2025-12-27,ETH-INR,264773.0,Crypto
2025-12-28,ETH-INR,264824.15625,Crypto
2025-12-29,ETH-INR,263816.3125,Crypto
2025-12-30,ETH-INR,266743.9375,Crypto
2025-12-31,ETH-INR,266975.34375,Crypto
2026-01-01,ETH-INR,269938.125,Crypto
2026-01-02,ETH-INR,281243.1875,Crypto
2026-01-03,ETH-INR,281377.75,Crypto
2026-01-04,ETH-INR,282673.59375,Crypto
2026-01-05,ETH-INR,291103.90625,Crypto
2026-01-06,ETH-INR,297121.53125,Crypto
2026-01-07,ETH-INR,284566.125,Crypto
2026-01-08,ETH-INR,279101.53125,Crypto
2026-01-09,ETH-INR,278301.5625,Crypto
2026-01-10,ETH-INR,278242.8125,Crypto
2026-01-11,ETH-INR,281476.46875,Crypto
2026-01-12,ETH-INR,278720.4375,Crypto
2026-01-13,ETH-INR,299929.90625,Crypto
2026-01-14,ETH-INR,302659.9375,Crypto
2026-01-15,ETH-INR,299739.375,Crypto
2026-01-16,ETH-INR,298988.65625,Crypto
2026-01-17,ETH-INR,300676.46875,Crypto
2026-01-18,ETH-INR,297656.9375,Crypto
2026-01-19,ETH-INR,289679.0,Crypto
2026-01-20,ETH-INR,267488.125,Crypto
2026-01-21,ETH-INR,272680.125,Crypto
2026-01-22,ETH-INR,270064.15625,Crypto
2026-01-23,ETH-INR,270537.46875,Crypto
2026-01-24,ETH-INR,270084.0,Crypto
2026-01-25,ETH-INR,257914.171875,Crypto
2026-01-26,ETH-INR,268395.15625,Crypto
2026-01-27,ETH-INR,276639.6875,Crypto
2026-01-28,ETH-INR,276731.3125,Crypto
2026-01-29,ETH-INR,258663.78125,Crypto
2026-01-30,ETH-INR,247779.296875,Crypto
2026-01-31,ETH-INR,224172.25,Crypto
2026-02-01,ETH-INR,207973.609375,Crypto
2026-02-02,ETH-INR,212041.65625,Crypto
2026-02-03,ETH-INR,201422.890625,Crypto
2026-02-04,ETH-INR,193862.65625,Crypto
2026-02-05,ETH-INR,164525.390625,Crypto
2026-02-06,ETH-INR,186935.625,Crypto
2026-02-07,ETH-INR,189396.4375,Crypto
2026-02-08,ETH-INR,189178.09375,Crypto
2026-02-09,ETH-INR,190955.046875,Crypto
2026-02-10,ETH-INR,182942.921875,Crypto
2026-02-11,ETH-INR,176084.296875,Crypto
2026-02-12,ETH-INR,176323.609375,Crypto
2026-02-13,ETH-INR,185516.671875,Crypto
2026-02-14,ETH-INR,188899.625,Crypto
2026-02-15,ETH-INR,178045.125,Crypto
2026-02-16,ETH-INR,181377.265625,Crypto
2026-02-17,ETH-INR,180545.5,Crypto
2026-02-18,ETH-INR,177408.40625,Crypto
2026-02-19,ETH-INR,177366.859375,Crypto
2026-02-20,ETH-INR,178643.1875,Crypto
2026-02-21,ETH-INR,179070.953125,Crypto
2026-02-22,ETH-INR,177633.078125,Crypto
2026-02-23,ETH-INR,168890.390625,Crypto
2026-02-24,ETH-INR,168468.9375,Crypto
2026-02-25,ETH-INR,186871.171875,Crypto
2026-02-26,ETH-INR,184453.609375,Crypto
2026-02-27,ETH-INR,175855.421875,Crypto
2026-02-28,ETH-INR,178969.921875,Crypto
2026-03-01,ETH-INR,176583.328125,Crypto
2026-03-02,ETH-INR,185623.34375,Crypto
2026-03-03,ETH-INR,182432.296875,Crypto
2026-03-04,ETH-INR,195900.796875,Crypto
2026-03-05,ETH-INR,190146.765625,Crypto
2026-03-06,ETH-INR,181927.28125,Crypto
2026-03-07,ETH-INR,181072.609375,Crypto
2026-03-08,ETH-INR,178045.53125,Crypto
2026-03-09,ETH-INR,183970.03125,Crypto
2026-03-10,ETH-INR,187609.109375,Crypto
2026-03-11,ETH-INR,189214.65625,Crypto
2026-03-12,ETH-INR,191537.171875,Crypto
2026-03-13,ETH-INR,193781.53125,Crypto
2026-03-14,ETH-INR,194158.4375,Crypto
2026-03-15,ETH-INR,201550.53125,Crypto
2026-03-16,ETH-INR,216918.609375,Crypto
2026-03-17,ETH-INR,214159.046875,Crypto
2026-03-18,ETH-INR,205330.984375,Crypto
2026-03-19,ETH-INR,198963.734375,Crypto
2026-03-20,ETH-INR,201874.953125,Crypto
2026-03-21,ETH-INR,195230.75,Crypto
2026-03-22,ETH-INR,192590.84375,Crypto
2026-03-23,ETH-INR,200795.0,Crypto
2026-03-24,ETH-INR,203250.234375,Crypto
2026-03-25,ETH-INR,204070.78125,Crypto
2026-03-26,ETH-INR,194253.140625,Crypto
2026-03-27,ETH-INR,188900.421875,Crypto
2026-03-28,ETH-INR,188872.53125,Crypto
2026-03-29,ETH-INR,187911.078125,Crypto
2026-03-30,ETH-INR,190923.390625,Crypto
2026-03-31,ETH-INR,196757.90625,Crypto
2026-04-01,ETH-INR,198138.703125,Crypto
2026-04-02,ETH-INR,191233.5,Crypto
2026-04-03,ETH-INR,190479.515625,Crypto
2026-04-04,ETH-INR,192033.296875,Crypto
2026-04-05,ETH-INR,196091.234375,Crypto
2026-04-06,ETH-INR,195945.109375,Crypto
2026-04-07,ETH-INR,208175.171875,Crypto
2026-04-08,ETH-INR,202131.5,Crypto
2026-04-09,ETH-INR,202430.296875,Crypto
2026-04-10,ETH-INR,209036.9375,Crypto
2026-04-11,ETH-INR,212781.8125,Crypto
2026-04-12,ETH-INR,207182.828125,Crypto
2026-04-13,ETH-INR,225092.390625,Crypto
2026-04-14,ETH-INR,216452.546875,Crypto
2026-04-15,ETH-INR,220341.109375,Crypto
2026-04-16,ETH-INR,218537.0625,Crypto
2026-04-17,ETH-INR,224197.1875,Crypto
2026-04-18,ETH-INR,217717.671875,Crypto
2026-04-19,ETH-INR,209739.375,Crypto
2026-04-20,ETH-INR,215601.46875,Crypto
2026-04-21,ETH-INR,217951.6875,Crypto
2026-04-22,ETH-INR,222878.859375,Crypto
2026-04-23,ETH-INR,219426.109375,Crypto
2026-04-24,ETH-INR,217826.78125,Crypto
2026-04-25,ETH-INR,218124.359375,Crypto
2026-04-26,ETH-INR,223348.234375,Crypto
2026-04-27,ETH-INR,217083.921875,Crypto
2026-04-28,ETH-INR,216683.84375,Crypto
2026-04-29,ETH-INR,213887.140625,Crypto
2026-04-30,ETH-INR,213800.890625,Crypto
2026-05-01,ETH-INR,217785.234375,Crypto
2026-05-02,ETH-INR,219834.75,Crypto
2026-05-03,ETH-INR,220347.609375,Crypto
2026-05-04,ETH-INR,223516.71875,Crypto
2026-05-05,ETH-INR,224597.453125,Crypto
2026-05-06,ETH-INR,222261.375,Crypto
2026-05-07,ETH-INR,215960.96875,Crypto
2026-05-08,ETH-INR,217837.0,Crypto
2026-05-09,ETH-INR,219823.71875,Crypto
2026-05-10,ETH-INR,223698.265625,Crypto
2026-05-11,ETH-INR,223155.46875,Crypto
2026-05-12,ETH-INR,217548.0625,Crypto
2026-05-13,ETH-INR,216041.171875,Crypto
2026-05-14,ETH-INR,218308.484375,Crypto
2026-05-15,ETH-INR,213446.25,Crypto
2026-05-16,ETH-INR,209315.03125,Crypto
2026-05-17,ETH-INR,204191.28125,Crypto
2026-05-18,ETH-INR,204913.09375,Crypto
2026-05-19,ETH-INR,203750.890625,Crypto
2026-05-20,ETH-INR,205314.515625,Crypto
2026-05-21,ETH-INR,204986.59375,Crypto
2026-05-22,ETH-INR,197626.515625,Crypto
2026-05-23,ETH-INR,202497.5625,Crypto
2026-05-24,ETH-INR,200819.453125,Crypto
2026-05-25,ETH-INR,201114.359375,Crypto
2026-05-26,ETH-INR,198931.28125,Crypto
2026-05-27,ETH-INR,194415.140625,Crypto
2026-05-28,ETH-INR,192396.328125,Crypto
2026-05-29,ETH-INR,191171.25,Crypto
2026-05-30,ETH-INR,191978.890625,Crypto
2026-05-31,ETH-INR,190442.296875,Crypto
2026-06-01,ETH-INR,191411.078125,Crypto
2026-06-02,ETH-INR,,Crypto
2023-01-01,GOLDBEES.NS,,ETF
2023-01-02,GOLDBEES.NS,47.16999816894531,ETF
2023-01-03,GOLDBEES.NS,47.630001068115234,ETF
2023-01-04,GOLDBEES.NS,48.06999969482422,ETF
2023-01-05,GOLDBEES.NS,47.779998779296875,ETF
2023-01-06,GOLDBEES.NS,47.5,ETF
2023-01-07,GOLDBEES.NS,,ETF
2023-01-08,GOLDBEES.NS,,ETF
2023-01-09,GOLDBEES.NS,48.11000061035156,ETF
2023-01-10,GOLDBEES.NS,47.959999084472656,ETF
2023-01-11,GOLDBEES.NS,48.02000045776367,ETF
2023-01-12,GOLDBEES.NS,47.95000076293945,ETF
2023-01-13,GOLDBEES.NS,48.22999954223633,ETF
2023-01-14,GOLDBEES.NS,,ETF
2023-01-15,GOLDBEES.NS,,ETF
2023-01-16,GOLDBEES.NS,48.70000076293945,ETF
2023-01-17,GOLDBEES.NS,48.5,ETF
2023-01-18,GOLDBEES.NS,48.459999084472656,ETF
2023-01-19,GOLDBEES.NS,48.5,ETF
2023-01-20,GOLDBEES.NS,48.7599983215332,ETF
2023-01-21,GOLDBEES.NS,,ETF
2023-01-22,GOLDBEES.NS,,ETF
2023-01-23,GOLDBEES.NS,48.77000045776367,ETF
2023-01-24,GOLDBEES.NS,48.90999984741211,ETF
2023-01-25,GOLDBEES.NS,48.7599983215332,ETF
2023-01-26,GOLDBEES.NS,,ETF
2023-01-27,GOLDBEES.NS,48.779998779296875,ETF
2023-01-28,GOLDBEES.NS,,ETF
2023-01-29,GOLDBEES.NS,,ETF
2023-01-30,GOLDBEES.NS,48.77000045776367,ETF
2023-01-31,GOLDBEES.NS,48.66999816894531,ETF
2023-02-01,GOLDBEES.NS,49.40999984741211,ETF
2023-02-02,GOLDBEES.NS,50.470001220703125,ETF
2023-02-03,GOLDBEES.NS,49.41999816894531,ETF
2023-02-04,GOLDBEES.NS,,ETF
2023-02-05,GOLDBEES.NS,,ETF
2023-02-06,GOLDBEES.NS,49.040000915527344,ETF
2023-02-07,GOLDBEES.NS,49.06999969482422,ETF
2023-02-08,GOLDBEES.NS,49.20000076293945,ETF
2023-02-09,GOLDBEES.NS,49.11000061035156,ETF
2023-02-10,GOLDBEES.NS,48.65999984741211,ETF
2023-02-11,GOLDBEES.NS,,ETF
2023-02-12,GOLDBEES.NS,,ETF
2023-02-13,GOLDBEES.NS,48.66999816894531,ETF
2023-02-14,GOLDBEES.NS,48.790000915527344,ETF
2023-02-15,GOLDBEES.NS,48.15999984741211,ETF
2023-02-16,GOLDBEES.NS,48.18000030517578,ETF
2023-02-17,GOLDBEES.NS,47.95000076293945,ETF
2023-02-18,GOLDBEES.NS,,ETF
2023-02-19,GOLDBEES.NS,,ETF
2023-02-20,GOLDBEES.NS,48.380001068115234,ETF
2023-02-21,GOLDBEES.NS,48.2599983215332,ETF
2023-02-22,GOLDBEES.NS,48.15999984741211,ETF
2023-02-23,GOLDBEES.NS,47.86000061035156,ETF
2023-02-24,GOLDBEES.NS,47.779998779296875,ETF
2023-02-25,GOLDBEES.NS,,ETF
2023-02-26,GOLDBEES.NS,,ETF
2023-02-27,GOLDBEES.NS,47.439998626708984,ETF
2023-02-28,GOLDBEES.NS,47.40999984741211,ETF
2023-03-01,GOLDBEES.NS,47.77000045776367,ETF
2023-03-02,GOLDBEES.NS,47.810001373291016,ETF
2023-03-03,GOLDBEES.NS,47.81999969482422,ETF
2023-03-04,GOLDBEES.NS,,ETF
2023-03-05,GOLDBEES.NS,,ETF
2023-03-06,GOLDBEES.NS,47.83000183105469,ETF
2023-03-07,GOLDBEES.NS,,ETF
2023-03-08,GOLDBEES.NS,47.119998931884766,ETF
2023-03-09,GOLDBEES.NS,47.06999969482422,ETF
2023-03-10,GOLDBEES.NS,47.43000030517578,ETF
2023-03-11,GOLDBEES.NS,,ETF
2023-03-12,GOLDBEES.NS,,ETF
2023-03-13,GOLDBEES.NS,48.81999969482422,ETF
2023-03-14,GOLDBEES.NS,49.130001068115234,ETF
2023-03-15,GOLDBEES.NS,48.93000030517578,ETF
2023-03-16,GOLDBEES.NS,49.70000076293945,ETF
2023-03-17,GOLDBEES.NS,49.75,ETF
2023-03-18,GOLDBEES.NS,,ETF
2023-03-19,GOLDBEES.NS,,ETF
2023-03-20,GOLDBEES.NS,50.90999984741211,ETF
2023-03-21,GOLDBEES.NS,50.47999954223633,ETF
2023-03-22,GOLDBEES.NS,50.040000915527344,ETF
2023-03-23,GOLDBEES.NS,50.36000061035156,ETF
2023-03-24,GOLDBEES.NS,50.900001525878906,ETF
2023-03-25,GOLDBEES.NS,,ETF
2023-03-26,GOLDBEES.NS,,ETF
2023-03-27,GOLDBEES.NS,50.400001525878906,ETF
2023-03-28,GOLDBEES.NS,50.40999984741211,ETF
2023-03-29,GOLDBEES.NS,50.689998626708984,ETF
2023-03-30,GOLDBEES.NS,,ETF
2023-03-31,GOLDBEES.NS,51.06999969482422,ETF
2023-04-01,GOLDBEES.NS,,ETF
2023-04-02,GOLDBEES.NS,,ETF
2023-04-03,GOLDBEES.NS,50.79999923706055,ETF
2023-04-04,GOLDBEES.NS,,ETF
2023-04-05,GOLDBEES.NS,51.86000061035156,ETF
2023-04-06,GOLDBEES.NS,51.810001373291016,ETF
2023-04-07,GOLDBEES.NS,,ETF
2023-04-08,GOLDBEES.NS,,ETF
2023-04-09,GOLDBEES.NS,,ETF
2023-04-10,GOLDBEES.NS,51.380001068115234,ETF
2023-04-11,GOLDBEES.NS,51.54999923706055,ETF
2023-04-12,GOLDBEES.NS,51.720001220703125,ETF
2023-04-13,GOLDBEES.NS,51.939998626708984,ETF
2023-04-14,GOLDBEES.NS,,ETF
2023-04-15,GOLDBEES.NS,,ETF
2023-04-16,GOLDBEES.NS,,ETF
2023-04-17,GOLDBEES.NS,51.70000076293945,ETF
2023-04-18,GOLDBEES.NS,51.52000045776367,ETF
2023-04-19,GOLDBEES.NS,51.119998931884766,ETF
2023-04-20,GOLDBEES.NS,51.63999938964844,ETF
2023-04-21,GOLDBEES.NS,51.290000915527344,ETF
2023-04-22,GOLDBEES.NS,,ETF
2023-04-23,GOLDBEES.NS,,ETF
2023-04-24,GOLDBEES.NS,51.2599983215332,ETF
2023-04-25,GOLDBEES.NS,51.31999969482422,ETF
2023-04-26,GOLDBEES.NS,51.47999954223633,ETF
2023-04-27,GOLDBEES.NS,51.470001220703125,ETF
2023-04-28,GOLDBEES.NS,51.25,ETF
2023-04-29,GOLDBEES.NS,,ETF
2023-04-30,GOLDBEES.NS,,ETF
2023-05-01,GOLDBEES.NS,,ETF
2023-05-02,GOLDBEES.NS,51.310001373291016,ETF
2023-05-03,GOLDBEES.NS,52.060001373291016,ETF
2023-05-04,GOLDBEES.NS,52.5099983215332,ETF
2023-05-05,GOLDBEES.NS,52.5,ETF
2023-05-06,GOLDBEES.NS,,ETF
2023-05-07,GOLDBEES.NS,,ETF
2023-05-08,GOLDBEES.NS,52.16999816894531,ETF
2023-05-09,GOLDBEES.NS,52.369998931884766,ETF
2023-05-10,GOLDBEES.NS,52.43000030517578,ETF
2023-05-11,GOLDBEES.NS,52.369998931884766,ETF
2023-05-12,GOLDBEES.NS,51.90999984741211,ETF
2023-05-13,GOLDBEES.NS,,ETF
2023-05-14,GOLDBEES.NS,,ETF
2023-05-15,GOLDBEES.NS,52.279998779296875,ETF
2023-05-16,GOLDBEES.NS,52.04999923706055,ETF
2023-05-17,GOLDBEES.NS,51.619998931884766,ETF
2023-05-18,GOLDBEES.NS,51.59000015258789,ETF
2023-05-19,GOLDBEES.NS,51.439998626708984,ETF
2023-05-20,GOLDBEES.NS,,ETF
2023-05-21,GOLDBEES.NS,,ETF
2023-05-22,GOLDBEES.NS,51.97999954223633,ETF
2023-05-23,GOLDBEES.NS,51.43000030517578,ETF
2023-05-24,GOLDBEES.NS,51.75,ETF
2023-05-25,GOLDBEES.NS,51.45000076293945,ETF
2023-05-26,GOLDBEES.NS,51.33000183105469,ETF
2023-05-27,GOLDBEES.NS,,ETF
2023-05-28,GOLDBEES.NS,,ETF
2023-05-29,GOLDBEES.NS,51.18000030517578,ETF
2023-05-30,GOLDBEES.NS,51.13999938964844,ETF
2023-05-31,GOLDBEES.NS,51.130001068115234,ETF
2023-06-01,GOLDBEES.NS,50.9900016784668,ETF
2023-06-02,GOLDBEES.NS,51.31999969482422,ETF
2023-06-03,GOLDBEES.NS,,ETF
2023-06-04,GOLDBEES.NS,,ETF
2023-06-05,GOLDBEES.NS,50.720001220703125,ETF
2023-06-06,GOLDBEES.NS,51.06999969482422,ETF
2023-06-07,GOLDBEES.NS,50.9900016784668,ETF
2023-06-08,GOLDBEES.NS,50.70000076293945,ETF
2023-06-09,GOLDBEES.NS,50.959999084472656,ETF
2023-06-10,GOLDBEES.NS,,ETF
2023-06-11,GOLDBEES.NS,,ETF
2023-06-12,GOLDBEES.NS,50.93000030517578,ETF
2023-06-13,GOLDBEES.NS,50.88999938964844,ETF
2023-06-14,GOLDBEES.NS,50.560001373291016,ETF
2023-06-15,GOLDBEES.NS,50.15999984741211,ETF
2023-06-16,GOLDBEES.NS,50.65999984741211,ETF
2023-06-17,GOLDBEES.NS,,ETF
2023-06-18,GOLDBEES.NS,,ETF
2023-06-19,GOLDBEES.NS,50.529998779296875,ETF
2023-06-20,GOLDBEES.NS,50.4900016784668,ETF
2023-06-21,GOLDBEES.NS,50.09000015258789,ETF
2023-06-22,GOLDBEES.NS,49.86000061035156,ETF
2023-06-23,GOLDBEES.NS,49.75,ETF
2023-06-24,GOLDBEES.NS,,ETF
2023-06-25,GOLDBEES.NS,,ETF
2023-06-26,GOLDBEES.NS,49.9900016784668,ETF
2023-06-27,GOLDBEES.NS,49.79999923706055,ETF
2023-06-28,GOLDBEES.NS,49.54999923706055,ETF
2023-06-29,GOLDBEES.NS,,ETF
2023-06-30,GOLDBEES.NS,49.310001373291016,ETF
2023-07-01,GOLDBEES.NS,,ETF
2023-07-02,GOLDBEES.NS,,ETF
2023-07-03,GOLDBEES.NS,49.560001373291016,ETF
2023-07-04,GOLDBEES.NS,49.880001068115234,ETF
2023-07-05,GOLDBEES.NS,49.97999954223633,ETF
2023-07-06,GOLDBEES.NS,49.900001525878906,ETF
2023-07-07,GOLDBEES.NS,50.02000045776367,ETF
2023-07-08,GOLDBEES.NS,,ETF
2023-07-09,GOLDBEES.NS,,ETF
2023-07-10,GOLDBEES.NS,50.029998779296875,ETF
2023-07-11,GOLDBEES.NS,50.15999984741211,ETF
2023-07-12,GOLDBEES.NS,50.099998474121094,ETF
2023-07-13,GOLDBEES.NS,50.52000045776367,ETF
2023-07-14,GOLDBEES.NS,50.59000015258789,ETF
2023-07-15,GOLDBEES.NS,,ETF
2023-07-16,GOLDBEES.NS,,ETF
2023-07-17,GOLDBEES.NS,50.4900016784668,ETF
2023-07-18,GOLDBEES.NS,50.65999984741211,ETF
2023-07-19,GOLDBEES.NS,51.02000045776367,ETF
2023-07-20,GOLDBEES.NS,51.08000183105469,ETF
2023-07-21,GOLDBEES.NS,50.650001525878906,ETF
2023-07-22,GOLDBEES.NS,,ETF
2023-07-23,GOLDBEES.NS,,ETF
2023-07-24,GOLDBEES.NS,50.650001525878906,ETF
2023-07-25,GOLDBEES.NS,50.58000183105469,ETF
2023-07-26,GOLDBEES.NS,50.84000015258789,ETF
2023-07-27,GOLDBEES.NS,50.93000030517578,ETF
2023-07-28,GOLDBEES.NS,50.66999816894531,ETF
2023-07-29,GOLDBEES.NS,,ETF
2023-07-30,GOLDBEES.NS,,ETF
2023-07-31,GOLDBEES.NS,50.65999984741211,ETF
2023-08-01,GOLDBEES.NS,50.689998626708984,ETF
2023-08-02,GOLDBEES.NS,50.68000030517578,ETF
2023-08-03,GOLDBEES.NS,50.540000915527344,ETF
2023-08-04,GOLDBEES.NS,50.5,ETF
2023-08-05,GOLDBEES.NS,,ETF
2023-08-06,GOLDBEES.NS,,ETF
2023-08-07,GOLDBEES.NS,50.4900016784668,ETF
2023-08-08,GOLDBEES.NS,50.560001373291016,ETF
2023-08-09,GOLDBEES.NS,50.369998931884766,ETF
2023-08-10,GOLDBEES.NS,50.22999954223633,ETF
2023-08-11,GOLDBEES.NS,50.130001068115234,ETF
2023-08-12,GOLDBEES.NS,,ETF
2023-08-13,GOLDBEES.NS,,ETF
2023-08-14,GOLDBEES.NS,50.09000015258789,ETF
2023-08-15,GOLDBEES.NS,,ETF
2023-08-16,GOLDBEES.NS,50.11000061035156,ETF
2023-08-17,GOLDBEES.NS,49.81999969482422,ETF
2023-08-18,GOLDBEES.NS,49.75,ETF
2023-08-19,GOLDBEES.NS,,ETF
2023-08-20,GOLDBEES.NS,,ETF
2023-08-21,GOLDBEES.NS,49.68000030517578,ETF
2023-08-22,GOLDBEES.NS,49.900001525878906,ETF
2023-08-23,GOLDBEES.NS,49.810001373291016,ETF
2023-08-24,GOLDBEES.NS,50.029998779296875,ETF
2023-08-25,GOLDBEES.NS,49.939998626708984,ETF
2023-08-26,GOLDBEES.NS,,ETF
2023-08-27,GOLDBEES.NS,,ETF
2023-08-28,GOLDBEES.NS,49.79999923706055,ETF
2023-08-29,GOLDBEES.NS,49.97999954223633,ETF
2023-08-30,GOLDBEES.NS,50.34000015258789,ETF
2023-08-31,GOLDBEES.NS,50.349998474121094,ETF
2023-09-01,GOLDBEES.NS,50.369998931884766,ETF
2023-09-02,GOLDBEES.NS,,ETF
2023-09-03,GOLDBEES.NS,,ETF
2023-09-04,GOLDBEES.NS,50.439998626708984,ETF
2023-09-05,GOLDBEES.NS,50.349998474121094,ETF
2023-09-06,GOLDBEES.NS,50.310001373291016,ETF
2023-09-07,GOLDBEES.NS,50.16999816894531,ETF
2023-09-08,GOLDBEES.NS,50.209999084472656,ETF
2023-09-09,GOLDBEES.NS,,ETF
2023-09-10,GOLDBEES.NS,,ETF
2023-09-11,GOLDBEES.NS,50.15999984741211,ETF
2023-09-12,GOLDBEES.NS,50.02000045776367,ETF
2023-09-13,GOLDBEES.NS,49.880001068115234,ETF
2023-09-14,GOLDBEES.NS,49.880001068115234,ETF
2023-09-15,GOLDBEES.NS,50.119998931884766,ETF
2023-09-16,GOLDBEES.NS,,ETF
2023-09-17,GOLDBEES.NS,,ETF
2023-09-18,GOLDBEES.NS,50.439998626708984,ETF
2023-09-19,GOLDBEES.NS,,ETF
2023-09-20,GOLDBEES.NS,50.380001068115234,ETF
2023-09-21,GOLDBEES.NS,50.27000045776367,ETF
2023-09-22,GOLDBEES.NS,50.220001220703125,ETF
2023-09-23,GOLDBEES.NS,,ETF
2023-09-24,GOLDBEES.NS,,ETF
2023-09-25,GOLDBEES.NS,50.220001220703125,ETF
2023-09-26,GOLDBEES.NS,50.02000045776367,ETF
2023-09-27,GOLDBEES.NS,49.70000076293945,ETF
2023-09-28,GOLDBEES.NS,49.369998931884766,ETF
2023-09-29,GOLDBEES.NS,49.290000915527344,ETF
2023-09-30,GOLDBEES.NS,,ETF
2023-10-01,GOLDBEES.NS,,ETF
2023-10-02,GOLDBEES.NS,,ETF
2023-10-03,GOLDBEES.NS,48.83000183105469,ETF
2023-10-04,GOLDBEES.NS,48.36000061035156,ETF
2023-10-05,GOLDBEES.NS,48.25,ETF
2023-10-06,GOLDBEES.NS,48.380001068115234,ETF
2023-10-07,GOLDBEES.NS,,ETF
2023-10-08,GOLDBEES.NS,,ETF
2023-10-09,GOLDBEES.NS,48.880001068115234,ETF
2023-10-10,GOLDBEES.NS,48.93000030517578,ETF
2023-10-11,GOLDBEES.NS,49.16999816894531,ETF
2023-10-12,GOLDBEES.NS,49.38999938964844,ETF
2023-10-13,GOLDBEES.NS,49.4900016784668,ETF
2023-10-14,GOLDBEES.NS,,ETF
2023-10-15,GOLDBEES.NS,,ETF
2023-10-16,GOLDBEES.NS,50.25,ETF
2023-10-17,GOLDBEES.NS,50.310001373291016,ETF
2023-10-18,GOLDBEES.NS,50.779998779296875,ETF
2023-10-19,GOLDBEES.NS,50.90999984741211,ETF
2023-10-20,GOLDBEES.NS,51.59000015258789,ETF
2023-10-21,GOLDBEES.NS,,ETF
2023-10-22,GOLDBEES.NS,,ETF
2023-10-23,GOLDBEES.NS,51.540000915527344,ETF
2023-10-24,GOLDBEES.NS,,ETF
2023-10-25,GOLDBEES.NS,51.40999984741211,ETF
2023-10-26,GOLDBEES.NS,51.83000183105469,ETF
2023-10-27,GOLDBEES.NS,51.63999938964844,ETF
2023-10-28,GOLDBEES.NS,,ETF
2023-10-29,GOLDBEES.NS,,ETF
2023-10-30,GOLDBEES.NS,52.02000045776367,ETF
2023-10-31,GOLDBEES.NS,52.060001373291016,ETF
2023-11-01,GOLDBEES.NS,51.7599983215332,ETF
2023-11-02,GOLDBEES.NS,51.849998474121094,ETF
2023-11-03,GOLDBEES.NS,51.79999923706055,ETF
2023-11-04,GOLDBEES.NS,,ETF
2023-11-05,GOLDBEES.NS,,ETF
2023-11-06,GOLDBEES.NS,51.75,ETF
2023-11-07,GOLDBEES.NS,51.36000061035156,ETF
2023-11-08,GOLDBEES.NS,51.400001525878906,ETF
2023-11-09,GOLDBEES.NS,50.939998626708984,ETF
2023-11-10,GOLDBEES.NS,51.310001373291016,ETF
2023-11-11,GOLDBEES.NS,,ETF
2023-11-12,GOLDBEES.NS,,ETF
2023-11-13,GOLDBEES.NS,50.93000030517578,ETF
2023-11-14,GOLDBEES.NS,,ETF
2023-11-15,GOLDBEES.NS,51.459999084472656,ETF
2023-11-16,GOLDBEES.NS,51.38999938964844,ETF
2023-11-17,GOLDBEES.NS,51.86000061035156,ETF
2023-11-18,GOLDBEES.NS,,ETF
2023-11-19,GOLDBEES.NS,,ETF
2023-11-20,GOLDBEES.NS,51.65999984741211,ETF
2023-11-21,GOLDBEES.NS,51.880001068115234,ETF
2023-11-22,GOLDBEES.NS,52.16999816894531,ETF
2023-11-23,GOLDBEES.NS,52.02000045776367,ETF
2023-11-24,GOLDBEES.NS,52.150001525878906,ETF
2023-11-25,GOLDBEES.NS,,ETF
2023-11-26,GOLDBEES.NS,,ETF
2023-11-27,GOLDBEES.NS,,ETF
2023-11-28,GOLDBEES.NS,52.29999923706055,ETF
2023-11-29,GOLDBEES.NS,53.04999923706055,ETF
2023-11-30,GOLDBEES.NS,53.150001525878906,ETF
2023-12-01,GOLDBEES.NS,53.290000915527344,ETF
2023-12-02,GOLDBEES.NS,,ETF
2023-12-03,GOLDBEES.NS,,ETF
2023-12-04,GOLDBEES.NS,53.720001220703125,ETF
2023-12-05,GOLDBEES.NS,52.939998626708984,ETF
2023-12-06,GOLDBEES.NS,52.83000183105469,ETF
2023-12-07,GOLDBEES.NS,53.029998779296875,ETF
2023-12-08,GOLDBEES.NS,52.939998626708984,ETF
2023-12-09,GOLDBEES.NS,,ETF
2023-12-10,GOLDBEES.NS,,ETF
2023-12-11,GOLDBEES.NS,52.02000045776367,ETF
2023-12-12,GOLDBEES.NS,51.849998474121094,ETF
2023-12-13,GOLDBEES.NS,51.83000183105469,ETF
2023-12-14,GOLDBEES.NS,52.79999923706055,ETF
2023-12-15,GOLDBEES.NS,52.810001373291016,ETF
2023-12-16,GOLDBEES.NS,,ETF
2023-12-17,GOLDBEES.NS,,ETF
2023-12-18,GOLDBEES.NS,52.4900016784668,ETF
2023-12-19,GOLDBEES.NS,52.59000015258789,ETF
2023-12-20,GOLDBEES.NS,52.83000183105469,ETF
2023-12-21,GOLDBEES.NS,52.86000061035156,ETF
2023-12-22,GOLDBEES.NS,53.189998626708984,ETF
2023-12-23,GOLDBEES.NS,,ETF
2023-12-24,GOLDBEES.NS,,ETF
2023-12-25,GOLDBEES.NS,,ETF
2023-12-26,GOLDBEES.NS,53.459999084472656,ETF
2023-12-27,GOLDBEES.NS,53.630001068115234,ETF
2023-12-28,GOLDBEES.NS,53.84000015258789,ETF
2023-12-29,GOLDBEES.NS,53.65999984741211,ETF
2023-12-30,GOLDBEES.NS,,ETF
2023-12-31,GOLDBEES.NS,,ETF
2024-01-01,GOLDBEES.NS,53.7400016784668,ETF
2024-01-02,GOLDBEES.NS,54.0099983215332,ETF
2024-01-03,GOLDBEES.NS,53.529998779296875,ETF
2024-01-04,GOLDBEES.NS,53.290000915527344,ETF
2024-01-05,GOLDBEES.NS,53.13999938964844,ETF
2024-01-06,GOLDBEES.NS,,ETF
2024-01-07,GOLDBEES.NS,,ETF
2024-01-08,GOLDBEES.NS,52.849998474121094,ETF
2024-01-09,GOLDBEES.NS,53.02000045776367,ETF
2024-01-10,GOLDBEES.NS,52.91999816894531,ETF
2024-01-11,GOLDBEES.NS,52.84000015258789,ETF
2024-01-12,GOLDBEES.NS,52.9900016784668,ETF
2024-01-13,GOLDBEES.NS,,ETF
2024-01-14,GOLDBEES.NS,,ETF
2024-01-15,GOLDBEES.NS,53.25,ETF
2024-01-16,GOLDBEES.NS,53.04999923706055,ETF
2024-01-17,GOLDBEES.NS,52.66999816894531,ETF
2024-01-18,GOLDBEES.NS,52.4900016784668,ETF
2024-01-19,GOLDBEES.NS,52.84000015258789,ETF
2024-01-20,GOLDBEES.NS,,ETF
2024-01-21,GOLDBEES.NS,,ETF
2024-01-22,GOLDBEES.NS,,ETF
2024-01-23,GOLDBEES.NS,52.86000061035156,ETF
2024-01-24,GOLDBEES.NS,52.90999984741211,ETF
2024-01-25,GOLDBEES.NS,52.720001220703125,ETF
2024-01-26,GOLDBEES.NS,,ETF
2024-01-27,GOLDBEES.NS,,ETF
2024-01-28,GOLDBEES.NS,,ETF
2024-01-29,GOLDBEES.NS,52.970001220703125,ETF
2024-01-30,GOLDBEES.NS,53.130001068115234,ETF
2024-01-31,GOLDBEES.NS,53.349998474121094,ETF
2024-02-01,GOLDBEES.NS,53.459999084472656,ETF
2024-02-02,GOLDBEES.NS,53.58000183105469,ETF
2024-02-03,GOLDBEES.NS,,ETF
2024-02-04,GOLDBEES.NS,,ETF
2024-02-05,GOLDBEES.NS,52.97999954223633,ETF
2024-02-06,GOLDBEES.NS,52.939998626708984,ETF
2024-02-07,GOLDBEES.NS,53.209999084472656,ETF
2024-02-08,GOLDBEES.NS,53.04999923706055,ETF
2024-02-09,GOLDBEES.NS,53.04999923706055,ETF
2024-02-10,GOLDBEES.NS,,ETF
2024-02-11,GOLDBEES.NS,,ETF
2024-02-12,GOLDBEES.NS,52.790000915527344,ETF
2024-02-13,GOLDBEES.NS,52.810001373291016,ETF
2024-02-14,GOLDBEES.NS,52.099998474121094,ETF
2024-02-15,GOLDBEES.NS,52.16999816894531,ETF
2024-02-16,GOLDBEES.NS,52.349998474121094,ETF
2024-02-17,GOLDBEES.NS,,ETF
2024-02-18,GOLDBEES.NS,,ETF
2024-02-19,GOLDBEES.NS,52.63999938964844,ETF
2024-02-20,GOLDBEES.NS,52.560001373291016,ETF
2024-02-21,GOLDBEES.NS,52.63999938964844,ETF
2024-02-22,GOLDBEES.NS,52.720001220703125,ETF
2024-02-23,GOLDBEES.NS,52.439998626708984,ETF
2024-02-24,GOLDBEES.NS,,ETF
2024-02-25,GOLDBEES.NS,,ETF
2024-02-26,GOLDBEES.NS,52.709999084472656,ETF
2024-02-27,GOLDBEES.NS,52.790000915527344,ETF
2024-02-28,GOLDBEES.NS,52.599998474121094,ETF
2024-02-29,GOLDBEES.NS,52.779998779296875,ETF
2024-03-01,GOLDBEES.NS,52.900001525878906,ETF
2024-03-02,GOLDBEES.NS,,ETF
2024-03-03,GOLDBEES.NS,,ETF
2024-03-04,GOLDBEES.NS,53.88999938964844,ETF
2024-03-05,GOLDBEES.NS,54.619998931884766,ETF
2024-03-06,GOLDBEES.NS,54.720001220703125,ETF
2024-03-07,GOLDBEES.NS,55.439998626708984,ETF
2024-03-08,GOLDBEES.NS,,ETF
2024-03-09,GOLDBEES.NS,,ETF
2024-03-10,GOLDBEES.NS,,ETF
2024-03-11,GOLDBEES.NS,56.0099983215332,ETF
2024-03-12,GOLDBEES.NS,55.939998626708984,ETF
2024-03-13,GOLDBEES.NS,55.470001220703125,ETF
2024-03-14,GOLDBEES.NS,55.84000015258789,ETF
2024-03-15,GOLDBEES.NS,55.72999954223633,ETF
2024-03-16,GOLDBEES.NS,,ETF
2024-03-17,GOLDBEES.NS,,ETF
2024-03-18,GOLDBEES.NS,55.5,ETF
2024-03-19,GOLDBEES.NS,55.61000061035156,ETF
2024-03-20,GOLDBEES.NS,55.720001220703125,ETF
2024-03-21,GOLDBEES.NS,56.70000076293945,ETF
2024-03-22,GOLDBEES.NS,55.9900016784668,ETF
2024-03-23,GOLDBEES.NS,,ETF
2024-03-24,GOLDBEES.NS,,ETF
2024-03-25,GOLDBEES.NS,,ETF
2024-03-26,GOLDBEES.NS,56.29999923706055,ETF
2024-03-27,GOLDBEES.NS,56.220001220703125,ETF
2024-03-28,GOLDBEES.NS,56.61000061035156,ETF
2024-03-29,GOLDBEES.NS,,ETF
2024-03-30,GOLDBEES.NS,,ETF
2024-03-31,GOLDBEES.NS,,ETF
2024-04-01,GOLDBEES.NS,58.31999969482422,ETF
2024-04-02,GOLDBEES.NS,58.63999938964844,ETF
2024-04-03,GOLDBEES.NS,58.77000045776367,ETF
2024-04-04,GOLDBEES.NS,59.18000030517578,ETF
2024-04-05,GOLDBEES.NS,59.029998779296875,ETF
2024-04-06,GOLDBEES.NS,,ETF
2024-04-07,GOLDBEES.NS,,ETF
2024-04-08,GOLDBEES.NS,60.209999084472656,ETF
2024-04-09,GOLDBEES.NS,60.54999923706055,ETF
2024-04-10,GOLDBEES.NS,60.619998931884766,ETF
2024-04-11,GOLDBEES.NS,,ETF
2024-04-12,GOLDBEES.NS,61.90999984741211,ETF
2024-04-13,GOLDBEES.NS,,ETF
2024-04-14,GOLDBEES.NS,,ETF
2024-04-15,GOLDBEES.NS,61.22999954223633,ETF
2024-04-16,GOLDBEES.NS,61.88999938964844,ETF
2024-04-17,GOLDBEES.NS,,ETF
2024-04-18,GOLDBEES.NS,61.959999084472656,ETF
2024-04-19,GOLDBEES.NS,62.2400016784668,ETF
2024-04-20,GOLDBEES.NS,,ETF
2024-04-21,GOLDBEES.NS,,ETF
2024-04-22,GOLDBEES.NS,61.7400016784668,ETF
2024-04-23,GOLDBEES.NS,60.25,ETF
2024-04-24,GOLDBEES.NS,60.72999954223633,ETF
2024-04-25,GOLDBEES.NS,60.86000061035156,ETF
2024-04-26,GOLDBEES.NS,61.33000183105469,ETF
2024-04-27,GOLDBEES.NS,,ETF
2024-04-28,GOLDBEES.NS,,ETF
2024-04-29,GOLDBEES.NS,61.29999923706055,ETF
2024-04-30,GOLDBEES.NS,60.880001068115234,ETF
2024-05-01,GOLDBEES.NS,,ETF
2024-05-02,GOLDBEES.NS,60.849998474121094,ETF
2024-05-03,GOLDBEES.NS,60.47999954223633,ETF
2024-05-04,GOLDBEES.NS,,ETF
2024-05-05,GOLDBEES.NS,,ETF
2024-05-06,GOLDBEES.NS,60.720001220703125,ETF
2024-05-07,GOLDBEES.NS,60.68000030517578,ETF
2024-05-08,GOLDBEES.NS,60.5,ETF
2024-05-09,GOLDBEES.NS,60.41999816894531,ETF
2024-05-10,GOLDBEES.NS,61.91999816894531,ETF
2024-05-11,GOLDBEES.NS,,ETF
2024-05-12,GOLDBEES.NS,,ETF
2024-05-13,GOLDBEES.NS,61.150001525878906,ETF
2024-05-14,GOLDBEES.NS,61.189998626708984,ETF
2024-05-15,GOLDBEES.NS,61.709999084472656,ETF
2024-05-16,GOLDBEES.NS,62.0,ETF
2024-05-17,GOLDBEES.NS,61.959999084472656,ETF
2024-05-18,GOLDBEES.NS,,ETF
2024-05-19,GOLDBEES.NS,,ETF
2024-05-20,GOLDBEES.NS,,ETF
2024-05-21,GOLDBEES.NS,62.630001068115234,ETF
2024-05-22,GOLDBEES.NS,62.68000030517578,ETF
2024-05-23,GOLDBEES.NS,61.619998931884766,ETF
2024-05-24,GOLDBEES.NS,60.88999938964844,ETF
2024-05-25,GOLDBEES.NS,,ETF
2024-05-26,GOLDBEES.NS,,ETF
2024-05-27,GOLDBEES.NS,61.0,ETF
2024-05-28,GOLDBEES.NS,61.119998931884766,ETF
2024-05-29,GOLDBEES.NS,61.20000076293945,ETF
2024-05-30,GOLDBEES.NS,60.7400016784668,ETF
2024-05-31,GOLDBEES.NS,61.290000915527344,ETF
2024-06-01,GOLDBEES.NS,,ETF
2024-06-02,GOLDBEES.NS,,ETF
2024-06-03,GOLDBEES.NS,60.59000015258789,ETF
2024-06-04,GOLDBEES.NS,60.560001373291016,ETF
2024-06-05,GOLDBEES.NS,60.68000030517578,ETF
2024-06-06,GOLDBEES.NS,61.45000076293945,ETF
2024-06-07,GOLDBEES.NS,61.09000015258789,ETF
2024-06-08,GOLDBEES.NS,,ETF
2024-06-09,GOLDBEES.NS,,ETF
2024-06-10,GOLDBEES.NS,60.130001068115234,ETF
2024-06-11,GOLDBEES.NS,60.41999816894531,ETF
2024-06-12,GOLDBEES.NS,60.59000015258789,ETF
2024-06-13,GOLDBEES.NS,60.59000015258789,ETF
2024-06-14,GOLDBEES.NS,60.599998474121094,ETF
2024-06-15,GOLDBEES.NS,,ETF
2024-06-16,GOLDBEES.NS,,ETF
2024-06-17,GOLDBEES.NS,,ETF
2024-06-18,GOLDBEES.NS,60.33000183105469,ETF
2024-06-19,GOLDBEES.NS,60.709999084472656,ETF
2024-06-20,GOLDBEES.NS,61.029998779296875,ETF
2024-06-21,GOLDBEES.NS,61.529998779296875,ETF
2024-06-22,GOLDBEES.NS,,ETF
2024-06-23,GOLDBEES.NS,,ETF
2024-06-24,GOLDBEES.NS,60.619998931884766,ETF
2024-06-25,GOLDBEES.NS,60.75,ETF
2024-06-26,GOLDBEES.NS,60.459999084472656,ETF
2024-06-27,GOLDBEES.NS,60.31999969482422,ETF
2024-06-28,GOLDBEES.NS,60.630001068115234,ETF
2024-06-29,GOLDBEES.NS,,ETF
2024-06-30,GOLDBEES.NS,,ETF
2024-07-01,GOLDBEES.NS,60.54999923706055,ETF
2024-07-02,GOLDBEES.NS,60.720001220703125,ETF
2024-07-03,GOLDBEES.NS,61.06999969482422,ETF
2024-07-04,GOLDBEES.NS,61.290000915527344,ETF
2024-07-05,GOLDBEES.NS,61.47999954223633,ETF
2024-07-06,GOLDBEES.NS,,ETF
2024-07-07,GOLDBEES.NS,,ETF
2024-07-08,GOLDBEES.NS,61.56999969482422,ETF
2024-07-09,GOLDBEES.NS,61.380001068115234,ETF
2024-07-10,GOLDBEES.NS,61.540000915527344,ETF
2024-07-11,GOLDBEES.NS,61.68000030517578,ETF
2024-07-12,GOLDBEES.NS,61.88999938964844,ETF
2024-07-13,GOLDBEES.NS,,ETF
2024-07-14,GOLDBEES.NS,,ETF
2024-07-15,GOLDBEES.NS,61.91999816894531,ETF
2024-07-16,GOLDBEES.NS,62.439998626708984,ETF
2024-07-17,GOLDBEES.NS,,ETF
2024-07-18,GOLDBEES.NS,62.90999984741211,ETF
2024-07-19,GOLDBEES.NS,62.40999984741211,ETF
2024-07-20,GOLDBEES.NS,,ETF
2024-07-21,GOLDBEES.NS,,ETF
2024-07-22,GOLDBEES.NS,62.08000183105469,ETF
2024-07-23,GOLDBEES.NS,60.15999984741211,ETF
2024-07-24,GOLDBEES.NS,59.599998474121094,ETF
2024-07-25,GOLDBEES.NS,59.369998931884766,ETF
2024-07-26,GOLDBEES.NS,59.9900016784668,ETF
2024-07-27,GOLDBEES.NS,,ETF
2024-07-28,GOLDBEES.NS,,ETF
2024-07-29,GOLDBEES.NS,58.779998779296875,ETF
2024-07-30,GOLDBEES.NS,58.349998474121094,ETF
2024-07-31,GOLDBEES.NS,58.68000030517578,ETF
2024-08-01,GOLDBEES.NS,59.09000015258789,ETF
2024-08-02,GOLDBEES.NS,59.66999816894531,ETF
2024-08-03,GOLDBEES.NS,,ETF
2024-08-04,GOLDBEES.NS,,ETF
2024-08-05,GOLDBEES.NS,58.7400016784668,ETF
2024-08-06,GOLDBEES.NS,58.619998931884766,ETF
2024-08-07,GOLDBEES.NS,58.20000076293945,ETF
2024-08-08,GOLDBEES.NS,58.09000015258789,ETF
2024-08-09,GOLDBEES.NS,58.65999984741211,ETF
2024-08-10,GOLDBEES.NS,,ETF
2024-08-11,GOLDBEES.NS,,ETF
2024-08-12,GOLDBEES.NS,59.02000045776367,ETF
2024-08-13,GOLDBEES.NS,59.400001525878906,ETF
2024-08-14,GOLDBEES.NS,59.61000061035156,ETF
2024-08-15,GOLDBEES.NS,,ETF
2024-08-16,GOLDBEES.NS,59.470001220703125,ETF
2024-08-17,GOLDBEES.NS,,ETF
2024-08-18,GOLDBEES.NS,,ETF
2024-08-19,GOLDBEES.NS,60.34000015258789,ETF
2024-08-20,GOLDBEES.NS,60.66999816894531,ETF
2024-08-21,GOLDBEES.NS,60.380001068115234,ETF
2024-08-22,GOLDBEES.NS,60.45000076293945,ETF
2024-08-23,GOLDBEES.NS,60.25,ETF
2024-08-24,GOLDBEES.NS,,ETF
2024-08-25,GOLDBEES.NS,,ETF
2024-08-26,GOLDBEES.NS,60.83000183105469,ETF
2024-08-27,GOLDBEES.NS,60.54999923706055,ETF
2024-08-28,GOLDBEES.NS,60.54999923706055,ETF
2024-08-29,GOLDBEES.NS,60.56999969482422,ETF
2024-08-30,GOLDBEES.NS,60.65999984741211,ETF
2024-08-31,GOLDBEES.NS,,ETF
2024-09-01,GOLDBEES.NS,,ETF
2024-09-02,GOLDBEES.NS,60.25,ETF
2024-09-03,GOLDBEES.NS,60.36000061035156,ETF
2024-09-04,GOLDBEES.NS,59.83000183105469,ETF
2024-09-05,GOLDBEES.NS,60.54999923706055,ETF
2024-09-06,GOLDBEES.NS,60.65999984741211,ETF
2024-09-07,GOLDBEES.NS,,ETF
2024-09-08,GOLDBEES.NS,,ETF
2024-09-09,GOLDBEES.NS,60.15999984741211,ETF
2024-09-10,GOLDBEES.NS,60.36000061035156,ETF
2024-09-11,GOLDBEES.NS,60.709999084472656,ETF
2024-09-12,GOLDBEES.NS,60.61000061035156,ETF
2024-09-13,GOLDBEES.NS,61.63999938964844,ETF
2024-09-14,GOLDBEES.NS,,ETF
2024-09-15,GOLDBEES.NS,,ETF
2024-09-16,GOLDBEES.NS,62.04999923706055,ETF
2024-09-17,GOLDBEES.NS,61.77000045776367,ETF
2024-09-18,GOLDBEES.NS,61.68000030517578,ETF
2024-09-19,GOLDBEES.NS,62.189998626708984,ETF
2024-09-20,GOLDBEES.NS,62.43000030517578,ETF
2024-09-21,GOLDBEES.NS,,ETF
2024-09-22,GOLDBEES.NS,,ETF
2024-09-23,GOLDBEES.NS,62.810001373291016,ETF
2024-09-24,GOLDBEES.NS,62.9900016784668,ETF
2024-09-25,GOLDBEES.NS,63.65999984741211,ETF
2024-09-26,GOLDBEES.NS,63.77000045776367,ETF
2024-09-27,GOLDBEES.NS,63.47999954223633,ETF
2024-09-28,GOLDBEES.NS,,ETF
2024-09-29,GOLDBEES.NS,,ETF
2024-09-30,GOLDBEES.NS,63.54999923706055,ETF
2024-10-01,GOLDBEES.NS,63.59000015258789,ETF
2024-10-02,GOLDBEES.NS,,ETF
2024-10-03,GOLDBEES.NS,63.689998626708984,ETF
2024-10-04,GOLDBEES.NS,63.9900016784668,ETF
2024-10-05,GOLDBEES.NS,,ETF
2024-10-06,GOLDBEES.NS,,ETF
2024-10-07,GOLDBEES.NS,63.810001373291016,ETF
2024-10-08,GOLDBEES.NS,63.45000076293945,ETF
2024-10-09,GOLDBEES.NS,63.02000045776367,ETF
2024-10-10,GOLDBEES.NS,63.0099983215332,ETF
2024-10-11,GOLDBEES.NS,63.540000915527344,ETF
2024-10-12,GOLDBEES.NS,,ETF
2024-10-13,GOLDBEES.NS,,ETF
2024-10-14,GOLDBEES.NS,63.97999954223633,ETF
2024-10-15,GOLDBEES.NS,63.86000061035156,ETF
2024-10-16,GOLDBEES.NS,64.44000244140625,ETF
2024-10-17,GOLDBEES.NS,64.44000244140625,ETF
2024-10-18,GOLDBEES.NS,65.18000030517578,ETF
2024-10-19,GOLDBEES.NS,,ETF
2024-10-20,GOLDBEES.NS,,ETF
2024-10-21,GOLDBEES.NS,65.79000091552734,ETF
2024-10-22,GOLDBEES.NS,65.7300033569336,ETF
2024-10-23,GOLDBEES.NS,66.16000366210938,ETF
2024-10-24,GOLDBEES.NS,65.75,ETF
2024-10-25,GOLDBEES.NS,65.44999694824219,ETF
2024-10-26,GOLDBEES.NS,,ETF
2024-10-27,GOLDBEES.NS,,ETF
2024-10-28,GOLDBEES.NS,65.77999877929688,ETF
2024-10-29,GOLDBEES.NS,66.30000305175781,ETF
2024-10-30,GOLDBEES.NS,67.0199966430664,ETF
2024-10-31,GOLDBEES.NS,66.91999816894531,ETF
2024-11-01,GOLDBEES.NS,66.91999816894531,ETF
2024-11-02,GOLDBEES.NS,,ETF
2024-11-03,GOLDBEES.NS,,ETF
2024-11-04,GOLDBEES.NS,66.0199966430664,ETF
2024-11-05,GOLDBEES.NS,65.94000244140625,ETF
2024-11-06,GOLDBEES.NS,65.58999633789062,ETF
2024-11-07,GOLDBEES.NS,64.33000183105469,ETF
2024-11-08,GOLDBEES.NS,65.0,ETF
2024-11-09,GOLDBEES.NS,,ETF
2024-11-10,GOLDBEES.NS,,ETF
2024-11-11,GOLDBEES.NS,64.48999786376953,ETF
2024-11-12,GOLDBEES.NS,62.84000015258789,ETF
2024-11-13,GOLDBEES.NS,63.25,ETF
2024-11-14,GOLDBEES.NS,61.790000915527344,ETF
2024-11-15,GOLDBEES.NS,,ETF
2024-11-16,GOLDBEES.NS,,ETF
2024-11-17,GOLDBEES.NS,,ETF
2024-11-18,GOLDBEES.NS,62.900001525878906,ETF
2024-11-19,GOLDBEES.NS,63.720001220703125,ETF
2024-11-20,GOLDBEES.NS,,ETF
2024-11-21,GOLDBEES.NS,64.56999969482422,ETF
2024-11-22,GOLDBEES.NS,65.33000183105469,ETF
2024-11-23,GOLDBEES.NS,,ETF
2024-11-24,GOLDBEES.NS,,ETF
2024-11-25,GOLDBEES.NS,64.37999725341797,ETF
2024-11-26,GOLDBEES.NS,63.38999938964844,ETF
2024-11-27,GOLDBEES.NS,63.959999084472656,ETF
2024-11-28,GOLDBEES.NS,64.04000091552734,ETF
2024-11-29,GOLDBEES.NS,64.29000091552734,ETF
2024-11-30,GOLDBEES.NS,,ETF
2024-12-01,GOLDBEES.NS,,ETF
2024-12-02,GOLDBEES.NS,63.7599983215332,ETF
2024-12-03,GOLDBEES.NS,64.05999755859375,ETF
2024-12-04,GOLDBEES.NS,64.01000213623047,ETF
2024-12-05,GOLDBEES.NS,64.05999755859375,ETF
2024-12-06,GOLDBEES.NS,63.9900016784668,ETF
2024-12-07,GOLDBEES.NS,,ETF
2024-12-08,GOLDBEES.NS,,ETF
2024-12-09,GOLDBEES.NS,64.29000091552734,ETF
2024-12-10,GOLDBEES.NS,64.66999816894531,ETF
2024-12-11,GOLDBEES.NS,65.04000091552734,ETF
2024-12-12,GOLDBEES.NS,65.48999786376953,ETF
2024-12-13,GOLDBEES.NS,64.61000061035156,ETF
2024-12-14,GOLDBEES.NS,,ETF
2024-12-15,GOLDBEES.NS,,ETF
2024-12-16,GOLDBEES.NS,64.4800033569336,ETF
2024-12-17,GOLDBEES.NS,64.0999984741211,ETF
2024-12-18,GOLDBEES.NS,64.37999725341797,ETF
2024-12-19,GOLDBEES.NS,63.779998779296875,ETF
2024-12-20,GOLDBEES.NS,63.31999969482422,ETF
2024-12-21,GOLDBEES.NS,,ETF
2024-12-22,GOLDBEES.NS,,ETF
2024-12-23,GOLDBEES.NS,63.970001220703125,ETF
2024-12-24,GOLDBEES.NS,63.68000030517578,ETF
2024-12-25,GOLDBEES.NS,,ETF
2024-12-26,GOLDBEES.NS,64.0,ETF
2024-12-27,GOLDBEES.NS,64.20999908447266,ETF
2024-12-28,GOLDBEES.NS,,ETF
2024-12-29,GOLDBEES.NS,,ETF
2024-12-30,GOLDBEES.NS,64.0,ETF
2024-12-31,GOLDBEES.NS,64.08999633789062,ETF
2025-01-01,GOLDBEES.NS,64.3499984741211,ETF
2025-01-02,GOLDBEES.NS,64.5999984741211,ETF
2025-01-03,GOLDBEES.NS,65.06999969482422,ETF
2025-01-04,GOLDBEES.NS,,ETF
2025-01-05,GOLDBEES.NS,,ETF
2025-01-06,GOLDBEES.NS,64.61000061035156,ETF
2025-01-07,GOLDBEES.NS,64.7699966430664,ETF
2025-01-08,GOLDBEES.NS,65.12000274658203,ETF
2025-01-09,GOLDBEES.NS,65.4000015258789,ETF
2025-01-10,GOLDBEES.NS,65.93000030517578,ETF
2025-01-11,GOLDBEES.NS,,ETF
2025-01-12,GOLDBEES.NS,,ETF
2025-01-13,GOLDBEES.NS,66.25,ETF
2025-01-14,GOLDBEES.NS,66.04000091552734,ETF
2025-01-15,GOLDBEES.NS,66.26000213623047,ETF
2025-01-16,GOLDBEES.NS,66.58999633789062,ETF
2025-01-17,GOLDBEES.NS,66.66000366210938,ETF
2025-01-18,GOLDBEES.NS,,ETF
2025-01-19,GOLDBEES.NS,,ETF
2025-01-20,GOLDBEES.NS,66.58999633789062,ETF
2025-01-21,GOLDBEES.NS,66.94999694824219,ETF
2025-01-22,GOLDBEES.NS,67.62000274658203,ETF
2025-01-23,GOLDBEES.NS,67.43000030517578,ETF
2025-01-24,GOLDBEES.NS,67.7699966430664,ETF
2025-01-25,GOLDBEES.NS,,ETF
2025-01-26,GOLDBEES.NS,,ETF
2025-01-27,GOLDBEES.NS,67.69000244140625,ETF
2025-01-28,GOLDBEES.NS,67.58000183105469,ETF
2025-01-29,GOLDBEES.NS,67.86000061035156,ETF
2025-01-30,GOLDBEES.NS,68.08999633789062,ETF
2025-01-31,GOLDBEES.NS,69.08000183105469,ETF
2025-02-01,GOLDBEES.NS,68.94999694824219,ETF
2025-02-02,GOLDBEES.NS,,ETF
2025-02-03,GOLDBEES.NS,69.63999938964844,ETF
2025-02-04,GOLDBEES.NS,70.08000183105469,ETF
2025-02-05,GOLDBEES.NS,71.56999969482422,ETF
2025-02-06,GOLDBEES.NS,71.43000030517578,ETF
2025-02-07,GOLDBEES.NS,71.54000091552734,ETF
2025-02-08,GOLDBEES.NS,,ETF
2025-02-09,GOLDBEES.NS,,ETF
2025-02-10,GOLDBEES.NS,72.5199966430664,ETF
2025-02-11,GOLDBEES.NS,71.9800033569336,ETF
2025-02-12,GOLDBEES.NS,71.47000122070312,ETF
2025-02-13,GOLDBEES.NS,71.87000274658203,ETF
2025-02-14,GOLDBEES.NS,72.22000122070312,ETF
2025-02-15,GOLDBEES.NS,,ETF
2025-02-16,GOLDBEES.NS,,ETF
2025-02-17,GOLDBEES.NS,71.6500015258789,ETF
2025-02-18,GOLDBEES.NS,71.9800033569336,ETF
2025-02-19,GOLDBEES.NS,72.7300033569336,ETF
2025-02-20,GOLDBEES.NS,72.48999786376953,ETF
2025-02-21,GOLDBEES.NS,72.08000183105469,ETF
2025-02-22,GOLDBEES.NS,,ETF
2025-02-23,GOLDBEES.NS,,ETF
2025-02-24,GOLDBEES.NS,72.5999984741211,ETF
2025-02-25,GOLDBEES.NS,72.75,ETF
2025-02-26,GOLDBEES.NS,,ETF
2025-02-27,GOLDBEES.NS,71.87999725341797,ETF
2025-02-28,GOLDBEES.NS,71.0999984741211,ETF
2025-03-01,GOLDBEES.NS,,ETF
2025-03-02,GOLDBEES.NS,,ETF
2025-03-03,GOLDBEES.NS,71.36000061035156,ETF
2025-03-04,GOLDBEES.NS,72.41999816894531,ETF
2025-03-05,GOLDBEES.NS,72.2699966430664,ETF
2025-03-06,GOLDBEES.NS,71.88999938964844,ETF
2025-03-07,GOLDBEES.NS,72.20999908447266,ETF
2025-03-08,GOLDBEES.NS,,ETF
2025-03-09,GOLDBEES.NS,,ETF
2025-03-10,GOLDBEES.NS,72.16999816894531,ETF
2025-03-11,GOLDBEES.NS,72.08000183105469,ETF
2025-03-12,GOLDBEES.NS,72.31999969482422,ETF
2025-03-13,GOLDBEES.NS,72.81999969482422,ETF
2025-03-14,GOLDBEES.NS,,ETF
2025-03-15,GOLDBEES.NS,,ETF
2025-03-16,GOLDBEES.NS,,ETF
2025-03-17,GOLDBEES.NS,73.52999877929688,ETF
2025-03-18,GOLDBEES.NS,73.52999877929688,ETF
2025-03-19,GOLDBEES.NS,74.25,ETF
2025-03-20,GOLDBEES.NS,74.48999786376953,ETF
2025-03-21,GOLDBEES.NS,73.94999694824219,ETF
2025-03-22,GOLDBEES.NS,,ETF
2025-03-23,GOLDBEES.NS,,ETF
2025-03-24,GOLDBEES.NS,73.0,ETF
2025-03-25,GOLDBEES.NS,73.2300033569336,ETF
2025-03-26,GOLDBEES.NS,73.25,ETF
2025-03-27,GOLDBEES.NS,73.80000305175781,ETF
2025-03-28,GOLDBEES.NS,74.16000366210938,ETF
2025-03-29,GOLDBEES.NS,,ETF
2025-03-30,GOLDBEES.NS,,ETF
2025-03-31,GOLDBEES.NS,,ETF
2025-04-01,GOLDBEES.NS,76.72000122070312,ETF
2025-04-02,GOLDBEES.NS,76.2300033569336,ETF
2025-04-03,GOLDBEES.NS,75.8499984741211,ETF
2025-04-04,GOLDBEES.NS,74.98999786376953,ETF
2025-04-05,GOLDBEES.NS,,ETF
2025-04-06,GOLDBEES.NS,,ETF
2025-04-07,GOLDBEES.NS,73.83000183105469,ETF
2025-04-08,GOLDBEES.NS,73.68000030517578,ETF
2025-04-09,GOLDBEES.NS,74.88999938964844,ETF
2025-04-10,GOLDBEES.NS,,ETF
2025-04-11,GOLDBEES.NS,77.9000015258789,ETF
2025-04-12,GOLDBEES.NS,,ETF
2025-04-13,GOLDBEES.NS,,ETF
2025-04-14,GOLDBEES.NS,,ETF
2025-04-15,GOLDBEES.NS,77.66000366210938,ETF
2025-04-16,GOLDBEES.NS,79.2300033569336,ETF
2025-04-17,GOLDBEES.NS,79.52999877929688,ETF
2025-04-18,GOLDBEES.NS,,ETF
2025-04-19,GOLDBEES.NS,,ETF
2025-04-20,GOLDBEES.NS,,ETF
2025-04-21,GOLDBEES.NS,81.06999969482422,ETF
2025-04-22,GOLDBEES.NS,82.9000015258789,ETF
2025-04-23,GOLDBEES.NS,80.38999938964844,ETF
2025-04-24,GOLDBEES.NS,80.51000213623047,ETF
2025-04-25,GOLDBEES.NS,80.02999877929688,ETF
2025-04-26,GOLDBEES.NS,,ETF
2025-04-27,GOLDBEES.NS,,ETF
2025-04-28,GOLDBEES.NS,79.05000305175781,ETF
2025-04-29,GOLDBEES.NS,80.04000091552734,ETF
2025-04-30,GOLDBEES.NS,79.08999633789062,ETF
2025-05-01,GOLDBEES.NS,,ETF
2025-05-02,GOLDBEES.NS,78.37999725341797,ETF
2025-05-03,GOLDBEES.NS,,ETF
2025-05-04,GOLDBEES.NS,,ETF
2025-05-05,GOLDBEES.NS,79.58000183105469,ETF
2025-05-06,GOLDBEES.NS,82.12999725341797,ETF
2025-05-07,GOLDBEES.NS,81.27999877929688,ETF
2025-05-08,GOLDBEES.NS,80.94000244140625,ETF
2025-05-09,GOLDBEES.NS,80.80000305175781,ETF
2025-05-10,GOLDBEES.NS,,ETF
2025-05-11,GOLDBEES.NS,,ETF
2025-05-12,GOLDBEES.NS,77.9800033569336,ETF
2025-05-13,GOLDBEES.NS,79.06999969482422,ETF
2025-05-14,GOLDBEES.NS,78.58000183105469,ETF
2025-05-15,GOLDBEES.NS,77.04000091552734,ETF
2025-05-16,GOLDBEES.NS,77.77999877929688,ETF
2025-05-17,GOLDBEES.NS,,ETF
2025-05-18,GOLDBEES.NS,,ETF
2025-05-19,GOLDBEES.NS,78.31999969482422,ETF
2025-05-20,GOLDBEES.NS,78.19000244140625,ETF
2025-05-21,GOLDBEES.NS,79.5,ETF
2025-05-22,GOLDBEES.NS,79.80999755859375,ETF
2025-05-23,GOLDBEES.NS,79.51000213623047,ETF
2025-05-24,GOLDBEES.NS,,ETF
2025-05-25,GOLDBEES.NS,,ETF
2025-05-26,GOLDBEES.NS,79.7699966430664,ETF
2025-05-27,GOLDBEES.NS,79.55999755859375,ETF
2025-05-28,GOLDBEES.NS,80.05999755859375,ETF
2025-05-29,GOLDBEES.NS,79.0999984741211,ETF
2025-05-30,GOLDBEES.NS,79.48999786376953,ETF
2025-05-31,GOLDBEES.NS,,ETF
2025-06-01,GOLDBEES.NS,,ETF
2025-06-02,GOLDBEES.NS,80.5199966430664,ETF
2025-06-03,GOLDBEES.NS,80.97000122070312,ETF
2025-06-04,GOLDBEES.NS,81.30999755859375,ETF
2025-06-05,GOLDBEES.NS,81.7300033569336,ETF
2025-06-06,GOLDBEES.NS,81.2300033569336,ETF
2025-06-07,GOLDBEES.NS,,ETF
2025-06-08,GOLDBEES.NS,,ETF
2025-06-09,GOLDBEES.NS,80.4800033569336,ETF
2025-06-10,GOLDBEES.NS,80.61000061035156,ETF
2025-06-11,GOLDBEES.NS,80.76000213623047,ETF
2025-06-12,GOLDBEES.NS,81.38999938964844,ETF
2025-06-13,GOLDBEES.NS,83.12999725341797,ETF
2025-06-14,GOLDBEES.NS,,ETF
2025-06-15,GOLDBEES.NS,,ETF
2025-06-16,GOLDBEES.NS,83.08999633789062,ETF
2025-06-17,GOLDBEES.NS,82.55999755859375,ETF
2025-06-18,GOLDBEES.NS,82.79000091552734,ETF
2025-06-19,GOLDBEES.NS,82.79000091552734,ETF
2025-06-20,GOLDBEES.NS,82.2300033569336,ETF
2025-06-21,GOLDBEES.NS,,ETF
2025-06-22,GOLDBEES.NS,,ETF
2025-06-23,GOLDBEES.NS,82.66000366210938,ETF
2025-06-24,GOLDBEES.NS,80.9800033569336,ETF
2025-06-25,GOLDBEES.NS,81.11000061035156,ETF
2025-06-26,GOLDBEES.NS,81.12000274658203,ETF
2025-06-27,GOLDBEES.NS,79.80999755859375,ETF
2025-06-28,GOLDBEES.NS,,ETF
2025-06-29,GOLDBEES.NS,,ETF
2025-06-30,GOLDBEES.NS,79.98999786376953,ETF
2025-07-01,GOLDBEES.NS,81.05000305175781,ETF
2025-07-02,GOLDBEES.NS,81.11000061035156,ETF
2025-07-03,GOLDBEES.NS,81.01000213623047,ETF
2025-07-04,GOLDBEES.NS,80.88999938964844,ETF
2025-07-05,GOLDBEES.NS,,ETF
2025-07-06,GOLDBEES.NS,,ETF
2025-07-07,GOLDBEES.NS,80.52999877929688,ETF
2025-07-08,GOLDBEES.NS,80.77999877929688,ETF
2025-07-09,GOLDBEES.NS,80.02999877929688,ETF
2025-07-10,GOLDBEES.NS,80.70999908447266,ETF
2025-07-11,GOLDBEES.NS,81.1500015258789,ETF
2025-07-12,GOLDBEES.NS,,ETF
2025-07-13,GOLDBEES.NS,,ETF
2025-07-14,GOLDBEES.NS,81.87999725341797,ETF
2025-07-15,GOLDBEES.NS,81.66999816894531,ETF
2025-07-16,GOLDBEES.NS,81.3499984741211,ETF
2025-07-17,GOLDBEES.NS,81.16000366210938,ETF
2025-07-18,GOLDBEES.NS,81.7300033569336,ETF
2025-07-19,GOLDBEES.NS,,ETF
2025-07-20,GOLDBEES.NS,,ETF
2025-07-21,GOLDBEES.NS,82.12999725341797,ETF
2025-07-22,GOLDBEES.NS,82.7699966430664,ETF
2025-07-23,GOLDBEES.NS,83.75,ETF
2025-07-24,GOLDBEES.NS,82.30000305175781,ETF
2025-07-25,GOLDBEES.NS,82.0999984741211,ETF
2025-07-26,GOLDBEES.NS,,ETF
2025-07-27,GOLDBEES.NS,,ETF
2025-07-28,GOLDBEES.NS,82.02999877929688,ETF
2025-07-29,GOLDBEES.NS,81.91000366210938,ETF
2025-07-30,GOLDBEES.NS,82.38999938964844,ETF
2025-07-31,GOLDBEES.NS,82.19999694824219,ETF
2025-08-01,GOLDBEES.NS,81.94999694824219,ETF
2025-08-02,GOLDBEES.NS,,ETF
2025-08-03,GOLDBEES.NS,,ETF
2025-08-04,GOLDBEES.NS,83.2300033569336,ETF
2025-08-05,GOLDBEES.NS,83.61000061035156,ETF
2025-08-06,GOLDBEES.NS,83.44000244140625,ETF
2025-08-07,GOLDBEES.NS,83.94000244140625,ETF
2025-08-08,GOLDBEES.NS,84.36000061035156,ETF
2025-08-09,GOLDBEES.NS,,ETF
2025-08-10,GOLDBEES.NS,,ETF
2025-08-11,GOLDBEES.NS,83.2300033569336,ETF
2025-08-12,GOLDBEES.NS,82.9800033569336,ETF
2025-08-13,GOLDBEES.NS,83.19000244140625,ETF
2025-08-14,GOLDBEES.NS,83.13999938964844,ETF
2025-08-15,GOLDBEES.NS,,ETF
2025-08-16,GOLDBEES.NS,,ETF
2025-08-17,GOLDBEES.NS,,ETF
2025-08-18,GOLDBEES.NS,82.75,ETF
2025-08-19,GOLDBEES.NS,82.30999755859375,ETF
2025-08-20,GOLDBEES.NS,82.08000183105469,ETF
2025-08-21,GOLDBEES.NS,82.55000305175781,ETF
2025-08-22,GOLDBEES.NS,82.62000274658203,ETF
2025-08-23,GOLDBEES.NS,,ETF
2025-08-24,GOLDBEES.NS,,ETF
2025-08-25,GOLDBEES.NS,83.5,ETF
2025-08-26,GOLDBEES.NS,83.83000183105469,ETF
2025-08-27,GOLDBEES.NS,,ETF
2025-08-28,GOLDBEES.NS,84.41999816894531,ETF
2025-08-29,GOLDBEES.NS,85.33999633789062,ETF
2025-08-30,GOLDBEES.NS,,ETF
2025-08-31,GOLDBEES.NS,,ETF
2025-09-01,GOLDBEES.NS,86.61000061035156,ETF
2025-09-02,GOLDBEES.NS,86.61000061035156,ETF
2025-09-03,GOLDBEES.NS,87.87999725341797,ETF
2025-09-04,GOLDBEES.NS,88.16000366210938,ETF
2025-09-05,GOLDBEES.NS,88.6500015258789,ETF
2025-09-06,GOLDBEES.NS,,ETF
2025-09-07,GOLDBEES.NS,,ETF
2025-09-08,GOLDBEES.NS,89.9800033569336,ETF
2025-09-09,GOLDBEES.NS,91.16999816894531,ETF
2025-09-10,GOLDBEES.NS,90.9000015258789,ETF
2025-09-11,GOLDBEES.NS,90.62000274658203,ETF
2025-09-12,GOLDBEES.NS,91.26000213623047,ETF
2025-09-13,GOLDBEES.NS,,ETF
2025-09-14,GOLDBEES.NS,,ETF
2025-09-15,GOLDBEES.NS,90.91999816894531,ETF
2025-09-16,GOLDBEES.NS,92.2699966430664,ETF
2025-09-17,GOLDBEES.NS,91.25,ETF
2025-09-18,GOLDBEES.NS,91.5999984741211,ETF
2025-09-19,GOLDBEES.NS,91.29000091552734,ETF
2025-09-20,GOLDBEES.NS,,ETF
2025-09-21,GOLDBEES.NS,,ETF
2025-09-22,GOLDBEES.NS,93.13999938964844,ETF
2025-09-23,GOLDBEES.NS,95.12999725341797,ETF
2025-09-24,GOLDBEES.NS,94.63999938964844,ETF
2025-09-25,GOLDBEES.NS,94.43000030517578,ETF
2025-09-26,GOLDBEES.NS,94.22000122070312,ETF
2025-09-27,GOLDBEES.NS,,ETF
2025-09-28,GOLDBEES.NS,,ETF
2025-09-29,GOLDBEES.NS,95.9000015258789,ETF
2025-09-30,GOLDBEES.NS,95.8499984741211,ETF
2025-10-01,GOLDBEES.NS,97.62999725341797,ETF
2025-10-02,GOLDBEES.NS,,ETF
2025-10-03,GOLDBEES.NS,97.06999969482422,ETF
2025-10-04,GOLDBEES.NS,,ETF
2025-10-05,GOLDBEES.NS,,ETF
2025-10-06,GOLDBEES.NS,99.22000122070312,ETF
2025-10-07,GOLDBEES.NS,99.66000366210938,ETF
2025-10-08,GOLDBEES.NS,101.69000244140625,ETF
2025-10-09,GOLDBEES.NS,101.47000122070312,ETF
2025-10-10,GOLDBEES.NS,100.66999816894531,ETF
2025-10-11,GOLDBEES.NS,,ETF
2025-10-12,GOLDBEES.NS,,ETF
2025-10-13,GOLDBEES.NS,102.6500015258789,ETF
2025-10-14,GOLDBEES.NS,105.08999633789062,ETF
2025-10-15,GOLDBEES.NS,105.29000091552734,ETF
2025-10-16,GOLDBEES.NS,105.37000274658203,ETF
2025-10-17,GOLDBEES.NS,108.11000061035156,ETF
2025-10-18,GOLDBEES.NS,,ETF
2025-10-19,GOLDBEES.NS,,ETF
2025-10-20,GOLDBEES.NS,105.13999938964844,ETF
2025-10-21,GOLDBEES.NS,105.69000244140625,ETF
2025-10-22,GOLDBEES.NS,,ETF
2025-10-23,GOLDBEES.NS,101.69999694824219,ETF
2025-10-24,GOLDBEES.NS,,ETF
2025-10-25,GOLDBEES.NS,,ETF
2025-10-26,GOLDBEES.NS,,ETF
2025-10-27,GOLDBEES.NS,100.13999938964844,ETF
2025-10-28,GOLDBEES.NS,96.83999633789062,ETF
2025-10-29,GOLDBEES.NS,99.94999694824219,ETF
2025-10-30,GOLDBEES.NS,99.68000030517578,ETF
2025-10-31,GOLDBEES.NS,100.0199966430664,ETF
2025-11-01,GOLDBEES.NS,,ETF
2025-11-02,GOLDBEES.NS,,ETF
2025-11-03,GOLDBEES.NS,100.05000305175781,ETF
2025-11-04,GOLDBEES.NS,99.80000305175781,ETF
2025-11-05,GOLDBEES.NS,,ETF
2025-11-06,GOLDBEES.NS,100.06999969482422,ETF
2025-11-07,GOLDBEES.NS,99.94000244140625,ETF
2025-11-08,GOLDBEES.NS,,ETF
2025-11-09,GOLDBEES.NS,,ETF
2025-11-10,GOLDBEES.NS,101.69999694824219,ETF
2025-11-11,GOLDBEES.NS,103.29000091552734,ETF
2025-11-12,GOLDBEES.NS,102.69000244140625,ETF
2025-11-13,GOLDBEES.NS,105.37000274658203,ETF
2025-11-14,GOLDBEES.NS,103.80999755859375,ETF
2025-11-15,GOLDBEES.NS,,ETF
2025-11-16,GOLDBEES.NS,,ETF
2025-11-17,GOLDBEES.NS,101.94000244140625,ETF
2025-11-18,GOLDBEES.NS,100.91000366210938,ETF
2025-11-19,GOLDBEES.NS,102.2300033569336,ETF
2025-11-20,GOLDBEES.NS,101.55000305175781,ETF
2025-11-21,GOLDBEES.NS,102.0,ETF
2025-11-22,GOLDBEES.NS,,ETF
2025-11-23,GOLDBEES.NS,,ETF
2025-11-24,GOLDBEES.NS,102.2300033569336,ETF
2025-11-25,GOLDBEES.NS,103.45999908447266,ETF
2025-11-26,GOLDBEES.NS,104.18000030517578,ETF
2025-11-27,GOLDBEES.NS,104.11000061035156,ETF
2025-11-28,GOLDBEES.NS,104.62000274658203,ETF
2025-11-29,GOLDBEES.NS,,ETF
2025-11-30,GOLDBEES.NS,,ETF
2025-12-01,GOLDBEES.NS,106.72000122070312,ETF
2025-12-02,GOLDBEES.NS,105.62999725341797,ETF
2025-12-03,GOLDBEES.NS,106.51000213623047,ETF
2025-12-04,GOLDBEES.NS,105.91999816894531,ETF
2025-12-05,GOLDBEES.NS,106.88999938964844,ETF
2025-12-06,GOLDBEES.NS,,ETF
2025-12-07,GOLDBEES.NS,,ETF
2025-12-08,GOLDBEES.NS,106.8499984741211,ETF
2025-12-09,GOLDBEES.NS,106.27999877929688,ETF
2025-12-10,GOLDBEES.NS,106.2300033569336,ETF
2025-12-11,GOLDBEES.NS,107.1500015258789,ETF
2025-12-12,GOLDBEES.NS,109.61000061035156,ETF
2025-12-13,GOLDBEES.NS,,ETF
2025-12-14,GOLDBEES.NS,,ETF
2025-12-15,GOLDBEES.NS,110.94999694824219,ETF
2025-12-16,GOLDBEES.NS,109.55999755859375,ETF
2025-12-17,GOLDBEES.NS,109.98999786376953,ETF
2025-12-18,GOLDBEES.NS,109.87999725341797,ETF
2025-12-19,GOLDBEES.NS,109.81999969482422,ETF
2025-12-20,GOLDBEES.NS,,ETF
2025-12-21,GOLDBEES.NS,,ETF
2025-12-22,GOLDBEES.NS,111.38999938964844,ETF
2025-12-23,GOLDBEES.NS,113.0999984741211,ETF
2025-12-24,GOLDBEES.NS,113.20999908447266,ETF
2025-12-25,GOLDBEES.NS,,ETF
2025-12-26,GOLDBEES.NS,114.30999755859375,ETF
2025-12-27,GOLDBEES.NS,,ETF
2025-12-28,GOLDBEES.NS,,ETF
2025-12-29,GOLDBEES.NS,113.02999877929688,ETF
2025-12-30,GOLDBEES.NS,111.16999816894531,ETF
2025-12-31,GOLDBEES.NS,110.11000061035156,ETF
2026-01-01,GOLDBEES.NS,110.5199966430664,ETF
2026-01-02,GOLDBEES.NS,111.81999969482422,ETF
2026-01-03,GOLDBEES.NS,,ETF
2026-01-04,GOLDBEES.NS,,ETF
2026-01-05,GOLDBEES.NS,112.91999816894531,ETF
2026-01-06,GOLDBEES.NS,113.13999938964844,ETF
2026-01-07,GOLDBEES.NS,112.91000366210938,ETF
2026-01-08,GOLDBEES.NS,112.29000091552734,ETF
2026-01-09,GOLDBEES.NS,113.61000061035156,ETF
2026-01-10,GOLDBEES.NS,,ETF
2026-01-11,GOLDBEES.NS,,ETF
2026-01-12,GOLDBEES.NS,116.76000213623047,ETF
2026-01-13,GOLDBEES.NS,116.37000274658203,ETF
2026-01-14,GOLDBEES.NS,118.01000213623047,ETF
2026-01-15,GOLDBEES.NS,118.01000213623047,ETF
2026-01-16,GOLDBEES.NS,117.77999877929688,ETF
2026-01-17,GOLDBEES.NS,,ETF
2026-01-18,GOLDBEES.NS,,ETF
2026-01-19,GOLDBEES.NS,121.0999984741211,ETF
2026-01-20,GOLDBEES.NS,125.86000061035156,ETF
2026-01-21,GOLDBEES.NS,134.97000122070312,ETF
2026-01-22,GOLDBEES.NS,124.33999633789062,ETF
2026-01-23,GOLDBEES.NS,127.41999816894531,ETF
2026-01-24,GOLDBEES.NS,,ETF
2026-01-25,GOLDBEES.NS,,ETF
2026-01-26,GOLDBEES.NS,,ETF
2026-01-27,GOLDBEES.NS,131.4499969482422,ETF
2026-01-28,GOLDBEES.NS,135.82000732421875,ETF
2026-01-29,GOLDBEES.NS,146.52999877929688,ETF
2026-01-30,GOLDBEES.NS,131.1199951171875,ETF
2026-01-31,GOLDBEES.NS,,ETF
2026-02-01,GOLDBEES.NS,,ETF
2026-02-02,GOLDBEES.NS,118.66999816894531,ETF
2026-02-03,GOLDBEES.NS,125.19999694824219,ETF
2026-02-04,GOLDBEES.NS,129.60000610351562,ETF
2026-02-05,GOLDBEES.NS,125.22000122070312,ETF
2026-02-06,GOLDBEES.NS,125.04000091552734,ETF
2026-02-07,GOLDBEES.NS,,ETF
2026-02-08,GOLDBEES.NS,,ETF
2026-02-09,GOLDBEES.NS,127.9800033569336,ETF
2026-02-10,GOLDBEES.NS,128.33999633789062,ETF
2026-02-11,GOLDBEES.NS,128.6999969482422,ETF
2026-02-12,GOLDBEES.NS,128.52000427246094,ETF
2026-02-13,GOLDBEES.NS,126.0999984741211,ETF
2026-02-14,GOLDBEES.NS,,ETF
2026-02-15,GOLDBEES.NS,,ETF
2026-02-16,GOLDBEES.NS,126.91999816894531,ETF
2026-02-17,GOLDBEES.NS,124.58000183105469,ETF
2026-02-18,GOLDBEES.NS,124.63999938964844,ETF
2026-02-19,GOLDBEES.NS,127.08999633789062,ETF
2026-02-20,GOLDBEES.NS,127.54000091552734,ETF
2026-02-21,GOLDBEES.NS,,ETF
2026-02-22,GOLDBEES.NS,,ETF
2026-02-23,GOLDBEES.NS,130.0,ETF
2026-02-24,GOLDBEES.NS,131.22000122070312,ETF
2026-02-25,GOLDBEES.NS,131.69000244140625,ETF
2026-02-26,GOLDBEES.NS,130.47999572753906,ETF
2026-02-27,GOLDBEES.NS,131.60000610351562,ETF
2026-02-28,GOLDBEES.NS,,ETF
2026-03-01,GOLDBEES.NS,,ETF
2026-03-02,GOLDBEES.NS,138.32000732421875,ETF
2026-03-03,GOLDBEES.NS,,ETF
2026-03-04,GOLDBEES.NS,133.9600067138672,ETF
2026-03-05,GOLDBEES.NS,132.24000549316406,ETF
2026-03-06,GOLDBEES.NS,130.82000732421875,ETF
2026-03-07,GOLDBEES.NS,,ETF
2026-03-08,GOLDBEES.NS,,ETF
2026-03-09,GOLDBEES.NS,131.35000610351562,ETF
2026-03-10,GOLDBEES.NS,132.1999969482422,ETF
2026-03-11,GOLDBEES.NS,132.7100067138672,ETF
2026-03-12,GOLDBEES.NS,132.42999267578125,ETF
2026-03-13,GOLDBEES.NS,130.32000732421875,ETF
2026-03-14,GOLDBEES.NS,,ETF
2026-03-15,GOLDBEES.NS,,ETF
2026-03-16,GOLDBEES.NS,127.22000122070312,ETF
2026-03-17,GOLDBEES.NS,128.22000122070312,ETF
2026-03-18,GOLDBEES.NS,127.91000366210938,ETF
2026-03-19,GOLDBEES.NS,121.31999969482422,ETF
2026-03-20,GOLDBEES.NS,121.05999755859375,ETF
2026-03-21,GOLDBEES.NS,,ETF
2026-03-22,GOLDBEES.NS,,ETF
2026-03-23,GOLDBEES.NS,110.72000122070312,ETF
2026-03-24,GOLDBEES.NS,115.48999786376953,ETF
2026-03-25,GOLDBEES.NS,119.29000091552734,ETF
2026-03-26,GOLDBEES.NS,,ETF
2026-03-27,GOLDBEES.NS,117.52999877929688,ETF
2026-03-28,GOLDBEES.NS,,ETF
2026-03-29,GOLDBEES.NS,,ETF
2026-03-30,GOLDBEES.NS,121.19000244140625,ETF
2026-03-31,GOLDBEES.NS,,ETF
2026-04-01,GOLDBEES.NS,123.37000274658203,ETF
2026-04-02,GOLDBEES.NS,120.58000183105469,ETF
2026-04-03,GOLDBEES.NS,,ETF
2026-04-04,GOLDBEES.NS,,ETF
2026-04-05,GOLDBEES.NS,,ETF
2026-04-06,GOLDBEES.NS,122.80999755859375,ETF
2026-04-07,GOLDBEES.NS,121.77999877929688,ETF
2026-04-08,GOLDBEES.NS,124.38999938964844,ETF
2026-04-09,GOLDBEES.NS,123.20999908447266,ETF
2026-04-10,GOLDBEES.NS,123.48999786376953,ETF
2026-04-11,GOLDBEES.NS,,ETF
2026-04-12,GOLDBEES.NS,,ETF
2026-04-13,GOLDBEES.NS,123.76000213623047,ETF
2026-04-14,GOLDBEES.NS,,ETF
2026-04-15,GOLDBEES.NS,125.05999755859375,ETF
2026-04-16,GOLDBEES.NS,125.61000061035156,ETF
2026-04-17,GOLDBEES.NS,124.80000305175781,ETF
2026-04-18,GOLDBEES.NS,,ETF
2026-04-19,GOLDBEES.NS,,ETF
2026-04-20,GOLDBEES.NS,125.0,ETF
2026-04-21,GOLDBEES.NS,125.22000122070312,ETF
2026-04-22,GOLDBEES.NS,124.98999786376953,ETF
2026-04-23,GOLDBEES.NS,124.08000183105469,ETF
2026-04-24,GOLDBEES.NS,123.94000244140625,ETF
2026-04-25,GOLDBEES.NS,,ETF
2026-04-26,GOLDBEES.NS,,ETF
2026-04-27,GOLDBEES.NS,124.25,ETF
2026-04-28,GOLDBEES.NS,122.68000030517578,ETF
2026-04-29,GOLDBEES.NS,121.58000183105469,ETF
2026-04-30,GOLDBEES.NS,123.43000030517578,ETF
2026-05-01,GOLDBEES.NS,123.43000030517578,ETF
2026-05-02,GOLDBEES.NS,,ETF
2026-05-03,GOLDBEES.NS,,ETF
2026-05-04,GOLDBEES.NS,122.37999725341797,ETF
2026-05-05,GOLDBEES.NS,122.16000366210938,ETF
2026-05-06,GOLDBEES.NS,124.0199966430664,ETF
2026-05-07,GOLDBEES.NS,124.47000122070312,ETF
2026-05-08,GOLDBEES.NS,124.30999755859375,ETF
2026-05-09,GOLDBEES.NS,,ETF
2026-05-10,GOLDBEES.NS,,ETF
2026-05-11,GOLDBEES.NS,123.2300033569336,ETF
2026-05-12,GOLDBEES.NS,124.61000061035156,ETF
2026-05-13,GOLDBEES.NS,131.74000549316406,ETF
2026-05-14,GOLDBEES.NS,131.77999877929688,ETF
2026-05-15,GOLDBEES.NS,129.41000366210938,ETF
2026-05-16,GOLDBEES.NS,,ETF
2026-05-17,GOLDBEES.NS,,ETF
2026-05-18,GOLDBEES.NS,129.6999969482422,ETF
2026-05-19,GOLDBEES.NS,130.63999938964844,ETF
2026-05-20,GOLDBEES.NS,130.1999969482422,ETF
2026-05-21,GOLDBEES.NS,130.74000549316406,ETF
2026-05-22,GOLDBEES.NS,130.5,ETF
2026-05-23,GOLDBEES.NS,,ETF
2026-05-24,GOLDBEES.NS,,ETF
2026-05-25,GOLDBEES.NS,130.50999450683594,ETF
2026-05-26,GOLDBEES.NS,129.5800018310547,ETF
2026-05-27,GOLDBEES.NS,129.0399932861328,ETF
2026-05-28,GOLDBEES.NS,129.0399932861328,ETF
2026-05-29,GOLDBEES.NS,128.64999389648438,ETF
2026-05-30,GOLDBEES.NS,,ETF
2026-05-31,GOLDBEES.NS,,ETF
2026-06-01,GOLDBEES.NS,127.48999786376953,ETF
2026-06-02,GOLDBEES.NS,128.6699981689453,ETF
2023-01-01,HDFCBANK.NS,,Equity
2023-01-02,HDFCBANK.NS,783.6778564453125,Equity
2023-01-03,HDFCBANK.NS,788.8023681640625,Equity
2023-01-04,HDFCBANK.NS,774.7041625976562,Equity
2023-01-05,HDFCBANK.NS,769.7240600585938,Equity
2023-01-06,HDFCBANK.NS,767.1738891601562,Equity
2023-01-07,HDFCBANK.NS,,Equity
2023-01-08,HDFCBANK.NS,,Equity
2023-01-09,HDFCBANK.NS,768.6654663085938,Equity
2023-01-10,HDFCBANK.NS,754.6154174804688,Equity
2023-01-11,HDFCBANK.NS,765.4898071289062,Equity
2023-01-12,HDFCBANK.NS,769.5797729492188,Equity
2023-01-13,HDFCBANK.NS,770.1812133789062,Equity
2023-01-14,HDFCBANK.NS,,Equity
2023-01-15,HDFCBANK.NS,,Equity
2023-01-16,HDFCBANK.NS,762.7952270507812,Equity
2023-01-17,HDFCBANK.NS,774.1508178710938,Equity
2023-01-18,HDFCBANK.NS,787.81591796875,Equity
2023-01-19,HDFCBANK.NS,791.087890625,Equity
2023-01-20,HDFCBANK.NS,799.1954956054688,Equity
2023-01-21,HDFCBANK.NS,,Equity
2023-01-22,HDFCBANK.NS,,Equity
2023-01-23,HDFCBANK.NS,805.041748046875,Equity
2023-01-24,HDFCBANK.NS,815.8198852539062,Equity
2023-01-25,HDFCBANK.NS,793.2772216796875,Equity
2023-01-26,HDFCBANK.NS,,Equity
2023-01-27,HDFCBANK.NS,777.4708862304688,Equity
2023-01-28,HDFCBANK.NS,,Equity
2023-01-29,HDFCBANK.NS,,Equity
2023-01-30,HDFCBANK.NS,776.6769409179688,Equity
2023-01-31,HDFCBANK.NS,771.5524291992188,Equity
2023-02-01,HDFCBANK.NS,783.1245727539062,Equity
2023-02-02,HDFCBANK.NS,771.4802856445312,Equity
2023-02-03,HDFCBANK.NS,798.1610107421875,Equity
2023-02-04,HDFCBANK.NS,,Equity
2023-02-05,HDFCBANK.NS,,Equity
2023-02-06,HDFCBANK.NS,794.7688598632812,Equity
2023-02-07,HDFCBANK.NS,795.9476928710938,Equity
2023-02-08,HDFCBANK.NS,795.8514404296875,Equity
2023-02-09,HDFCBANK.NS,794.19140625,Equity
2023-02-10,HDFCBANK.NS,797.3430786132812,Equity
2023-02-11,HDFCBANK.NS,,Equity
2023-02-12,HDFCBANK.NS,,Equity
2023-02-13,HDFCBANK.NS,797.9445190429688,Equity
2023-02-14,HDFCBANK.NS,805.3304443359375,Equity
2023-02-15,HDFCBANK.NS,803.6945190429688,Equity
2023-02-16,HDFCBANK.NS,800.7833862304688,Equity
2023-02-17,HDFCBANK.NS,796.7656860351562,Equity
2023-02-18,HDFCBANK.NS,,Equity
2023-02-19,HDFCBANK.NS,,Equity
2023-02-20,HDFCBANK.NS,789.2835083007812,Equity
2023-02-21,HDFCBANK.NS,792.2427368164062,Equity
2023-02-22,HDFCBANK.NS,776.700927734375,Equity
2023-02-23,HDFCBANK.NS,771.4321899414062,Equity
2023-02-24,HDFCBANK.NS,764.551513671875,Equity
2023-02-25,HDFCBANK.NS,,Equity
2023-02-26,HDFCBANK.NS,,Equity
2023-02-27,HDFCBANK.NS,766.4521484375,Equity
2023-02-28,HDFCBANK.NS,769.6759643554688,Equity
2023-03-01,HDFCBANK.NS,768.93017578125,Equity
2023-03-02,HDFCBANK.NS,762.38623046875,Equity
2023-03-03,HDFCBANK.NS,777.5189819335938,Equity
2023-03-04,HDFCBANK.NS,,Equity
2023-03-05,HDFCBANK.NS,,Equity
2023-03-06,HDFCBANK.NS,783.0043334960938,Equity
2023-03-07,HDFCBANK.NS,,Equity
2023-03-08,HDFCBANK.NS,784.568115234375,Equity
2023-03-09,HDFCBANK.NS,784.6402587890625,Equity
2023-03-10,HDFCBANK.NS,764.4071655273438,Equity
2023-03-11,HDFCBANK.NS,,Equity
2023-03-12,HDFCBANK.NS,,Equity
2023-03-13,HDFCBANK.NS,754.7357177734375,Equity
2023-03-14,HDFCBANK.NS,752.7147827148438,Equity
2023-03-15,HDFCBANK.NS,741.91259765625,Equity
2023-03-16,HDFCBANK.NS,746.7241821289062,Equity
2023-03-17,HDFCBANK.NS,756.7084350585938,Equity
2023-03-18,HDFCBANK.NS,,Equity
2023-03-19,HDFCBANK.NS,,Equity
2023-03-20,HDFCBANK.NS,751.4637451171875,Equity
2023-03-21,HDFCBANK.NS,759.9803466796875,Equity
2023-03-22,HDFCBANK.NS,758.2241821289062,Equity
2023-03-23,HDFCBANK.NS,752.1373901367188,Equity
2023-03-24,HDFCBANK.NS,750.9345092773438,Equity
2023-03-25,HDFCBANK.NS,,Equity
2023-03-26,HDFCBANK.NS,,Equity
2023-03-27,HDFCBANK.NS,754.2063598632812,Equity
2023-03-28,HDFCBANK.NS,760.3412475585938,Equity
2023-03-29,HDFCBANK.NS,763.9981689453125,Equity
2023-03-30,HDFCBANK.NS,,Equity
2023-03-31,HDFCBANK.NS,774.4635620117188,Equity
2023-04-01,HDFCBANK.NS,,Equity
2023-04-02,HDFCBANK.NS,,Equity
2023-04-03,HDFCBANK.NS,774.9447021484375,Equity
2023-04-04,HDFCBANK.NS,,Equity
2023-04-05,HDFCBANK.NS,795.7311401367188,Equity
2023-04-06,HDFCBANK.NS,801.7938842773438,Equity
2023-04-07,HDFCBANK.NS,,Equity
2023-04-08,HDFCBANK.NS,,Equity
2023-04-09,HDFCBANK.NS,,Equity
2023-04-10,HDFCBANK.NS,797.9926147460938,Equity
2023-04-11,HDFCBANK.NS,800.3263549804688,Equity
2023-04-12,HDFCBANK.NS,810.7195434570312,Equity
2023-04-13,HDFCBANK.NS,814.3523559570312,Equity
2023-04-14,HDFCBANK.NS,,Equity
2023-04-15,HDFCBANK.NS,,Equity
2023-04-16,HDFCBANK.NS,,Equity
2023-04-17,HDFCBANK.NS,801.938232421875,Equity
2023-04-18,HDFCBANK.NS,798.5460205078125,Equity
2023-04-19,HDFCBANK.NS,801.4810791015625,Equity
2023-04-20,HDFCBANK.NS,804.46435546875,Equity
2023-04-21,HDFCBANK.NS,805.7635498046875,Equity
2023-04-22,HDFCBANK.NS,,Equity
2023-04-23,HDFCBANK.NS,,Equity
2023-04-24,HDFCBANK.NS,812.2832641601562,Equity
2023-04-25,HDFCBANK.NS,800.7352905273438,Equity
2023-04-26,HDFCBANK.NS,804.416259765625,Equity
2023-04-27,HDFCBANK.NS,808.843017578125,Equity
2023-04-28,HDFCBANK.NS,812.0186157226562,Equity
2023-04-29,HDFCBANK.NS,,Equity
2023-04-30,HDFCBANK.NS,,Equity
2023-05-01,HDFCBANK.NS,,Equity
2023-05-02,HDFCBANK.NS,811.850341796875,Equity
2023-05-03,HDFCBANK.NS,814.689208984375,Equity
2023-05-04,HDFCBANK.NS,831.3616943359375,Equity
2023-05-05,HDFCBANK.NS,782.2103881835938,Equity
2023-05-06,HDFCBANK.NS,,Equity
2023-05-07,HDFCBANK.NS,,Equity
2023-05-08,HDFCBANK.NS,791.2562866210938,Equity
2023-05-09,HDFCBANK.NS,791.2803955078125,Equity
2023-05-10,HDFCBANK.NS,794.937255859375,Equity
2023-05-11,HDFCBANK.NS,795.466552734375,Equity
2023-05-12,HDFCBANK.NS,802.4916381835938,Equity
2023-05-13,HDFCBANK.NS,,Equity
2023-05-14,HDFCBANK.NS,,Equity
2023-05-15,HDFCBANK.NS,806.3409423828125,Equity
2023-05-16,HDFCBANK.NS,801.7174682617188,Equity
2023-05-17,HDFCBANK.NS,797.4102172851562,Equity
2023-05-18,HDFCBANK.NS,800.5980224609375,Equity
2023-05-19,HDFCBANK.NS,801.5227661132812,Equity
2023-05-20,HDFCBANK.NS,,Equity
2023-05-21,HDFCBANK.NS,,Equity
2023-05-22,HDFCBANK.NS,798.6755981445312,Equity
2023-05-23,HDFCBANK.NS,796.8018798828125,Equity
2023-05-24,HDFCBANK.NS,786.3868408203125,Equity
2023-05-25,HDFCBANK.NS,783.3693237304688,Equity
2023-05-26,HDFCBANK.NS,786.3868408203125,Equity
2023-05-27,HDFCBANK.NS,,Equity
2023-05-28,HDFCBANK.NS,,Equity
2023-05-29,HDFCBANK.NS,795.9744873046875,Equity
2023-05-30,HDFCBANK.NS,796.5828857421875,Equity
2023-05-31,HDFCBANK.NS,783.9777221679688,Equity
2023-06-01,HDFCBANK.NS,780.6439208984375,Equity
2023-06-02,HDFCBANK.NS,781.8606567382812,Equity
2023-06-03,HDFCBANK.NS,,Equity
2023-06-04,HDFCBANK.NS,,Equity
2023-06-05,HDFCBANK.NS,780.838623046875,Equity
2023-06-06,HDFCBANK.NS,778.4052124023438,Equity
2023-06-07,HDFCBANK.NS,782.4446411132812,Equity
2023-06-08,HDFCBANK.NS,782.9312744140625,Equity
2023-06-09,HDFCBANK.NS,783.8560791015625,Equity
2023-06-10,HDFCBANK.NS,,Equity
2023-06-11,HDFCBANK.NS,,Equity
2023-06-12,HDFCBANK.NS,779.0865478515625,Equity
2023-06-13,HDFCBANK.NS,780.4005126953125,Equity
2023-06-14,HDFCBANK.NS,779.548828125,Equity
2023-06-15,HDFCBANK.NS,769.961181640625,Equity
2023-06-16,HDFCBANK.NS,780.0355224609375,Equity
2023-06-17,HDFCBANK.NS,,Equity
2023-06-18,HDFCBANK.NS,,Equity
2023-06-19,HDFCBANK.NS,780.7169799804688,Equity
2023-06-20,HDFCBANK.NS,782.3473510742188,Equity
2023-06-21,HDFCBANK.NS,796.023193359375,Equity
2023-06-22,HDFCBANK.NS,799.9166870117188,Equity
2023-06-23,HDFCBANK.NS,799.8680419921875,Equity
2023-06-24,HDFCBANK.NS,,Equity
2023-06-25,HDFCBANK.NS,,Equity
2023-06-26,HDFCBANK.NS,795.9988403320312,Equity
2023-06-27,HDFCBANK.NS,807.2169799804688,Equity
2023-06-28,HDFCBANK.NS,815.7583618164062,Equity
2023-06-29,HDFCBANK.NS,,Equity
2023-06-30,HDFCBANK.NS,828.047119140625,Equity
2023-07-01,HDFCBANK.NS,,Equity
2023-07-02,HDFCBANK.NS,,Equity
2023-07-03,HDFCBANK.NS,837.002197265625,Equity
2023-07-04,HDFCBANK.NS,841.0902709960938,Equity
2023-07-05,HDFCBANK.NS,814.3712158203125,Equity
2023-07-06,HDFCBANK.NS,815.1986694335938,Equity
2023-07-07,HDFCBANK.NS,808.093017578125,Equity
2023-07-08,HDFCBANK.NS,,Equity
2023-07-09,HDFCBANK.NS,,Equity
2023-07-10,HDFCBANK.NS,806.1705932617188,Equity
2023-07-11,HDFCBANK.NS,802.2527465820312,Equity
2023-07-12,HDFCBANK.NS,794.7334594726562,Equity
2023-07-13,HDFCBANK.NS,798.699951171875,Equity
2023-07-14,HDFCBANK.NS,800.354736328125,Equity
2023-07-15,HDFCBANK.NS,,Equity
2023-07-16,HDFCBANK.NS,,Equity
2023-07-17,HDFCBANK.NS,817.0966796875,Equity
2023-07-18,HDFCBANK.NS,816.4153442382812,Equity
2023-07-19,HDFCBANK.NS,820.1141357421875,Equity
2023-07-20,HDFCBANK.NS,821.8905639648438,Equity
2023-07-21,HDFCBANK.NS,815.5636596679688,Equity
2023-07-22,HDFCBANK.NS,,Equity
2023-07-23,HDFCBANK.NS,,Equity
2023-07-24,HDFCBANK.NS,816.8533325195312,Equity
2023-07-25,HDFCBANK.NS,825.7109985351562,Equity
2023-07-26,HDFCBANK.NS,822.8395385742188,Equity
2023-07-27,HDFCBANK.NS,814.2982177734375,Equity
2023-07-28,HDFCBANK.NS,799.8680419921875,Equity
2023-07-29,HDFCBANK.NS,,Equity
2023-07-30,HDFCBANK.NS,,Equity
2023-07-31,HDFCBANK.NS,803.615478515625,Equity
2023-08-01,HDFCBANK.NS,808.993408203125,Equity
2023-08-02,HDFCBANK.NS,798.407958984375,Equity
2023-08-03,HDFCBANK.NS,792.6407470703125,Equity
2023-08-04,HDFCBANK.NS,804.1021728515625,Equity
2023-08-05,HDFCBANK.NS,,Equity
2023-08-06,HDFCBANK.NS,,Equity
2023-08-07,HDFCBANK.NS,803.6398315429688,Equity
2023-08-08,HDFCBANK.NS,802.9828491210938,Equity
2023-08-09,HDFCBANK.NS,803.2747802734375,Equity
2023-08-10,HDFCBANK.NS,796.1448364257812,Equity
2023-08-11,HDFCBANK.NS,787.846923828125,Equity
2023-08-12,HDFCBANK.NS,,Equity
2023-08-13,HDFCBANK.NS,,Equity
2023-08-14,HDFCBANK.NS,784.0021362304688,Equity
2023-08-15,HDFCBANK.NS,,Equity
2023-08-16,HDFCBANK.NS,781.714599609375,Equity
2023-08-17,HDFCBANK.NS,777.3831787109375,Equity
2023-08-18,HDFCBANK.NS,774.1953125,Equity
2023-08-19,HDFCBANK.NS,,Equity
2023-08-20,HDFCBANK.NS,,Equity
2023-08-21,HDFCBANK.NS,773.5869750976562,Equity
2023-08-22,HDFCBANK.NS,770.2774658203125,Equity
2023-08-23,HDFCBANK.NS,772.1755981445312,Equity
2023-08-24,HDFCBANK.NS,768.622802734375,Equity
2023-08-25,HDFCBANK.NS,759.9597778320312,Equity
2023-08-26,HDFCBANK.NS,,Equity
2023-08-27,HDFCBANK.NS,,Equity
2023-08-28,HDFCBANK.NS,767.868408203125,Equity
2023-08-29,HDFCBANK.NS,773.976318359375,Equity
2023-08-30,HDFCBANK.NS,768.3307495117188,Equity
2023-08-31,HDFCBANK.NS,764.80224609375,Equity
2023-09-01,HDFCBANK.NS,766.384033203125,Equity
2023-09-02,HDFCBANK.NS,,Equity
2023-09-03,HDFCBANK.NS,,Equity
2023-09-04,HDFCBANK.NS,771.1779174804688,Equity
2023-09-05,HDFCBANK.NS,766.4813842773438,Equity
2023-09-06,HDFCBANK.NS,776.507080078125,Equity
2023-09-07,HDFCBANK.NS,783.9777221679688,Equity
2023-09-08,HDFCBANK.NS,790.0856323242188,Equity
2023-09-09,HDFCBANK.NS,,Equity
2023-09-10,HDFCBANK.NS,,Equity
2023-09-11,HDFCBANK.NS,794.173828125,Equity
2023-09-12,HDFCBANK.NS,796.6558837890625,Equity
2023-09-13,HDFCBANK.NS,800.062744140625,Equity
2023-09-14,HDFCBANK.NS,799.5760498046875,Equity
2023-09-15,HDFCBANK.NS,808.7500610351562,Equity
2023-09-16,HDFCBANK.NS,,Equity
2023-09-17,HDFCBANK.NS,,Equity
2023-09-18,HDFCBANK.NS,792.8353881835938,Equity
2023-09-19,HDFCBANK.NS,,Equity
2023-09-20,HDFCBANK.NS,761.0304565429688,Equity
2023-09-21,HDFCBANK.NS,755.9933471679688,Equity
2023-09-22,HDFCBANK.NS,744.4588623046875,Equity
2023-09-23,HDFCBANK.NS,,Equity
2023-09-24,HDFCBANK.NS,,Equity
2023-09-25,HDFCBANK.NS,745.1158447265625,Equity
2023-09-26,HDFCBANK.NS,748.352294921875,Equity
2023-09-27,HDFCBANK.NS,743.0960693359375,Equity
2023-09-28,HDFCBANK.NS,741.5630493164062,Equity
2023-09-29,HDFCBANK.NS,742.8284301757812,Equity
2023-09-30,HDFCBANK.NS,,Equity
2023-10-01,HDFCBANK.NS,,Equity
2023-10-02,HDFCBANK.NS,,Equity
2023-10-03,HDFCBANK.NS,733.9464111328125,Equity
2023-10-04,HDFCBANK.NS,744.41015625,Equity
2023-10-05,HDFCBANK.NS,747.4276123046875,Equity
2023-10-06,HDFCBANK.NS,746.600341796875,Equity
2023-10-07,HDFCBANK.NS,,Equity
2023-10-08,HDFCBANK.NS,,Equity
2023-10-09,HDFCBANK.NS,737.937255859375,Equity
2023-10-10,HDFCBANK.NS,742.1227416992188,Equity
2023-10-11,HDFCBANK.NS,749.3013305664062,Equity
2023-10-12,HDFCBANK.NS,754.2898559570312,Equity
2023-10-13,HDFCBANK.NS,747.4276123046875,Equity
2023-10-14,HDFCBANK.NS,,Equity
2023-10-15,HDFCBANK.NS,,Equity
2023-10-16,HDFCBANK.NS,744.4345092773438,Equity
2023-10-17,HDFCBANK.NS,750.080078125,Equity
2023-10-18,HDFCBANK.NS,739.640625,Equity
2023-10-19,HDFCBANK.NS,737.3045654296875,Equity
2023-10-20,HDFCBANK.NS,741.1250610351562,Equity
2023-10-21,HDFCBANK.NS,,Equity
2023-10-22,HDFCBANK.NS,,Equity
2023-10-23,HDFCBANK.NS,732.9730834960938,Equity
2023-10-24,HDFCBANK.NS,,Equity
2023-10-25,HDFCBANK.NS,728.3252563476562,Equity
2023-10-26,HDFCBANK.NS,712.2159423828125,Equity
2023-10-27,HDFCBANK.NS,715.0143432617188,Equity
2023-10-28,HDFCBANK.NS,,Equity
2023-10-29,HDFCBANK.NS,,Equity
2023-10-30,HDFCBANK.NS,722.7769775390625,Equity
2023-10-31,HDFCBANK.NS,718.591552734375,Equity
2023-11-01,HDFCBANK.NS,717.6181640625,Equity
2023-11-02,HDFCBANK.NS,718.7131958007812,Equity
2023-11-03,HDFCBANK.NS,722.1199951171875,Equity
2023-11-04,HDFCBANK.NS,,Equity
2023-11-05,HDFCBANK.NS,,Equity
2023-11-06,HDFCBANK.NS,727.351806640625,Equity
2023-11-07,HDFCBANK.NS,723.8233032226562,Equity
2023-11-08,HDFCBANK.NS,725.9161376953125,Equity
2023-11-09,HDFCBANK.NS,723.044677734375,Equity
2023-11-10,HDFCBANK.NS,725.8917846679688,Equity
2023-11-11,HDFCBANK.NS,,Equity
2023-11-12,HDFCBANK.NS,,Equity
2023-11-13,HDFCBANK.NS,724.5776977539062,Equity
2023-11-14,HDFCBANK.NS,,Equity
2023-11-15,HDFCBANK.NS,732.1700439453125,Equity
2023-11-16,HDFCBANK.NS,734.0924682617188,Equity
2023-11-17,HDFCBANK.NS,732.5107421875,Equity
2023-11-18,HDFCBANK.NS,,Equity
2023-11-19,HDFCBANK.NS,,Equity
2023-11-20,HDFCBANK.NS,732.5593872070312,Equity
2023-11-21,HDFCBANK.NS,738.7645874023438,Equity
2023-11-22,HDFCBANK.NS,736.136474609375,Equity
2023-11-23,HDFCBANK.NS,740.3950805664062,Equity
2023-11-24,HDFCBANK.NS,745.6511840820312,Equity
2023-11-25,HDFCBANK.NS,,Equity
2023-11-26,HDFCBANK.NS,,Equity
2023-11-27,HDFCBANK.NS,,Equity
2023-11-28,HDFCBANK.NS,743.9722290039062,Equity
2023-11-29,HDFCBANK.NS,758.8160400390625,Equity
2023-11-30,HDFCBANK.NS,758.6456909179688,Equity
2023-12-01,HDFCBANK.NS,756.9910278320312,Equity
2023-12-02,HDFCBANK.NS,,Equity
2023-12-03,HDFCBANK.NS,,Equity
2023-12-04,HDFCBANK.NS,783.2720336914062,Equity
2023-12-05,HDFCBANK.NS,790.2316284179688,Equity
2023-12-06,HDFCBANK.NS,792.22705078125,Equity
2023-12-07,HDFCBANK.NS,793.5167236328125,Equity
2023-12-08,HDFCBANK.NS,804.5888671875,Equity
2023-12-09,HDFCBANK.NS,,Equity
2023-12-10,HDFCBANK.NS,,Equity
2023-12-11,HDFCBANK.NS,803.5181274414062,Equity
2023-12-12,HDFCBANK.NS,795.5364379882812,Equity
2023-12-13,HDFCBANK.NS,793.7357788085938,Equity
2023-12-14,HDFCBANK.NS,803.1044921875,Equity
2023-12-15,HDFCBANK.NS,806.2192993164062,Equity
2023-12-16,HDFCBANK.NS,,Equity
2023-12-17,HDFCBANK.NS,,Equity
2023-12-18,HDFCBANK.NS,805.8056030273438,Equity
2023-12-19,HDFCBANK.NS,804.44287109375,Equity
2023-12-20,HDFCBANK.NS,806.4382934570312,Equity
2023-12-21,HDFCBANK.NS,820.8927612304688,Equity
2023-12-22,HDFCBANK.NS,813.1788940429688,Equity
2023-12-23,HDFCBANK.NS,,Equity
2023-12-24,HDFCBANK.NS,,Equity
2023-12-25,HDFCBANK.NS,,Equity
2023-12-26,HDFCBANK.NS,818.824462890625,Equity
2023-12-27,HDFCBANK.NS,828.9718627929688,Equity
2023-12-28,HDFCBANK.NS,829.9208374023438,Equity
2023-12-29,HDFCBANK.NS,831.8676147460938,Equity
2023-12-30,HDFCBANK.NS,,Equity
2023-12-31,HDFCBANK.NS,,Equity
2024-01-01,HDFCBANK.NS,826.4409790039062,Equity
2024-01-02,HDFCBANK.NS,826.9276733398438,Equity
2024-01-03,HDFCBANK.NS,814.176513671875,Equity
2024-01-04,HDFCBANK.NS,822.91259765625,Equity
2024-01-05,HDFCBANK.NS,818.7027587890625,Equity
2024-01-06,HDFCBANK.NS,,Equity
2024-01-07,HDFCBANK.NS,,Equity
2024-01-08,HDFCBANK.NS,809.5773315429688,Equity
2024-01-09,HDFCBANK.NS,803.2747802734375,Equity
2024-01-10,HDFCBANK.NS,805.92724609375,Equity
2024-01-11,HDFCBANK.NS,802.5447998046875,Equity
2024-01-12,HDFCBANK.NS,798.7485961914062,Equity
2024-01-13,HDFCBANK.NS,,Equity
2024-01-14,HDFCBANK.NS,,Equity
2024-01-15,HDFCBANK.NS,814.1278686523438,Equity
2024-01-16,HDFCBANK.NS,817.2183837890625,Equity
2024-01-17,HDFCBANK.NS,748.279296875,Equity
2024-01-18,HDFCBANK.NS,723.2880249023438,Equity
2024-01-19,HDFCBANK.NS,715.744384765625,Equity
2024-01-20,HDFCBANK.NS,,Equity
2024-01-21,HDFCBANK.NS,,Equity
2024-01-22,HDFCBANK.NS,,Equity
2024-01-23,HDFCBANK.NS,694.6708984375,Equity
2024-01-24,HDFCBANK.NS,708.5657348632812,Equity
2024-01-25,HDFCBANK.NS,698.3453979492188,Equity
2024-01-26,HDFCBANK.NS,,Equity
2024-01-27,HDFCBANK.NS,,Equity
2024-01-28,HDFCBANK.NS,,Equity
2024-01-29,HDFCBANK.NS,707.9573974609375,Equity
2024-01-30,HDFCBANK.NS,702.920166015625,Equity
2024-01-31,HDFCBANK.NS,711.8021850585938,Equity
2024-02-01,HDFCBANK.NS,713.651611328125,Equity
2024-02-02,HDFCBANK.NS,703.8206176757812,Equity
2024-02-03,HDFCBANK.NS,,Equity
2024-02-04,HDFCBANK.NS,,Equity
2024-02-05,HDFCBANK.NS,703.1879272460938,Equity
2024-02-06,HDFCBANK.NS,702.8228149414062,Equity
2024-02-07,HDFCBANK.NS,695.9362182617188,Equity
2024-02-08,HDFCBANK.NS,682.844482421875,Equity
2024-02-09,HDFCBANK.NS,683.112060546875,Equity
2024-02-10,HDFCBANK.NS,,Equity
2024-02-11,HDFCBANK.NS,,Equity
2024-02-12,HDFCBANK.NS,676.4931640625,Equity
2024-02-13,HDFCBANK.NS,678.658935546875,Equity
2024-02-14,HDFCBANK.NS,673.597412109375,Equity
2024-02-15,HDFCBANK.NS,688.197998046875,Equity
2024-02-16,HDFCBANK.NS,691.0451049804688,Equity
2024-02-17,HDFCBANK.NS,,Equity
2024-02-18,HDFCBANK.NS,,Equity
2024-02-19,HDFCBANK.NS,689.6823120117188,Equity
2024-02-20,HDFCBANK.NS,707.787109375,Equity
2024-02-21,HDFCBANK.NS,700.413818359375,Equity
2024-02-22,HDFCBANK.NS,690.8748168945312,Equity
2024-02-23,HDFCBANK.NS,691.3857421875,Equity
2024-02-24,HDFCBANK.NS,,Equity
2024-02-25,HDFCBANK.NS,,Equity
2024-02-26,HDFCBANK.NS,692.213134765625,Equity
2024-02-27,HDFCBANK.NS,691.1668090820312,Equity
2024-02-28,HDFCBANK.NS,685.9348754882812,Equity
2024-02-29,HDFCBANK.NS,683.0147705078125,Equity
2024-03-01,HDFCBANK.NS,696.3256225585938,Equity
2024-03-02,HDFCBANK.NS,,Equity
2024-03-03,HDFCBANK.NS,,Equity
2024-03-04,HDFCBANK.NS,697.274658203125,Equity
2024-03-05,HDFCBANK.NS,701.2411499023438,Equity
2024-03-06,HDFCBANK.NS,702.0928344726562,Equity
2024-03-07,HDFCBANK.NS,703.7962646484375,Equity
2024-03-08,HDFCBANK.NS,,Equity
2024-03-09,HDFCBANK.NS,,Equity
2024-03-10,HDFCBANK.NS,,Equity
2024-03-11,HDFCBANK.NS,694.889892578125,Equity
2024-03-12,HDFCBANK.NS,710.3421630859375,Equity
2024-03-13,HDFCBANK.NS,710.755859375,Equity
2024-03-14,HDFCBANK.NS,708.3467407226562,Equity
2024-03-15,HDFCBANK.NS,706.9840698242188,Equity
2024-03-16,HDFCBANK.NS,,Equity
2024-03-17,HDFCBANK.NS,,Equity
2024-03-18,HDFCBANK.NS,703.7719116210938,Equity
2024-03-19,HDFCBANK.NS,705.3779296875,Equity
2024-03-20,HDFCBANK.NS,696.4716186523438,Equity
2024-03-21,HDFCBANK.NS,703.6259155273438,Equity
2024-03-22,HDFCBANK.NS,702.2144775390625,Equity
2024-03-23,HDFCBANK.NS,,Equity
2024-03-24,HDFCBANK.NS,,Equity
2024-03-25,HDFCBANK.NS,,Equity
2024-03-26,HDFCBANK.NS,693.7218017578125,Equity
2024-03-27,HDFCBANK.NS,701.1681518554688,Equity
2024-03-28,HDFCBANK.NS,704.6723022460938,Equity
2024-03-29,HDFCBANK.NS,,Equity
2024-03-30,HDFCBANK.NS,,Equity
2024-03-31,HDFCBANK.NS,,Equity
2024-04-01,HDFCBANK.NS,715.67138671875,Equity
2024-04-02,HDFCBANK.NS,720.367919921875,Equity
2024-04-03,HDFCBANK.NS,721.414306640625,Equity
2024-04-04,HDFCBANK.NS,743.461181640625,Equity
2024-04-05,HDFCBANK.NS,754.1439208984375,Equity
2024-04-06,HDFCBANK.NS,,Equity
2024-04-07,HDFCBANK.NS,,Equity
2024-04-08,HDFCBANK.NS,752.7081909179688,Equity
2024-04-09,HDFCBANK.NS,753.6572265625,Equity
2024-04-10,HDFCBANK.NS,747.7196044921875,Equity
2024-04-11,HDFCBANK.NS,,Equity
2024-04-12,HDFCBANK.NS,739.2512817382812,Equity
2024-04-13,HDFCBANK.NS,,Equity
2024-04-14,HDFCBANK.NS,,Equity
2024-04-15,HDFCBANK.NS,727.4490966796875,Equity
2024-04-16,HDFCBANK.NS,734.530517578125,Equity
2024-04-17,HDFCBANK.NS,,Equity
2024-04-18,HDFCBANK.NS,727.4490966796875,Equity
2024-04-19,HDFCBANK.NS,745.2619018554688,Equity
2024-04-20,HDFCBANK.NS,,Equity
2024-04-21,HDFCBANK.NS,,Equity
2024-04-22,HDFCBANK.NS,735.9661254882812,Equity
2024-04-23,HDFCBANK.NS,733.7274169921875,Equity
2024-04-24,HDFCBANK.NS,735.7227783203125,Equity
2024-04-25,HDFCBANK.NS,735.260498046875,Equity
2024-04-26,HDFCBANK.NS,734.7981567382812,Equity
2024-04-27,HDFCBANK.NS,,Equity
2024-04-28,HDFCBANK.NS,,Equity
2024-04-29,HDFCBANK.NS,744.3858642578125,Equity
2024-04-30,HDFCBANK.NS,739.8109130859375,Equity
2024-05-01,HDFCBANK.NS,,Equity
2024-05-02,HDFCBANK.NS,745.7241821289062,Equity
2024-05-03,HDFCBANK.NS,739.5675659179688,Equity
2024-05-04,HDFCBANK.NS,,Equity
2024-05-05,HDFCBANK.NS,,Equity
2024-05-06,HDFCBANK.NS,741.0520629882812,Equity
2024-05-07,HDFCBANK.NS,733.021728515625,Equity
2024-05-08,HDFCBANK.NS,721.5845947265625,Equity
2024-05-09,HDFCBANK.NS,704.4776000976562,Equity
2024-05-10,HDFCBANK.NS,709.361572265625,Equity
2024-05-11,HDFCBANK.NS,,Equity
2024-05-12,HDFCBANK.NS,,Equity
2024-05-13,HDFCBANK.NS,717.9208984375,Equity
2024-05-14,HDFCBANK.NS,720.7328491210938,Equity
2024-05-15,HDFCBANK.NS,709.6575927734375,Equity
2024-05-16,HDFCBANK.NS,720.3875122070312,Equity
2024-05-17,HDFCBANK.NS,722.286865234375,Equity
2024-05-18,HDFCBANK.NS,,Equity
2024-05-19,HDFCBANK.NS,,Equity
2024-05-20,HDFCBANK.NS,,Equity
2024-05-21,HDFCBANK.NS,719.6721801757812,Equity
2024-05-22,HDFCBANK.NS,719.8695068359375,Equity
2024-05-23,HDFCBANK.NS,736.3468017578125,Equity
2024-05-24,HDFCBANK.NS,748.4827880859375,Equity
2024-05-25,HDFCBANK.NS,,Equity
2024-05-26,HDFCBANK.NS,,Equity
2024-05-27,HDFCBANK.NS,753.6627807617188,Equity
2024-05-28,HDFCBANK.NS,755.0440673828125,Equity
2024-05-29,HDFCBANK.NS,744.0921630859375,Equity
2024-05-30,HDFCBANK.NS,747.3234252929688,Equity
2024-05-31,HDFCBANK.NS,755.5620727539062,Equity
2024-06-01,HDFCBANK.NS,,Equity
2024-06-02,HDFCBANK.NS,,Equity
2024-06-03,HDFCBANK.NS,775.615966796875,Equity
2024-06-04,HDFCBANK.NS,731.6848754882812,Equity
2024-06-05,HDFCBANK.NS,765.5520629882812,Equity
2024-06-06,HDFCBANK.NS,769.4493408203125,Equity
2024-06-07,HDFCBANK.NS,776.1832885742188,Equity
2024-06-08,HDFCBANK.NS,,Equity
2024-06-09,HDFCBANK.NS,,Equity
2024-06-10,HDFCBANK.NS,770.23876953125,Equity
2024-06-11,HDFCBANK.NS,771.9653930664062,Equity
2024-06-12,HDFCBANK.NS,776.5780029296875,Equity
2024-06-13,HDFCBANK.NS,779.8340454101562,Equity
2024-06-14,HDFCBANK.NS,787.8013305664062,Equity
2024-06-15,HDFCBANK.NS,,Equity
2024-06-16,HDFCBANK.NS,,Equity
2024-06-17,HDFCBANK.NS,,Equity
2024-06-18,HDFCBANK.NS,793.1785888671875,Equity
2024-06-19,HDFCBANK.NS,817.869873046875,Equity
2024-06-20,HDFCBANK.NS,823.5431518554688,Equity
2024-06-21,HDFCBANK.NS,821.7672119140625,Equity
2024-06-22,HDFCBANK.NS,,Equity
2024-06-23,HDFCBANK.NS,,Equity
2024-06-24,HDFCBANK.NS,825.0478515625,Equity
2024-06-25,HDFCBANK.NS,844.2631225585938,Equity
2024-06-26,HDFCBANK.NS,839.40380859375,Equity
2024-06-27,HDFCBANK.NS,836.7644653320312,Equity
2024-06-28,HDFCBANK.NS,830.671875,Equity
2024-06-29,HDFCBANK.NS,,Equity
2024-06-30,HDFCBANK.NS,,Equity
2024-07-01,HDFCBANK.NS,841.2290649414062,Equity
2024-07-02,HDFCBANK.NS,853.7597045898438,Equity
2024-07-03,HDFCBANK.NS,872.531005859375,Equity
2024-07-04,HDFCBANK.NS,852.0578002929688,Equity
2024-07-05,HDFCBANK.NS,813.0598754882812,Equity
2024-07-06,HDFCBANK.NS,,Equity
2024-07-07,HDFCBANK.NS,,Equity
2024-07-08,HDFCBANK.NS,806.7698974609375,Equity
2024-07-09,HDFCBANK.NS,807.3372192382812,Equity
2024-07-10,HDFCBANK.NS,802.20654296875,Equity
2024-07-11,HDFCBANK.NS,800.1346435546875,Equity
2024-07-12,HDFCBANK.NS,800.5292358398438,Equity
2024-07-13,HDFCBANK.NS,,Equity
2024-07-14,HDFCBANK.NS,,Equity
2024-07-15,HDFCBANK.NS,800.2332763671875,Equity
2024-07-16,HDFCBANK.NS,799.0739135742188,Equity
2024-07-17,HDFCBANK.NS,,Equity
2024-07-18,HDFCBANK.NS,796.6320190429688,Equity
2024-07-19,HDFCBANK.NS,792.9319458007812,Equity
2024-07-20,HDFCBANK.NS,,Equity
2024-07-21,HDFCBANK.NS,,Equity
2024-07-22,HDFCBANK.NS,810.3218994140625,Equity
2024-07-23,HDFCBANK.NS,798.407958984375,Equity
2024-07-24,HDFCBANK.NS,791.3286743164062,Equity
2024-07-25,HDFCBANK.NS,797.5198974609375,Equity
2024-07-26,HDFCBANK.NS,798.2846069335938,Equity
2024-07-27,HDFCBANK.NS,,Equity
2024-07-28,HDFCBANK.NS,,Equity
2024-07-29,HDFCBANK.NS,791.822021484375,Equity
2024-07-30,HDFCBANK.NS,797.0020141601562,Equity
2024-07-31,HDFCBANK.NS,797.1006469726562,Equity
2024-08-01,HDFCBANK.NS,808.471923828125,Equity
2024-08-02,HDFCBANK.NS,818.51123046875,Equity
2024-08-03,HDFCBANK.NS,,Equity
2024-08-04,HDFCBANK.NS,,Equity
2024-08-05,HDFCBANK.NS,797.1006469726562,Equity
2024-08-06,HDFCBANK.NS,789.922607421875,Equity
2024-08-07,HDFCBANK.NS,800.9239501953125,Equity
2024-08-08,HDFCBANK.NS,810.3958740234375,Equity
2024-08-09,HDFCBANK.NS,814.0958862304688,Equity
2024-08-10,HDFCBANK.NS,,Equity
2024-08-11,HDFCBANK.NS,,Equity
2024-08-12,HDFCBANK.NS,818.9797973632812,Equity
2024-08-13,HDFCBANK.NS,790.9093017578125,Equity
2024-08-14,HDFCBANK.NS,793.1785888671875,Equity
2024-08-15,HDFCBANK.NS,,Equity
2024-08-16,HDFCBANK.NS,805.1665649414062,Equity
2024-08-17,HDFCBANK.NS,,Equity
2024-08-18,HDFCBANK.NS,,Equity
2024-08-19,HDFCBANK.NS,804.895263671875,Equity
2024-08-20,HDFCBANK.NS,807.92919921875,Equity
2024-08-21,HDFCBANK.NS,802.05859375,Equity
2024-08-22,HDFCBANK.NS,804.77197265625,Equity
2024-08-23,HDFCBANK.NS,801.6885986328125,Equity
2024-08-24,HDFCBANK.NS,,Equity
2024-08-25,HDFCBANK.NS,,Equity
2024-08-26,HDFCBANK.NS,809.0392456054688,Equity
2024-08-27,HDFCBANK.NS,807.9539184570312,Equity
2024-08-28,HDFCBANK.NS,807.6332397460938,Equity
2024-08-29,HDFCBANK.NS,808.3485717773438,Equity
2024-08-30,HDFCBANK.NS,807.5346069335938,Equity
2024-08-31,HDFCBANK.NS,,Equity
2024-09-01,HDFCBANK.NS,,Equity
2024-09-02,HDFCBANK.NS,802.6258544921875,Equity
2024-09-03,HDFCBANK.NS,807.7565307617188,Equity
2024-09-04,HDFCBANK.NS,809.9519653320312,Equity
2024-09-05,HDFCBANK.NS,811.7525024414062,Equity
2024-09-06,HDFCBANK.NS,807.5592041015625,Equity
2024-09-07,HDFCBANK.NS,,Equity
2024-09-08,HDFCBANK.NS,,Equity
2024-09-09,HDFCBANK.NS,812.2705688476562,Equity
2024-09-10,HDFCBANK.NS,814.169921875,Equity
2024-09-11,HDFCBANK.NS,810.9879150390625,Equity
2024-09-12,HDFCBANK.NS,822.1865234375,Equity
2024-09-13,HDFCBANK.NS,821.8658447265625,Equity
2024-09-14,HDFCBANK.NS,,Equity
2024-09-15,HDFCBANK.NS,,Equity
2024-09-16,HDFCBANK.NS,824.3324584960938,Equity
2024-09-17,HDFCBANK.NS,823.2718505859375,Equity
2024-09-18,HDFCBANK.NS,836.0985107421875,Equity
2024-09-19,HDFCBANK.NS,842.8571166992188,Equity
2024-09-20,HDFCBANK.NS,858.989013671875,Equity
2024-09-21,HDFCBANK.NS,,Equity
2024-09-22,HDFCBANK.NS,,Equity
2024-09-23,HDFCBANK.NS,868.1650390625,Equity
2024-09-24,HDFCBANK.NS,872.2350463867188,Equity
2024-09-25,HDFCBANK.NS,877.6863403320312,Equity
2024-09-26,HDFCBANK.NS,879.832275390625,Equity
2024-09-27,HDFCBANK.NS,864.6377563476562,Equity
2024-09-28,HDFCBANK.NS,,Equity
2024-09-29,HDFCBANK.NS,,Equity
2024-09-30,HDFCBANK.NS,854.47509765625,Equity
2024-10-01,HDFCBANK.NS,851.5890502929688,Equity
2024-10-02,HDFCBANK.NS,,Equity
2024-10-03,HDFCBANK.NS,829.7838134765625,Equity
2024-10-04,HDFCBANK.NS,817.771240234375,Equity
2024-10-05,HDFCBANK.NS,,Equity
2024-10-06,HDFCBANK.NS,,Equity
2024-10-07,HDFCBANK.NS,798.1119384765625,Equity
2024-10-08,HDFCBANK.NS,814.5151977539062,Equity
2024-10-09,HDFCBANK.NS,805.6846313476562,Equity
2024-10-10,HDFCBANK.NS,820.114501953125,Equity
2024-10-11,HDFCBANK.NS,814.4906005859375,Equity
2024-10-12,HDFCBANK.NS,,Equity
2024-10-13,HDFCBANK.NS,,Equity
2024-10-14,HDFCBANK.NS,832.7931518554688,Equity
2024-10-15,HDFCBANK.NS,830.81982421875,Equity
2024-10-16,HDFCBANK.NS,838.565185546875,Equity
2024-10-17,HDFCBANK.NS,825.4178466796875,Equity
2024-10-18,HDFCBANK.NS,829.7098388671875,Equity
2024-10-19,HDFCBANK.NS,,Equity
2024-10-20,HDFCBANK.NS,,Equity
2024-10-21,HDFCBANK.NS,852.8223876953125,Equity
2024-10-22,HDFCBANK.NS,845.841796875,Equity
2024-10-23,HDFCBANK.NS,856.3251342773438,Equity
2024-10-24,HDFCBANK.NS,863.15771484375,Equity
2024-10-25,HDFCBANK.NS,860.0744018554688,Equity
2024-10-26,HDFCBANK.NS,,Equity
2024-10-27,HDFCBANK.NS,,Equity
2024-10-28,HDFCBANK.NS,855.5357055664062,Equity
2024-10-29,HDFCBANK.NS,864.2430419921875,Equity
2024-10-30,HDFCBANK.NS,855.7330932617188,Equity
2024-10-31,HDFCBANK.NS,856.2756958007812,Equity
2024-11-01,HDFCBANK.NS,857.0651245117188,Equity
2024-11-02,HDFCBANK.NS,,Equity
2024-11-03,HDFCBANK.NS,,Equity
2024-11-04,HDFCBANK.NS,845.6197509765625,Equity
2024-11-05,HDFCBANK.NS,867.2030029296875,Equity
2024-11-06,HDFCBANK.NS,865.92041015625,Equity
2024-11-07,HDFCBANK.NS,861.62841796875,Equity
2024-11-08,HDFCBANK.NS,865.5256958007812,Equity
2024-11-09,HDFCBANK.NS,,Equity
2024-11-10,HDFCBANK.NS,,Equity
2024-11-11,HDFCBANK.NS,871.3717041015625,Equity
2024-11-12,HDFCBANK.NS,847.6423950195312,Equity
2024-11-13,HDFCBANK.NS,829.463134765625,Equity
2024-11-14,HDFCBANK.NS,835.087158203125,Equity
2024-11-15,HDFCBANK.NS,,Equity
2024-11-16,HDFCBANK.NS,,Equity
2024-11-17,HDFCBANK.NS,,Equity
2024-11-18,HDFCBANK.NS,841.1797485351562,Equity
2024-11-19,HDFCBANK.NS,859.507080078125,Equity
2024-11-20,HDFCBANK.NS,,Equity
2024-11-21,HDFCBANK.NS,858.989013671875,Equity
2024-11-22,HDFCBANK.NS,861.1597290039062,Equity
2024-11-23,HDFCBANK.NS,,Equity
2024-11-24,HDFCBANK.NS,,Equity
2024-11-25,HDFCBANK.NS,880.8929443359375,Equity
2024-11-26,HDFCBANK.NS,880.8683471679688,Equity
2024-11-27,HDFCBANK.NS,894.06494140625,Equity
2024-11-28,HDFCBANK.NS,884.6176147460938,Equity
2024-11-29,HDFCBANK.NS,886.04833984375,Equity
2024-11-30,HDFCBANK.NS,,Equity
2024-12-01,HDFCBANK.NS,,Equity
2024-12-02,HDFCBANK.NS,890.3156127929688,Equity
2024-12-03,HDFCBANK.NS,900.9715576171875,Equity
2024-12-04,HDFCBANK.NS,917.6461791992188,Equity
2024-12-05,HDFCBANK.NS,920.4335327148438,Equity
2024-12-06,HDFCBANK.NS,915.5494995117188,Equity
2024-12-07,HDFCBANK.NS,,Equity
2024-12-08,HDFCBANK.NS,,Equity
2024-12-09,HDFCBANK.NS,922.5301513671875,Equity
2024-12-10,HDFCBANK.NS,921.5928344726562,Equity
2024-12-11,HDFCBANK.NS,919.1261596679688,Equity
2024-12-12,HDFCBANK.NS,917.2268676757812,Equity
2024-12-13,HDFCBANK.NS,923.3934936523438,Equity
2024-12-14,HDFCBANK.NS,,Equity
2024-12-15,HDFCBANK.NS,,Equity
2024-12-16,HDFCBANK.NS,920.1621704101562,Equity
2024-12-17,HDFCBANK.NS,904.4002685546875,Equity
2024-12-18,HDFCBANK.NS,893.2755737304688,Equity
2024-12-19,HDFCBANK.NS,884.790283203125,Equity
2024-12-20,HDFCBANK.NS,873.93701171875,Equity
2024-12-21,HDFCBANK.NS,,Equity
2024-12-22,HDFCBANK.NS,,Equity
2024-12-23,HDFCBANK.NS,888.4902954101562,Equity
2024-12-24,HDFCBANK.NS,887.0596313476562,Equity
2024-12-25,HDFCBANK.NS,,Equity
2024-12-26,HDFCBANK.NS,883.4336547851562,Equity
2024-12-27,HDFCBANK.NS,887.1336669921875,Equity
2024-12-28,HDFCBANK.NS,,Equity
2024-12-29,HDFCBANK.NS,,Equity
2024-12-30,HDFCBANK.NS,877.0943603515625,Equity
2024-12-31,HDFCBANK.NS,874.60302734375,Equity
2025-01-01,HDFCBANK.NS,879.4869384765625,Equity
2025-01-02,HDFCBANK.NS,884.9136352539062,Equity
2025-01-03,HDFCBANK.NS,862.9356689453125,Equity
2025-01-04,HDFCBANK.NS,,Equity
2025-01-05,HDFCBANK.NS,,Equity
2025-01-06,HDFCBANK.NS,843.8438110351562,Equity
2025-01-07,HDFCBANK.NS,845.2744140625,Equity
2025-01-08,HDFCBANK.NS,835.8518676757812,Equity
2025-01-09,HDFCBANK.NS,822.778564453125,Equity
2025-01-10,HDFCBANK.NS,817.3272094726562,Equity
2025-01-11,HDFCBANK.NS,,Equity
2025-01-12,HDFCBANK.NS,,Equity
2025-01-13,HDFCBANK.NS,804.5499267578125,Equity
2025-01-14,HDFCBANK.NS,812.3198852539062,Equity
2025-01-15,HDFCBANK.NS,810.5685424804688,Equity
2025-01-16,HDFCBANK.NS,815.008544921875,Equity
2025-01-17,HDFCBANK.NS,807.4605712890625,Equity
2025-01-18,HDFCBANK.NS,,Equity
2025-01-19,HDFCBANK.NS,,Equity
2025-01-20,HDFCBANK.NS,814.6138305664062,Equity
2025-01-21,HDFCBANK.NS,810.2478637695312,Equity
2025-01-22,HDFCBANK.NS,821.9152221679688,Equity
2025-01-23,HDFCBANK.NS,821.347900390625,Equity
2025-01-24,HDFCBANK.NS,813.8986206054688,Equity
2025-01-25,HDFCBANK.NS,,Equity
2025-01-26,HDFCBANK.NS,,Equity
2025-01-27,HDFCBANK.NS,804.0319213867188,Equity
2025-01-28,HDFCBANK.NS,824.0611572265625,Equity
2025-01-29,HDFCBANK.NS,827.4651489257812,Equity
2025-01-30,HDFCBANK.NS,834.470458984375,Equity
2025-01-31,HDFCBANK.NS,838.047119140625,Equity
2025-02-01,HDFCBANK.NS,834.1990966796875,Equity
2025-02-02,HDFCBANK.NS,,Equity
2025-02-03,HDFCBANK.NS,827.8104858398438,Equity
2025-02-04,HDFCBANK.NS,848.9744873046875,Equity
2025-02-05,HDFCBANK.NS,857.311767578125,Equity
2025-02-06,HDFCBANK.NS,860.29638671875,Equity
2025-02-07,HDFCBANK.NS,854.8203735351562,Equity
2025-02-08,HDFCBANK.NS,,Equity
2025-02-09,HDFCBANK.NS,,Equity
2025-02-10,HDFCBANK.NS,846.4337768554688,Equity
2025-02-11,HDFCBANK.NS,839.3544921875,Equity
2025-02-12,HDFCBANK.NS,842.0184936523438,Equity
2025-02-13,HDFCBANK.NS,837.5291137695312,Equity
2025-02-14,HDFCBANK.NS,836.1231079101562,Equity
2025-02-15,HDFCBANK.NS,,Equity
2025-02-16,HDFCBANK.NS,,Equity
2025-02-17,HDFCBANK.NS,847.2230834960938,Equity
2025-02-18,HDFCBANK.NS,850.0350952148438,Equity
2025-02-19,HDFCBANK.NS,852.0823974609375,Equity
2025-02-20,HDFCBANK.NS,832.2998046875,Equity
2025-02-21,HDFCBANK.NS,834.9638061523438,Equity
2025-02-22,HDFCBANK.NS,,Equity
2025-02-23,HDFCBANK.NS,,Equity
2025-02-24,HDFCBANK.NS,827.3665161132812,Equity
2025-02-25,HDFCBANK.NS,829.9564819335938,Equity
2025-02-26,HDFCBANK.NS,,Equity
2025-02-27,HDFCBANK.NS,839.0090942382812,Equity
2025-02-28,HDFCBANK.NS,854.6477661132812,Equity
2025-03-01,HDFCBANK.NS,,Equity
2025-03-02,HDFCBANK.NS,,Equity
2025-03-03,HDFCBANK.NS,839.4285278320312,Equity
2025-03-04,HDFCBANK.NS,843.5971069335938,Equity
2025-03-05,HDFCBANK.NS,833.73046875,Equity
2025-03-06,HDFCBANK.NS,834.3224487304688,Equity
2025-03-07,HDFCBANK.NS,833.3604736328125,Equity
2025-03-08,HDFCBANK.NS,,Equity
2025-03-09,HDFCBANK.NS,,Equity
2025-03-10,HDFCBANK.NS,832.4971313476562,Equity
2025-03-11,HDFCBANK.NS,831.510498046875,Equity
2025-03-12,HDFCBANK.NS,844.1644897460938,Equity
2025-03-13,HDFCBANK.NS,841.9197387695312,Equity
2025-03-14,HDFCBANK.NS,,Equity
2025-03-15,HDFCBANK.NS,,Equity
2025-03-16,HDFCBANK.NS,,Equity
2025-03-17,HDFCBANK.NS,843.7944946289062,Equity
2025-03-18,HDFCBANK.NS,843.7944946289062,Equity
2025-03-19,HDFCBANK.NS,860.4197387695312,Equity
2025-03-20,HDFCBANK.NS,872.580322265625,Equity
2025-03-21,HDFCBANK.NS,873.3696899414062,Equity
2025-03-22,HDFCBANK.NS,,Equity
2025-03-23,HDFCBANK.NS,,Equity
2025-03-24,HDFCBANK.NS,887.9969482421875,Equity
2025-03-25,HDFCBANK.NS,898.5789184570312,Equity
2025-03-26,HDFCBANK.NS,891.2283325195312,Equity
2025-03-27,HDFCBANK.NS,900.5029296875,Equity
2025-03-28,HDFCBANK.NS,901.9088745117188,Equity
2025-03-29,HDFCBANK.NS,,Equity
2025-03-30,HDFCBANK.NS,,Equity
2025-03-31,HDFCBANK.NS,,Equity
2025-04-01,HDFCBANK.NS,872.1363525390625,Equity
2025-04-02,HDFCBANK.NS,886.4676513671875,Equity
2025-04-03,HDFCBANK.NS,885.456298828125,Equity
2025-04-04,HDFCBANK.NS,896.5316772460938,Equity
2025-04-05,HDFCBANK.NS,,Equity
2025-04-06,HDFCBANK.NS,,Equity
2025-04-07,HDFCBANK.NS,867.1289672851562,Equity
2025-04-08,HDFCBANK.NS,872.7777099609375,Equity
2025-04-09,HDFCBANK.NS,870.7303466796875,Equity
2025-04-10,HDFCBANK.NS,,Equity
2025-04-11,HDFCBANK.NS,891.3269653320312,Equity
2025-04-12,HDFCBANK.NS,,Equity
2025-04-13,HDFCBANK.NS,,Equity
2025-04-14,HDFCBANK.NS,,Equity
2025-04-15,HDFCBANK.NS,920.0142211914062,Equity
2025-04-16,HDFCBANK.NS,926.4768676757812,Equity
2025-04-17,HDFCBANK.NS,940.6354370117188,Equity
2025-04-18,HDFCBANK.NS,,Equity
2025-04-19,HDFCBANK.NS,,Equity
2025-04-20,HDFCBANK.NS,,Equity
2025-04-21,HDFCBANK.NS,950.6994018554688,Equity
2025-04-22,HDFCBANK.NS,967.7686767578125,Equity
2025-04-23,HDFCBANK.NS,949.1207275390625,Equity
2025-04-24,HDFCBANK.NS,945.6181030273438,Equity
2025-04-25,HDFCBANK.NS,942.8554077148438,Equity
2025-04-26,HDFCBANK.NS,,Equity
2025-04-27,HDFCBANK.NS,,Equity
2025-04-28,HDFCBANK.NS,947.29541015625,Equity
2025-04-29,HDFCBANK.NS,941.6714477539062,Equity
2025-04-30,HDFCBANK.NS,949.6633911132812,Equity
2025-05-01,HDFCBANK.NS,,Equity
2025-05-02,HDFCBANK.NS,948.1341552734375,Equity
2025-05-03,HDFCBANK.NS,,Equity
2025-05-04,HDFCBANK.NS,,Equity
2025-05-05,HDFCBANK.NS,955.4847412109375,Equity
2025-05-06,HDFCBANK.NS,952.9686889648438,Equity
2025-05-07,HDFCBANK.NS,959.8260498046875,Equity
2025-05-08,HDFCBANK.NS,951.3900756835938,Equity
2025-05-09,HDFCBANK.NS,932.248779296875,Equity
2025-05-10,HDFCBANK.NS,,Equity
2025-05-11,HDFCBANK.NS,,Equity
2025-05-12,HDFCBANK.NS,965.5487060546875,Equity
2025-05-13,HDFCBANK.NS,948.4793701171875,Equity
2025-05-14,HDFCBANK.NS,942.5594482421875,Equity
2025-05-15,HDFCBANK.NS,954.0047607421875,Equity
2025-05-16,HDFCBANK.NS,954.44873046875,Equity
2025-05-17,HDFCBANK.NS,,Equity
2025-05-18,HDFCBANK.NS,,Equity
2025-05-19,HDFCBANK.NS,956.4220581054688,Equity
2025-05-20,HDFCBANK.NS,944.6807861328125,Equity
2025-05-21,HDFCBANK.NS,950.5514526367188,Equity
2025-05-22,HDFCBANK.NS,947.1474609375,Equity
2025-05-23,HDFCBANK.NS,953.9060668945312,Equity
2025-05-24,HDFCBANK.NS,,Equity
2025-05-25,HDFCBANK.NS,,Equity
2025-05-26,HDFCBANK.NS,957.1619873046875,Equity
2025-05-27,HDFCBANK.NS,950.3047485351562,Equity
2025-05-28,HDFCBANK.NS,948.9234008789062,Equity
2025-05-29,HDFCBANK.NS,950.896728515625,Equity
2025-05-30,HDFCBANK.NS,959.480712890625,Equity
2025-05-31,HDFCBANK.NS,,Equity
2025-06-01,HDFCBANK.NS,,Equity
2025-06-02,HDFCBANK.NS,953.166015625,Equity
2025-06-03,HDFCBANK.NS,949.466064453125,Equity
2025-06-04,HDFCBANK.NS,957.6553344726562,Equity
2025-06-05,HDFCBANK.NS,961.79931640625,Equity
2025-06-06,HDFCBANK.NS,976.1552734375,Equity
2025-06-07,HDFCBANK.NS,,Equity
2025-06-08,HDFCBANK.NS,,Equity
2025-06-09,HDFCBANK.NS,976.2540283203125,Equity
2025-06-10,HDFCBANK.NS,969.5447387695312,Equity
2025-06-11,HDFCBANK.NS,962.1940307617188,Equity
2025-06-12,HDFCBANK.NS,958.74072265625,Equity
2025-06-13,HDFCBANK.NS,946.0127563476562,Equity
2025-06-14,HDFCBANK.NS,,Equity
2025-06-15,HDFCBANK.NS,,Equity
2025-06-16,HDFCBANK.NS,954.7940673828125,Equity
2025-06-17,HDFCBANK.NS,951.9327392578125,Equity
2025-06-18,HDFCBANK.NS,954.0540771484375,Equity
2025-06-19,HDFCBANK.NS,954.7447509765625,Equity
2025-06-20,HDFCBANK.NS,969.2486572265625,Equity
2025-06-21,HDFCBANK.NS,,Equity
2025-06-22,HDFCBANK.NS,,Equity
2025-06-23,HDFCBANK.NS,961.2073974609375,Equity
2025-06-24,HDFCBANK.NS,967.3740234375,Equity
2025-06-25,HDFCBANK.NS,976.8953247070312,Equity
2025-06-26,HDFCBANK.NS,997.4179077148438,Equity
2025-06-27,HDFCBANK.NS,1004.9491577148438,Equity
2025-06-28,HDFCBANK.NS,,Equity
2025-06-29,HDFCBANK.NS,,Equity
2025-06-30,HDFCBANK.NS,998.2658081054688,Equity
2025-07-01,HDFCBANK.NS,1003.5526123046875,Equity
2025-07-02,HDFCBANK.NS,990.5350341796875,Equity
2025-07-03,HDFCBANK.NS,991.0836181640625,Equity
2025-07-04,HDFCBANK.NS,992.1809692382812,Equity
2025-07-05,HDFCBANK.NS,,Equity
2025-07-06,HDFCBANK.NS,,Equity
2025-07-07,HDFCBANK.NS,991.2332763671875,Equity
2025-07-08,HDFCBANK.NS,998.2159423828125,Equity
2025-07-09,HDFCBANK.NS,1003.1036987304688,Equity
2025-07-10,HDFCBANK.NS,1000.6099243164062,Equity
2025-07-11,HDFCBANK.NS,989.3878784179688,Equity
2025-07-12,HDFCBANK.NS,,Equity
2025-07-13,HDFCBANK.NS,,Equity
2025-07-14,HDFCBANK.NS,989.0387573242188,Equity
2025-07-15,HDFCBANK.NS,995.2732543945312,Equity
2025-07-16,HDFCBANK.NS,995.6722412109375,Equity
2025-07-17,HDFCBANK.NS,990.98388671875,Equity
2025-07-18,HDFCBANK.NS,976.2705078125,Equity
2025-07-19,HDFCBANK.NS,,Equity
2025-07-20,HDFCBANK.NS,,Equity
2025-07-21,HDFCBANK.NS,997.7670288085938,Equity
2025-07-22,HDFCBANK.NS,1001.058837890625,Equity
2025-07-23,HDFCBANK.NS,1009.6375122070312,Equity
2025-07-24,HDFCBANK.NS,1004.5999755859375,Equity
2025-07-25,HDFCBANK.NS,1002.2999877929688,Equity
2025-07-26,HDFCBANK.NS,,Equity
2025-07-27,HDFCBANK.NS,,Equity
2025-07-28,HDFCBANK.NS,1004.25,Equity
2025-07-29,HDFCBANK.NS,1010.7999877929688,Equity
2025-07-30,HDFCBANK.NS,1012.9000244140625,Equity
2025-07-31,HDFCBANK.NS,1009.0999755859375,Equity
2025-08-01,HDFCBANK.NS,1006.0999755859375,Equity
2025-08-02,HDFCBANK.NS,,Equity
2025-08-03,HDFCBANK.NS,,Equity
2025-08-04,HDFCBANK.NS,996.0,Equity
2025-08-05,HDFCBANK.NS,988.7999877929688,Equity
2025-08-06,HDFCBANK.NS,992.6500244140625,Equity
2025-08-07,HDFCBANK.NS,997.7000122070312,Equity
2025-08-08,HDFCBANK.NS,986.9500122070312,Equity
2025-08-09,HDFCBANK.NS,,Equity
2025-08-10,HDFCBANK.NS,,Equity
2025-08-11,HDFCBANK.NS,997.7999877929688,Equity
2025-08-12,HDFCBANK.NS,984.9500122070312,Equity
2025-08-13,HDFCBANK.NS,990.1500244140625,Equity
2025-08-14,HDFCBANK.NS,995.5499877929688,Equity
2025-08-15,HDFCBANK.NS,,Equity
2025-08-16,HDFCBANK.NS,,Equity
2025-08-17,HDFCBANK.NS,,Equity
2025-08-18,HDFCBANK.NS,1001.7999877929688,Equity
2025-08-19,HDFCBANK.NS,995.5499877929688,Equity
2025-08-20,HDFCBANK.NS,994.0999755859375,Equity
2025-08-21,HDFCBANK.NS,995.5999755859375,Equity
2025-08-22,HDFCBANK.NS,982.2999877929688,Equity
2025-08-23,HDFCBANK.NS,,Equity
2025-08-24,HDFCBANK.NS,,Equity
2025-08-25,HDFCBANK.NS,982.0499877929688,Equity
2025-08-26,HDFCBANK.NS,973.4000244140625,Equity
2025-08-27,HDFCBANK.NS,,Equity
2025-08-28,HDFCBANK.NS,957.7999877929688,Equity
2025-08-29,HDFCBANK.NS,951.5999755859375,Equity
2025-08-30,HDFCBANK.NS,,Equity
2025-08-31,HDFCBANK.NS,,Equity
2025-09-01,HDFCBANK.NS,950.5999755859375,Equity
2025-09-02,HDFCBANK.NS,944.5,Equity
2025-09-03,HDFCBANK.NS,954.4500122070312,Equity
2025-09-04,HDFCBANK.NS,961.25,Equity
2025-09-05,HDFCBANK.NS,963.4000244140625,Equity
2025-09-06,HDFCBANK.NS,,Equity
2025-09-07,HDFCBANK.NS,,Equity
2025-09-08,HDFCBANK.NS,966.0,Equity
2025-09-09,HDFCBANK.NS,965.1500244140625,Equity
2025-09-10,HDFCBANK.NS,965.9000244140625,Equity
2025-09-11,HDFCBANK.NS,967.7999877929688,Equity
2025-09-12,HDFCBANK.NS,967.2999877929688,Equity
2025-09-13,HDFCBANK.NS,,Equity
2025-09-14,HDFCBANK.NS,,Equity
2025-09-15,HDFCBANK.NS,967.0499877929688,Equity
2025-09-16,HDFCBANK.NS,966.8499755859375,Equity
2025-09-17,HDFCBANK.NS,966.5,Equity
2025-09-18,HDFCBANK.NS,976.9000244140625,Equity
2025-09-19,HDFCBANK.NS,966.9000244140625,Equity
2025-09-20,HDFCBANK.NS,,Equity
2025-09-21,HDFCBANK.NS,,Equity
2025-09-22,HDFCBANK.NS,964.2000122070312,Equity
2025-09-23,HDFCBANK.NS,957.2000122070312,Equity
2025-09-24,HDFCBANK.NS,951.0499877929688,Equity
2025-09-25,HDFCBANK.NS,949.8499755859375,Equity
2025-09-26,HDFCBANK.NS,945.0499877929688,Equity
2025-09-27,HDFCBANK.NS,,Equity
2025-09-28,HDFCBANK.NS,,Equity
2025-09-29,HDFCBANK.NS,950.2999877929688,Equity
2025-09-30,HDFCBANK.NS,951.0,Equity
2025-10-01,HDFCBANK.NS,965.25,Equity
2025-10-02,HDFCBANK.NS,,Equity
2025-10-03,HDFCBANK.NS,965.1500244140625,Equity
2025-10-04,HDFCBANK.NS,,Equity
2025-10-05,HDFCBANK.NS,,Equity
2025-10-06,HDFCBANK.NS,973.4500122070312,Equity
2025-10-07,HDFCBANK.NS,982.5,Equity
2025-10-08,HDFCBANK.NS,978.7000122070312,Equity
2025-10-09,HDFCBANK.NS,977.0999755859375,Equity
2025-10-10,HDFCBANK.NS,980.9000244140625,Equity
2025-10-11,HDFCBANK.NS,,Equity
2025-10-12,HDFCBANK.NS,,Equity
2025-10-13,HDFCBANK.NS,977.0,Equity
2025-10-14,HDFCBANK.NS,977.1500244140625,Equity
2025-10-15,HDFCBANK.NS,978.25,Equity
2025-10-16,HDFCBANK.NS,994.3499755859375,Equity
2025-10-17,HDFCBANK.NS,1002.5499877929688,Equity
2025-10-18,HDFCBANK.NS,,Equity
2025-10-19,HDFCBANK.NS,,Equity
2025-10-20,HDFCBANK.NS,1002.9500122070312,Equity
2025-10-21,HDFCBANK.NS,1007.7000122070312,Equity
2025-10-22,HDFCBANK.NS,,Equity
2025-10-23,HDFCBANK.NS,1008.7999877929688,Equity
2025-10-24,HDFCBANK.NS,994.75,Equity
2025-10-25,HDFCBANK.NS,,Equity
2025-10-26,HDFCBANK.NS,,Equity
2025-10-27,HDFCBANK.NS,1002.9500122070312,Equity
2025-10-28,HDFCBANK.NS,1003.5499877929688,Equity
2025-10-29,HDFCBANK.NS,1007.8499755859375,Equity
2025-10-30,HDFCBANK.NS,998.1500244140625,Equity
2025-10-31,HDFCBANK.NS,987.2999877929688,Equity
2025-11-01,HDFCBANK.NS,,Equity
2025-11-02,HDFCBANK.NS,,Equity
2025-11-03,HDFCBANK.NS,992.6500244140625,Equity
2025-11-04,HDFCBANK.NS,985.25,Equity
2025-11-05,HDFCBANK.NS,,Equity
2025-11-06,HDFCBANK.NS,984.6500244140625,Equity
2025-11-07,HDFCBANK.NS,982.2999877929688,Equity
2025-11-08,HDFCBANK.NS,,Equity
2025-11-09,HDFCBANK.NS,,Equity
2025-11-10,HDFCBANK.NS,984.5,Equity
2025-11-11,HDFCBANK.NS,991.7000122070312,Equity
2025-11-12,HDFCBANK.NS,989.5,Equity
2025-11-13,HDFCBANK.NS,986.6500244140625,Equity
2025-11-14,HDFCBANK.NS,989.5999755859375,Equity
2025-11-15,HDFCBANK.NS,,Equity
2025-11-16,HDFCBANK.NS,,Equity
2025-11-17,HDFCBANK.NS,996.5499877929688,Equity
2025-11-18,HDFCBANK.NS,992.4500122070312,Equity
2025-11-19,HDFCBANK.NS,994.5999755859375,Equity
2025-11-20,HDFCBANK.NS,1008.8499755859375,Equity
2025-11-21,HDFCBANK.NS,998.0499877929688,Equity
2025-11-22,HDFCBANK.NS,,Equity
2025-11-23,HDFCBANK.NS,,Equity
2025-11-24,HDFCBANK.NS,999.1500244140625,Equity
2025-11-25,HDFCBANK.NS,989.7999877929688,Equity
2025-11-26,HDFCBANK.NS,1003.9000244140625,Equity
2025-11-27,HDFCBANK.NS,1009.5,Equity
2025-11-28,HDFCBANK.NS,1007.5999755859375,Equity
2025-11-29,HDFCBANK.NS,,Equity
2025-11-30,HDFCBANK.NS,,Equity
2025-12-01,HDFCBANK.NS,1002.0999755859375,Equity
2025-12-02,HDFCBANK.NS,989.7999877929688,Equity
2025-12-03,HDFCBANK.NS,1000.5,Equity
2025-12-04,HDFCBANK.NS,997.2000122070312,Equity
2025-12-05,HDFCBANK.NS,1003.2999877929688,Equity
2025-12-06,HDFCBANK.NS,,Equity
2025-12-07,HDFCBANK.NS,,Equity
2025-12-08,HDFCBANK.NS,1003.0999755859375,Equity
2025-12-09,HDFCBANK.NS,997.0999755859375,Equity
2025-12-10,HDFCBANK.NS,989.7999877929688,Equity
2025-12-11,HDFCBANK.NS,1000.2999877929688,Equity
2025-12-12,HDFCBANK.NS,1001.5,Equity
2025-12-13,HDFCBANK.NS,,Equity
2025-12-14,HDFCBANK.NS,,Equity
2025-12-15,HDFCBANK.NS,996.0999755859375,Equity
2025-12-16,HDFCBANK.NS,994.2999877929688,Equity
2025-12-17,HDFCBANK.NS,984.0,Equity
2025-12-18,HDFCBANK.NS,979.7000122070312,Equity
2025-12-19,HDFCBANK.NS,985.5,Equity
2025-12-20,HDFCBANK.NS,,Equity
2025-12-21,HDFCBANK.NS,,Equity
2025-12-22,HDFCBANK.NS,987.7000122070312,Equity
2025-12-23,HDFCBANK.NS,996.5999755859375,Equity
2025-12-24,HDFCBANK.NS,997.2000122070312,Equity
2025-12-25,HDFCBANK.NS,,Equity
2025-12-26,HDFCBANK.NS,992.0999755859375,Equity
2025-12-27,HDFCBANK.NS,,Equity
2025-12-28,HDFCBANK.NS,,Equity
2025-12-29,HDFCBANK.NS,991.7000122070312,Equity
2025-12-30,HDFCBANK.NS,990.9000244140625,Equity
2025-12-31,HDFCBANK.NS,991.2000122070312,Equity
2026-01-01,HDFCBANK.NS,991.1500244140625,Equity
2026-01-02,HDFCBANK.NS,1001.5999755859375,Equity
2026-01-03,HDFCBANK.NS,,Equity
2026-01-04,HDFCBANK.NS,,Equity
2026-01-05,HDFCBANK.NS,977.5,Equity
2026-01-06,HDFCBANK.NS,962.2000122070312,Equity
2026-01-07,HDFCBANK.NS,949.0499877929688,Equity
2026-01-08,HDFCBANK.NS,946.7000122070312,Equity
2026-01-09,HDFCBANK.NS,939.0,Equity
2026-01-10,HDFCBANK.NS,,Equity
2026-01-11,HDFCBANK.NS,,Equity
2026-01-12,HDFCBANK.NS,936.9500122070312,Equity
2026-01-13,HDFCBANK.NS,937.3499755859375,Equity
2026-01-14,HDFCBANK.NS,925.4500122070312,Equity
2026-01-15,HDFCBANK.NS,925.4500122070312,Equity
2026-01-16,HDFCBANK.NS,931.0999755859375,Equity
2026-01-17,HDFCBANK.NS,,Equity
2026-01-18,HDFCBANK.NS,,Equity
2026-01-19,HDFCBANK.NS,927.9000244140625,Equity
2026-01-20,HDFCBANK.NS,931.2000122070312,Equity
2026-01-21,HDFCBANK.NS,920.3499755859375,Equity
2026-01-22,HDFCBANK.NS,918.7000122070312,Equity
2026-01-23,HDFCBANK.NS,916.0999755859375,Equity
2026-01-24,HDFCBANK.NS,,Equity
2026-01-25,HDFCBANK.NS,,Equity
2026-01-26,HDFCBANK.NS,,Equity
2026-01-27,HDFCBANK.NS,926.4000244140625,Equity
2026-01-28,HDFCBANK.NS,932.7000122070312,Equity
2026-01-29,HDFCBANK.NS,935.5,Equity
2026-01-30,HDFCBANK.NS,929.25,Equity
2026-01-31,HDFCBANK.NS,,Equity
2026-02-01,HDFCBANK.NS,,Equity
2026-02-02,HDFCBANK.NS,928.0999755859375,Equity
2026-02-03,HDFCBANK.NS,948.7000122070312,Equity
2026-02-04,HDFCBANK.NS,953.0999755859375,Equity
2026-02-05,HDFCBANK.NS,949.7000122070312,Equity
2026-02-06,HDFCBANK.NS,941.0999755859375,Equity
2026-02-07,HDFCBANK.NS,,Equity
2026-02-08,HDFCBANK.NS,,Equity
2026-02-09,HDFCBANK.NS,937.25,Equity
2026-02-10,HDFCBANK.NS,932.4000244140625,Equity
2026-02-11,HDFCBANK.NS,927.0999755859375,Equity
2026-02-12,HDFCBANK.NS,920.5999755859375,Equity
2026-02-13,HDFCBANK.NS,903.9000244140625,Equity
2026-02-14,HDFCBANK.NS,,Equity
2026-02-15,HDFCBANK.NS,,Equity
2026-02-16,HDFCBANK.NS,925.7999877929688,Equity
2026-02-17,HDFCBANK.NS,925.7000122070312,Equity
2026-02-18,HDFCBANK.NS,924.7000122070312,Equity
2026-02-19,HDFCBANK.NS,915.5999755859375,Equity
2026-02-20,HDFCBANK.NS,911.8499755859375,Equity
2026-02-21,HDFCBANK.NS,,Equity
2026-02-22,HDFCBANK.NS,,Equity
2026-02-23,HDFCBANK.NS,923.5999755859375,Equity
2026-02-24,HDFCBANK.NS,910.5,Equity
2026-02-25,HDFCBANK.NS,907.5999755859375,Equity
2026-02-26,HDFCBANK.NS,898.5999755859375,Equity
2026-02-27,HDFCBANK.NS,887.75,Equity
2026-02-28,HDFCBANK.NS,,Equity
2026-03-01,HDFCBANK.NS,,Equity
2026-03-02,HDFCBANK.NS,879.4000244140625,Equity
2026-03-03,HDFCBANK.NS,,Equity
2026-03-04,HDFCBANK.NS,868.6500244140625,Equity
2026-03-05,HDFCBANK.NS,877.75,Equity
2026-03-06,HDFCBANK.NS,857.0499877929688,Equity
2026-03-07,HDFCBANK.NS,,Equity
2026-03-08,HDFCBANK.NS,,Equity
2026-03-09,HDFCBANK.NS,840.7000122070312,Equity
2026-03-10,HDFCBANK.NS,849.4500122070312,Equity
2026-03-11,HDFCBANK.NS,833.9500122070312,Equity
2026-03-12,HDFCBANK.NS,832.75,Equity
2026-03-13,HDFCBANK.NS,817.0,Equity
2026-03-14,HDFCBANK.NS,,Equity
2026-03-15,HDFCBANK.NS,,Equity
2026-03-16,HDFCBANK.NS,840.5999755859375,Equity
2026-03-17,HDFCBANK.NS,845.3499755859375,Equity
2026-03-18,HDFCBANK.NS,843.0499877929688,Equity
2026-03-19,HDFCBANK.NS,798.2000122070312,Equity
2026-03-20,HDFCBANK.NS,780.4500122070312,Equity
2026-03-21,HDFCBANK.NS,,Equity
2026-03-22,HDFCBANK.NS,,Equity
2026-03-23,HDFCBANK.NS,744.1500244140625,Equity
2026-03-24,HDFCBANK.NS,764.9000244140625,Equity
2026-03-25,HDFCBANK.NS,782.2999877929688,Equity
2026-03-26,HDFCBANK.NS,,Equity
2026-03-27,HDFCBANK.NS,756.2000122070312,Equity
2026-03-28,HDFCBANK.NS,,Equity
2026-03-29,HDFCBANK.NS,,Equity
2026-03-30,HDFCBANK.NS,731.5499877929688,Equity
2026-03-31,HDFCBANK.NS,,Equity
2026-04-01,HDFCBANK.NS,742.25,Equity
2026-04-02,HDFCBANK.NS,750.9000244140625,Equity
2026-04-03,HDFCBANK.NS,,Equity
2026-04-04,HDFCBANK.NS,,Equity
2026-04-05,HDFCBANK.NS,,Equity
2026-04-06,HDFCBANK.NS,771.0,Equity
2026-04-07,HDFCBANK.NS,772.0,Equity
2026-04-08,HDFCBANK.NS,816.0999755859375,Equity
2026-04-09,HDFCBANK.NS,797.7000122070312,Equity
2026-04-10,HDFCBANK.NS,810.2999877929688,Equity
2026-04-11,HDFCBANK.NS,,Equity
2026-04-12,HDFCBANK.NS,,Equity
2026-04-13,HDFCBANK.NS,794.7000122070312,Equity
2026-04-14,HDFCBANK.NS,,Equity
2026-04-15,HDFCBANK.NS,809.9000244140625,Equity
2026-04-16,HDFCBANK.NS,795.4500122070312,Equity
2026-04-17,HDFCBANK.NS,799.9000244140625,Equity
2026-04-18,HDFCBANK.NS,,Equity
2026-04-19,HDFCBANK.NS,,Equity
2026-04-20,HDFCBANK.NS,795.4500122070312,Equity
2026-04-21,HDFCBANK.NS,811.75,Equity
2026-04-22,HDFCBANK.NS,799.9000244140625,Equity
2026-04-23,HDFCBANK.NS,784.3499755859375,Equity
2026-04-24,HDFCBANK.NS,784.8499755859375,Equity
2026-04-25,HDFCBANK.NS,,Equity
2026-04-26,HDFCBANK.NS,,Equity
2026-04-27,HDFCBANK.NS,789.7999877929688,Equity
2026-04-28,HDFCBANK.NS,782.5499877929688,Equity
2026-04-29,HDFCBANK.NS,779.0,Equity
2026-04-30,HDFCBANK.NS,771.7000122070312,Equity
2026-05-01,HDFCBANK.NS,771.7000122070312,Equity
2026-05-02,HDFCBANK.NS,,Equity
2026-05-03,HDFCBANK.NS,,Equity
2026-05-04,HDFCBANK.NS,779.4000244140625,Equity
2026-05-05,HDFCBANK.NS,772.2999877929688,Equity
2026-05-06,HDFCBANK.NS,796.5499877929688,Equity
2026-05-07,HDFCBANK.NS,796.0499877929688,Equity
2026-05-08,HDFCBANK.NS,780.8499755859375,Equity
2026-05-09,HDFCBANK.NS,,Equity
2026-05-10,HDFCBANK.NS,,Equity
2026-05-11,HDFCBANK.NS,763.6500244140625,Equity
2026-05-12,HDFCBANK.NS,750.4500122070312,Equity
2026-05-13,HDFCBANK.NS,749.5999755859375,Equity
2026-05-14,HDFCBANK.NS,769.5499877929688,Equity
2026-05-15,HDFCBANK.NS,767.5,Equity
2026-05-16,HDFCBANK.NS,,Equity
2026-05-17,HDFCBANK.NS,,Equity
2026-05-18,HDFCBANK.NS,768.6500244140625,Equity
2026-05-19,HDFCBANK.NS,762.4500122070312,Equity
2026-05-20,HDFCBANK.NS,759.5,Equity
2026-05-21,HDFCBANK.NS,759.1500244140625,Equity
2026-05-22,HDFCBANK.NS,766.7999877929688,Equity
2026-05-23,HDFCBANK.NS,,Equity
2026-05-24,HDFCBANK.NS,,Equity
2026-05-25,HDFCBANK.NS,786.8499755859375,Equity
2026-05-26,HDFCBANK.NS,778.9000244140625,Equity
2026-05-27,HDFCBANK.NS,758.6500244140625,Equity
2026-05-28,HDFCBANK.NS,758.6500244140625,Equity
2026-05-29,HDFCBANK.NS,744.5499877929688,Equity
2026-05-30,HDFCBANK.NS,,Equity
2026-05-31,HDFCBANK.NS,,Equity
2026-06-01,HDFCBANK.NS,742.7000122070312,Equity
2026-06-02,HDFCBANK.NS,748.25,Equity
2023-01-01,ICICIBANK.NS,,Equity
2023-01-02,ICICIBANK.NS,880.6473388671875,Equity
2023-01-03,ICICIBANK.NS,879.5739135742188,Equity
2023-01-04,ICICIBANK.NS,877.3782348632812,Equity
2023-01-05,ICICIBANK.NS,857.9103393554688,Equity
2023-01-06,ICICIBANK.NS,849.078857421875,Equity
2023-01-07,ICICIBANK.NS,,Equity
2023-01-08,ICICIBANK.NS,,Equity
2023-01-09,ICICIBANK.NS,852.2503051757812,Equity
2023-01-10,ICICIBANK.NS,840.540283203125,Equity
2023-01-11,ICICIBANK.NS,845.3707275390625,Equity
2023-01-12,ICICIBANK.NS,839.8572387695312,Equity
2023-01-13,ICICIBANK.NS,852.3480224609375,Equity
2023-01-14,ICICIBANK.NS,,Equity
2023-01-15,ICICIBANK.NS,,Equity
2023-01-16,ICICIBANK.NS,844.3461303710938,Equity
2023-01-17,ICICIBANK.NS,844.2484741210938,Equity
2023-01-18,ICICIBANK.NS,848.493408203125,Equity
2023-01-19,ICICIBANK.NS,845.2244262695312,Equity
2023-01-20,ICICIBANK.NS,849.3228759765625,Equity
2023-01-21,ICICIBANK.NS,,Equity
2023-01-22,ICICIBANK.NS,,Equity
2023-01-23,ICICIBANK.NS,850.6401977539062,Equity
2023-01-24,ICICIBANK.NS,849.7131958007812,Equity
2023-01-25,ICICIBANK.NS,834.6364135742188,Equity
2023-01-26,ICICIBANK.NS,,Equity
2023-01-27,ICICIBANK.NS,797.45703125,Equity
2023-01-28,ICICIBANK.NS,,Equity
2023-01-29,ICICIBANK.NS,,Equity
2023-01-30,ICICIBANK.NS,803.6046752929688,Equity
2023-01-31,ICICIBANK.NS,811.8018188476562,Equity
2023-02-01,ICICIBANK.NS,827.4640502929688,Equity
2023-02-02,ICICIBANK.NS,837.1736450195312,Equity
2023-02-03,ICICIBANK.NS,842.9310913085938,Equity
2023-02-04,ICICIBANK.NS,,Equity
2023-02-05,ICICIBANK.NS,,Equity
2023-02-06,ICICIBANK.NS,833.0750732421875,Equity
2023-02-07,ICICIBANK.NS,832.1480712890625,Equity
2023-02-08,ICICIBANK.NS,838.3446044921875,Equity
2023-02-09,ICICIBANK.NS,840.0036010742188,Equity
2023-02-10,ICICIBANK.NS,833.2214965820312,Equity
2023-02-11,ICICIBANK.NS,,Equity
2023-02-12,ICICIBANK.NS,,Equity
2023-02-13,ICICIBANK.NS,830.0988159179688,Equity
2023-02-14,ICICIBANK.NS,844.3948364257812,Equity
2023-02-15,ICICIBANK.NS,849.761962890625,Equity
2023-02-16,ICICIBANK.NS,848.4446411132812,Equity
2023-02-17,ICICIBANK.NS,841.8088989257812,Equity
2023-02-18,ICICIBANK.NS,,Equity
2023-02-19,ICICIBANK.NS,,Equity
2023-02-20,ICICIBANK.NS,831.5137329101562,Equity
2023-02-21,ICICIBANK.NS,833.5630493164062,Equity
2023-02-22,ICICIBANK.NS,818.9742431640625,Equity
2023-02-23,ICICIBANK.NS,819.462158203125,Equity
2023-02-24,ICICIBANK.NS,819.413330078125,Equity
2023-02-25,ICICIBANK.NS,,Equity
2023-02-26,ICICIBANK.NS,,Equity
2023-02-27,ICICIBANK.NS,835.7099609375,Equity
2023-02-28,ICICIBANK.NS,834.1973266601562,Equity
2023-03-01,ICICIBANK.NS,835.6123046875,Equity
2023-03-02,ICICIBANK.NS,833.367919921875,Equity
2023-03-03,ICICIBANK.NS,847.56640625,Equity
2023-03-04,ICICIBANK.NS,,Equity
2023-03-05,ICICIBANK.NS,,Equity
2023-03-06,ICICIBANK.NS,846.7857055664062,Equity
2023-03-07,ICICIBANK.NS,,Equity
2023-03-08,ICICIBANK.NS,851.0305786132812,Equity
2023-03-09,ICICIBANK.NS,835.270751953125,Equity
2023-03-10,ICICIBANK.NS,822.2921142578125,Equity
2023-03-11,ICICIBANK.NS,,Equity
2023-03-12,ICICIBANK.NS,,Equity
2023-03-13,ICICIBANK.NS,808.3863525390625,Equity
2023-03-14,ICICIBANK.NS,810.2892456054688,Equity
2023-03-15,ICICIBANK.NS,805.94677734375,Equity
2023-03-16,ICICIBANK.NS,803.9951171875,Equity
2023-03-17,ICICIBANK.NS,816.0466918945312,Equity
2023-03-18,ICICIBANK.NS,,Equity
2023-03-19,ICICIBANK.NS,,Equity
2023-03-20,ICICIBANK.NS,816.2418823242188,Equity
2023-03-21,ICICIBANK.NS,831.8065795898438,Equity
2023-03-22,ICICIBANK.NS,839.4180908203125,Equity
2023-03-23,ICICIBANK.NS,834.7828369140625,Equity
2023-03-24,ICICIBANK.NS,831.8065795898438,Equity
2023-03-25,ICICIBANK.NS,,Equity
2023-03-26,ICICIBANK.NS,,Equity
2023-03-27,ICICIBANK.NS,828.1959228515625,Equity
2023-03-28,ICICIBANK.NS,834.0997924804688,Equity
2023-03-29,ICICIBANK.NS,830.4403076171875,Equity
2023-03-30,ICICIBANK.NS,,Equity
2023-03-31,ICICIBANK.NS,856.05615234375,Equity
2023-04-01,ICICIBANK.NS,,Equity
2023-04-02,ICICIBANK.NS,,Equity
2023-04-03,ICICIBANK.NS,862.4478759765625,Equity
2023-04-04,ICICIBANK.NS,,Equity
2023-04-05,ICICIBANK.NS,863.228515625,Equity
2023-04-06,ICICIBANK.NS,853.8605346679688,Equity
2023-04-07,ICICIBANK.NS,,Equity
2023-04-08,ICICIBANK.NS,,Equity
2023-04-09,ICICIBANK.NS,,Equity
2023-04-10,ICICIBANK.NS,847.46875,Equity
2023-04-11,ICICIBANK.NS,860.5938720703125,Equity
2023-04-12,ICICIBANK.NS,868.64453125,Equity
2023-04-13,ICICIBANK.NS,877.2807006835938,Equity
2023-04-14,ICICIBANK.NS,,Equity
2023-04-15,ICICIBANK.NS,,Equity
2023-04-16,ICICIBANK.NS,,Equity
2023-04-17,ICICIBANK.NS,879.525146484375,Equity
2023-04-18,ICICIBANK.NS,875.1825561523438,Equity
2023-04-19,ICICIBANK.NS,870.3522338867188,Equity
2023-04-20,ICICIBANK.NS,872.7918701171875,Equity
2023-04-21,ICICIBANK.NS,864.2532348632812,Equity
2023-04-22,ICICIBANK.NS,,Equity
2023-04-23,ICICIBANK.NS,,Equity
2023-04-24,ICICIBANK.NS,882.8917846679688,Equity
2023-04-25,ICICIBANK.NS,891.3816528320312,Equity
2023-04-26,ICICIBANK.NS,892.8453979492188,Equity
2023-04-27,ICICIBANK.NS,896.1632080078125,Equity
2023-04-28,ICICIBANK.NS,895.4801635742188,Equity
2023-04-29,ICICIBANK.NS,,Equity
2023-04-30,ICICIBANK.NS,,Equity
2023-05-01,ICICIBANK.NS,,Equity
2023-05-02,ICICIBANK.NS,899.8225708007812,Equity
2023-05-03,ICICIBANK.NS,900.554443359375,Equity
2023-05-04,ICICIBANK.NS,899.4323120117188,Equity
2023-05-05,ICICIBANK.NS,904.555419921875,Equity
2023-05-06,ICICIBANK.NS,,Equity
2023-05-07,ICICIBANK.NS,,Equity
2023-05-08,ICICIBANK.NS,915.2409057617188,Equity
2023-05-09,ICICIBANK.NS,911.8255004882812,Equity
2023-05-10,ICICIBANK.NS,913.435546875,Equity
2023-05-11,ICICIBANK.NS,916.5094604492188,Equity
2023-05-12,ICICIBANK.NS,921.095947265625,Equity
2023-05-13,ICICIBANK.NS,,Equity
2023-05-14,ICICIBANK.NS,,Equity
2023-05-15,ICICIBANK.NS,922.9012451171875,Equity
2023-05-16,ICICIBANK.NS,923.4866943359375,Equity
2023-05-17,ICICIBANK.NS,916.6558837890625,Equity
2023-05-18,ICICIBANK.NS,923.6331176757812,Equity
2023-05-19,ICICIBANK.NS,931.2446899414062,Equity
2023-05-20,ICICIBANK.NS,,Equity
2023-05-21,ICICIBANK.NS,,Equity
2023-05-22,ICICIBANK.NS,927.39013671875,Equity
2023-05-23,ICICIBANK.NS,930.366455078125,Equity
2023-05-24,ICICIBANK.NS,917.9244384765625,Equity
2023-05-25,ICICIBANK.NS,917.1437377929688,Equity
2023-05-26,ICICIBANK.NS,927.7316284179688,Equity
2023-05-27,ICICIBANK.NS,,Equity
2023-05-28,ICICIBANK.NS,,Equity
2023-05-29,ICICIBANK.NS,925.2432861328125,Equity
2023-05-30,ICICIBANK.NS,926.9998168945312,Equity
2023-05-31,ICICIBANK.NS,926.2191162109375,Equity
2023-06-01,ICICIBANK.NS,913.484375,Equity
2023-06-02,ICICIBANK.NS,915.48486328125,Equity
2023-06-03,ICICIBANK.NS,,Equity
2023-06-04,ICICIBANK.NS,,Equity
2023-06-05,ICICIBANK.NS,923.8770751953125,Equity
2023-06-06,ICICIBANK.NS,919.3394165039062,Equity
2023-06-07,ICICIBANK.NS,917.4853515625,Equity
2023-06-08,ICICIBANK.NS,915.2409057617188,Equity
2023-06-09,ICICIBANK.NS,915.3872680664062,Equity
2023-06-10,ICICIBANK.NS,,Equity
2023-06-11,ICICIBANK.NS,,Equity
2023-06-12,ICICIBANK.NS,913.3380126953125,Equity
2023-06-13,ICICIBANK.NS,920.75439453125,Equity
2023-06-14,ICICIBANK.NS,917.094970703125,Equity
2023-06-15,ICICIBANK.NS,904.2138671875,Equity
2023-06-16,ICICIBANK.NS,911.6303100585938,Equity
2023-06-17,ICICIBANK.NS,,Equity
2023-06-18,ICICIBANK.NS,,Equity
2023-06-19,ICICIBANK.NS,900.8472900390625,Equity
2023-06-20,ICICIBANK.NS,903.1892700195312,Equity
2023-06-21,ICICIBANK.NS,902.3598022460938,Equity
2023-06-22,ICICIBANK.NS,903.3844604492188,Equity
2023-06-23,ICICIBANK.NS,901.1887817382812,Equity
2023-06-24,ICICIBANK.NS,,Equity
2023-06-25,ICICIBANK.NS,,Equity
2023-06-26,ICICIBANK.NS,905.0433349609375,Equity
2023-06-27,ICICIBANK.NS,913.484375,Equity
2023-06-28,ICICIBANK.NS,914.8017578125,Equity
2023-06-29,ICICIBANK.NS,,Equity
2023-06-30,ICICIBANK.NS,912.0205688476562,Equity
2023-07-01,ICICIBANK.NS,,Equity
2023-07-02,ICICIBANK.NS,,Equity
2023-07-03,ICICIBANK.NS,919.7785034179688,Equity
2023-07-04,ICICIBANK.NS,921.8765869140625,Equity
2023-07-05,ICICIBANK.NS,934.8552856445312,Equity
2023-07-06,ICICIBANK.NS,936.2214965820312,Equity
2023-07-07,ICICIBANK.NS,923.5355224609375,Equity
2023-07-08,ICICIBANK.NS,,Equity
2023-07-09,ICICIBANK.NS,,Equity
2023-07-10,ICICIBANK.NS,925.4872436523438,Equity
2023-07-11,ICICIBANK.NS,922.1205444335938,Equity
2023-07-12,ICICIBANK.NS,921.5839233398438,Equity
2023-07-13,ICICIBANK.NS,932.61083984375,Equity
2023-07-14,ICICIBANK.NS,936.8557739257812,Equity
2023-07-15,ICICIBANK.NS,,Equity
2023-07-16,ICICIBANK.NS,,Equity
2023-07-17,ICICIBANK.NS,945.296875,Equity
2023-07-18,ICICIBANK.NS,951.8837280273438,Equity
2023-07-19,ICICIBANK.NS,949.9320068359375,Equity
2023-07-20,ICICIBANK.NS,971.546875,Equity
2023-07-21,ICICIBANK.NS,972.9130249023438,Equity
2023-07-22,ICICIBANK.NS,,Equity
2023-07-23,ICICIBANK.NS,,Equity
2023-07-24,ICICIBANK.NS,968.0338134765625,Equity
2023-07-25,ICICIBANK.NS,970.6686401367188,Equity
2023-07-26,ICICIBANK.NS,972.3764038085938,Equity
2023-07-27,ICICIBANK.NS,966.326171875,Equity
2023-07-28,ICICIBANK.NS,972.1324462890625,Equity
2023-07-29,ICICIBANK.NS,,Equity
2023-07-30,ICICIBANK.NS,,Equity
2023-07-31,ICICIBANK.NS,974.181640625,Equity
2023-08-01,ICICIBANK.NS,970.5222778320312,Equity
2023-08-02,ICICIBANK.NS,963.1058959960938,Equity
2023-08-03,ICICIBANK.NS,941.6862182617188,Equity
2023-08-04,ICICIBANK.NS,947.0533447265625,Equity
2023-08-05,ICICIBANK.NS,,Equity
2023-08-06,ICICIBANK.NS,,Equity
2023-08-07,ICICIBANK.NS,952.0789184570312,Equity
2023-08-08,ICICIBANK.NS,956.2261962890625,Equity
2023-08-09,ICICIBANK.NS,957.0133056640625,Equity
2023-08-10,ICICIBANK.NS,948.552001953125,Equity
2023-08-11,ICICIBANK.NS,937.4833984375,Equity
2023-08-12,ICICIBANK.NS,,Equity
2023-08-13,ICICIBANK.NS,,Equity
2023-08-14,ICICIBANK.NS,944.0753173828125,Equity
2023-08-15,ICICIBANK.NS,,Equity
2023-08-16,ICICIBANK.NS,941.0745849609375,Equity
2023-08-17,ICICIBANK.NS,936.3027954101562,Equity
2023-08-18,ICICIBANK.NS,935.3189086914062,Equity
2023-08-19,ICICIBANK.NS,,Equity
2023-08-20,ICICIBANK.NS,,Equity
2023-08-21,ICICIBANK.NS,939.7955322265625,Equity
2023-08-22,ICICIBANK.NS,936.6471557617188,Equity
2023-08-23,ICICIBANK.NS,951.2576293945312,Equity
2023-08-24,ICICIBANK.NS,953.3237915039062,Equity
2023-08-25,ICICIBANK.NS,954.7504272460938,Equity
2023-08-26,ICICIBANK.NS,,Equity
2023-08-27,ICICIBANK.NS,,Equity
2023-08-28,ICICIBANK.NS,954.89794921875,Equity
2023-08-29,ICICIBANK.NS,952.1431274414062,Equity
2023-08-30,ICICIBANK.NS,943.4359130859375,Equity
2023-08-31,ICICIBANK.NS,943.2882690429688,Equity
2023-09-01,ICICIBANK.NS,953.077880859375,Equity
2023-09-02,ICICIBANK.NS,,Equity
2023-09-03,ICICIBANK.NS,,Equity
2023-09-04,ICICIBANK.NS,951.7495727539062,Equity
2023-09-05,ICICIBANK.NS,952.7826538085938,Equity
2023-09-06,ICICIBANK.NS,942.0584716796875,Equity
2023-09-07,ICICIBANK.NS,950.0770263671875,Equity
2023-09-08,ICICIBANK.NS,954.89794921875,Equity
2023-09-09,ICICIBANK.NS,,Equity
2023-09-10,ICICIBANK.NS,,Equity
2023-09-11,ICICIBANK.NS,962.4737548828125,Equity
2023-09-12,ICICIBANK.NS,974.5262451171875,Equity
2023-09-13,ICICIBANK.NS,973.8374633789062,Equity
2023-09-14,ICICIBANK.NS,971.7714233398438,Equity
2023-09-15,ICICIBANK.NS,976.44482421875,Equity
2023-09-16,ICICIBANK.NS,,Equity
2023-09-17,ICICIBANK.NS,,Equity
2023-09-18,ICICIBANK.NS,974.2310791015625,Equity
2023-09-19,ICICIBANK.NS,,Equity
2023-09-20,ICICIBANK.NS,971.2302856445312,Equity
2023-09-21,ICICIBANK.NS,943.8294067382812,Equity
2023-09-22,ICICIBANK.NS,934.9745483398438,Equity
2023-09-23,ICICIBANK.NS,,Equity
2023-09-24,ICICIBANK.NS,,Equity
2023-09-25,ICICIBANK.NS,940.9269409179688,Equity
2023-09-26,ICICIBANK.NS,933.400390625,Equity
2023-09-27,ICICIBANK.NS,927.890625,Equity
2023-09-28,ICICIBANK.NS,927.3987426757812,Equity
2023-09-29,ICICIBANK.NS,936.5487670898438,Equity
2023-09-30,ICICIBANK.NS,,Equity
2023-10-01,ICICIBANK.NS,,Equity
2023-10-02,ICICIBANK.NS,,Equity
2023-10-03,ICICIBANK.NS,925.1358032226562,Equity
2023-10-04,ICICIBANK.NS,915.0510864257812,Equity
2023-10-05,ICICIBANK.NS,925.6768798828125,Equity
2023-10-06,ICICIBANK.NS,929.9568481445312,Equity
2023-10-07,ICICIBANK.NS,,Equity
2023-10-08,ICICIBANK.NS,,Equity
2023-10-09,ICICIBANK.NS,923.4632568359375,Equity
2023-10-10,ICICIBANK.NS,935.8600463867188,Equity
2023-10-11,ICICIBANK.NS,937.7293701171875,Equity
2023-10-12,ICICIBANK.NS,938.86083984375,Equity
2023-10-13,ICICIBANK.NS,935.9583740234375,Equity
2023-10-14,ICICIBANK.NS,,Equity
2023-10-15,ICICIBANK.NS,,Equity
2023-10-16,ICICIBANK.NS,936.0568237304688,Equity
2023-10-17,ICICIBANK.NS,938.5164794921875,Equity
2023-10-18,ICICIBANK.NS,928.5302124023438,Equity
2023-10-19,ICICIBANK.NS,920.6591796875,Equity
2023-10-20,ICICIBANK.NS,917.7075805664062,Equity
2023-10-21,ICICIBANK.NS,,Equity
2023-10-22,ICICIBANK.NS,,Equity
2023-10-23,ICICIBANK.NS,914.9527587890625,Equity
2023-10-24,ICICIBANK.NS,,Equity
2023-10-25,ICICIBANK.NS,901.3260498046875,Equity
2023-10-26,ICICIBANK.NS,893.9962768554688,Equity
2023-10-27,ICICIBANK.NS,898.0301513671875,Equity
2023-10-28,ICICIBANK.NS,,Equity
2023-10-29,ICICIBANK.NS,,Equity
2023-10-30,ICICIBANK.NS,909.9841918945312,Equity
2023-10-31,ICICIBANK.NS,900.588134765625,Equity
2023-11-01,ICICIBANK.NS,899.30908203125,Equity
2023-11-02,ICICIBANK.NS,905.114013671875,Equity
2023-11-03,ICICIBANK.NS,918.7406616210938,Equity
2023-11-04,ICICIBANK.NS,,Equity
2023-11-05,ICICIBANK.NS,,Equity
2023-11-06,ICICIBANK.NS,930.2027587890625,Equity
2023-11-07,ICICIBANK.NS,932.8099975585938,Equity
2023-11-08,ICICIBANK.NS,920.6591796875,Equity
2023-11-09,ICICIBANK.NS,922.2333374023438,Equity
2023-11-10,ICICIBANK.NS,923.4632568359375,Equity
2023-11-11,ICICIBANK.NS,,Equity
2023-11-12,ICICIBANK.NS,,Equity
2023-11-13,ICICIBANK.NS,919.3801879882812,Equity
2023-11-14,ICICIBANK.NS,,Equity
2023-11-15,ICICIBANK.NS,925.9229125976562,Equity
2023-11-16,ICICIBANK.NS,920.9051513671875,Equity
2023-11-17,ICICIBANK.NS,906.9833374023438,Equity
2023-11-18,ICICIBANK.NS,,Equity
2023-11-19,ICICIBANK.NS,,Equity
2023-11-20,ICICIBANK.NS,906.58984375,Equity
2023-11-21,ICICIBANK.NS,911.164794921875,Equity
2023-11-22,ICICIBANK.NS,907.8688354492188,Equity
2023-11-23,ICICIBANK.NS,908.1148071289062,Equity
2023-11-24,ICICIBANK.NS,914.41162109375,Equity
2023-11-25,ICICIBANK.NS,,Equity
2023-11-26,ICICIBANK.NS,,Equity
2023-11-27,ICICIBANK.NS,,Equity
2023-11-28,ICICIBANK.NS,910.5745239257812,Equity
2023-11-29,ICICIBANK.NS,924.4470825195312,Equity
2023-11-30,ICICIBANK.NS,919.8721313476562,Equity
2023-12-01,ICICIBANK.NS,931.4326171875,Equity
2023-12-02,ICICIBANK.NS,,Equity
2023-12-03,ICICIBANK.NS,,Equity
2023-12-04,ICICIBANK.NS,975.2149658203125,Equity
2023-12-05,ICICIBANK.NS,997.106201171875,Equity
2023-12-06,ICICIBANK.NS,987.0706176757812,Equity
2023-12-07,ICICIBANK.NS,982.88916015625,Equity
2023-12-08,ICICIBANK.NS,994.5480346679688,Equity
2023-12-09,ICICIBANK.NS,,Equity
2023-12-10,ICICIBANK.NS,,Equity
2023-12-11,ICICIBANK.NS,1000.697265625,Equity
2023-12-12,ICICIBANK.NS,999.31982421875,Equity
2023-12-13,ICICIBANK.NS,997.5488891601562,Equity
2023-12-14,ICICIBANK.NS,1016.9803466796875,Equity
2023-12-15,ICICIBANK.NS,1020.669921875,Equity
2023-12-16,ICICIBANK.NS,,Equity
2023-12-17,ICICIBANK.NS,,Equity
2023-12-18,ICICIBANK.NS,1004.9771118164062,Equity
2023-12-19,ICICIBANK.NS,999.0739135742188,Equity
2023-12-20,ICICIBANK.NS,990.4158325195312,Equity
2023-12-21,ICICIBANK.NS,988.2020874023438,Equity
2023-12-22,ICICIBANK.NS,978.2649536132812,Equity
2023-12-23,ICICIBANK.NS,,Equity
2023-12-24,ICICIBANK.NS,,Equity
2023-12-25,ICICIBANK.NS,,Equity
2023-12-26,ICICIBANK.NS,979.0520629882812,Equity
2023-12-27,ICICIBANK.NS,986.0867919921875,Equity
2023-12-28,ICICIBANK.NS,989.6779174804688,Equity
2023-12-29,ICICIBANK.NS,980.52783203125,Equity
2023-12-30,ICICIBANK.NS,,Equity
2023-12-31,ICICIBANK.NS,,Equity
2024-01-01,ICICIBANK.NS,983.28271484375,Equity
2024-01-02,ICICIBANK.NS,966.4093017578125,Equity
2024-01-03,ICICIBANK.NS,968.1802368164062,Equity
2024-01-04,ICICIBANK.NS,971.2302856445312,Equity
2024-01-05,ICICIBANK.NS,977.6746215820312,Equity
2024-01-06,ICICIBANK.NS,,Equity
2024-01-07,ICICIBANK.NS,,Equity
2024-01-08,ICICIBANK.NS,966.163330078125,Equity
2024-01-09,ICICIBANK.NS,963.9495849609375,Equity
2024-01-10,ICICIBANK.NS,977.0350952148438,Equity
2024-01-11,ICICIBANK.NS,975.165771484375,Equity
2024-01-12,ICICIBANK.NS,987.3165893554688,Equity
2024-01-13,ICICIBANK.NS,,Equity
2024-01-14,ICICIBANK.NS,,Equity
2024-01-15,ICICIBANK.NS,993.5641479492188,Equity
2024-01-16,ICICIBANK.NS,992.777099609375,Equity
2024-01-17,ICICIBANK.NS,965.9173583984375,Equity
2024-01-18,ICICIBANK.NS,970.443115234375,Equity
2024-01-19,ICICIBANK.NS,983.0859375,Equity
2024-01-20,ICICIBANK.NS,,Equity
2024-01-21,ICICIBANK.NS,,Equity
2024-01-22,ICICIBANK.NS,,Equity
2024-01-23,ICICIBANK.NS,1012.45458984375,Equity
2024-01-24,ICICIBANK.NS,983.0859375,Equity
2024-01-25,ICICIBANK.NS,993.66259765625,Equity
2024-01-26,ICICIBANK.NS,,Equity
2024-01-27,ICICIBANK.NS,,Equity
2024-01-28,ICICIBANK.NS,,Equity
2024-01-29,ICICIBANK.NS,1000.008544921875,Equity
2024-01-30,ICICIBANK.NS,1000.5005493164062,Equity
2024-01-31,ICICIBANK.NS,1011.569091796875,Equity
2024-02-01,ICICIBANK.NS,1008.6174926757812,Equity
2024-02-02,ICICIBANK.NS,1007.4859619140625,Equity
2024-02-03,ICICIBANK.NS,,Equity
2024-02-04,ICICIBANK.NS,,Equity
2024-02-05,ICICIBANK.NS,1006.9940795898438,Equity
2024-02-06,ICICIBANK.NS,1009.8472900390625,Equity
2024-02-07,ICICIBANK.NS,1005.6658325195312,Equity
2024-02-08,ICICIBANK.NS,973.3455810546875,Equity
2024-02-09,ICICIBANK.NS,994.4005126953125,Equity
2024-02-10,ICICIBANK.NS,,Equity
2024-02-11,ICICIBANK.NS,,Equity
2024-02-12,ICICIBANK.NS,980.035888671875,Equity
2024-02-13,ICICIBANK.NS,1003.3536987304688,Equity
2024-02-14,ICICIBANK.NS,1006.2069702148438,Equity
2024-02-15,ICICIBANK.NS,1000.2545166015625,Equity
2024-02-16,ICICIBANK.NS,1006.7481079101562,Equity
2024-02-17,ICICIBANK.NS,,Equity
2024-02-18,ICICIBANK.NS,,Equity
2024-02-19,ICICIBANK.NS,1026.91748046875,Equity
2024-02-20,ICICIBANK.NS,1031.8367919921875,Equity
2024-02-21,ICICIBANK.NS,1034.985107421875,Equity
2024-02-22,ICICIBANK.NS,1045.5618896484375,Equity
2024-02-23,ICICIBANK.NS,1044.1845703125,Equity
2024-02-24,ICICIBANK.NS,,Equity
2024-02-25,ICICIBANK.NS,,Equity
2024-02-26,ICICIBANK.NS,1037.1988525390625,Equity
2024-02-27,ICICIBANK.NS,1043.1021728515625,Equity
2024-02-28,ICICIBANK.NS,1029.327880859375,Equity
2024-02-29,ICICIBANK.NS,1035.231201171875,Equity
2024-03-01,ICICIBANK.NS,1069.37158203125,Equity
2024-03-02,ICICIBANK.NS,,Equity
2024-03-03,ICICIBANK.NS,,Equity
2024-03-04,ICICIBANK.NS,1074.733642578125,Equity
2024-03-05,ICICIBANK.NS,1070.503173828125,Equity
2024-03-06,ICICIBANK.NS,1079.4071044921875,Equity
2024-03-07,ICICIBANK.NS,1070.4046630859375,Equity
2024-03-08,ICICIBANK.NS,,Equity
2024-03-09,ICICIBANK.NS,,Equity
2024-03-10,ICICIBANK.NS,,Equity
2024-03-11,ICICIBANK.NS,1061.3037109375,Equity
2024-03-12,ICICIBANK.NS,1059.483642578125,Equity
2024-03-13,ICICIBANK.NS,1066.4691162109375,Equity
2024-03-14,ICICIBANK.NS,1066.124755859375,Equity
2024-03-15,ICICIBANK.NS,1062.92724609375,Equity
2024-03-16,ICICIBANK.NS,,Equity
2024-03-17,ICICIBANK.NS,,Equity
2024-03-18,ICICIBANK.NS,1063.7635498046875,Equity
2024-03-19,ICICIBANK.NS,1066.4691162109375,Equity
2024-03-20,ICICIBANK.NS,1067.0103759765625,Equity
2024-03-21,ICICIBANK.NS,1064.3538818359375,Equity
2024-03-22,ICICIBANK.NS,1072.716796875,Equity
2024-03-23,ICICIBANK.NS,,Equity
2024-03-24,ICICIBANK.NS,,Equity
2024-03-25,ICICIBANK.NS,,Equity
2024-03-26,ICICIBANK.NS,1066.22314453125,Equity
2024-03-27,ICICIBANK.NS,1066.2724609375,Equity
2024-03-28,ICICIBANK.NS,1075.66845703125,Equity
2024-03-29,ICICIBANK.NS,,Equity
2024-03-30,ICICIBANK.NS,,Equity
2024-03-31,ICICIBANK.NS,,Equity
2024-04-01,ICICIBANK.NS,1081.916015625,Equity
2024-04-02,ICICIBANK.NS,1063.7635498046875,Equity
2024-04-03,ICICIBANK.NS,1059.827880859375,Equity
2024-04-04,ICICIBANK.NS,1061.451416015625,Equity
2024-04-05,ICICIBANK.NS,1065.9281005859375,Equity
2024-04-06,ICICIBANK.NS,,Equity
2024-04-07,ICICIBANK.NS,,Equity
2024-04-08,ICICIBANK.NS,1069.6175537109375,Equity
2024-04-09,ICICIBANK.NS,1089.1966552734375,Equity
2024-04-10,ICICIBANK.NS,1091.5087890625,Equity
2024-04-11,ICICIBANK.NS,,Equity
2024-04-12,ICICIBANK.NS,1086.58935546875,Equity
2024-04-13,ICICIBANK.NS,,Equity
2024-04-14,ICICIBANK.NS,,Equity
2024-04-15,ICICIBANK.NS,1060.95947265625,Equity
2024-04-16,ICICIBANK.NS,1049.841796875,Equity
2024-04-17,ICICIBANK.NS,,Equity
2024-04-18,ICICIBANK.NS,1038.4288330078125,Equity
2024-04-19,ICICIBANK.NS,1050.03857421875,Equity
2024-04-20,ICICIBANK.NS,,Equity
2024-04-21,ICICIBANK.NS,,Equity
2024-04-22,ICICIBANK.NS,1069.125732421875,Equity
2024-04-23,ICICIBANK.NS,1072.6676025390625,Equity
2024-04-24,ICICIBANK.NS,1079.062744140625,Equity
2024-04-25,ICICIBANK.NS,1095.78857421875,Equity
2024-04-26,ICICIBANK.NS,1090.032958984375,Equity
2024-04-27,ICICIBANK.NS,,Equity
2024-04-28,ICICIBANK.NS,,Equity
2024-04-29,ICICIBANK.NS,1141.4403076171875,Equity
2024-04-30,ICICIBANK.NS,1131.8475341796875,Equity
2024-05-01,ICICIBANK.NS,,Equity
2024-05-02,ICICIBANK.NS,1121.0740966796875,Equity
2024-05-03,ICICIBANK.NS,1123.63232421875,Equity
2024-05-04,ICICIBANK.NS,,Equity
2024-05-05,ICICIBANK.NS,,Equity
2024-05-06,ICICIBANK.NS,1127.813720703125,Equity
2024-05-07,ICICIBANK.NS,1113.6458740234375,Equity
2024-05-08,ICICIBANK.NS,1104.8895263671875,Equity
2024-05-09,ICICIBANK.NS,1097.7071533203125,Equity
2024-05-10,ICICIBANK.NS,1099.035400390625,Equity
2024-05-11,ICICIBANK.NS,,Equity
2024-05-12,ICICIBANK.NS,,Equity
2024-05-13,ICICIBANK.NS,1109.808837890625,Equity
2024-05-14,ICICIBANK.NS,1102.47900390625,Equity
2024-05-15,ICICIBANK.NS,1106.2176513671875,Equity
2024-05-16,ICICIBANK.NS,1112.8096923828125,Equity
2024-05-17,ICICIBANK.NS,1112.2684326171875,Equity
2024-05-18,ICICIBANK.NS,,Equity
2024-05-19,ICICIBANK.NS,,Equity
2024-05-20,ICICIBANK.NS,,Equity
2024-05-21,ICICIBANK.NS,1102.8724365234375,Equity
2024-05-22,ICICIBANK.NS,1093.1812744140625,Equity
2024-05-23,ICICIBANK.NS,1116.2039794921875,Equity
2024-05-24,ICICIBANK.NS,1113.695068359375,Equity
2024-05-25,ICICIBANK.NS,,Equity
2024-05-26,ICICIBANK.NS,,Equity
2024-05-27,ICICIBANK.NS,1111.579833984375,Equity
2024-05-28,ICICIBANK.NS,1108.775634765625,Equity
2024-05-29,ICICIBANK.NS,1084.2281494140625,Equity
2024-05-30,ICICIBANK.NS,1095.7393798828125,Equity
2024-05-31,ICICIBANK.NS,1102.970947265625,Equity
2024-06-01,ICICIBANK.NS,,Equity
2024-06-02,ICICIBANK.NS,,Equity
2024-06-03,ICICIBANK.NS,1141.292724609375,Equity
2024-06-04,ICICIBANK.NS,1054.170654296875,Equity
2024-06-05,ICICIBANK.NS,1090.7708740234375,Equity
2024-06-06,ICICIBANK.NS,1092.49267578125,Equity
2024-06-07,ICICIBANK.NS,1103.6103515625,Equity
2024-06-08,ICICIBANK.NS,,Equity
2024-06-09,ICICIBANK.NS,,Equity
2024-06-10,ICICIBANK.NS,1105.676513671875,Equity
2024-06-11,ICICIBANK.NS,1100.1668701171875,Equity
2024-06-12,ICICIBANK.NS,1101.4951171875,Equity
2024-06-13,ICICIBANK.NS,1089.49169921875,Equity
2024-06-14,ICICIBANK.NS,1087.8192138671875,Equity
2024-06-15,ICICIBANK.NS,,Equity
2024-06-16,ICICIBANK.NS,,Equity
2024-06-17,ICICIBANK.NS,,Equity
2024-06-18,ICICIBANK.NS,1104.7418212890625,Equity
2024-06-19,ICICIBANK.NS,1125.993408203125,Equity
2024-06-20,ICICIBANK.NS,1138.144287109375,Equity
2024-06-21,ICICIBANK.NS,1139.9644775390625,Equity
2024-06-22,ICICIBANK.NS,,Equity
2024-06-23,ICICIBANK.NS,,Equity
2024-06-24,ICICIBANK.NS,1151.229736328125,Equity
2024-06-25,ICICIBANK.NS,1178.630615234375,Equity
2024-06-26,ICICIBANK.NS,1198.357421875,Equity
2024-06-27,ICICIBANK.NS,1200.2266845703125,Equity
2024-06-28,ICICIBANK.NS,1180.254150390625,Equity
2024-06-29,ICICIBANK.NS,,Equity
2024-06-30,ICICIBANK.NS,,Equity
2024-07-01,ICICIBANK.NS,1192.3065185546875,Equity
2024-07-02,ICICIBANK.NS,1171.399169921875,Equity
2024-07-03,ICICIBANK.NS,1182.2218017578125,Equity
2024-07-04,ICICIBANK.NS,1213.115478515625,Equity
2024-07-05,ICICIBANK.NS,1213.509033203125,Equity
2024-07-06,ICICIBANK.NS,,Equity
2024-07-07,ICICIBANK.NS,,Equity
2024-07-08,ICICIBANK.NS,1215.1324462890625,Equity
2024-07-09,ICICIBANK.NS,1228.1195068359375,Equity
2024-07-10,ICICIBANK.NS,1223.15087890625,Equity
2024-07-11,ICICIBANK.NS,1218.4775390625,Equity
2024-07-12,ICICIBANK.NS,1213.01708984375,Equity
2024-07-13,ICICIBANK.NS,,Equity
2024-07-14,ICICIBANK.NS,,Equity
2024-07-15,ICICIBANK.NS,1210.1146240234375,Equity
2024-07-16,ICICIBANK.NS,1219.9041748046875,Equity
2024-07-17,ICICIBANK.NS,,Equity
2024-07-18,ICICIBANK.NS,1230.1365966796875,Equity
2024-07-19,ICICIBANK.NS,1228.5130615234375,Equity
2024-07-20,ICICIBANK.NS,,Equity
2024-07-21,ICICIBANK.NS,,Equity
2024-07-22,ICICIBANK.NS,1221.1341552734375,Equity
2024-07-23,ICICIBANK.NS,1206.96630859375,Equity
2024-07-24,ICICIBANK.NS,1203.2767333984375,Equity
2024-07-25,ICICIBANK.NS,1178.58154296875,Equity
2024-07-26,ICICIBANK.NS,1187.7314453125,Equity
2024-07-27,ICICIBANK.NS,,Equity
2024-07-28,ICICIBANK.NS,,Equity
2024-07-29,ICICIBANK.NS,1193.142822265625,Equity
2024-07-30,ICICIBANK.NS,1189.9451904296875,Equity
2024-07-31,ICICIBANK.NS,1195.307373046875,Equity
2024-08-01,ICICIBANK.NS,1190.584716796875,Equity
2024-08-02,ICICIBANK.NS,1177.2532958984375,Equity
2024-08-03,ICICIBANK.NS,,Equity
2024-08-04,ICICIBANK.NS,,Equity
2024-08-05,ICICIBANK.NS,1153.689453125,Equity
2024-08-06,ICICIBANK.NS,1148.0322265625,Equity
2024-08-07,ICICIBANK.NS,1153.5418701171875,Equity
2024-08-08,ICICIBANK.NS,1145.8184814453125,Equity
2024-08-09,ICICIBANK.NS,1152.70556640625,Equity
2024-08-10,ICICIBANK.NS,,Equity
2024-08-11,ICICIBANK.NS,,Equity
2024-08-12,ICICIBANK.NS,1163.8199462890625,Equity
2024-08-13,ICICIBANK.NS,1159.4039306640625,Equity
2024-08-14,ICICIBANK.NS,1152.7552490234375,Equity
2024-08-15,ICICIBANK.NS,,Equity
2024-08-16,ICICIBANK.NS,1178.1591796875,Equity
2024-08-17,ICICIBANK.NS,,Equity
2024-08-18,ICICIBANK.NS,,Equity
2024-08-19,ICICIBANK.NS,1166.8961181640625,Equity
2024-08-20,ICICIBANK.NS,1170.4189453125,Equity
2024-08-21,ICICIBANK.NS,1165.8541259765625,Equity
2024-08-22,ICICIBANK.NS,1181.979736328125,Equity
2024-08-23,ICICIBANK.NS,1194.2847900390625,Equity
2024-08-24,ICICIBANK.NS,,Equity
2024-08-25,ICICIBANK.NS,,Equity
2024-08-26,ICICIBANK.NS,1204.009765625,Equity
2024-08-27,ICICIBANK.NS,1216.9598388671875,Equity
2024-08-28,ICICIBANK.NS,1214.47900390625,Equity
2024-08-29,ICICIBANK.NS,1212.5439453125,Equity
2024-08-30,ICICIBANK.NS,1219.7879638671875,Equity
2024-08-31,ICICIBANK.NS,,Equity
2024-09-01,ICICIBANK.NS,,Equity
2024-09-02,ICICIBANK.NS,1220.5322265625,Equity
2024-09-03,ICICIBANK.NS,1238.1463623046875,Equity
2024-09-04,ICICIBANK.NS,1226.88330078125,Equity
2024-09-05,ICICIBANK.NS,1226.486328125,Equity
2024-09-06,ICICIBANK.NS,1198.899169921875,Equity
2024-09-07,ICICIBANK.NS,,Equity
2024-09-08,ICICIBANK.NS,,Equity
2024-09-09,ICICIBANK.NS,1225.5435791015625,Equity
2024-09-10,ICICIBANK.NS,1227.8260498046875,Equity
2024-09-11,ICICIBANK.NS,1226.88330078125,Equity
2024-09-12,ICICIBANK.NS,1242.5623779296875,Equity
2024-09-13,ICICIBANK.NS,1240.7760009765625,Equity
2024-09-14,ICICIBANK.NS,,Equity
2024-09-15,ICICIBANK.NS,,Equity
2024-09-16,ICICIBANK.NS,1253.1802978515625,Equity
2024-09-17,ICICIBANK.NS,1258.39013671875,Equity
2024-09-18,ICICIBANK.NS,1278.485107421875,Equity
2024-09-19,ICICIBANK.NS,1282.107177734375,Equity
2024-09-20,ICICIBANK.NS,1328.201416015625,Equity
2024-09-21,ICICIBANK.NS,,Equity
2024-09-22,ICICIBANK.NS,,Equity
2024-09-23,ICICIBANK.NS,1311.7781982421875,Equity
2024-09-24,ICICIBANK.NS,1308.50341796875,Equity
2024-09-25,ICICIBANK.NS,1313.7132568359375,Equity
2024-09-26,ICICIBANK.NS,1318.87353515625,Equity
2024-09-27,ICICIBANK.NS,1296.5953369140625,Equity
2024-09-28,ICICIBANK.NS,,Equity
2024-09-29,ICICIBANK.NS,,Equity
2024-09-30,ICICIBANK.NS,1263.252685546875,Equity
2024-10-01,ICICIBANK.NS,1264.6419677734375,Equity
2024-10-02,ICICIBANK.NS,,Equity
2024-10-03,ICICIBANK.NS,1246.7301025390625,Equity
2024-10-04,ICICIBANK.NS,1230.2572021484375,Equity
2024-10-05,ICICIBANK.NS,,Equity
2024-10-06,ICICIBANK.NS,,Equity
2024-10-07,ICICIBANK.NS,1224.4520263671875,Equity
2024-10-08,ICICIBANK.NS,1227.13134765625,Equity
2024-10-09,ICICIBANK.NS,1234.62353515625,Equity
2024-10-10,ICICIBANK.NS,1233.978515625,Equity
2024-10-11,ICICIBANK.NS,1213.635498046875,Equity
2024-10-12,ICICIBANK.NS,,Equity
2024-10-13,ICICIBANK.NS,,Equity
2024-10-14,ICICIBANK.NS,1222.3184814453125,Equity
2024-10-15,ICICIBANK.NS,1245.8865966796875,Equity
2024-10-16,ICICIBANK.NS,1233.6312255859375,Equity
2024-10-17,ICICIBANK.NS,1221.8223876953125,Equity
2024-10-18,ICICIBANK.NS,1254.8177490234375,Equity
2024-10-19,ICICIBANK.NS,,Equity
2024-10-20,ICICIBANK.NS,,Equity
2024-10-21,ICICIBANK.NS,1249.4095458984375,Equity
2024-10-22,ICICIBANK.NS,1257.7947998046875,Equity
2024-10-23,ICICIBANK.NS,1242.0164794921875,Equity
2024-10-24,ICICIBANK.NS,1243.15771484375,Equity
2024-10-25,ICICIBANK.NS,1245.8370361328125,Equity
2024-10-26,ICICIBANK.NS,,Equity
2024-10-27,ICICIBANK.NS,,Equity
2024-10-28,ICICIBANK.NS,1282.95068359375,Equity
2024-10-29,ICICIBANK.NS,1321.6519775390625,Equity
2024-10-30,ICICIBANK.NS,1302.1029052734375,Equity
2024-10-31,ICICIBANK.NS,1282.355224609375,Equity
2024-11-01,ICICIBANK.NS,1281.90869140625,Equity
2024-11-02,ICICIBANK.NS,,Equity
2024-11-03,ICICIBANK.NS,,Equity
2024-11-04,ICICIBANK.NS,1267.42041015625,Equity
2024-11-05,ICICIBANK.NS,1286.7711181640625,Equity
2024-11-06,ICICIBANK.NS,1292.3779296875,Equity
2024-11-07,ICICIBANK.NS,1268.908935546875,Equity
2024-11-08,ICICIBANK.NS,1249.2109375,Equity
2024-11-09,ICICIBANK.NS,,Equity
2024-11-10,ICICIBANK.NS,,Equity
2024-11-11,ICICIBANK.NS,1259.5810546875,Equity
2024-11-12,ICICIBANK.NS,1260.8709716796875,Equity
2024-11-13,ICICIBANK.NS,1244.100341796875,Equity
2024-11-14,ICICIBANK.NS,1247.325439453125,Equity
2024-11-15,ICICIBANK.NS,,Equity
2024-11-16,ICICIBANK.NS,,Equity
2024-11-17,ICICIBANK.NS,,Equity
2024-11-18,ICICIBANK.NS,1243.852294921875,Equity
2024-11-19,ICICIBANK.NS,1239.53564453125,Equity
2024-11-20,ICICIBANK.NS,,Equity
2024-11-21,ICICIBANK.NS,1240.974609375,Equity
2024-11-22,ICICIBANK.NS,1268.2640380859375,Equity
2024-11-23,ICICIBANK.NS,,Equity
2024-11-24,ICICIBANK.NS,,Equity
2024-11-25,ICICIBANK.NS,1290.9886474609375,Equity
2024-11-26,ICICIBANK.NS,1294.9580078125,Equity
2024-11-27,ICICIBANK.NS,1290.740478515625,Equity
2024-11-28,ICICIBANK.NS,1276.5003662109375,Equity
2024-11-29,ICICIBANK.NS,1290.1451416015625,Equity
2024-11-30,ICICIBANK.NS,,Equity
2024-12-01,ICICIBANK.NS,,Equity
2024-12-02,ICICIBANK.NS,1294.6602783203125,Equity
2024-12-03,ICICIBANK.NS,1298.381591796875,Equity
2024-12-04,ICICIBANK.NS,1305.9730224609375,Equity
2024-12-05,ICICIBANK.NS,1326.2664794921875,Equity
2024-12-06,ICICIBANK.NS,1318.5758056640625,Equity
2024-12-07,ICICIBANK.NS,,Equity
2024-12-08,ICICIBANK.NS,,Equity
2024-12-09,ICICIBANK.NS,1312.1751708984375,Equity
2024-12-10,ICICIBANK.NS,1320.2626953125,Equity
2024-12-11,ICICIBANK.NS,1317.3353271484375,Equity
2024-12-12,ICICIBANK.NS,1319.0718994140625,Equity
2024-12-13,ICICIBANK.NS,1334.6021728515625,Equity
2024-12-14,ICICIBANK.NS,,Equity
2024-12-15,ICICIBANK.NS,,Equity
2024-12-16,ICICIBANK.NS,1335.7928466796875,Equity
2024-12-17,ICICIBANK.NS,1323.5374755859375,Equity
2024-12-18,ICICIBANK.NS,1304.087646484375,Equity
2024-12-19,ICICIBANK.NS,1277.0462646484375,Equity
2024-12-20,ICICIBANK.NS,1278.5347900390625,Equity
2024-12-21,ICICIBANK.NS,,Equity
2024-12-22,ICICIBANK.NS,,Equity
2024-12-23,ICICIBANK.NS,1286.8704833984375,Equity
2024-12-24,ICICIBANK.NS,1287.3170166015625,Equity
2024-12-25,ICICIBANK.NS,,Equity
2024-12-26,ICICIBANK.NS,1287.4161376953125,Equity
2024-12-27,ICICIBANK.NS,1297.5382080078125,Equity
2024-12-28,ICICIBANK.NS,,Equity
2024-12-29,ICICIBANK.NS,,Equity
2024-12-30,ICICIBANK.NS,1284.7369384765625,Equity
2024-12-31,ICICIBANK.NS,1271.83642578125,Equity
2025-01-01,ICICIBANK.NS,1273.8211669921875,Equity
2025-01-02,ICICIBANK.NS,1280.7178955078125,Equity
2025-01-03,ICICIBANK.NS,1255.363525390625,Equity
2025-01-04,ICICIBANK.NS,,Equity
2025-01-05,ICICIBANK.NS,,Equity
2025-01-06,ICICIBANK.NS,1254.4207763671875,Equity
2025-01-07,ICICIBANK.NS,1269.454833984375,Equity
2025-01-08,ICICIBANK.NS,1254.073486328125,Equity
2025-01-09,ICICIBANK.NS,1252.73388671875,Equity
2025-01-10,ICICIBANK.NS,1240.2799072265625,Equity
2025-01-11,ICICIBANK.NS,,Equity
2025-01-12,ICICIBANK.NS,,Equity
2025-01-13,ICICIBANK.NS,1220.3338623046875,Equity
2025-01-14,ICICIBANK.NS,1230.8031005859375,Equity
2025-01-15,ICICIBANK.NS,1228.7686767578125,Equity
2025-01-16,ICICIBANK.NS,1239.53564453125,Equity
2025-01-17,ICICIBANK.NS,1216.066650390625,Equity
2025-01-18,ICICIBANK.NS,,Equity
2025-01-19,ICICIBANK.NS,,Equity
2025-01-20,ICICIBANK.NS,1223.50927734375,Equity
2025-01-21,ICICIBANK.NS,1186.9910888671875,Equity
2025-01-22,ICICIBANK.NS,1191.258056640625,Equity
2025-01-23,ICICIBANK.NS,1192.5482177734375,Equity
2025-01-24,ICICIBANK.NS,1199.941162109375,Equity
2025-01-25,ICICIBANK.NS,,Equity
2025-01-26,ICICIBANK.NS,,Equity
2025-01-27,ICICIBANK.NS,1218.547607421875,Equity
2025-01-28,ICICIBANK.NS,1237.3525390625,Equity
2025-01-29,ICICIBANK.NS,1242.066162109375,Equity
2025-01-30,ICICIBANK.NS,1245.98583984375,Equity
2025-01-31,ICICIBANK.NS,1243.2073974609375,Equity
2025-02-01,ICICIBANK.NS,1245.936279296875,Equity
2025-02-02,ICICIBANK.NS,,Equity
2025-02-03,ICICIBANK.NS,1243.40576171875,Equity
2025-02-04,ICICIBANK.NS,1258.4893798828125,Equity
2025-02-05,ICICIBANK.NS,1257.9931640625,Equity
2025-02-06,ICICIBANK.NS,1262.6572265625,Equity
2025-02-07,ICICIBANK.NS,1247.2760009765625,Equity
2025-02-08,ICICIBANK.NS,,Equity
2025-02-09,ICICIBANK.NS,,Equity
2025-02-10,ICICIBANK.NS,1252.9322509765625,Equity
2025-02-11,ICICIBANK.NS,1243.15771484375,Equity
2025-02-12,ICICIBANK.NS,1242.2149658203125,Equity
2025-02-13,ICICIBANK.NS,1239.337158203125,Equity
2025-02-14,ICICIBANK.NS,1250.451416015625,Equity
2025-02-15,ICICIBANK.NS,,Equity
2025-02-16,ICICIBANK.NS,,Equity
2025-02-17,ICICIBANK.NS,1241.5699462890625,Equity
2025-02-18,ICICIBANK.NS,1233.531982421875,Equity
2025-02-19,ICICIBANK.NS,1251.9896240234375,Equity
2025-02-20,ICICIBANK.NS,1240.379150390625,Equity
2025-02-21,ICICIBANK.NS,1223.50927734375,Equity
2025-02-22,ICICIBANK.NS,,Equity
2025-02-23,ICICIBANK.NS,,Equity
2025-02-24,ICICIBANK.NS,1209.0211181640625,Equity
2025-02-25,ICICIBANK.NS,1214.7767333984375,Equity
2025-02-26,ICICIBANK.NS,,Equity
2025-02-27,ICICIBANK.NS,1213.0897216796875,Equity
2025-02-28,ICICIBANK.NS,1194.8802490234375,Equity
2025-03-01,ICICIBANK.NS,,Equity
2025-03-02,ICICIBANK.NS,,Equity
2025-03-03,ICICIBANK.NS,1196.964111328125,Equity
2025-03-04,ICICIBANK.NS,1201.1319580078125,Equity
2025-03-05,ICICIBANK.NS,1206.391357421875,Equity
2025-03-06,ICICIBANK.NS,1208.7235107421875,Equity
2025-03-07,ICICIBANK.NS,1205.250244140625,Equity
2025-03-08,ICICIBANK.NS,,Equity
2025-03-09,ICICIBANK.NS,,Equity
2025-03-10,ICICIBANK.NS,1205.5478515625,Equity
2025-03-11,ICICIBANK.NS,1235.864013671875,Equity
2025-03-12,ICICIBANK.NS,1234.425048828125,Equity
2025-03-13,ICICIBANK.NS,1240.4783935546875,Equity
2025-03-14,ICICIBANK.NS,,Equity
2025-03-15,ICICIBANK.NS,,Equity
2025-03-16,ICICIBANK.NS,,Equity
2025-03-17,ICICIBANK.NS,1259.2833251953125,Equity
2025-03-18,ICICIBANK.NS,1259.2833251953125,Equity
2025-03-19,ICICIBANK.NS,1303.0455322265625,Equity
2025-03-20,ICICIBANK.NS,1311.5797119140625,Equity
2025-03-21,ICICIBANK.NS,1332.81591796875,Equity
2025-03-22,ICICIBANK.NS,,Equity
2025-03-23,ICICIBANK.NS,,Equity
2025-03-24,ICICIBANK.NS,1347.750732421875,Equity
2025-03-25,ICICIBANK.NS,1333.4112548828125,Equity
2025-03-26,ICICIBANK.NS,1325.6710205078125,Equity
2025-03-27,ICICIBANK.NS,1326.415283203125,Equity
2025-03-28,ICICIBANK.NS,1338.025634765625,Equity
2025-03-29,ICICIBANK.NS,,Equity
2025-03-30,ICICIBANK.NS,,Equity
2025-03-31,ICICIBANK.NS,,Equity
2025-04-01,ICICIBANK.NS,1308.3546142578125,Equity
2025-04-02,ICICIBANK.NS,1321.056640625,Equity
2025-04-03,ICICIBANK.NS,1319.3697509765625,Equity
2025-04-04,ICICIBANK.NS,1325.07568359375,Equity
2025-04-05,ICICIBANK.NS,,Equity
2025-04-06,ICICIBANK.NS,,Equity
2025-04-07,ICICIBANK.NS,1277.6912841796875,Equity
2025-04-08,ICICIBANK.NS,1289.9466552734375,Equity
2025-04-09,ICICIBANK.NS,1290.83984375,Equity
2025-04-10,ICICIBANK.NS,,Equity
2025-04-11,ICICIBANK.NS,1301.606689453125,Equity
2025-04-12,ICICIBANK.NS,,Equity
2025-04-13,ICICIBANK.NS,,Equity
2025-04-14,ICICIBANK.NS,,Equity
2025-04-15,ICICIBANK.NS,1339.8614501953125,Equity
2025-04-16,ICICIBANK.NS,1346.0140380859375,Equity
2025-04-17,ICICIBANK.NS,1395.9288330078125,Equity
2025-04-18,ICICIBANK.NS,,Equity
2025-04-19,ICICIBANK.NS,,Equity
2025-04-20,ICICIBANK.NS,,Equity
2025-04-21,ICICIBANK.NS,1399.0052490234375,Equity
2025-04-22,ICICIBANK.NS,1405.6539306640625,Equity
2025-04-23,ICICIBANK.NS,1413.493408203125,Equity
2025-04-24,ICICIBANK.NS,1391.95947265625,Equity
2025-04-25,ICICIBANK.NS,1394.04345703125,Equity
2025-04-26,ICICIBANK.NS,,Equity
2025-04-27,ICICIBANK.NS,,Equity
2025-04-28,ICICIBANK.NS,1417.8597412109375,Equity
2025-04-29,ICICIBANK.NS,1418.85205078125,Equity
2025-04-30,ICICIBANK.NS,1416.073486328125,Equity
2025-05-01,ICICIBANK.NS,,Equity
2025-05-02,ICICIBANK.NS,1419.149658203125,Equity
2025-05-03,ICICIBANK.NS,,Equity
2025-05-04,ICICIBANK.NS,,Equity
2025-05-05,ICICIBANK.NS,1418.455078125,Equity
2025-05-06,ICICIBANK.NS,1420.63818359375,Equity
2025-05-07,ICICIBANK.NS,1424.4091796875,Equity
2025-05-08,ICICIBANK.NS,1424.5084228515625,Equity
2025-05-09,ICICIBANK.NS,1378.2652587890625,Equity
2025-05-10,ICICIBANK.NS,,Equity
2025-05-11,ICICIBANK.NS,,Equity
2025-05-12,ICICIBANK.NS,1437.4088134765625,Equity
2025-05-13,ICICIBANK.NS,1419.6458740234375,Equity
2025-05-14,ICICIBANK.NS,1415.279541015625,Equity
2025-05-15,ICICIBANK.NS,1439.6912841796875,Equity
2025-05-16,ICICIBANK.NS,1442.86669921875,Equity
2025-05-17,ICICIBANK.NS,,Equity
2025-05-18,ICICIBANK.NS,,Equity
2025-05-19,ICICIBANK.NS,1437.905029296875,Equity
2025-05-20,ICICIBANK.NS,1427.1876220703125,Equity
2025-05-21,ICICIBANK.NS,1433.637939453125,Equity
2025-05-22,ICICIBANK.NS,1431.057861328125,Equity
2025-05-23,ICICIBANK.NS,1438.698974609375,Equity
2025-05-24,ICICIBANK.NS,,Equity
2025-05-25,ICICIBANK.NS,,Equity
2025-05-26,ICICIBANK.NS,1449.4161376953125,Equity
2025-05-27,ICICIBANK.NS,1435.324951171875,Equity
2025-05-28,ICICIBANK.NS,1442.6683349609375,Equity
2025-05-29,ICICIBANK.NS,1445.3475341796875,Equity
2025-05-30,ICICIBANK.NS,1434.7296142578125,Equity
2025-05-31,ICICIBANK.NS,,Equity
2025-06-01,ICICIBANK.NS,,Equity
2025-06-02,ICICIBANK.NS,1439.3935546875,Equity
2025-06-03,ICICIBANK.NS,1426.8900146484375,Equity
2025-06-04,ICICIBANK.NS,1420.0428466796875,Equity
2025-06-05,ICICIBANK.NS,1443.66064453125,Equity
2025-06-06,ICICIBANK.NS,1448.5230712890625,Equity
2025-06-07,ICICIBANK.NS,,Equity
2025-06-08,ICICIBANK.NS,,Equity
2025-06-09,ICICIBANK.NS,1423.8138427734375,Equity
2025-06-10,ICICIBANK.NS,1412.0048828125,Equity
2025-06-11,ICICIBANK.NS,1420.0428466796875,Equity
2025-06-12,ICICIBANK.NS,1414.2872314453125,Equity
2025-06-13,ICICIBANK.NS,1405.2569580078125,Equity
2025-06-14,ICICIBANK.NS,,Equity
2025-06-15,ICICIBANK.NS,,Equity
2025-06-16,ICICIBANK.NS,1415.9742431640625,Equity
2025-06-17,ICICIBANK.NS,1412.302490234375,Equity
2025-06-18,ICICIBANK.NS,1401.78369140625,Equity
2025-06-19,ICICIBANK.NS,1400.4937744140625,Equity
2025-06-20,ICICIBANK.NS,1416.1727294921875,Equity
2025-06-21,ICICIBANK.NS,,Equity
2025-06-22,ICICIBANK.NS,,Equity
2025-06-23,ICICIBANK.NS,1409.226318359375,Equity
2025-06-24,ICICIBANK.NS,1413.1956787109375,Equity
2025-06-25,ICICIBANK.NS,1414.8826904296875,Equity
2025-06-26,ICICIBANK.NS,1428.080810546875,Equity
2025-06-27,ICICIBANK.NS,1451.00390625,Equity
2025-06-28,ICICIBANK.NS,,Equity
2025-06-29,ICICIBANK.NS,,Equity
2025-06-30,ICICIBANK.NS,1434.7296142578125,Equity
2025-07-01,ICICIBANK.NS,1421.03515625,Equity
2025-07-02,ICICIBANK.NS,1416.867431640625,Equity
2025-07-03,ICICIBANK.NS,1414.98193359375,Equity
2025-07-04,ICICIBANK.NS,1431.7525634765625,Equity
2025-07-05,ICICIBANK.NS,,Equity
2025-07-06,ICICIBANK.NS,,Equity
2025-07-07,ICICIBANK.NS,1424.706787109375,Equity
2025-07-08,ICICIBANK.NS,1430.9586181640625,Equity
2025-07-09,ICICIBANK.NS,1420.93603515625,Equity
2025-07-10,ICICIBANK.NS,1413.1956787109375,Equity
2025-07-11,ICICIBANK.NS,1411.0125732421875,Equity
2025-07-12,ICICIBANK.NS,,Equity
2025-07-13,ICICIBANK.NS,,Equity
2025-07-14,ICICIBANK.NS,1412.1041259765625,Equity
2025-07-15,ICICIBANK.NS,1419.844482421875,Equity
2025-07-16,ICICIBANK.NS,1415.4781494140625,Equity
2025-07-17,ICICIBANK.NS,1407.8370361328125,Equity
2025-07-18,ICICIBANK.NS,1414.8826904296875,Equity
2025-07-19,ICICIBANK.NS,,Equity
2025-07-20,ICICIBANK.NS,,Equity
2025-07-21,ICICIBANK.NS,1454.576416015625,Equity
2025-07-22,ICICIBANK.NS,1462.316650390625,Equity
2025-07-23,ICICIBANK.NS,1477.2017822265625,Equity
2025-07-24,ICICIBANK.NS,1472.0416259765625,Equity
2025-07-25,ICICIBANK.NS,1465.789794921875,Equity
2025-07-26,ICICIBANK.NS,,Equity
2025-07-27,ICICIBANK.NS,,Equity
2025-07-28,ICICIBANK.NS,1477.00341796875,Equity
2025-07-29,ICICIBANK.NS,1474.8201904296875,Equity
2025-07-30,ICICIBANK.NS,1471.04931640625,Equity
2025-07-31,ICICIBANK.NS,1470.0570068359375,Equity
2025-08-01,ICICIBANK.NS,1460.3319091796875,Equity
2025-08-02,ICICIBANK.NS,,Equity
2025-08-03,ICICIBANK.NS,,Equity
2025-08-04,ICICIBANK.NS,1451.9962158203125,Equity
2025-08-05,ICICIBANK.NS,1433.3402099609375,Equity
2025-08-06,ICICIBANK.NS,1432.54638671875,Equity
2025-08-07,ICICIBANK.NS,1429.271728515625,Equity
2025-08-08,ICICIBANK.NS,1424.9053955078125,Equity
2025-08-09,ICICIBANK.NS,,Equity
2025-08-10,ICICIBANK.NS,,Equity
2025-08-11,ICICIBANK.NS,1425.5999755859375,Equity
2025-08-12,ICICIBANK.NS,1422.0,Equity
2025-08-13,ICICIBANK.NS,1420.800048828125,Equity
2025-08-14,ICICIBANK.NS,1427.300048828125,Equity
2025-08-15,ICICIBANK.NS,,Equity
2025-08-16,ICICIBANK.NS,,Equity
2025-08-17,ICICIBANK.NS,,Equity
2025-08-18,ICICIBANK.NS,1434.5999755859375,Equity
2025-08-19,ICICIBANK.NS,1436.300048828125,Equity
2025-08-20,ICICIBANK.NS,1430.5999755859375,Equity
2025-08-21,ICICIBANK.NS,1446.0,Equity
2025-08-22,ICICIBANK.NS,1436.4000244140625,Equity
2025-08-23,ICICIBANK.NS,,Equity
2025-08-24,ICICIBANK.NS,,Equity
2025-08-25,ICICIBANK.NS,1433.199951171875,Equity
2025-08-26,ICICIBANK.NS,1416.5999755859375,Equity
2025-08-27,ICICIBANK.NS,,Equity
2025-08-28,ICICIBANK.NS,1399.0999755859375,Equity
2025-08-29,ICICIBANK.NS,1397.800048828125,Equity
2025-08-30,ICICIBANK.NS,,Equity
2025-08-31,ICICIBANK.NS,,Equity
2025-09-01,ICICIBANK.NS,1411.0,Equity
2025-09-02,ICICIBANK.NS,1394.199951171875,Equity
2025-09-03,ICICIBANK.NS,1397.0,Equity
2025-09-04,ICICIBANK.NS,1405.5,Equity
2025-09-05,ICICIBANK.NS,1402.800048828125,Equity
2025-09-06,ICICIBANK.NS,,Equity
2025-09-07,ICICIBANK.NS,,Equity
2025-09-08,ICICIBANK.NS,1402.699951171875,Equity
2025-09-09,ICICIBANK.NS,1403.699951171875,Equity
2025-09-10,ICICIBANK.NS,1403.9000244140625,Equity
2025-09-11,ICICIBANK.NS,1401.5999755859375,Equity
2025-09-12,ICICIBANK.NS,1417.699951171875,Equity
2025-09-13,ICICIBANK.NS,,Equity
2025-09-14,ICICIBANK.NS,,Equity
2025-09-15,ICICIBANK.NS,1419.4000244140625,Equity
2025-09-16,ICICIBANK.NS,1421.5999755859375,Equity
2025-09-17,ICICIBANK.NS,1419.199951171875,Equity
2025-09-18,ICICIBANK.NS,1421.699951171875,Equity
2025-09-19,ICICIBANK.NS,1402.199951171875,Equity
2025-09-20,ICICIBANK.NS,,Equity
2025-09-21,ICICIBANK.NS,,Equity
2025-09-22,ICICIBANK.NS,1401.5,Equity
2025-09-23,ICICIBANK.NS,1394.300048828125,Equity
2025-09-24,ICICIBANK.NS,1382.699951171875,Equity
2025-09-25,ICICIBANK.NS,1375.800048828125,Equity
2025-09-26,ICICIBANK.NS,1359.5999755859375,Equity
2025-09-27,ICICIBANK.NS,,Equity
2025-09-28,ICICIBANK.NS,,Equity
2025-09-29,ICICIBANK.NS,1348.0999755859375,Equity
2025-09-30,ICICIBANK.NS,1348.0,Equity
2025-10-01,ICICIBANK.NS,1372.0,Equity
2025-10-02,ICICIBANK.NS,,Equity
2025-10-03,ICICIBANK.NS,1365.199951171875,Equity
2025-10-04,ICICIBANK.NS,,Equity
2025-10-05,ICICIBANK.NS,,Equity
2025-10-06,ICICIBANK.NS,1363.4000244140625,Equity
2025-10-07,ICICIBANK.NS,1375.9000244140625,Equity
2025-10-08,ICICIBANK.NS,1370.300048828125,Equity
2025-10-09,ICICIBANK.NS,1376.199951171875,Equity
2025-10-10,ICICIBANK.NS,1380.300048828125,Equity
2025-10-11,ICICIBANK.NS,,Equity
2025-10-12,ICICIBANK.NS,,Equity
2025-10-13,ICICIBANK.NS,1379.4000244140625,Equity
2025-10-14,ICICIBANK.NS,1384.0999755859375,Equity
2025-10-15,ICICIBANK.NS,1398.4000244140625,Equity
2025-10-16,ICICIBANK.NS,1417.300048828125,Equity
2025-10-17,ICICIBANK.NS,1436.5999755859375,Equity
2025-10-18,ICICIBANK.NS,,Equity
2025-10-19,ICICIBANK.NS,,Equity
2025-10-20,ICICIBANK.NS,1390.300048828125,Equity
2025-10-21,ICICIBANK.NS,1382.0,Equity
2025-10-22,ICICIBANK.NS,,Equity
2025-10-23,ICICIBANK.NS,1363.699951171875,Equity
2025-10-24,ICICIBANK.NS,1377.699951171875,Equity
2025-10-25,ICICIBANK.NS,,Equity
2025-10-26,ICICIBANK.NS,,Equity
2025-10-27,ICICIBANK.NS,1377.5999755859375,Equity
2025-10-28,ICICIBANK.NS,1363.0999755859375,Equity
2025-10-29,ICICIBANK.NS,1370.4000244140625,Equity
2025-10-30,ICICIBANK.NS,1362.4000244140625,Equity
2025-10-31,ICICIBANK.NS,1345.300048828125,Equity
2025-11-01,ICICIBANK.NS,,Equity
2025-11-02,ICICIBANK.NS,,Equity
2025-11-03,ICICIBANK.NS,1346.4000244140625,Equity
2025-11-04,ICICIBANK.NS,1336.9000244140625,Equity
2025-11-05,ICICIBANK.NS,,Equity
2025-11-06,ICICIBANK.NS,1320.4000244140625,Equity
2025-11-07,ICICIBANK.NS,1343.0,Equity
2025-11-08,ICICIBANK.NS,,Equity
2025-11-09,ICICIBANK.NS,,Equity
2025-11-10,ICICIBANK.NS,1348.0,Equity
2025-11-11,ICICIBANK.NS,1358.300048828125,Equity
2025-11-12,ICICIBANK.NS,1358.9000244140625,Equity
2025-11-13,ICICIBANK.NS,1385.9000244140625,Equity
2025-11-14,ICICIBANK.NS,1373.0,Equity
2025-11-15,ICICIBANK.NS,,Equity
2025-11-16,ICICIBANK.NS,,Equity
2025-11-17,ICICIBANK.NS,1379.0,Equity
2025-11-18,ICICIBANK.NS,1373.4000244140625,Equity
2025-11-19,ICICIBANK.NS,1383.0999755859375,Equity
2025-11-20,ICICIBANK.NS,1383.0,Equity
2025-11-21,ICICIBANK.NS,1369.5,Equity
2025-11-22,ICICIBANK.NS,,Equity
2025-11-23,ICICIBANK.NS,,Equity
2025-11-24,ICICIBANK.NS,1368.4000244140625,Equity
2025-11-25,ICICIBANK.NS,1357.800048828125,Equity
2025-11-26,ICICIBANK.NS,1375.0,Equity
2025-11-27,ICICIBANK.NS,1392.199951171875,Equity
2025-11-28,ICICIBANK.NS,1388.800048828125,Equity
2025-11-29,ICICIBANK.NS,,Equity
2025-11-30,ICICIBANK.NS,,Equity
2025-12-01,ICICIBANK.NS,1390.0999755859375,Equity
2025-12-02,ICICIBANK.NS,1373.0,Equity
2025-12-03,ICICIBANK.NS,1391.5,Equity
2025-12-04,ICICIBANK.NS,1386.699951171875,Equity
2025-12-05,ICICIBANK.NS,1392.5,Equity
2025-12-06,ICICIBANK.NS,,Equity
2025-12-07,ICICIBANK.NS,,Equity
2025-12-08,ICICIBANK.NS,1389.5999755859375,Equity
2025-12-09,ICICIBANK.NS,1375.199951171875,Equity
2025-12-10,ICICIBANK.NS,1363.5999755859375,Equity
2025-12-11,ICICIBANK.NS,1360.0,Equity
2025-12-12,ICICIBANK.NS,1366.0,Equity
2025-12-13,ICICIBANK.NS,,Equity
2025-12-14,ICICIBANK.NS,,Equity
2025-12-15,ICICIBANK.NS,1365.199951171875,Equity
2025-12-16,ICICIBANK.NS,1366.0,Equity
2025-12-17,ICICIBANK.NS,1352.4000244140625,Equity
2025-12-18,ICICIBANK.NS,1356.800048828125,Equity
2025-12-19,ICICIBANK.NS,1354.0999755859375,Equity
2025-12-20,ICICIBANK.NS,,Equity
2025-12-21,ICICIBANK.NS,,Equity
2025-12-22,ICICIBANK.NS,1368.5,Equity
2025-12-23,ICICIBANK.NS,1363.0,Equity
2025-12-24,ICICIBANK.NS,1359.800048828125,Equity
2025-12-25,ICICIBANK.NS,,Equity
2025-12-26,ICICIBANK.NS,1350.4000244140625,Equity
2025-12-27,ICICIBANK.NS,,Equity
2025-12-28,ICICIBANK.NS,,Equity
2025-12-29,ICICIBANK.NS,1343.300048828125,Equity
2025-12-30,ICICIBANK.NS,1342.5,Equity
2025-12-31,ICICIBANK.NS,1342.9000244140625,Equity
2026-01-01,ICICIBANK.NS,1338.0,Equity
2026-01-02,ICICIBANK.NS,1355.4000244140625,Equity
2026-01-03,ICICIBANK.NS,,Equity
2026-01-04,ICICIBANK.NS,,Equity
2026-01-05,ICICIBANK.NS,1371.5,Equity
2026-01-06,ICICIBANK.NS,1411.199951171875,Equity
2026-01-07,ICICIBANK.NS,1427.699951171875,Equity
2026-01-08,ICICIBANK.NS,1435.0,Equity
2026-01-09,ICICIBANK.NS,1404.300048828125,Equity
2026-01-10,ICICIBANK.NS,,Equity
2026-01-11,ICICIBANK.NS,,Equity
2026-01-12,ICICIBANK.NS,1413.0999755859375,Equity
2026-01-13,ICICIBANK.NS,1437.0,Equity
2026-01-14,ICICIBANK.NS,1418.4000244140625,Equity
2026-01-15,ICICIBANK.NS,1418.4000244140625,Equity
2026-01-16,ICICIBANK.NS,1410.800048828125,Equity
2026-01-17,ICICIBANK.NS,,Equity
2026-01-18,ICICIBANK.NS,,Equity
2026-01-19,ICICIBANK.NS,1380.5999755859375,Equity
2026-01-20,ICICIBANK.NS,1375.800048828125,Equity
2026-01-21,ICICIBANK.NS,1349.0,Equity
2026-01-22,ICICIBANK.NS,1345.5,Equity
2026-01-23,ICICIBANK.NS,1343.4000244140625,Equity
2026-01-24,ICICIBANK.NS,,Equity
2026-01-25,ICICIBANK.NS,,Equity
2026-01-26,ICICIBANK.NS,,Equity
2026-01-27,ICICIBANK.NS,1361.4000244140625,Equity
2026-01-28,ICICIBANK.NS,1367.699951171875,Equity
2026-01-29,ICICIBANK.NS,1383.5999755859375,Equity
2026-01-30,ICICIBANK.NS,1355.0,Equity
2026-01-31,ICICIBANK.NS,,Equity
2026-02-01,ICICIBANK.NS,,Equity
2026-02-02,ICICIBANK.NS,1352.800048828125,Equity
2026-02-03,ICICIBANK.NS,1389.699951171875,Equity
2026-02-04,ICICIBANK.NS,1408.4000244140625,Equity
2026-02-05,ICICIBANK.NS,1396.5,Equity
2026-02-06,ICICIBANK.NS,1406.0999755859375,Equity
2026-02-07,ICICIBANK.NS,,Equity
2026-02-08,ICICIBANK.NS,,Equity
2026-02-09,ICICIBANK.NS,1396.300048828125,Equity
2026-02-10,ICICIBANK.NS,1406.5,Equity
2026-02-11,ICICIBANK.NS,1406.0999755859375,Equity
2026-02-12,ICICIBANK.NS,1430.0,Equity
2026-02-13,ICICIBANK.NS,1414.5999755859375,Equity
2026-02-14,ICICIBANK.NS,,Equity
2026-02-15,ICICIBANK.NS,,Equity
2026-02-16,ICICIBANK.NS,1411.5999755859375,Equity
2026-02-17,ICICIBANK.NS,1407.5,Equity
2026-02-18,ICICIBANK.NS,1408.199951171875,Equity
2026-02-19,ICICIBANK.NS,1388.800048828125,Equity
2026-02-20,ICICIBANK.NS,1394.5,Equity
2026-02-21,ICICIBANK.NS,,Equity
2026-02-22,ICICIBANK.NS,,Equity
2026-02-23,ICICIBANK.NS,1399.4000244140625,Equity
2026-02-24,ICICIBANK.NS,1384.800048828125,Equity
2026-02-25,ICICIBANK.NS,1400.5,Equity
2026-02-26,ICICIBANK.NS,1404.9000244140625,Equity
2026-02-27,ICICIBANK.NS,1378.9000244140625,Equity
2026-02-28,ICICIBANK.NS,,Equity
2026-03-01,ICICIBANK.NS,,Equity
2026-03-02,ICICIBANK.NS,1374.0,Equity
2026-03-03,ICICIBANK.NS,,Equity
2026-03-04,ICICIBANK.NS,1365.4000244140625,Equity
2026-03-05,ICICIBANK.NS,1357.5999755859375,Equity
2026-03-06,ICICIBANK.NS,1313.4000244140625,Equity
2026-03-07,ICICIBANK.NS,,Equity
2026-03-08,ICICIBANK.NS,,Equity
2026-03-09,ICICIBANK.NS,1278.4000244140625,Equity
2026-03-10,ICICIBANK.NS,1311.9000244140625,Equity
2026-03-11,ICICIBANK.NS,1294.5999755859375,Equity
2026-03-12,ICICIBANK.NS,1266.5,Equity
2026-03-13,ICICIBANK.NS,1254.800048828125,Equity
2026-03-14,ICICIBANK.NS,,Equity
2026-03-15,ICICIBANK.NS,,Equity
2026-03-16,ICICIBANK.NS,1272.9000244140625,Equity
2026-03-17,ICICIBANK.NS,1288.699951171875,Equity
2026-03-18,ICICIBANK.NS,1289.300048828125,Equity
2026-03-19,ICICIBANK.NS,1250.0999755859375,Equity
2026-03-20,ICICIBANK.NS,1245.4000244140625,Equity
2026-03-21,ICICIBANK.NS,,Equity
2026-03-22,ICICIBANK.NS,,Equity
2026-03-23,ICICIBANK.NS,1222.699951171875,Equity
2026-03-24,ICICIBANK.NS,1251.199951171875,Equity
2026-03-25,ICICIBANK.NS,1259.699951171875,Equity
2026-03-26,ICICIBANK.NS,,Equity
2026-03-27,ICICIBANK.NS,1233.800048828125,Equity
2026-03-28,ICICIBANK.NS,,Equity
2026-03-29,ICICIBANK.NS,,Equity
2026-03-30,ICICIBANK.NS,1205.9000244140625,Equity
2026-03-31,ICICIBANK.NS,,Equity
2026-04-01,ICICIBANK.NS,1212.699951171875,Equity
2026-04-02,ICICIBANK.NS,1215.800048828125,Equity
2026-04-03,ICICIBANK.NS,,Equity
2026-04-04,ICICIBANK.NS,,Equity
2026-04-05,ICICIBANK.NS,,Equity
2026-04-06,ICICIBANK.NS,1231.4000244140625,Equity
2026-04-07,ICICIBANK.NS,1245.5,Equity
2026-04-08,ICICIBANK.NS,1309.199951171875,Equity
2026-04-09,ICICIBANK.NS,1281.300048828125,Equity
2026-04-10,ICICIBANK.NS,1321.9000244140625,Equity
2026-04-11,ICICIBANK.NS,,Equity
2026-04-12,ICICIBANK.NS,,Equity
2026-04-13,ICICIBANK.NS,1351.0999755859375,Equity
2026-04-14,ICICIBANK.NS,,Equity
2026-04-15,ICICIBANK.NS,1348.0999755859375,Equity
2026-04-16,ICICIBANK.NS,1345.5,Equity
2026-04-17,ICICIBANK.NS,1346.800048828125,Equity
2026-04-18,ICICIBANK.NS,,Equity
2026-04-19,ICICIBANK.NS,,Equity
2026-04-20,ICICIBANK.NS,1356.199951171875,Equity
2026-04-21,ICICIBANK.NS,1388.4000244140625,Equity
2026-04-22,ICICIBANK.NS,1367.5999755859375,Equity
2026-04-23,ICICIBANK.NS,1348.0,Equity
2026-04-24,ICICIBANK.NS,1326.199951171875,Equity
2026-04-25,ICICIBANK.NS,,Equity
2026-04-26,ICICIBANK.NS,,Equity
2026-04-27,ICICIBANK.NS,1314.0999755859375,Equity
2026-04-28,ICICIBANK.NS,1292.0,Equity
2026-04-29,ICICIBANK.NS,1281.0,Equity
2026-04-30,ICICIBANK.NS,1263.4000244140625,Equity
2026-05-01,ICICIBANK.NS,1263.4000244140625,Equity
2026-05-02,ICICIBANK.NS,,Equity
2026-05-03,ICICIBANK.NS,,Equity
2026-05-04,ICICIBANK.NS,1270.800048828125,Equity
2026-05-05,ICICIBANK.NS,1251.300048828125,Equity
2026-05-06,ICICIBANK.NS,1279.5,Equity
2026-05-07,ICICIBANK.NS,1279.0,Equity
2026-05-08,ICICIBANK.NS,1264.800048828125,Equity
2026-05-09,ICICIBANK.NS,,Equity
2026-05-10,ICICIBANK.NS,,Equity
2026-05-11,ICICIBANK.NS,1266.4000244140625,Equity
2026-05-12,ICICIBANK.NS,1240.300048828125,Equity
2026-05-13,ICICIBANK.NS,1235.5999755859375,Equity
2026-05-14,ICICIBANK.NS,1246.0,Equity
2026-05-15,ICICIBANK.NS,1244.5,Equity
2026-05-16,ICICIBANK.NS,,Equity
2026-05-17,ICICIBANK.NS,,Equity
2026-05-18,ICICIBANK.NS,1251.0999755859375,Equity
2026-05-19,ICICIBANK.NS,1240.800048828125,Equity
2026-05-20,ICICIBANK.NS,1237.300048828125,Equity
2026-05-21,ICICIBANK.NS,1242.800048828125,Equity
2026-05-22,ICICIBANK.NS,1264.300048828125,Equity
2026-05-23,ICICIBANK.NS,,Equity
2026-05-24,ICICIBANK.NS,,Equity
2026-05-25,ICICIBANK.NS,1291.800048828125,Equity
2026-05-26,ICICIBANK.NS,1279.0999755859375,Equity
2026-05-27,ICICIBANK.NS,1272.699951171875,Equity
2026-05-28,ICICIBANK.NS,1272.699951171875,Equity
2026-05-29,ICICIBANK.NS,1256.4000244140625,Equity
2026-05-30,ICICIBANK.NS,,Equity
2026-05-31,ICICIBANK.NS,,Equity
2026-06-01,ICICIBANK.NS,1239.699951171875,Equity
2026-06-02,ICICIBANK.NS,1226.5999755859375,Equity
2023-01-01,INFY.NS,,Equity
2023-01-02,INFY.NS,1397.7021484375,Equity
2023-01-03,INFY.NS,1396.372314453125,Equity
2023-01-04,INFY.NS,1370.9219970703125,Equity
2023-01-05,INFY.NS,1352.9464111328125,Equity
2023-01-06,INFY.NS,1328.4591064453125,Equity
2023-01-07,INFY.NS,,Equity
2023-01-08,INFY.NS,,Equity
2023-01-09,INFY.NS,1361.4295654296875,Equity
2023-01-10,INFY.NS,1347.9478759765625,Equity
2023-01-11,INFY.NS,1349.3236083984375,Equity
2023-01-12,INFY.NS,1357.89892578125,Equity
2023-01-13,INFY.NS,1379.038818359375,Equity
2023-01-14,INFY.NS,,Equity
2023-01-15,INFY.NS,,Equity
2023-01-16,INFY.NS,1399.0777587890625,Equity
2023-01-17,INFY.NS,1411.9176025390625,Equity
2023-01-18,INFY.NS,1417.32861328125,Equity
2023-01-19,INFY.NS,1411.3673095703125,Equity
2023-01-20,INFY.NS,1399.123779296875,Equity
2023-01-21,INFY.NS,,Equity
2023-01-22,INFY.NS,,Equity
2023-01-23,INFY.NS,1419.7132568359375,Equity
2023-01-24,INFY.NS,1423.2900390625,Equity
2023-01-25,INFY.NS,1415.127685546875,Equity
2023-01-26,INFY.NS,,Equity
2023-01-27,INFY.NS,1393.254150390625,Equity
2023-01-28,INFY.NS,,Equity
2023-01-29,INFY.NS,,Equity
2023-01-30,INFY.NS,1411.2757568359375,Equity
2023-01-31,INFY.NS,1406.64404296875,Equity
2023-02-01,INFY.NS,1422.556396484375,Equity
2023-02-02,INFY.NS,1452.50048828125,Equity
2023-02-03,INFY.NS,1466.8536376953125,Equity
2023-02-04,INFY.NS,,Equity
2023-02-05,INFY.NS,,Equity
2023-02-06,INFY.NS,1439.75244140625,Equity
2023-02-07,INFY.NS,1432.919921875,Equity
2023-02-08,INFY.NS,1458.691162109375,Equity
2023-02-09,INFY.NS,1482.9949951171875,Equity
2023-02-10,INFY.NS,1475.2451171875,Equity
2023-02-11,INFY.NS,,Equity
2023-02-12,INFY.NS,,Equity
2023-02-13,INFY.NS,1437.5513916015625,Equity
2023-02-14,INFY.NS,1461.213134765625,Equity
2023-02-15,INFY.NS,1464.6983642578125,Equity
2023-02-16,INFY.NS,1469.0548095703125,Equity
2023-02-17,INFY.NS,1452.54638671875,Equity
2023-02-18,INFY.NS,,Equity
2023-02-19,INFY.NS,,Equity
2023-02-20,INFY.NS,1460.4794921875,Equity
2023-02-21,INFY.NS,1448.6026611328125,Equity
2023-02-22,INFY.NS,1432.3697509765625,Equity
2023-02-23,INFY.NS,1422.1893310546875,Equity
2023-02-24,INFY.NS,1422.1434326171875,Equity
2023-02-25,INFY.NS,,Equity
2023-02-26,INFY.NS,,Equity
2023-02-27,INFY.NS,1384.220458984375,Equity
2023-02-28,INFY.NS,1364.2730712890625,Equity
2023-03-01,INFY.NS,1372.068603515625,Equity
2023-03-02,INFY.NS,1350.149169921875,Equity
2023-03-03,INFY.NS,1356.7064208984375,Equity
2023-03-04,INFY.NS,,Equity
2023-03-05,INFY.NS,,Equity
2023-03-06,INFY.NS,1382.5234375,Equity
2023-03-07,INFY.NS,,Equity
2023-03-08,INFY.NS,1368.9959716796875,Equity
2023-03-09,INFY.NS,1357.7154541015625,Equity
2023-03-10,INFY.NS,1349.598876953125,Equity
2023-03-11,INFY.NS,,Equity
2023-03-12,INFY.NS,,Equity
2023-03-13,INFY.NS,1316.16943359375,Equity
2023-03-14,INFY.NS,1302.3209228515625,Equity
2023-03-15,INFY.NS,1301.9998779296875,Equity
2023-03-16,INFY.NS,1287.738525390625,Equity
2023-03-17,INFY.NS,1302.9627685546875,Equity
2023-03-18,INFY.NS,,Equity
2023-03-19,INFY.NS,,Equity
2023-03-20,INFY.NS,1287.325927734375,Equity
2023-03-21,INFY.NS,1275.44921875,Equity
2023-03-22,INFY.NS,1274.119140625,Equity
2023-03-23,INFY.NS,1260.637451171875,Equity
2023-03-24,INFY.NS,1266.2318115234375,Equity
2023-03-25,INFY.NS,,Equity
2023-03-26,INFY.NS,,Equity
2023-03-27,INFY.NS,1273.843994140625,Equity
2023-03-28,INFY.NS,1263.4349365234375,Equity
2023-03-29,INFY.NS,1268.8917236328125,Equity
2023-03-30,INFY.NS,,Equity
2023-03-31,INFY.NS,1309.612060546875,Equity
2023-04-01,INFY.NS,,Equity
2023-04-02,INFY.NS,,Equity
2023-04-03,INFY.NS,1293.92919921875,Equity
2023-04-04,INFY.NS,,Equity
2023-04-05,INFY.NS,1305.57666015625,Equity
2023-04-06,INFY.NS,1304.0634765625,Equity
2023-04-07,INFY.NS,,Equity
2023-04-08,INFY.NS,,Equity
2023-04-09,INFY.NS,,Equity
2023-04-10,INFY.NS,1309.2908935546875,Equity
2023-04-11,INFY.NS,1289.6187744140625,Equity
2023-04-12,INFY.NS,1309.9332275390625,Equity
2023-04-13,INFY.NS,1274.0732421875,Equity
2023-04-14,INFY.NS,,Equity
2023-04-15,INFY.NS,,Equity
2023-04-16,INFY.NS,,Equity
2023-04-17,INFY.NS,1154.021484375,Equity
2023-04-18,INFY.NS,1154.9844970703125,Equity
2023-04-19,INFY.NS,1130.084228515625,Equity
2023-04-20,INFY.NS,1122.013671875,Equity
2023-04-21,INFY.NS,1125.6363525390625,Equity
2023-04-22,INFY.NS,,Equity
2023-04-23,INFY.NS,,Equity
2023-04-24,INFY.NS,1124.6734619140625,Equity
2023-04-25,INFY.NS,1123.389404296875,Equity
2023-04-26,INFY.NS,1125.8197021484375,Equity
2023-04-27,INFY.NS,1142.9700927734375,Equity
2023-04-28,INFY.NS,1148.931396484375,Equity
2023-04-29,INFY.NS,,Equity
2023-04-30,INFY.NS,,Equity
2023-05-01,INFY.NS,,Equity
2023-05-02,INFY.NS,1171.584228515625,Equity
2023-05-03,INFY.NS,1163.9722900390625,Equity
2023-05-04,INFY.NS,1168.0076904296875,Equity
2023-05-05,INFY.NS,1154.7550048828125,Equity
2023-05-06,INFY.NS,,Equity
2023-05-07,INFY.NS,,Equity
2023-05-08,INFY.NS,1160.71630859375,Equity
2023-05-09,INFY.NS,1165.3936767578125,Equity
2023-05-10,INFY.NS,1158.561279296875,Equity
2023-05-11,INFY.NS,1152.0035400390625,Equity
2023-05-12,INFY.NS,1142.0069580078125,Equity
2023-05-13,INFY.NS,,Equity
2023-05-14,INFY.NS,,Equity
2023-05-15,INFY.NS,1154.0672607421875,Equity
2023-05-16,INFY.NS,1159.5242919921875,Equity
2023-05-17,INFY.NS,1143.566162109375,Equity
2023-05-18,INFY.NS,1142.74072265625,Equity
2023-05-19,INFY.NS,1163.742919921875,Equity
2023-05-20,INFY.NS,,Equity
2023-05-21,INFY.NS,,Equity
2023-05-22,INFY.NS,1185.6622314453125,Equity
2023-05-23,INFY.NS,1192.3115234375,Equity
2023-05-24,INFY.NS,1191.0274658203125,Equity
2023-05-25,INFY.NS,1196.255126953125,Equity
2023-05-26,INFY.NS,1208.2694091796875,Equity
2023-05-27,INFY.NS,,Equity
2023-05-28,INFY.NS,,Equity
2023-05-29,INFY.NS,1205.4720458984375,Equity
2023-05-30,INFY.NS,1214.1390380859375,Equity
2023-05-31,INFY.NS,1209.049072265625,Equity
2023-06-01,INFY.NS,1210.1494140625,Equity
2023-06-02,INFY.NS,1207.361328125,Equity
2023-06-03,INFY.NS,,Equity
2023-06-04,INFY.NS,,Equity
2023-06-05,INFY.NS,1212.4732666015625,Equity
2023-06-06,INFY.NS,1188.772216796875,Equity
2023-06-07,INFY.NS,1198.0201416015625,Equity
2023-06-08,INFY.NS,1192.30419921875,Equity
2023-06-09,INFY.NS,1176.6427001953125,Equity
2023-06-10,INFY.NS,,Equity
2023-06-11,INFY.NS,,Equity
2023-06-12,INFY.NS,1200.8084716796875,Equity
2023-06-13,INFY.NS,1212.798583984375,Equity
2023-06-14,INFY.NS,1208.6624755859375,Equity
2023-06-15,INFY.NS,1196.02197265625,Equity
2023-06-16,INFY.NS,1200.5296630859375,Equity
2023-06-17,INFY.NS,,Equity
2023-06-18,INFY.NS,,Equity
2023-06-19,INFY.NS,1202.714111328125,Equity
2023-06-20,INFY.NS,1211.450927734375,Equity
2023-06-21,INFY.NS,1207.6864013671875,Equity
2023-06-22,INFY.NS,1191.142333984375,Equity
2023-06-23,INFY.NS,1175.759765625,Equity
2023-06-24,INFY.NS,,Equity
2023-06-25,INFY.NS,,Equity
2023-06-26,INFY.NS,1180.732421875,Equity
2023-06-27,INFY.NS,1188.9114990234375,Equity
2023-06-28,INFY.NS,1202.10986328125,Equity
2023-06-29,INFY.NS,,Equity
2023-06-30,INFY.NS,1241.2862548828125,Equity
2023-07-01,INFY.NS,,Equity
2023-07-02,INFY.NS,,Equity
2023-07-03,INFY.NS,1239.6131591796875,Equity
2023-07-04,INFY.NS,1250.255615234375,Equity
2023-07-05,INFY.NS,1252.25390625,Equity
2023-07-06,INFY.NS,1249.093994140625,Equity
2023-07-07,INFY.NS,1236.3602294921875,Equity
2023-07-08,INFY.NS,,Equity
2023-07-09,INFY.NS,,Equity
2023-07-10,INFY.NS,1235.3843994140625,Equity
2023-07-11,INFY.NS,1253.4622802734375,Equity
2023-07-12,INFY.NS,1239.2415771484375,Equity
2023-07-13,INFY.NS,1268.7982177734375,Equity
2023-07-14,INFY.NS,1325.3553466796875,Equity
2023-07-15,INFY.NS,,Equity
2023-07-16,INFY.NS,,Equity
2023-07-17,INFY.NS,1322.5670166015625,Equity
2023-07-18,INFY.NS,1371.131103515625,Equity
2023-07-19,INFY.NS,1370.8988037109375,Equity
2023-07-20,INFY.NS,1347.244140625,Equity
2023-07-21,INFY.NS,1237.6614990234375,Equity
2023-07-22,INFY.NS,,Equity
2023-07-23,INFY.NS,,Equity
2023-07-24,INFY.NS,1242.3087158203125,Equity
2023-07-25,INFY.NS,1240.44970703125,Equity
2023-07-26,INFY.NS,1253.6944580078125,Equity
2023-07-27,INFY.NS,1257.69140625,Equity
2023-07-28,INFY.NS,1245.93359375,Equity
2023-07-29,INFY.NS,,Equity
2023-07-30,INFY.NS,,Equity
2023-07-31,INFY.NS,1260.0611572265625,Equity
2023-08-01,INFY.NS,1268.89111328125,Equity
2023-08-02,INFY.NS,1261.130126953125,Equity
2023-08-03,INFY.NS,1268.0546875,Equity
2023-08-04,INFY.NS,1281.113525390625,Equity
2023-08-05,INFY.NS,,Equity
2023-08-06,INFY.NS,,Equity
2023-08-07,INFY.NS,1294.7298583984375,Equity
2023-08-08,INFY.NS,1292.12744140625,Equity
2023-08-09,INFY.NS,1296.03125,Equity
2023-08-10,INFY.NS,1291.10498046875,Equity
2023-08-11,INFY.NS,1275.0718994140625,Equity
2023-08-12,INFY.NS,,Equity
2023-08-13,INFY.NS,,Equity
2023-08-14,INFY.NS,1295.2412109375,Equity
2023-08-15,INFY.NS,,Equity
2023-08-16,INFY.NS,1318.43115234375,Equity
2023-08-17,INFY.NS,1311.9715576171875,Equity
2023-08-18,INFY.NS,1290.8262939453125,Equity
2023-08-19,INFY.NS,,Equity
2023-08-20,INFY.NS,,Equity
2023-08-21,INFY.NS,1306.2552490234375,Equity
2023-08-22,INFY.NS,1304.7215576171875,Equity
2023-08-23,INFY.NS,1308.625244140625,Equity
2023-08-24,INFY.NS,1323.171142578125,Equity
2023-08-25,INFY.NS,1319.9180908203125,Equity
2023-08-26,INFY.NS,,Equity
2023-08-27,INFY.NS,,Equity
2023-08-28,INFY.NS,1315.7822265625,Equity
2023-08-29,INFY.NS,1317.64111328125,Equity
2023-08-30,INFY.NS,1333.906494140625,Equity
2023-08-31,INFY.NS,1334.185302734375,Equity
2023-09-01,INFY.NS,1341.9927978515625,Equity
2023-09-02,INFY.NS,,Equity
2023-09-03,INFY.NS,,Equity
2023-09-04,INFY.NS,1361.74365234375,Equity
2023-09-05,INFY.NS,1374.5701904296875,Equity
2023-09-06,INFY.NS,1373.222412109375,Equity
2023-09-07,INFY.NS,1362.7659912109375,Equity
2023-09-08,INFY.NS,1365.9261474609375,Equity
2023-09-09,INFY.NS,,Equity
2023-09-10,INFY.NS,,Equity
2023-09-11,INFY.NS,1372.292724609375,Equity
2023-09-12,INFY.NS,1395.2041015625,Equity
2023-09-13,INFY.NS,1392.6480712890625,Equity
2023-09-14,INFY.NS,1400.6412353515625,Equity
2023-09-15,INFY.NS,1404.9635009765625,Equity
2023-09-16,INFY.NS,,Equity
2023-09-17,INFY.NS,,Equity
2023-09-18,INFY.NS,1386.5601806640625,Equity
2023-09-19,INFY.NS,,Equity
2023-09-20,INFY.NS,1385.119384765625,Equity
2023-09-21,INFY.NS,1395.8082275390625,Equity
2023-09-22,INFY.NS,1390.6031494140625,Equity
2023-09-23,INFY.NS,,Equity
2023-09-24,INFY.NS,,Equity
2023-09-25,INFY.NS,1370.1551513671875,Equity
2023-09-26,INFY.NS,1357.6075439453125,Equity
2023-09-27,INFY.NS,1363.509765625,Equity
2023-09-28,INFY.NS,1337.903076171875,Equity
2023-09-29,INFY.NS,1334.185302734375,Equity
2023-09-30,INFY.NS,,Equity
2023-10-01,INFY.NS,,Equity
2023-10-02,INFY.NS,,Equity
2023-10-03,INFY.NS,1332.837646484375,Equity
2023-10-04,INFY.NS,1342.45751953125,Equity
2023-10-05,INFY.NS,1360.2099609375,Equity
2023-10-06,INFY.NS,1374.38427734375,Equity
2023-10-07,INFY.NS,,Equity
2023-10-08,INFY.NS,,Equity
2023-10-09,INFY.NS,1371.36328125,Equity
2023-10-10,INFY.NS,1389.6739501953125,Equity
2023-10-11,INFY.NS,1388.9766845703125,Equity
2023-10-12,INFY.NS,1362.1153564453125,Equity
2023-10-13,INFY.NS,1330.188720703125,Equity
2023-10-14,INFY.NS,,Equity
2023-10-15,INFY.NS,,Equity
2023-10-16,INFY.NS,1332.9769287109375,Equity
2023-10-17,INFY.NS,1340.69140625,Equity
2023-10-18,INFY.NS,1338.925537109375,Equity
2023-10-19,INFY.NS,1332.512451171875,Equity
2023-10-20,INFY.NS,1326.5638427734375,Equity
2023-10-21,INFY.NS,,Equity
2023-10-22,INFY.NS,,Equity
2023-10-23,INFY.NS,1309.2760009765625,Equity
2023-10-24,INFY.NS,,Equity
2023-10-25,INFY.NS,1289.88134765625,Equity
2023-10-26,INFY.NS,1279.901611328125,Equity
2023-10-27,INFY.NS,1299.57861328125,Equity
2023-10-28,INFY.NS,,Equity
2023-10-29,INFY.NS,,Equity
2023-10-30,INFY.NS,1296.4718017578125,Equity
2023-10-31,INFY.NS,1288.3277587890625,Equity
2023-11-01,INFY.NS,1274.9117431640625,Equity
2023-11-02,INFY.NS,1289.9754638671875,Equity
2023-11-03,INFY.NS,1307.76953125,Equity
2023-11-04,INFY.NS,,Equity
2023-11-05,INFY.NS,,Equity
2023-11-06,INFY.NS,1321.185791015625,Equity
2023-11-07,INFY.NS,1322.127197265625,Equity
2023-11-08,INFY.NS,1309.60546875,Equity
2023-11-09,INFY.NS,1294.353515625,Equity
2023-11-10,INFY.NS,1288.75146484375,Equity
2023-11-11,INFY.NS,,Equity
2023-11-12,INFY.NS,,Equity
2023-11-13,INFY.NS,1293.1763916015625,Equity
2023-11-14,INFY.NS,,Equity
2023-11-15,INFY.NS,1327.96435546875,Equity
2023-11-16,INFY.NS,1360.3515625,Equity
2023-11-17,INFY.NS,1353.4315185546875,Equity
2023-11-18,INFY.NS,,Equity
2023-11-19,INFY.NS,,Equity
2023-11-20,INFY.NS,1352.5369873046875,Equity
2023-11-21,INFY.NS,1354.796630859375,Equity
2023-11-22,INFY.NS,1372.49658203125,Equity
2023-11-23,INFY.NS,1364.4468994140625,Equity
2023-11-24,INFY.NS,1353.29052734375,Equity
2023-11-25,INFY.NS,,Equity
2023-11-26,INFY.NS,,Equity
2023-11-27,INFY.NS,,Equity
2023-11-28,INFY.NS,1358.280029296875,Equity
2023-11-29,INFY.NS,1374.1912841796875,Equity
2023-11-30,INFY.NS,1370.001708984375,Equity
2023-12-01,INFY.NS,1367.3184814453125,Equity
2023-12-02,INFY.NS,,Equity
2023-12-03,INFY.NS,,Equity
2023-12-04,INFY.NS,1378.6632080078125,Equity
2023-12-05,INFY.NS,1368.871826171875,Equity
2023-12-06,INFY.NS,1388.0311279296875,Equity
2023-12-07,INFY.NS,1380.1226806640625,Equity
2023-12-08,INFY.NS,1403.895263671875,Equity
2023-12-09,INFY.NS,,Equity
2023-12-10,INFY.NS,,Equity
2023-12-11,INFY.NS,1401.400146484375,Equity
2023-12-12,INFY.NS,1389.6787109375,Equity
2023-12-13,INFY.NS,1364.2115478515625,Equity
2023-12-14,INFY.NS,1413.5924072265625,Equity
2023-12-15,INFY.NS,1486.0396728515625,Equity
2023-12-16,INFY.NS,,Equity
2023-12-17,INFY.NS,,Equity
2023-12-18,INFY.NS,1472.811767578125,Equity
2023-12-19,INFY.NS,1467.115966796875,Equity
2023-12-20,INFY.NS,1446.497314453125,Equity
2023-12-21,INFY.NS,1446.1207275390625,Equity
2023-12-22,INFY.NS,1471.4466552734375,Equity
2023-12-23,INFY.NS,,Equity
2023-12-24,INFY.NS,,Equity
2023-12-25,INFY.NS,,Equity
2023-12-26,INFY.NS,1453.60546875,Equity
2023-12-27,INFY.NS,1475.40087890625,Equity
2023-12-28,INFY.NS,1471.2113037109375,Equity
2023-12-29,INFY.NS,1452.6170654296875,Equity
2023-12-30,INFY.NS,,Equity
2023-12-31,INFY.NS,,Equity
2024-01-01,INFY.NS,1460.572509765625,Equity
2024-01-02,INFY.NS,1444.6143798828125,Equity
2024-01-03,INFY.NS,1402.8126220703125,Equity
2024-01-04,INFY.NS,1424.1839599609375,Equity
2024-01-05,INFY.NS,1442.87255859375,Equity
2024-01-06,INFY.NS,,Equity
2024-01-07,INFY.NS,,Equity
2024-01-08,INFY.NS,1433.6932373046875,Equity
2024-01-09,INFY.NS,1439.8128662109375,Equity
2024-01-10,INFY.NS,1430.962890625,Equity
2024-01-11,INFY.NS,1406.7666015625,Equity
2024-01-12,INFY.NS,1518.379638671875,Equity
2024-01-13,INFY.NS,,Equity
2024-01-14,INFY.NS,,Equity
2024-01-15,INFY.NS,1555.4271240234375,Equity
2024-01-16,INFY.NS,1536.07958984375,Equity
2024-01-17,INFY.NS,1544.223388671875,Equity
2024-01-18,INFY.NS,1546.4830322265625,Equity
2024-01-19,INFY.NS,1562.1114501953125,Equity
2024-01-20,INFY.NS,,Equity
2024-01-21,INFY.NS,,Equity
2024-01-22,INFY.NS,,Equity
2024-01-23,INFY.NS,1546.0594482421875,Equity
2024-01-24,INFY.NS,1577.3636474609375,Equity
2024-01-25,INFY.NS,1571.4322509765625,Equity
2024-01-26,INFY.NS,,Equity
2024-01-27,INFY.NS,,Equity
2024-01-28,INFY.NS,,Equity
2024-01-29,INFY.NS,1559.663818359375,Equity
2024-01-30,INFY.NS,1554.8150634765625,Equity
2024-01-31,INFY.NS,1563.712158203125,Equity
2024-02-01,INFY.NS,1560.0875244140625,Equity
2024-02-02,INFY.NS,1594.2633056640625,Equity
2024-02-03,INFY.NS,,Equity
2024-02-04,INFY.NS,,Equity
2024-02-05,INFY.NS,1588.4732666015625,Equity
2024-02-06,INFY.NS,1628.2508544921875,Equity
2024-02-07,INFY.NS,1594.6400146484375,Equity
2024-02-08,INFY.NS,1593.08642578125,Equity
2024-02-09,INFY.NS,1571.667724609375,Equity
2024-02-10,INFY.NS,,Equity
2024-02-11,INFY.NS,,Equity
2024-02-12,INFY.NS,1581.7886962890625,Equity
2024-02-13,INFY.NS,1585.978271484375,Equity
2024-02-14,INFY.NS,1568.7021484375,Equity
2024-02-15,INFY.NS,1578.258056640625,Equity
2024-02-16,INFY.NS,1602.0777587890625,Equity
2024-02-17,INFY.NS,,Equity
2024-02-18,INFY.NS,,Equity
2024-02-19,INFY.NS,1600.288818359375,Equity
2024-02-20,INFY.NS,1586.6373291015625,Equity
2024-02-21,INFY.NS,1558.67529296875,Equity
2024-02-22,INFY.NS,1582.9654541015625,Equity
2024-02-23,INFY.NS,1578.728759765625,Equity
2024-02-24,INFY.NS,,Equity
2024-02-25,INFY.NS,,Equity
2024-02-26,INFY.NS,1563.006103515625,Equity
2024-02-27,INFY.NS,1566.254150390625,Equity
2024-02-28,INFY.NS,1573.4566650390625,Equity
2024-02-29,INFY.NS,1575.951416015625,Equity
2024-03-01,INFY.NS,1557.875,Equity
2024-03-02,INFY.NS,,Equity
2024-03-03,INFY.NS,,Equity
2024-03-04,INFY.NS,1541.39892578125,Equity
2024-03-05,INFY.NS,1512.495361328125,Equity
2024-03-06,INFY.NS,1522.8988037109375,Equity
2024-03-07,INFY.NS,1521.8631591796875,Equity
2024-03-08,INFY.NS,,Equity
2024-03-09,INFY.NS,,Equity
2024-03-10,INFY.NS,,Equity
2024-03-11,INFY.NS,1506.940673828125,Equity
2024-03-12,INFY.NS,1518.5679931640625,Equity
2024-03-13,INFY.NS,1517.108642578125,Equity
2024-03-14,INFY.NS,1556.5570068359375,Equity
2024-03-15,INFY.NS,1538.38623046875,Equity
2024-03-16,INFY.NS,,Equity
2024-03-17,INFY.NS,,Equity
2024-03-18,INFY.NS,1508.8707275390625,Equity
2024-03-19,INFY.NS,1470.08154296875,Equity
2024-03-20,INFY.NS,1463.9617919921875,Equity
2024-03-21,INFY.NS,1463.7264404296875,Equity
2024-03-22,INFY.NS,1420.559326171875,Equity
2024-03-23,INFY.NS,,Equity
2024-03-24,INFY.NS,,Equity
2024-03-25,INFY.NS,,Equity
2024-03-26,INFY.NS,1405.307373046875,Equity
2024-03-27,INFY.NS,1397.0223388671875,Equity
2024-03-28,INFY.NS,1410.391357421875,Equity
2024-03-29,INFY.NS,,Equity
2024-03-30,INFY.NS,,Equity
2024-03-31,INFY.NS,,Equity
2024-04-01,INFY.NS,1407.9434814453125,Equity
2024-04-02,INFY.NS,1396.0806884765625,Equity
2024-04-03,INFY.NS,1394.009521484375,Equity
2024-04-04,INFY.NS,1399.70556640625,Equity
2024-04-05,INFY.NS,1392.5501708984375,Equity
2024-04-06,INFY.NS,,Equity
2024-04-07,INFY.NS,,Equity
2024-04-08,INFY.NS,1390.2906494140625,Equity
2024-04-09,INFY.NS,1407.3785400390625,Equity
2024-04-10,INFY.NS,1418.62939453125,Equity
2024-04-11,INFY.NS,,Equity
2024-04-12,INFY.NS,1397.86962890625,Equity
2024-04-13,INFY.NS,,Equity
2024-04-14,INFY.NS,,Equity
2024-04-15,INFY.NS,1382.2410888671875,Equity
2024-04-16,INFY.NS,1331.68310546875,Equity
2024-04-17,INFY.NS,,Equity
2024-04-18,INFY.NS,1336.202392578125,Equity
2024-04-19,INFY.NS,1328.67041015625,Equity
2024-04-20,INFY.NS,,Equity
2024-04-21,INFY.NS,,Equity
2024-04-22,INFY.NS,1348.9122314453125,Equity
2024-04-23,INFY.NS,1357.997802734375,Equity
2024-04-24,INFY.NS,1347.0294189453125,Equity
2024-04-25,INFY.NS,1354.27880859375,Equity
2024-04-26,INFY.NS,1346.5587158203125,Equity
2024-04-27,INFY.NS,,Equity
2024-04-28,INFY.NS,,Equity
2024-04-29,INFY.NS,1350.7952880859375,Equity
2024-04-30,INFY.NS,1337.42626953125,Equity
2024-05-01,INFY.NS,,Equity
2024-05-02,INFY.NS,1331.68310546875,Equity
2024-05-03,INFY.NS,1333.425048828125,Equity
2024-05-04,INFY.NS,,Equity
2024-05-05,INFY.NS,,Equity
2024-05-06,INFY.NS,1342.4632568359375,Equity
2024-05-07,INFY.NS,1356.6324462890625,Equity
2024-05-08,INFY.NS,1343.7813720703125,Equity
2024-05-09,INFY.NS,1355.314453125,Equity
2024-05-10,INFY.NS,1341.521728515625,Equity
2024-05-11,INFY.NS,,Equity
2024-05-12,INFY.NS,,Equity
2024-05-13,INFY.NS,1340.156494140625,Equity
2024-05-14,INFY.NS,1341.33349609375,Equity
2024-05-15,INFY.NS,1336.861328125,Equity
2024-05-16,INFY.NS,1368.30712890625,Equity
2024-05-17,INFY.NS,1359.78662109375,Equity
2024-05-18,INFY.NS,,Equity
2024-05-19,INFY.NS,,Equity
2024-05-20,INFY.NS,,Equity
2024-05-21,INFY.NS,1350.2303466796875,Equity
2024-05-22,INFY.NS,1369.672119140625,Equity
2024-05-23,INFY.NS,1386.2423095703125,Equity
2024-05-24,INFY.NS,1379.3695068359375,Equity
2024-05-25,INFY.NS,,Equity
2024-05-26,INFY.NS,,Equity
2024-05-27,INFY.NS,1385.253662109375,Equity
2024-05-28,INFY.NS,1381.205322265625,Equity
2024-05-29,INFY.NS,1366.04736328125,Equity
2024-05-30,INFY.NS,1343.9224853515625,Equity
2024-05-31,INFY.NS,1351.0770263671875,Equity
2024-06-01,INFY.NS,,Equity
2024-06-02,INFY.NS,,Equity
2024-06-03,INFY.NS,1350.11669921875,Equity
2024-06-04,INFY.NS,1338.3526611328125,Equity
2024-06-05,INFY.NS,1373.3564453125,Equity
2024-06-06,INFY.NS,1413.833984375,Equity
2024-06-07,INFY.NS,1472.749755859375,Equity
2024-06-08,INFY.NS,,Equity
2024-06-09,INFY.NS,,Equity
2024-06-10,INFY.NS,1440.2427978515625,Equity
2024-06-11,INFY.NS,1436.4014892578125,Equity
2024-06-12,INFY.NS,1426.2701416015625,Equity
2024-06-13,INFY.NS,1434.6728515625,Equity
2024-06-14,INFY.NS,1429.8233642578125,Equity
2024-06-15,INFY.NS,,Equity
2024-06-16,INFY.NS,,Equity
2024-06-17,INFY.NS,,Equity
2024-06-18,INFY.NS,1438.7542724609375,Equity
2024-06-19,INFY.NS,1451.382568359375,Equity
2024-06-20,INFY.NS,1455.27197265625,Equity
2024-06-21,INFY.NS,1471.885498046875,Equity
2024-06-22,INFY.NS,,Equity
2024-06-23,INFY.NS,,Equity
2024-06-24,INFY.NS,1466.5556640625,Equity
2024-06-25,INFY.NS,1480.7684326171875,Equity
2024-06-26,INFY.NS,1479.568115234375,Equity
2024-06-27,INFY.NS,1510.922607421875,Equity
2024-06-28,INFY.NS,1504.5843505859375,Equity
2024-06-29,INFY.NS,,Equity
2024-06-30,INFY.NS,,Equity
2024-07-01,INFY.NS,1527.68017578125,Equity
2024-07-02,INFY.NS,1556.7301025390625,Equity
2024-07-03,INFY.NS,1562.8280029296875,Equity
2024-07-04,INFY.NS,1585.155517578125,Equity
2024-07-05,INFY.NS,1582.082275390625,Equity
2024-07-06,INFY.NS,,Equity
2024-07-07,INFY.NS,,Equity
2024-07-08,INFY.NS,1595.718994140625,Equity
2024-07-09,INFY.NS,1591.3975830078125,Equity
2024-07-10,INFY.NS,1582.8507080078125,Equity
2024-07-11,INFY.NS,1587.1240234375,Equity
2024-07-12,INFY.NS,1643.8311767578125,Equity
2024-07-13,INFY.NS,,Equity
2024-07-14,INFY.NS,,Equity
2024-07-15,INFY.NS,1639.317626953125,Equity
2024-07-16,INFY.NS,1657.563720703125,Equity
2024-07-17,INFY.NS,,Equity
2024-07-18,INFY.NS,1688.2940673828125,Equity
2024-07-19,INFY.NS,1721.8092041015625,Equity
2024-07-20,INFY.NS,,Equity
2024-07-21,INFY.NS,,Equity
2024-07-22,INFY.NS,1738.9990234375,Equity
2024-07-23,INFY.NS,1764.015380859375,Equity
2024-07-24,INFY.NS,1761.182373046875,Equity
2024-07-25,INFY.NS,1752.4434814453125,Equity
2024-07-26,INFY.NS,1804.3489990234375,Equity
2024-07-27,INFY.NS,,Equity
2024-07-28,INFY.NS,,Equity
2024-07-29,INFY.NS,1796.8583984375,Equity
2024-07-30,INFY.NS,1802.66845703125,Equity
2024-07-31,INFY.NS,1794.121337890625,Equity
2024-08-01,INFY.NS,1779.092529296875,Equity
2024-08-02,INFY.NS,1748.9383544921875,Equity
2024-08-03,INFY.NS,,Equity
2024-08-04,INFY.NS,,Equity
2024-08-05,INFY.NS,1682.3880615234375,Equity
2024-08-06,INFY.NS,1681.619873046875,Equity
2024-08-07,INFY.NS,1720.5609130859375,Equity
2024-08-08,INFY.NS,1673.9853515625,Equity
2024-08-09,INFY.NS,1700.4901123046875,Equity
2024-08-10,INFY.NS,,Equity
2024-08-11,INFY.NS,,Equity
2024-08-12,INFY.NS,1726.082763671875,Equity
2024-08-13,INFY.NS,1726.130615234375,Equity
2024-08-14,INFY.NS,1750.906982421875,Equity
2024-08-15,INFY.NS,,Equity
2024-08-16,INFY.NS,1785.1904296875,Equity
2024-08-17,INFY.NS,,Equity
2024-08-18,INFY.NS,,Equity
2024-08-19,INFY.NS,1790.8084716796875,Equity
2024-08-20,INFY.NS,1797.9146728515625,Equity
2024-08-21,INFY.NS,1798.3948974609375,Equity
2024-08-22,INFY.NS,1805.6453857421875,Equity
2024-08-23,INFY.NS,1788.215576171875,Equity
2024-08-24,INFY.NS,,Equity
2024-08-25,INFY.NS,,Equity
2024-08-26,INFY.NS,1801.7081298828125,Equity
2024-08-27,INFY.NS,1824.707763671875,Equity
2024-08-28,INFY.NS,1862.1602783203125,Equity
2024-08-29,INFY.NS,1856.6385498046875,Equity
2024-08-30,INFY.NS,1866.5777587890625,Equity
2024-08-31,INFY.NS,,Equity
2024-09-01,INFY.NS,,Equity
2024-09-02,INFY.NS,1886.5526123046875,Equity
2024-09-03,INFY.NS,1864.2249755859375,Equity
2024-09-04,INFY.NS,1846.1708984375,Equity
2024-09-05,INFY.NS,1856.4464111328125,Equity
2024-09-06,INFY.NS,1826.3883056640625,Equity
2024-09-07,INFY.NS,,Equity
2024-09-08,INFY.NS,,Equity
2024-09-09,INFY.NS,1819.4739990234375,Equity
2024-09-10,INFY.NS,1836.423828125,Equity
2024-09-11,INFY.NS,1834.35888671875,Equity
2024-09-12,INFY.NS,1873.06005859375,Equity
2024-09-13,INFY.NS,1866.9619140625,Equity
2024-09-14,INFY.NS,,Equity
2024-09-15,INFY.NS,,Equity
2024-09-16,INFY.NS,1872.867919921875,Equity
2024-09-17,INFY.NS,1875.07666015625,Equity
2024-09-18,INFY.NS,1817.0732421875,Equity
2024-09-19,INFY.NS,1819.041748046875,Equity
2024-09-20,INFY.NS,1830.1336669921875,Equity
2024-09-21,INFY.NS,,Equity
2024-09-22,INFY.NS,,Equity
2024-09-23,INFY.NS,1821.2025146484375,Equity
2024-09-24,INFY.NS,1823.2672119140625,Equity
2024-09-25,INFY.NS,1820.0982666015625,Equity
2024-09-26,INFY.NS,1824.8516845703125,Equity
2024-09-27,INFY.NS,1831.093994140625,Equity
2024-09-28,INFY.NS,,Equity
2024-09-29,INFY.NS,,Equity
2024-09-30,INFY.NS,1801.179931640625,Equity
2024-10-01,INFY.NS,1828.7890625,Equity
2024-10-02,INFY.NS,,Equity
2024-10-03,INFY.NS,1818.273681640625,Equity
2024-10-04,INFY.NS,1842.04150390625,Equity
2024-10-05,INFY.NS,,Equity
2024-10-06,INFY.NS,,Equity
2024-10-07,INFY.NS,1857.55078125,Equity
2024-10-08,INFY.NS,1871.2354736328125,Equity
2024-10-09,INFY.NS,1875.2686767578125,Equity
2024-10-10,INFY.NS,1842.8577880859375,Equity
2024-10-11,INFY.NS,1858.3189697265625,Equity
2024-10-12,INFY.NS,,Equity
2024-10-13,INFY.NS,,Equity
2024-10-14,INFY.NS,1881.1746826171875,Equity
2024-10-15,INFY.NS,1881.558837890625,Equity
2024-10-16,INFY.NS,1843.9141845703125,Equity
2024-10-17,INFY.NS,1890.0096435546875,Equity
2024-10-18,INFY.NS,1805.0211181640625,Equity
2024-10-19,INFY.NS,,Equity
2024-10-20,INFY.NS,,Equity
2024-10-21,INFY.NS,1779.2364501953125,Equity
2024-10-22,INFY.NS,1778.132080078125,Equity
2024-10-23,INFY.NS,1799.067138671875,Equity
2024-10-24,INFY.NS,1789.4158935546875,Equity
2024-10-25,INFY.NS,1788.1676025390625,Equity
2024-10-26,INFY.NS,,Equity
2024-10-27,INFY.NS,,Equity
2024-10-28,INFY.NS,1791.3365478515625,Equity
2024-10-29,INFY.NS,1786.4317626953125,Equity
2024-10-30,INFY.NS,1750.3009033203125,Equity
2024-10-31,INFY.NS,1706.7401123046875,Equity
2024-11-01,INFY.NS,1710.236572265625,Equity
2024-11-02,INFY.NS,,Equity
2024-11-03,INFY.NS,,Equity
2024-11-04,INFY.NS,1712.956298828125,Equity
2024-11-05,INFY.NS,1703.77783203125,Equity
2024-11-06,INFY.NS,1771.280029296875,Equity
2024-11-07,INFY.NS,1751.2237548828125,Equity
2024-11-08,INFY.NS,1777.350341796875,Equity
2024-11-09,INFY.NS,,Equity
2024-11-10,INFY.NS,,Equity
2024-11-11,INFY.NS,1806.6337890625,Equity
2024-11-12,INFY.NS,1815.0838623046875,Equity
2024-11-13,INFY.NS,1814.6953125,Equity
2024-11-14,INFY.NS,1810.9560546875,Equity
2024-11-15,INFY.NS,,Equity
2024-11-16,INFY.NS,,Equity
2024-11-17,INFY.NS,,Equity
2024-11-18,INFY.NS,1759.3822021484375,Equity
2024-11-19,INFY.NS,1772.300048828125,Equity
2024-11-20,INFY.NS,,Equity
2024-11-21,INFY.NS,1781.3326416015625,Equity
2024-11-22,INFY.NS,1847.572265625,Equity
2024-11-23,INFY.NS,,Equity
2024-11-24,INFY.NS,,Equity
2024-11-25,INFY.NS,1835.3829345703125,Equity
2024-11-26,INFY.NS,1868.8428955078125,Equity
2024-11-27,INFY.NS,1869.182861328125,Equity
2024-11-28,INFY.NS,1803.282958984375,Equity
2024-11-29,INFY.NS,1804.448486328125,Equity
2024-11-30,INFY.NS,,Equity
2024-12-01,INFY.NS,,Equity
2024-12-02,INFY.NS,1825.7677001953125,Equity
2024-12-03,INFY.NS,1837.714111328125,Equity
2024-12-04,INFY.NS,1834.946044921875,Equity
2024-12-05,INFY.NS,1879.2352294921875,Equity
2024-12-06,INFY.NS,1867.1431884765625,Equity
2024-12-07,INFY.NS,,Equity
2024-12-08,INFY.NS,,Equity
2024-12-09,INFY.NS,1868.3572998046875,Equity
2024-12-10,INFY.NS,1892.54150390625,Equity
2024-12-11,INFY.NS,1917.4056396484375,Equity
2024-12-12,INFY.NS,1929.8863525390625,Equity
2024-12-13,INFY.NS,1942.22119140625,Equity
2024-12-14,INFY.NS,,Equity
2024-12-15,INFY.NS,,Equity
2024-12-16,INFY.NS,1923.1361083984375,Equity
2024-12-17,INFY.NS,1919.78515625,Equity
2024-12-18,INFY.NS,1922.261962890625,Equity
2024-12-19,INFY.NS,1890.2589111328125,Equity
2024-12-20,INFY.NS,1866.900390625,Equity
2024-12-21,INFY.NS,,Equity
2024-12-22,INFY.NS,,Equity
2024-12-23,INFY.NS,1868.988525390625,Equity
2024-12-24,INFY.NS,1854.1768798828125,Equity
2024-12-25,INFY.NS,,Equity
2024-12-26,INFY.NS,1852.5743408203125,Equity
2024-12-27,INFY.NS,1861.655517578125,Equity
2024-12-28,INFY.NS,,Equity
2024-12-29,INFY.NS,,Equity
2024-12-30,INFY.NS,1851.214599609375,Equity
2024-12-31,INFY.NS,1825.9617919921875,Equity
2025-01-01,INFY.NS,1828.389892578125,Equity
2025-01-02,INFY.NS,1901.5740966796875,Equity
2025-01-03,INFY.NS,1883.0230712890625,Equity
2025-01-04,INFY.NS,,Equity
2025-01-05,INFY.NS,,Equity
2025-01-06,INFY.NS,1882.1490478515625,Equity
2025-01-07,INFY.NS,1875.3502197265625,Equity
2025-01-08,INFY.NS,1877.5841064453125,Equity
2025-01-09,INFY.NS,1862.1898193359375,Equity
2025-01-10,INFY.NS,1910.4124755859375,Equity
2025-01-11,INFY.NS,,Equity
2025-01-12,INFY.NS,,Equity
2025-01-13,INFY.NS,1905.799072265625,Equity
2025-01-14,INFY.NS,1884.285888671875,Equity
2025-01-15,INFY.NS,1893.60986328125,Equity
2025-01-16,INFY.NS,1873.0191650390625,Equity
2025-01-17,INFY.NS,1763.2672119140625,Equity
2025-01-18,INFY.NS,,Equity
2025-01-19,INFY.NS,,Equity
2025-01-20,INFY.NS,1761.1790771484375,Equity
2025-01-21,INFY.NS,1748.941162109375,Equity
2025-01-22,INFY.NS,1803.0887451171875,Equity
2025-01-23,INFY.NS,1811.8299560546875,Equity
2025-01-24,INFY.NS,1821.5426025390625,Equity
2025-01-25,INFY.NS,,Equity
2025-01-26,INFY.NS,,Equity
2025-01-27,INFY.NS,1769.62890625,Equity
2025-01-28,INFY.NS,1777.15625,Equity
2025-01-29,INFY.NS,1827.1759033203125,Equity
2025-01-30,INFY.NS,1806.4881591796875,Equity
2025-01-31,INFY.NS,1825.7677001953125,Equity
2025-02-01,INFY.NS,1798.1353759765625,Equity
2025-02-02,INFY.NS,,Equity
2025-02-03,INFY.NS,1809.741943359375,Equity
2025-02-04,INFY.NS,1844.2215576171875,Equity
2025-02-05,INFY.NS,1842.5218505859375,Equity
2025-02-06,INFY.NS,1860.587158203125,Equity
2025-02-07,INFY.NS,1848.93212890625,Equity
2025-02-08,INFY.NS,,Equity
2025-02-09,INFY.NS,,Equity
2025-02-10,INFY.NS,1826.2532958984375,Equity
2025-02-11,INFY.NS,1821.7369384765625,Equity
2025-02-12,INFY.NS,1809.59619140625,Equity
2025-02-13,INFY.NS,1790.2681884765625,Equity
2025-02-14,INFY.NS,1803.0401611328125,Equity
2025-02-15,INFY.NS,,Equity
2025-02-16,INFY.NS,,Equity
2025-02-17,INFY.NS,1789.3455810546875,Equity
2025-02-18,INFY.NS,1798.7181396484375,Equity
2025-02-19,INFY.NS,1758.7509765625,Equity
2025-02-20,INFY.NS,1772.6884765625,Equity
2025-02-21,INFY.NS,1762.8302001953125,Equity
2025-02-22,INFY.NS,,Equity
2025-02-23,INFY.NS,,Equity
2025-02-24,INFY.NS,1713.3931884765625,Equity
2025-02-25,INFY.NS,1716.8896484375,Equity
2025-02-26,INFY.NS,,Equity
2025-02-27,INFY.NS,1713.5875244140625,Equity
2025-02-28,INFY.NS,1639.189208984375,Equity
2025-03-01,INFY.NS,,Equity
2025-03-02,INFY.NS,,Equity
2025-03-03,INFY.NS,1659.4884033203125,Equity
2025-03-04,INFY.NS,1639.7720947265625,Equity
2025-03-05,INFY.NS,1662.30517578125,Equity
2025-03-06,INFY.NS,1666.5301513671875,Equity
2025-03-07,INFY.NS,1637.5382080078125,Equity
2025-03-08,INFY.NS,,Equity
2025-03-09,INFY.NS,,Equity
2025-03-10,INFY.NS,1652.5440673828125,Equity
2025-03-11,INFY.NS,1613.8394775390625,Equity
2025-03-12,INFY.NS,1545.123046875,Equity
2025-03-13,INFY.NS,1534.439208984375,Equity
2025-03-14,INFY.NS,,Equity
2025-03-15,INFY.NS,,Equity
2025-03-16,INFY.NS,,Equity
2025-03-17,INFY.NS,1544.34619140625,Equity
2025-03-18,INFY.NS,1544.34619140625,Equity
2025-03-19,INFY.NS,1540.94677734375,Equity
2025-03-20,INFY.NS,1569.1131591796875,Equity
2025-03-21,INFY.NS,1546.7742919921875,Equity
2025-03-22,INFY.NS,,Equity
2025-03-23,INFY.NS,,Equity
2025-03-24,INFY.NS,1546.968505859375,Equity
2025-03-25,INFY.NS,1581.6422119140625,Equity
2025-03-26,INFY.NS,1553.475830078125,Equity
2025-03-27,INFY.NS,1557.4581298828125,Equity
2025-03-28,INFY.NS,1525.5037841796875,Equity
2025-03-29,INFY.NS,,Equity
2025-03-30,INFY.NS,,Equity
2025-03-31,INFY.NS,,Equity
2025-04-01,INFY.NS,1482.6226806640625,Equity
2025-04-02,INFY.NS,1505.593017578125,Equity
2025-04-03,INFY.NS,1453.485107421875,Equity
2025-04-04,INFY.NS,1409.92431640625,Equity
2025-04-05,INFY.NS,,Equity
2025-04-06,INFY.NS,,Equity
2025-04-07,INFY.NS,1356.602294921875,Equity
2025-04-08,INFY.NS,1387.7310791015625,Equity
2025-04-09,INFY.NS,1363.3524169921875,Equity
2025-04-10,INFY.NS,,Equity
2025-04-11,INFY.NS,1368.9371337890625,Equity
2025-04-12,INFY.NS,,Equity
2025-04-13,INFY.NS,,Equity
2025-04-14,INFY.NS,,Equity
2025-04-15,INFY.NS,1385.011474609375,Equity
2025-04-16,INFY.NS,1372.482177734375,Equity
2025-04-17,INFY.NS,1378.6983642578125,Equity
2025-04-18,INFY.NS,,Equity
2025-04-19,INFY.NS,,Equity
2025-04-20,INFY.NS,,Equity
2025-04-21,INFY.NS,1409.29296875,Equity
2025-04-22,INFY.NS,1381.903564453125,Equity
2025-04-23,INFY.NS,1432.5059814453125,Equity
2025-04-24,INFY.NS,1429.1065673828125,Equity
2025-04-25,INFY.NS,1437.653564453125,Equity
2025-04-26,INFY.NS,,Equity
2025-04-27,INFY.NS,,Equity
2025-04-28,INFY.NS,1439.4989013671875,Equity
2025-04-29,INFY.NS,1454.456298828125,Equity
2025-04-30,INFY.NS,1456.9815673828125,Equity
2025-05-01,INFY.NS,,Equity
2025-05-02,INFY.NS,1463.586181640625,Equity
2025-05-03,INFY.NS,,Equity
2025-05-04,INFY.NS,,Equity
2025-05-05,INFY.NS,1465.2371826171875,Equity
2025-05-06,INFY.NS,1468.053955078125,Equity
2025-05-07,INFY.NS,1464.9459228515625,Equity
2025-05-08,INFY.NS,1467.956787109375,Equity
2025-05-09,INFY.NS,1464.2659912109375,Equity
2025-05-10,INFY.NS,,Equity
2025-05-11,INFY.NS,,Equity
2025-05-12,INFY.NS,1580.136962890625,Equity
2025-05-13,INFY.NS,1523.5125732421875,Equity
2025-05-14,INFY.NS,1546.6285400390625,Equity
2025-05-15,INFY.NS,1566.636474609375,Equity
2025-05-16,INFY.NS,1544.200439453125,Equity
2025-05-17,INFY.NS,,Equity
2025-05-18,INFY.NS,,Equity
2025-05-19,INFY.NS,1514.9656982421875,Equity
2025-05-20,INFY.NS,1515.7425537109375,Equity
2025-05-21,INFY.NS,1523.41552734375,Equity
2025-05-22,INFY.NS,1503.0191650390625,Equity
2025-05-23,INFY.NS,1519.8218994140625,Equity
2025-05-24,INFY.NS,,Equity
2025-05-25,INFY.NS,,Equity
2025-05-26,INFY.NS,1535.070556640625,Equity
2025-05-27,INFY.NS,1524.969482421875,Equity
2025-05-28,INFY.NS,1526.6207275390625,Equity
2025-05-29,INFY.NS,1540.02392578125,Equity
2025-05-30,INFY.NS,1539.1375732421875,Equity
2025-05-31,INFY.NS,,Equity
2025-06-01,INFY.NS,,Equity
2025-06-02,INFY.NS,1530.371826171875,Equity
2025-06-03,INFY.NS,1519.734619140625,Equity
2025-06-04,INFY.NS,1527.8109130859375,Equity
2025-06-05,INFY.NS,1530.8642578125,Equity
2025-06-06,INFY.NS,1540.2210693359375,Equity
2025-06-07,INFY.NS,,Equity
2025-06-08,INFY.NS,,Equity
2025-06-09,INFY.NS,1549.183837890625,Equity
2025-06-10,INFY.NS,1571.935546875,Equity
2025-06-11,INFY.NS,1606.5062255859375,Equity
2025-06-12,INFY.NS,1584.345458984375,Equity
2025-06-13,INFY.NS,1577.844970703125,Equity
2025-06-14,INFY.NS,,Equity
2025-06-15,INFY.NS,,Equity
2025-06-16,INFY.NS,1599.31640625,Equity
2025-06-17,INFY.NS,1615.173583984375,Equity
2025-06-18,INFY.NS,1608.2791748046875,Equity
2025-06-19,INFY.NS,1593.997802734375,Equity
2025-06-20,INFY.NS,1598.429931640625,Equity
2025-06-21,INFY.NS,,Equity
2025-06-22,INFY.NS,,Equity
2025-06-23,INFY.NS,1560.116455078125,Equity
2025-06-24,INFY.NS,1557.7525634765625,Equity
2025-06-25,INFY.NS,1590.550537109375,Equity
2025-06-26,INFY.NS,1591.6339111328125,Equity
2025-06-27,INFY.NS,1583.7545166015625,Equity
2025-06-28,INFY.NS,,Equity
2025-06-29,INFY.NS,,Equity
2025-06-30,INFY.NS,1577.6480712890625,Equity
2025-07-01,INFY.NS,1582.57275390625,Equity
2025-07-02,INFY.NS,1586.2169189453125,Equity
2025-07-03,INFY.NS,1594.293212890625,Equity
2025-07-04,INFY.NS,1615.96142578125,Equity
2025-07-05,INFY.NS,,Equity
2025-07-06,INFY.NS,,Equity
2025-07-07,INFY.NS,1602.4681396484375,Equity
2025-07-08,INFY.NS,1613.9915771484375,Equity
2025-07-09,INFY.NS,1609.0670166015625,Equity
2025-07-10,INFY.NS,1591.43701171875,Equity
2025-07-11,INFY.NS,1570.85205078125,Equity
2025-07-12,INFY.NS,,Equity
2025-07-13,INFY.NS,,Equity
2025-07-14,INFY.NS,1546.623046875,Equity
2025-07-15,INFY.NS,1561.6922607421875,Equity
2025-07-16,INFY.NS,1583.6561279296875,Equity
2025-07-17,INFY.NS,1559.6240234375,Equity
2025-07-18,INFY.NS,1562.1846923828125,Equity
2025-07-19,INFY.NS,,Equity
2025-07-20,INFY.NS,,Equity
2025-07-21,INFY.NS,1560.4119873046875,Equity
2025-07-22,INFY.NS,1547.2139892578125,Equity
2025-07-23,INFY.NS,1550.7596435546875,Equity
2025-07-24,INFY.NS,1529.0914306640625,Equity
2025-07-25,INFY.NS,1492.84619140625,Equity
2025-07-26,INFY.NS,,Equity
2025-07-27,INFY.NS,,Equity
2025-07-28,INFY.NS,1493.1417236328125,Equity
2025-07-29,INFY.NS,1490.8763427734375,Equity
2025-07-30,INFY.NS,1496.0965576171875,Equity
2025-07-31,INFY.NS,1486.247314453125,Equity
2025-08-01,INFY.NS,1447.4412841796875,Equity
2025-08-02,INFY.NS,,Equity
2025-08-03,INFY.NS,,Equity
2025-08-04,INFY.NS,1458.177001953125,Equity
2025-08-05,INFY.NS,1438.2816162109375,Equity
2025-08-06,INFY.NS,1415.037353515625,Equity
2025-08-07,INFY.NS,1415.234375,Equity
2025-08-08,INFY.NS,1401.6424560546875,Equity
2025-08-09,INFY.NS,,Equity
2025-08-10,INFY.NS,,Equity
2025-08-11,INFY.NS,1406.66552734375,Equity
2025-08-12,INFY.NS,1402.62744140625,Equity
2025-08-13,INFY.NS,1405.0897216796875,Equity
2025-08-14,INFY.NS,1425.8714599609375,Equity
2025-08-15,INFY.NS,,Equity
2025-08-16,INFY.NS,,Equity
2025-08-17,INFY.NS,,Equity
2025-08-18,INFY.NS,1414.1510009765625,Equity
2025-08-19,INFY.NS,1418.2877197265625,Equity
2025-08-20,INFY.NS,1473.6402587890625,Equity
2025-08-21,INFY.NS,1473.8372802734375,Equity
2025-08-22,INFY.NS,1465.0714111328125,Equity
2025-08-23,INFY.NS,,Equity
2025-08-24,INFY.NS,,Equity
2025-08-25,INFY.NS,1508.9989013671875,Equity
2025-08-26,INFY.NS,1506.53662109375,Equity
2025-08-27,INFY.NS,,Equity
2025-08-28,INFY.NS,1477.4814453125,Equity
2025-08-29,INFY.NS,1447.4412841796875,Equity
2025-08-30,INFY.NS,,Equity
2025-08-31,INFY.NS,,Equity
2025-09-01,INFY.NS,1476.7921142578125,Equity
2025-09-02,INFY.NS,1476.1025390625,Equity
2025-09-03,INFY.NS,1456.798095703125,Equity
2025-09-04,INFY.NS,1440.94091796875,Equity
2025-09-05,INFY.NS,1422.8182373046875,Equity
2025-09-06,INFY.NS,,Equity
2025-09-07,INFY.NS,,Equity
2025-09-08,INFY.NS,1411.2947998046875,Equity
2025-09-09,INFY.NS,1481.6181640625,Equity
2025-09-10,INFY.NS,1509.491455078125,Equity
2025-09-11,INFY.NS,1486.9366455078125,Equity
2025-09-12,INFY.NS,1502.596923828125,Equity
2025-09-13,INFY.NS,,Equity
2025-09-14,INFY.NS,,Equity
2025-09-15,INFY.NS,1485.6563720703125,Equity
2025-09-16,INFY.NS,1488.5126953125,Equity
2025-09-17,INFY.NS,1499.4453125,Equity
2025-09-18,INFY.NS,1517.370849609375,Equity
2025-09-19,INFY.NS,1516.976806640625,Equity
2025-09-20,INFY.NS,,Equity
2025-09-21,INFY.NS,,Equity
2025-09-22,INFY.NS,1476.8905029296875,Equity
2025-09-23,INFY.NS,1474.920654296875,Equity
2025-09-24,INFY.NS,1472.0643310546875,Equity
2025-09-25,INFY.NS,1462.4122314453125,Equity
2025-09-26,INFY.NS,1427.053466796875,Equity
2025-09-27,INFY.NS,,Equity
2025-09-28,INFY.NS,,Equity
2025-09-29,INFY.NS,1420.060546875,Equity
2025-09-30,INFY.NS,1420.060546875,Equity
2025-10-01,INFY.NS,1424.000244140625,Equity
2025-10-02,INFY.NS,,Equity
2025-10-03,INFY.NS,1424.7880859375,Equity
2025-10-04,INFY.NS,,Equity
2025-10-05,INFY.NS,,Equity
2025-10-06,INFY.NS,1453.744873046875,Equity
2025-10-07,INFY.NS,1436.5086669921875,Equity
2025-10-08,INFY.NS,1472.4583740234375,Equity
2025-10-09,INFY.NS,1486.5428466796875,Equity
2025-10-10,INFY.NS,1492.058349609375,Equity
2025-10-11,INFY.NS,,Equity
2025-10-12,INFY.NS,,Equity
2025-10-13,INFY.NS,1470.6854248046875,Equity
2025-10-14,INFY.NS,1467.435302734375,Equity
2025-10-15,INFY.NS,1452.1690673828125,Equity
2025-10-16,INFY.NS,1449.312744140625,Equity
2025-10-17,INFY.NS,1419.37109375,Equity
2025-10-18,INFY.NS,,Equity
2025-10-19,INFY.NS,,Equity
2025-10-20,INFY.NS,1438.87255859375,Equity
2025-10-21,INFY.NS,1450.19921875,Equity
2025-10-22,INFY.NS,,Equity
2025-10-23,INFY.NS,1505.4532470703125,Equity
2025-10-24,INFY.NS,1502.4000244140625,Equity
2025-10-25,INFY.NS,,Equity
2025-10-26,INFY.NS,,Equity
2025-10-27,INFY.NS,1504.5,Equity
2025-10-28,INFY.NS,1500.199951171875,Equity
2025-10-29,INFY.NS,1510.4000244140625,Equity
2025-10-30,INFY.NS,1493.800048828125,Equity
2025-10-31,INFY.NS,1482.300048828125,Equity
2025-11-01,INFY.NS,,Equity
2025-11-02,INFY.NS,,Equity
2025-11-03,INFY.NS,1485.5,Equity
2025-11-04,INFY.NS,1467.9000244140625,Equity
2025-11-05,INFY.NS,,Equity
2025-11-06,INFY.NS,1466.699951171875,Equity
2025-11-07,INFY.NS,1476.800048828125,Equity
2025-11-08,INFY.NS,,Equity
2025-11-09,INFY.NS,,Equity
2025-11-10,INFY.NS,1513.5,Equity
2025-11-11,INFY.NS,1530.300048828125,Equity
2025-11-12,INFY.NS,1551.699951171875,Equity
2025-11-13,INFY.NS,1541.800048828125,Equity
2025-11-14,INFY.NS,1502.800048828125,Equity
2025-11-15,INFY.NS,,Equity
2025-11-16,INFY.NS,,Equity
2025-11-17,INFY.NS,1507.5999755859375,Equity
2025-11-18,INFY.NS,1486.4000244140625,Equity
2025-11-19,INFY.NS,1541.0999755859375,Equity
2025-11-20,INFY.NS,1536.5,Equity
2025-11-21,INFY.NS,1545.0,Equity
2025-11-22,INFY.NS,,Equity
2025-11-23,INFY.NS,,Equity
2025-11-24,INFY.NS,1548.0,Equity
2025-11-25,INFY.NS,1530.5999755859375,Equity
2025-11-26,INFY.NS,1557.9000244140625,Equity
2025-11-27,INFY.NS,1566.4000244140625,Equity
2025-11-28,INFY.NS,1560.0999755859375,Equity
2025-11-29,INFY.NS,,Equity
2025-11-30,INFY.NS,,Equity
2025-12-01,INFY.NS,1564.0,Equity
2025-12-02,INFY.NS,1561.0,Equity
2025-12-03,INFY.NS,1578.699951171875,Equity
2025-12-04,INFY.NS,1597.5999755859375,Equity
2025-12-05,INFY.NS,1616.199951171875,Equity
2025-12-06,INFY.NS,,Equity
2025-12-07,INFY.NS,,Equity
2025-12-08,INFY.NS,1610.800048828125,Equity
2025-12-09,INFY.NS,1599.0,Equity
2025-12-10,INFY.NS,1584.800048828125,Equity
2025-12-11,INFY.NS,1598.0,Equity
2025-12-12,INFY.NS,1598.199951171875,Equity
2025-12-13,INFY.NS,,Equity
2025-12-14,INFY.NS,,Equity
2025-12-15,INFY.NS,1606.800048828125,Equity
2025-12-16,INFY.NS,1592.9000244140625,Equity
2025-12-17,INFY.NS,1602.0,Equity
2025-12-18,INFY.NS,1626.800048828125,Equity
2025-12-19,INFY.NS,1638.699951171875,Equity
2025-12-20,INFY.NS,,Equity
2025-12-21,INFY.NS,,Equity
2025-12-22,INFY.NS,1689.5999755859375,Equity
2025-12-23,INFY.NS,1668.300048828125,Equity
2025-12-24,INFY.NS,1663.4000244140625,Equity
2025-12-25,INFY.NS,,Equity
2025-12-26,INFY.NS,1656.0999755859375,Equity
2025-12-27,INFY.NS,,Equity
2025-12-28,INFY.NS,,Equity
2025-12-29,INFY.NS,1644.699951171875,Equity
2025-12-30,INFY.NS,1621.5999755859375,Equity
2025-12-31,INFY.NS,1615.4000244140625,Equity
2026-01-01,INFY.NS,1629.800048828125,Equity
2026-01-02,INFY.NS,1640.4000244140625,Equity
2026-01-03,INFY.NS,,Equity
2026-01-04,INFY.NS,,Equity
2026-01-05,INFY.NS,1606.4000244140625,Equity
2026-01-06,INFY.NS,1612.199951171875,Equity
2026-01-07,INFY.NS,1639.0,Equity
2026-01-08,INFY.NS,1613.300048828125,Equity
2026-01-09,INFY.NS,1614.0999755859375,Equity
2026-01-10,INFY.NS,,Equity
2026-01-11,INFY.NS,,Equity
2026-01-12,INFY.NS,1595.9000244140625,Equity
2026-01-13,INFY.NS,1599.0,Equity
2026-01-14,INFY.NS,1599.800048828125,Equity
2026-01-15,INFY.NS,1599.800048828125,Equity
2026-01-16,INFY.NS,1689.800048828125,Equity
2026-01-17,INFY.NS,,Equity
2026-01-18,INFY.NS,,Equity
2026-01-19,INFY.NS,1681.199951171875,Equity
2026-01-20,INFY.NS,1658.9000244140625,Equity
2026-01-21,INFY.NS,1654.4000244140625,Equity
2026-01-22,INFY.NS,1663.5,Equity
2026-01-23,INFY.NS,1670.800048828125,Equity
2026-01-24,INFY.NS,,Equity
2026-01-25,INFY.NS,,Equity
2026-01-26,INFY.NS,,Equity
2026-01-27,INFY.NS,1682.699951171875,Equity
2026-01-28,INFY.NS,1666.5,Equity
2026-01-29,INFY.NS,1659.5,Equity
2026-01-30,INFY.NS,1641.0,Equity
2026-01-31,INFY.NS,,Equity
2026-02-01,INFY.NS,,Equity
2026-02-02,INFY.NS,1629.4000244140625,Equity
2026-02-03,INFY.NS,1656.0,Equity
2026-02-04,INFY.NS,1535.800048828125,Equity
2026-02-05,INFY.NS,1520.199951171875,Equity
2026-02-06,INFY.NS,1507.0999755859375,Equity
2026-02-07,INFY.NS,,Equity
2026-02-08,INFY.NS,,Equity
2026-02-09,INFY.NS,1497.199951171875,Equity
2026-02-10,INFY.NS,1497.800048828125,Equity
2026-02-11,INFY.NS,1471.9000244140625,Equity
2026-02-12,INFY.NS,1386.0,Equity
2026-02-13,INFY.NS,1369.0999755859375,Equity
2026-02-14,INFY.NS,,Equity
2026-02-15,INFY.NS,,Equity
2026-02-16,INFY.NS,1365.5999755859375,Equity
2026-02-17,INFY.NS,1391.199951171875,Equity
2026-02-18,INFY.NS,1373.699951171875,Equity
2026-02-19,INFY.NS,1370.5,Equity
2026-02-20,INFY.NS,1353.199951171875,Equity
2026-02-21,INFY.NS,,Equity
2026-02-22,INFY.NS,,Equity
2026-02-23,INFY.NS,1327.5,Equity
2026-02-24,INFY.NS,1275.5,Equity
2026-02-25,INFY.NS,1290.0999755859375,Equity
2026-02-26,INFY.NS,1289.0999755859375,Equity
2026-02-27,INFY.NS,1300.0999755859375,Equity
2026-02-28,INFY.NS,,Equity
2026-03-01,INFY.NS,,Equity
2026-03-02,INFY.NS,1288.9000244140625,Equity
2026-03-03,INFY.NS,,Equity
2026-03-04,INFY.NS,1307.4000244140625,Equity
2026-03-05,INFY.NS,1305.800048828125,Equity
2026-03-06,INFY.NS,1308.4000244140625,Equity
2026-03-07,INFY.NS,,Equity
2026-03-08,INFY.NS,,Equity
2026-03-09,INFY.NS,1315.0,Equity
2026-03-10,INFY.NS,1295.5999755859375,Equity
2026-03-11,INFY.NS,1276.300048828125,Equity
2026-03-12,INFY.NS,1265.800048828125,Equity
2026-03-13,INFY.NS,1248.300048828125,Equity
2026-03-14,INFY.NS,,Equity
2026-03-15,INFY.NS,,Equity
2026-03-16,INFY.NS,1249.800048828125,Equity
2026-03-17,INFY.NS,1232.9000244140625,Equity
2026-03-18,INFY.NS,1267.0999755859375,Equity
2026-03-19,INFY.NS,1220.800048828125,Equity
2026-03-20,INFY.NS,1255.9000244140625,Equity
2026-03-21,INFY.NS,,Equity
2026-03-22,INFY.NS,,Equity
2026-03-23,INFY.NS,1256.800048828125,Equity
2026-03-24,INFY.NS,1278.300048828125,Equity
2026-03-25,INFY.NS,1279.0999755859375,Equity
2026-03-26,INFY.NS,,Equity
2026-03-27,INFY.NS,1269.699951171875,Equity
2026-03-28,INFY.NS,,Equity
2026-03-29,INFY.NS,,Equity
2026-03-30,INFY.NS,1250.5999755859375,Equity
2026-03-31,INFY.NS,,Equity
2026-04-01,INFY.NS,1275.699951171875,Equity
2026-04-02,INFY.NS,1300.800048828125,Equity
2026-04-03,INFY.NS,,Equity
2026-04-04,INFY.NS,,Equity
2026-04-05,INFY.NS,,Equity
2026-04-06,INFY.NS,1306.199951171875,Equity
2026-04-07,INFY.NS,1339.4000244140625,Equity
2026-04-08,INFY.NS,1346.199951171875,Equity
2026-04-09,INFY.NS,1331.5999755859375,Equity
2026-04-10,INFY.NS,1292.5,Equity
2026-04-11,INFY.NS,,Equity
2026-04-12,INFY.NS,,Equity
2026-04-13,INFY.NS,1276.800048828125,Equity
2026-04-14,INFY.NS,,Equity
2026-04-15,INFY.NS,1305.300048828125,Equity
2026-04-16,INFY.NS,1319.199951171875,Equity
2026-04-17,INFY.NS,1318.699951171875,Equity
2026-04-18,INFY.NS,,Equity
2026-04-19,INFY.NS,,Equity
2026-04-20,INFY.NS,1312.5999755859375,Equity
2026-04-21,INFY.NS,1313.199951171875,Equity
2026-04-22,INFY.NS,1268.5999755859375,Equity
2026-04-23,INFY.NS,1240.5999755859375,Equity
2026-04-24,INFY.NS,1154.5999755859375,Equity
2026-04-25,INFY.NS,,Equity
2026-04-26,INFY.NS,,Equity
2026-04-27,INFY.NS,1170.300048828125,Equity
2026-04-28,INFY.NS,1152.0999755859375,Equity
2026-04-29,INFY.NS,1167.5,Equity
2026-04-30,INFY.NS,1181.800048828125,Equity
2026-05-01,INFY.NS,1181.800048828125,Equity
2026-05-02,INFY.NS,,Equity
2026-05-03,INFY.NS,,Equity
2026-05-04,INFY.NS,1168.4000244140625,Equity
2026-05-05,INFY.NS,1178.0999755859375,Equity
2026-05-06,INFY.NS,1167.199951171875,Equity
2026-05-07,INFY.NS,1162.699951171875,Equity
2026-05-08,INFY.NS,1179.199951171875,Equity
2026-05-09,INFY.NS,,Equity
2026-05-10,INFY.NS,,Equity
2026-05-11,INFY.NS,1177.0,Equity
2026-05-12,INFY.NS,1140.300048828125,Equity
2026-05-13,INFY.NS,1123.0999755859375,Equity
2026-05-14,INFY.NS,1095.0,Equity
2026-05-15,INFY.NS,1119.0,Equity
2026-05-16,INFY.NS,,Equity
2026-05-17,INFY.NS,,Equity
2026-05-18,INFY.NS,1142.5,Equity
2026-05-19,INFY.NS,1196.9000244140625,Equity
2026-05-20,INFY.NS,1193.699951171875,Equity
2026-05-21,INFY.NS,1181.199951171875,Equity
2026-05-22,INFY.NS,1174.5,Equity
2026-05-23,INFY.NS,,Equity
2026-05-24,INFY.NS,,Equity
2026-05-25,INFY.NS,1168.5,Equity
2026-05-26,INFY.NS,1167.699951171875,Equity
2026-05-27,INFY.NS,1159.9000244140625,Equity
2026-05-28,INFY.NS,1159.9000244140625,Equity
2026-05-29,INFY.NS,1160.9000244140625,Equity
2026-05-30,INFY.NS,,Equity
2026-05-31,INFY.NS,,Equity
2026-06-01,INFY.NS,1202.5,Equity
2026-06-02,INFY.NS,1270.800048828125,Equity
2023-01-01,NIFTYBEES.NS,,ETF
2023-01-02,NIFTYBEES.NS,199.33999633789062,ETF
2023-01-03,NIFTYBEES.NS,199.67999267578125,ETF
2023-01-04,NIFTYBEES.NS,197.6699981689453,ETF
2023-01-05,NIFTYBEES.NS,197.07000732421875,ETF
2023-01-06,NIFTYBEES.NS,195.72000122070312,ETF
2023-01-07,NIFTYBEES.NS,,ETF
2023-01-08,NIFTYBEES.NS,,ETF
2023-01-09,NIFTYBEES.NS,198.27999877929688,ETF
2023-01-10,NIFTYBEES.NS,196.1300048828125,ETF
2023-01-11,NIFTYBEES.NS,196.1300048828125,ETF
2023-01-12,NIFTYBEES.NS,195.61000061035156,ETF
2023-01-13,NIFTYBEES.NS,196.61000061035156,ETF
2023-01-14,NIFTYBEES.NS,,ETF
2023-01-15,NIFTYBEES.NS,,ETF
2023-01-16,NIFTYBEES.NS,196.05999755859375,ETF
2023-01-17,NIFTYBEES.NS,197.47000122070312,ETF
2023-01-18,NIFTYBEES.NS,198.64999389648438,ETF
2023-01-19,NIFTYBEES.NS,198.42999267578125,ETF
2023-01-20,NIFTYBEES.NS,197.4499969482422,ETF
2023-01-21,NIFTYBEES.NS,,ETF
2023-01-22,NIFTYBEES.NS,,ETF
2023-01-23,NIFTYBEES.NS,198.44000244140625,ETF
2023-01-24,NIFTYBEES.NS,198.4199981689453,ETF
2023-01-25,NIFTYBEES.NS,196.0399932861328,ETF
2023-01-26,NIFTYBEES.NS,,ETF
2023-01-27,NIFTYBEES.NS,193.0,ETF
2023-01-28,NIFTYBEES.NS,,ETF
2023-01-29,NIFTYBEES.NS,,ETF
2023-01-30,NIFTYBEES.NS,193.25,ETF
2023-01-31,NIFTYBEES.NS,193.44000244140625,ETF
2023-02-01,NIFTYBEES.NS,193.1300048828125,ETF
2023-02-02,NIFTYBEES.NS,192.91000366210938,ETF
2023-02-03,NIFTYBEES.NS,195.1199951171875,ETF
2023-02-04,NIFTYBEES.NS,,ETF
2023-02-05,NIFTYBEES.NS,,ETF
2023-02-06,NIFTYBEES.NS,194.47999572753906,ETF
2023-02-07,NIFTYBEES.NS,194.0399932861328,ETF
2023-02-08,NIFTYBEES.NS,195.5399932861328,ETF
2023-02-09,NIFTYBEES.NS,195.88999938964844,ETF
2023-02-10,NIFTYBEES.NS,195.49000549316406,ETF
2023-02-11,NIFTYBEES.NS,,ETF
2023-02-12,NIFTYBEES.NS,,ETF
2023-02-13,NIFTYBEES.NS,194.60000610351562,ETF
2023-02-14,NIFTYBEES.NS,195.97999572753906,ETF
2023-02-15,NIFTYBEES.NS,197.0800018310547,ETF
2023-02-16,NIFTYBEES.NS,197.35000610351562,ETF
2023-02-17,NIFTYBEES.NS,196.3000030517578,ETF
2023-02-18,NIFTYBEES.NS,,ETF
2023-02-19,NIFTYBEES.NS,,ETF
2023-02-20,NIFTYBEES.NS,195.58999633789062,ETF
2023-02-21,NIFTYBEES.NS,195.25999450683594,ETF
2023-02-22,NIFTYBEES.NS,192.50999450683594,ETF
2023-02-23,NIFTYBEES.NS,192.00999450683594,ETF
2023-02-24,NIFTYBEES.NS,191.4600067138672,ETF
2023-02-25,NIFTYBEES.NS,,ETF
2023-02-26,NIFTYBEES.NS,,ETF
2023-02-27,NIFTYBEES.NS,190.55999755859375,ETF
2023-02-28,NIFTYBEES.NS,189.6999969482422,ETF
2023-03-01,NIFTYBEES.NS,191.27999877929688,ETF
2023-03-02,NIFTYBEES.NS,189.92999267578125,ETF
2023-03-03,NIFTYBEES.NS,192.50999450683594,ETF
2023-03-04,NIFTYBEES.NS,,ETF
2023-03-05,NIFTYBEES.NS,,ETF
2023-03-06,NIFTYBEES.NS,193.6300048828125,ETF
2023-03-07,NIFTYBEES.NS,,ETF
2023-03-08,NIFTYBEES.NS,193.9499969482422,ETF
2023-03-09,NIFTYBEES.NS,192.63999938964844,ETF
2023-03-10,NIFTYBEES.NS,190.75,ETF
2023-03-11,NIFTYBEES.NS,,ETF
2023-03-12,NIFTYBEES.NS,,ETF
2023-03-13,NIFTYBEES.NS,188.1199951171875,ETF
2023-03-14,NIFTYBEES.NS,186.91000366210938,ETF
2023-03-15,NIFTYBEES.NS,186.10000610351562,ETF
2023-03-16,NIFTYBEES.NS,186.22999572753906,ETF
2023-03-17,NIFTYBEES.NS,187.4199981689453,ETF
2023-03-18,NIFTYBEES.NS,,ETF
2023-03-19,NIFTYBEES.NS,,ETF
2023-03-20,NIFTYBEES.NS,186.1999969482422,ETF
2023-03-21,NIFTYBEES.NS,187.4600067138672,ETF
2023-03-22,NIFTYBEES.NS,187.8800048828125,ETF
2023-03-23,NIFTYBEES.NS,186.91000366210938,ETF
2023-03-24,NIFTYBEES.NS,185.67999267578125,ETF
2023-03-25,NIFTYBEES.NS,,ETF
2023-03-26,NIFTYBEES.NS,,ETF
2023-03-27,NIFTYBEES.NS,186.17999267578125,ETF
2023-03-28,NIFTYBEES.NS,185.7100067138672,ETF
2023-03-29,NIFTYBEES.NS,187.08999633789062,ETF
2023-03-30,NIFTYBEES.NS,,ETF
2023-03-31,NIFTYBEES.NS,189.86000061035156,ETF
2023-04-01,NIFTYBEES.NS,,ETF
2023-04-02,NIFTYBEES.NS,,ETF
2023-04-03,NIFTYBEES.NS,190.55999755859375,ETF
2023-04-04,NIFTYBEES.NS,,ETF
2023-04-05,NIFTYBEES.NS,192.19000244140625,ETF
2023-04-06,NIFTYBEES.NS,192.94000244140625,ETF
2023-04-07,NIFTYBEES.NS,,ETF
2023-04-08,NIFTYBEES.NS,,ETF
2023-04-09,NIFTYBEES.NS,,ETF
2023-04-10,NIFTYBEES.NS,192.63999938964844,ETF
2023-04-11,NIFTYBEES.NS,193.75999450683594,ETF
2023-04-12,NIFTYBEES.NS,194.63999938964844,ETF
2023-04-13,NIFTYBEES.NS,194.77000427246094,ETF
2023-04-14,NIFTYBEES.NS,,ETF
2023-04-15,NIFTYBEES.NS,,ETF
2023-04-16,NIFTYBEES.NS,,ETF
2023-04-17,NIFTYBEES.NS,193.91000366210938,ETF
2023-04-18,NIFTYBEES.NS,193.24000549316406,ETF
2023-04-19,NIFTYBEES.NS,192.86000061035156,ETF
2023-04-20,NIFTYBEES.NS,192.99000549316406,ETF
2023-04-21,NIFTYBEES.NS,192.85000610351562,ETF
2023-04-22,NIFTYBEES.NS,,ETF
2023-04-23,NIFTYBEES.NS,,ETF
2023-04-24,NIFTYBEES.NS,193.9499969482422,ETF
2023-04-25,NIFTYBEES.NS,194.1300048828125,ETF
2023-04-26,NIFTYBEES.NS,194.6199951171875,ETF
2023-04-27,NIFTYBEES.NS,195.92999267578125,ETF
2023-04-28,NIFTYBEES.NS,197.2899932861328,ETF
2023-04-29,NIFTYBEES.NS,,ETF
2023-04-30,NIFTYBEES.NS,,ETF
2023-05-01,NIFTYBEES.NS,,ETF
2023-05-02,NIFTYBEES.NS,198.38999938964844,ETF
2023-05-03,NIFTYBEES.NS,197.67999267578125,ETF
2023-05-04,NIFTYBEES.NS,199.44000244140625,ETF
2023-05-05,NIFTYBEES.NS,197.83999633789062,ETF
2023-05-06,NIFTYBEES.NS,,ETF
2023-05-07,NIFTYBEES.NS,,ETF
2023-05-08,NIFTYBEES.NS,199.7100067138672,ETF
2023-05-09,NIFTYBEES.NS,199.6999969482422,ETF
2023-05-10,NIFTYBEES.NS,200.0,ETF
2023-05-11,NIFTYBEES.NS,200.35000610351562,ETF
2023-05-12,NIFTYBEES.NS,200.25999450683594,ETF
2023-05-13,NIFTYBEES.NS,,ETF
2023-05-14,NIFTYBEES.NS,,ETF
2023-05-15,NIFTYBEES.NS,201.33999633789062,ETF
2023-05-16,NIFTYBEES.NS,200.50999450683594,ETF
2023-05-17,NIFTYBEES.NS,199.75999450683594,ETF
2023-05-18,NIFTYBEES.NS,199.0500030517578,ETF
2023-05-19,NIFTYBEES.NS,199.82000732421875,ETF
2023-05-20,NIFTYBEES.NS,,ETF
2023-05-21,NIFTYBEES.NS,,ETF
2023-05-22,NIFTYBEES.NS,200.74000549316406,ETF
2023-05-23,NIFTYBEES.NS,201.02000427246094,ETF
2023-05-24,NIFTYBEES.NS,200.24000549316406,ETF
2023-05-25,NIFTYBEES.NS,200.6999969482422,ETF
2023-05-26,NIFTYBEES.NS,202.85000610351562,ETF
2023-05-27,NIFTYBEES.NS,,ETF
2023-05-28,NIFTYBEES.NS,,ETF
2023-05-29,NIFTYBEES.NS,204.13999938964844,ETF
2023-05-30,NIFTYBEES.NS,204.36000061035156,ETF
2023-05-31,NIFTYBEES.NS,203.66000366210938,ETF
2023-06-01,NIFTYBEES.NS,202.99000549316406,ETF
2023-06-02,NIFTYBEES.NS,203.83999633789062,ETF
2023-06-03,NIFTYBEES.NS,,ETF
2023-06-04,NIFTYBEES.NS,,ETF
2023-06-05,NIFTYBEES.NS,204.27999877929688,ETF
2023-06-06,NIFTYBEES.NS,204.0399932861328,ETF
2023-06-07,NIFTYBEES.NS,205.33999633789062,ETF
2023-06-08,NIFTYBEES.NS,204.50999450683594,ETF
2023-06-09,NIFTYBEES.NS,204.02999877929688,ETF
2023-06-10,NIFTYBEES.NS,,ETF
2023-06-11,NIFTYBEES.NS,,ETF
2023-06-12,NIFTYBEES.NS,204.4600067138672,ETF
2023-06-13,NIFTYBEES.NS,205.4499969482422,ETF
2023-06-14,NIFTYBEES.NS,205.85000610351562,ETF
2023-06-15,NIFTYBEES.NS,205.30999755859375,ETF
2023-06-16,NIFTYBEES.NS,206.69000244140625,ETF
2023-06-17,NIFTYBEES.NS,,ETF
2023-06-18,NIFTYBEES.NS,,ETF
2023-06-19,NIFTYBEES.NS,205.8699951171875,ETF
2023-06-20,NIFTYBEES.NS,206.5,ETF
2023-06-21,NIFTYBEES.NS,206.8699951171875,ETF
2023-06-22,NIFTYBEES.NS,206.24000549316406,ETF
2023-06-23,NIFTYBEES.NS,204.97999572753906,ETF
2023-06-24,NIFTYBEES.NS,,ETF
2023-06-25,NIFTYBEES.NS,,ETF
2023-06-26,NIFTYBEES.NS,205.1699981689453,ETF
2023-06-27,NIFTYBEES.NS,206.4600067138672,ETF
2023-06-28,NIFTYBEES.NS,208.17999267578125,ETF
2023-06-29,NIFTYBEES.NS,,ETF
2023-06-30,NIFTYBEES.NS,210.61000061035156,ETF
2023-07-01,NIFTYBEES.NS,,ETF
2023-07-02,NIFTYBEES.NS,,ETF
2023-07-03,NIFTYBEES.NS,212.3000030517578,ETF
2023-07-04,NIFTYBEES.NS,213.05999755859375,ETF
2023-07-05,NIFTYBEES.NS,212.9199981689453,ETF
2023-07-06,NIFTYBEES.NS,213.9600067138672,ETF
2023-07-07,NIFTYBEES.NS,212.72000122070312,ETF
2023-07-08,NIFTYBEES.NS,,ETF
2023-07-09,NIFTYBEES.NS,,ETF
2023-07-10,NIFTYBEES.NS,212.63999938964844,ETF
2023-07-11,NIFTYBEES.NS,213.4499969482422,ETF
2023-07-12,NIFTYBEES.NS,213.25,ETF
2023-07-13,NIFTYBEES.NS,213.69000244140625,ETF
2023-07-14,NIFTYBEES.NS,214.8300018310547,ETF
2023-07-15,NIFTYBEES.NS,,ETF
2023-07-16,NIFTYBEES.NS,,ETF
2023-07-17,NIFTYBEES.NS,216.52999877929688,ETF
2023-07-18,NIFTYBEES.NS,217.02000427246094,ETF
2023-07-19,NIFTYBEES.NS,217.97000122070312,ETF
2023-07-20,NIFTYBEES.NS,219.50999450683594,ETF
2023-07-21,NIFTYBEES.NS,217.47999572753906,ETF
2023-07-22,NIFTYBEES.NS,,ETF
2023-07-23,NIFTYBEES.NS,,ETF
2023-07-24,NIFTYBEES.NS,216.72999572753906,ETF
2023-07-25,NIFTYBEES.NS,216.63999938964844,ETF
2023-07-26,NIFTYBEES.NS,217.72000122070312,ETF
2023-07-27,NIFTYBEES.NS,216.6300048828125,ETF
2023-07-28,NIFTYBEES.NS,216.33999633789062,ETF
2023-07-29,NIFTYBEES.NS,,ETF
2023-07-30,NIFTYBEES.NS,,ETF
2023-07-31,NIFTYBEES.NS,217.5800018310547,ETF
2023-08-01,NIFTYBEES.NS,217.22999572753906,ETF
2023-08-02,NIFTYBEES.NS,215.10000610351562,ETF
2023-08-03,NIFTYBEES.NS,213.55999755859375,ETF
2023-08-04,NIFTYBEES.NS,215.0399932861328,ETF
2023-08-05,NIFTYBEES.NS,,ETF
2023-08-06,NIFTYBEES.NS,,ETF
2023-08-07,NIFTYBEES.NS,215.9499969482422,ETF
2023-08-08,NIFTYBEES.NS,215.7899932861328,ETF
2023-08-09,NIFTYBEES.NS,216.49000549316406,ETF
2023-08-10,NIFTYBEES.NS,215.3300018310547,ETF
2023-08-11,NIFTYBEES.NS,214.39999389648438,ETF
2023-08-12,NIFTYBEES.NS,,ETF
2023-08-13,NIFTYBEES.NS,,ETF
2023-08-14,NIFTYBEES.NS,214.50999450683594,ETF
2023-08-15,NIFTYBEES.NS,,ETF
2023-08-16,NIFTYBEES.NS,214.57000732421875,ETF
2023-08-17,NIFTYBEES.NS,213.6999969482422,ETF
2023-08-18,NIFTYBEES.NS,213.0,ETF
2023-08-19,NIFTYBEES.NS,,ETF
2023-08-20,NIFTYBEES.NS,,ETF
2023-08-21,NIFTYBEES.NS,213.5,ETF
2023-08-22,NIFTYBEES.NS,213.42999267578125,ETF
2023-08-23,NIFTYBEES.NS,214.3699951171875,ETF
2023-08-24,NIFTYBEES.NS,213.77000427246094,ETF
2023-08-25,NIFTYBEES.NS,212.75999450683594,ETF
2023-08-26,NIFTYBEES.NS,,ETF
2023-08-27,NIFTYBEES.NS,,ETF
2023-08-28,NIFTYBEES.NS,212.8699951171875,ETF
2023-08-29,NIFTYBEES.NS,213.16000366210938,ETF
2023-08-30,NIFTYBEES.NS,213.5399932861328,ETF
2023-08-31,NIFTYBEES.NS,212.77000427246094,ETF
2023-09-01,NIFTYBEES.NS,214.27000427246094,ETF
2023-09-02,NIFTYBEES.NS,,ETF
2023-09-03,NIFTYBEES.NS,,ETF
2023-09-04,NIFTYBEES.NS,215.58999633789062,ETF
2023-09-05,NIFTYBEES.NS,215.83999633789062,ETF
2023-09-06,NIFTYBEES.NS,216.22000122070312,ETF
2023-09-07,NIFTYBEES.NS,217.2899932861328,ETF
2023-09-08,NIFTYBEES.NS,218.41000366210938,ETF
2023-09-09,NIFTYBEES.NS,,ETF
2023-09-10,NIFTYBEES.NS,,ETF
2023-09-11,NIFTYBEES.NS,220.3800048828125,ETF
2023-09-12,NIFTYBEES.NS,220.19000244140625,ETF
2023-09-13,NIFTYBEES.NS,221.42999267578125,ETF
2023-09-14,NIFTYBEES.NS,221.52999877929688,ETF
2023-09-15,NIFTYBEES.NS,222.57000732421875,ETF
2023-09-16,NIFTYBEES.NS,,ETF
2023-09-17,NIFTYBEES.NS,,ETF
2023-09-18,NIFTYBEES.NS,221.9199981689453,ETF
2023-09-19,NIFTYBEES.NS,,ETF
2023-09-20,NIFTYBEES.NS,219.60000610351562,ETF
2023-09-21,NIFTYBEES.NS,217.6300048828125,ETF
2023-09-22,NIFTYBEES.NS,216.80999755859375,ETF
2023-09-23,NIFTYBEES.NS,,ETF
2023-09-24,NIFTYBEES.NS,,ETF
2023-09-25,NIFTYBEES.NS,216.8000030517578,ETF
2023-09-26,NIFTYBEES.NS,216.57000732421875,ETF
2023-09-27,NIFTYBEES.NS,217.55999755859375,ETF
2023-09-28,NIFTYBEES.NS,215.77000427246094,ETF
2023-09-29,NIFTYBEES.NS,216.75,ETF
2023-09-30,NIFTYBEES.NS,,ETF
2023-10-01,NIFTYBEES.NS,,ETF
2023-10-02,NIFTYBEES.NS,,ETF
2023-10-03,NIFTYBEES.NS,215.57000732421875,ETF
2023-10-04,NIFTYBEES.NS,214.39999389648438,ETF
2023-10-05,NIFTYBEES.NS,215.52999877929688,ETF
2023-10-06,NIFTYBEES.NS,216.6199951171875,ETF
2023-10-07,NIFTYBEES.NS,,ETF
2023-10-08,NIFTYBEES.NS,,ETF
2023-10-09,NIFTYBEES.NS,215.47999572753906,ETF
2023-10-10,NIFTYBEES.NS,217.1300048828125,ETF
2023-10-11,NIFTYBEES.NS,218.75999450683594,ETF
2023-10-12,NIFTYBEES.NS,218.60000610351562,ETF
2023-10-13,NIFTYBEES.NS,218.07000732421875,ETF
2023-10-14,NIFTYBEES.NS,,ETF
2023-10-15,NIFTYBEES.NS,,ETF
2023-10-16,NIFTYBEES.NS,217.89999389648438,ETF
2023-10-17,NIFTYBEES.NS,218.5500030517578,ETF
2023-10-18,NIFTYBEES.NS,217.1999969482422,ETF
2023-10-19,NIFTYBEES.NS,216.6699981689453,ETF
2023-10-20,NIFTYBEES.NS,215.3000030517578,ETF
2023-10-21,NIFTYBEES.NS,,ETF
2023-10-22,NIFTYBEES.NS,,ETF
2023-10-23,NIFTYBEES.NS,213.1699981689453,ETF
2023-10-24,NIFTYBEES.NS,,ETF
2023-10-25,NIFTYBEES.NS,211.47999572753906,ETF
2023-10-26,NIFTYBEES.NS,208.74000549316406,ETF
2023-10-27,NIFTYBEES.NS,210.57000732421875,ETF
2023-10-28,NIFTYBEES.NS,,ETF
2023-10-29,NIFTYBEES.NS,,ETF
2023-10-30,NIFTYBEES.NS,211.52000427246094,ETF
2023-10-31,NIFTYBEES.NS,210.97999572753906,ETF
2023-11-01,NIFTYBEES.NS,209.99000549316406,ETF
2023-11-02,NIFTYBEES.NS,211.63999938964844,ETF
2023-11-03,NIFTYBEES.NS,212.69000244140625,ETF
2023-11-04,NIFTYBEES.NS,,ETF
2023-11-05,NIFTYBEES.NS,,ETF
2023-11-06,NIFTYBEES.NS,214.55999755859375,ETF
2023-11-07,NIFTYBEES.NS,214.49000549316406,ETF
2023-11-08,NIFTYBEES.NS,214.8300018310547,ETF
2023-11-09,NIFTYBEES.NS,214.3000030517578,ETF
2023-11-10,NIFTYBEES.NS,214.24000549316406,ETF
2023-11-11,NIFTYBEES.NS,,ETF
2023-11-12,NIFTYBEES.NS,,ETF
2023-11-13,NIFTYBEES.NS,214.5500030517578,ETF
2023-11-14,NIFTYBEES.NS,,ETF
2023-11-15,NIFTYBEES.NS,216.97000122070312,ETF
2023-11-16,NIFTYBEES.NS,218.16000366210938,ETF
2023-11-17,NIFTYBEES.NS,218.02000427246094,ETF
2023-11-18,NIFTYBEES.NS,,ETF
2023-11-19,NIFTYBEES.NS,,ETF
2023-11-20,NIFTYBEES.NS,217.35000610351562,ETF
2023-11-21,NIFTYBEES.NS,218.38999938964844,ETF
2023-11-22,NIFTYBEES.NS,218.52999877929688,ETF
2023-11-23,NIFTYBEES.NS,218.55999755859375,ETF
2023-11-24,NIFTYBEES.NS,218.47999572753906,ETF
2023-11-25,NIFTYBEES.NS,,ETF
2023-11-26,NIFTYBEES.NS,,ETF
2023-11-27,NIFTYBEES.NS,,ETF
2023-11-28,NIFTYBEES.NS,219.55999755859375,ETF
2023-11-29,NIFTYBEES.NS,221.66000366210938,ETF
2023-11-30,NIFTYBEES.NS,222.1300048828125,ETF
2023-12-01,NIFTYBEES.NS,223.75,ETF
2023-12-02,NIFTYBEES.NS,,ETF
2023-12-03,NIFTYBEES.NS,,ETF
2023-12-04,NIFTYBEES.NS,228.17999267578125,ETF
2023-12-05,NIFTYBEES.NS,230.05999755859375,ETF
2023-12-06,NIFTYBEES.NS,230.94000244140625,ETF
2023-12-07,NIFTYBEES.NS,230.8300018310547,ETF
2023-12-08,NIFTYBEES.NS,231.36000061035156,ETF
2023-12-09,NIFTYBEES.NS,,ETF
2023-12-10,NIFTYBEES.NS,,ETF
2023-12-11,NIFTYBEES.NS,231.7899932861328,ETF
2023-12-12,NIFTYBEES.NS,230.9600067138672,ETF
2023-12-13,NIFTYBEES.NS,231.14999389648438,ETF
2023-12-14,NIFTYBEES.NS,233.99000549316406,ETF
2023-12-15,NIFTYBEES.NS,236.6199951171875,ETF
2023-12-16,NIFTYBEES.NS,,ETF
2023-12-17,NIFTYBEES.NS,,ETF
2023-12-18,NIFTYBEES.NS,236.57000732421875,ETF
2023-12-19,NIFTYBEES.NS,236.6999969482422,ETF
2023-12-20,NIFTYBEES.NS,233.25,ETF
2023-12-21,NIFTYBEES.NS,234.60000610351562,ETF
2023-12-22,NIFTYBEES.NS,235.5,ETF
2023-12-23,NIFTYBEES.NS,,ETF
2023-12-24,NIFTYBEES.NS,,ETF
2023-12-25,NIFTYBEES.NS,,ETF
2023-12-26,NIFTYBEES.NS,236.92999267578125,ETF
2023-12-27,NIFTYBEES.NS,238.91000366210938,ETF
2023-12-28,NIFTYBEES.NS,240.16000366210938,ETF
2023-12-29,NIFTYBEES.NS,239.64999389648438,ETF
2023-12-30,NIFTYBEES.NS,,ETF
2023-12-31,NIFTYBEES.NS,,ETF
2024-01-01,NIFTYBEES.NS,240.35000610351562,ETF
2024-01-02,NIFTYBEES.NS,239.2100067138672,ETF
2024-01-03,NIFTYBEES.NS,237.74000549316406,ETF
2024-01-04,NIFTYBEES.NS,239.3000030517578,ETF
2024-01-05,NIFTYBEES.NS,239.74000549316406,ETF
2024-01-06,NIFTYBEES.NS,,ETF
2024-01-07,NIFTYBEES.NS,,ETF
2024-01-08,NIFTYBEES.NS,237.67999267578125,ETF
2024-01-09,NIFTYBEES.NS,237.77999877929688,ETF
2024-01-10,NIFTYBEES.NS,238.75999450683594,ETF
2024-01-11,NIFTYBEES.NS,238.8699951171875,ETF
2024-01-12,NIFTYBEES.NS,241.72999572753906,ETF
2024-01-13,NIFTYBEES.NS,,ETF
2024-01-14,NIFTYBEES.NS,,ETF
2024-01-15,NIFTYBEES.NS,244.07000732421875,ETF
2024-01-16,NIFTYBEES.NS,243.24000549316406,ETF
2024-01-17,NIFTYBEES.NS,238.3800048828125,ETF
2024-01-18,NIFTYBEES.NS,237.50999450683594,ETF
2024-01-19,NIFTYBEES.NS,239.14999389648438,ETF
2024-01-20,NIFTYBEES.NS,,ETF
2024-01-21,NIFTYBEES.NS,,ETF
2024-01-22,NIFTYBEES.NS,,ETF
2024-01-23,NIFTYBEES.NS,234.8699951171875,ETF
2024-01-24,NIFTYBEES.NS,237.2899932861328,ETF
2024-01-25,NIFTYBEES.NS,236.14999389648438,ETF
2024-01-26,NIFTYBEES.NS,,ETF
2024-01-27,NIFTYBEES.NS,,ETF
2024-01-28,NIFTYBEES.NS,,ETF
2024-01-29,NIFTYBEES.NS,240.0500030517578,ETF
2024-01-30,NIFTYBEES.NS,238.1300048828125,ETF
2024-01-31,NIFTYBEES.NS,240.25999450683594,ETF
2024-02-01,NIFTYBEES.NS,240.02999877929688,ETF
2024-02-02,NIFTYBEES.NS,241.3000030517578,ETF
2024-02-03,NIFTYBEES.NS,,ETF
2024-02-04,NIFTYBEES.NS,,ETF
2024-02-05,NIFTYBEES.NS,240.24000549316406,ETF
2024-02-06,NIFTYBEES.NS,242.00999450683594,ETF
2024-02-07,NIFTYBEES.NS,242.35000610351562,ETF
2024-02-08,NIFTYBEES.NS,240.27999877929688,ETF
2024-02-09,NIFTYBEES.NS,240.77999877929688,ETF
2024-02-10,NIFTYBEES.NS,,ETF
2024-02-11,NIFTYBEES.NS,,ETF
2024-02-12,NIFTYBEES.NS,239.32000732421875,ETF
2024-02-13,NIFTYBEES.NS,240.58999633789062,ETF
2024-02-14,NIFTYBEES.NS,241.5500030517578,ETF
2024-02-15,NIFTYBEES.NS,242.72000122070312,ETF
2024-02-16,NIFTYBEES.NS,243.99000549316406,ETF
2024-02-17,NIFTYBEES.NS,,ETF
2024-02-18,NIFTYBEES.NS,,ETF
2024-02-19,NIFTYBEES.NS,245.0399932861328,ETF
2024-02-20,NIFTYBEES.NS,245.3699951171875,ETF
2024-02-21,NIFTYBEES.NS,243.8699951171875,ETF
2024-02-22,NIFTYBEES.NS,245.7899932861328,ETF
2024-02-23,NIFTYBEES.NS,245.69000244140625,ETF
2024-02-24,NIFTYBEES.NS,,ETF
2024-02-25,NIFTYBEES.NS,,ETF
2024-02-26,NIFTYBEES.NS,244.8699951171875,ETF
2024-02-27,NIFTYBEES.NS,245.5,ETF
2024-02-28,NIFTYBEES.NS,243.07000732421875,ETF
2024-02-29,NIFTYBEES.NS,243.25,ETF
2024-03-01,NIFTYBEES.NS,246.85000610351562,ETF
2024-03-02,NIFTYBEES.NS,,ETF
2024-03-03,NIFTYBEES.NS,,ETF
2024-03-04,NIFTYBEES.NS,247.8300018310547,ETF
2024-03-05,NIFTYBEES.NS,247.33999633789062,ETF
2024-03-06,NIFTYBEES.NS,248.6199951171875,ETF
2024-03-07,NIFTYBEES.NS,248.6699981689453,ETF
2024-03-08,NIFTYBEES.NS,,ETF
2024-03-09,NIFTYBEES.NS,,ETF
2024-03-10,NIFTYBEES.NS,,ETF
2024-03-11,NIFTYBEES.NS,247.4499969482422,ETF
2024-03-12,NIFTYBEES.NS,247.4199981689453,ETF
2024-03-13,NIFTYBEES.NS,243.7100067138672,ETF
2024-03-14,NIFTYBEES.NS,245.38999938964844,ETF
2024-03-15,NIFTYBEES.NS,243.8000030517578,ETF
2024-03-16,NIFTYBEES.NS,,ETF
2024-03-17,NIFTYBEES.NS,,ETF
2024-03-18,NIFTYBEES.NS,243.97999572753906,ETF
2024-03-19,NIFTYBEES.NS,241.60000610351562,ETF
2024-03-20,NIFTYBEES.NS,241.5800018310547,ETF
2024-03-21,NIFTYBEES.NS,243.99000549316406,ETF
2024-03-22,NIFTYBEES.NS,244.74000549316406,ETF
2024-03-23,NIFTYBEES.NS,,ETF
2024-03-24,NIFTYBEES.NS,,ETF
2024-03-25,NIFTYBEES.NS,,ETF
2024-03-26,NIFTYBEES.NS,243.7899932861328,ETF
2024-03-27,NIFTYBEES.NS,244.9600067138672,ETF
2024-03-28,NIFTYBEES.NS,246.9600067138672,ETF
2024-03-29,NIFTYBEES.NS,,ETF
2024-03-30,NIFTYBEES.NS,,ETF
2024-03-31,NIFTYBEES.NS,,ETF
2024-04-01,NIFTYBEES.NS,248.19000244140625,ETF
2024-04-02,NIFTYBEES.NS,248.64999389648438,ETF
2024-04-03,NIFTYBEES.NS,248.58999633789062,ETF
2024-04-04,NIFTYBEES.NS,249.22999572753906,ETF
2024-04-05,NIFTYBEES.NS,249.0500030517578,ETF
2024-04-06,NIFTYBEES.NS,,ETF
2024-04-07,NIFTYBEES.NS,,ETF
2024-04-08,NIFTYBEES.NS,250.75,ETF
2024-04-09,NIFTYBEES.NS,250.74000549316406,ETF
2024-04-10,NIFTYBEES.NS,251.57000732421875,ETF
2024-04-11,NIFTYBEES.NS,,ETF
2024-04-12,NIFTYBEES.NS,249.55999755859375,ETF
2024-04-13,NIFTYBEES.NS,,ETF
2024-04-14,NIFTYBEES.NS,,ETF
2024-04-15,NIFTYBEES.NS,246.8699951171875,ETF
2024-04-16,NIFTYBEES.NS,245.52000427246094,ETF
2024-04-17,NIFTYBEES.NS,,ETF
2024-04-18,NIFTYBEES.NS,243.94000244140625,ETF
2024-04-19,NIFTYBEES.NS,245.52999877929688,ETF
2024-04-20,NIFTYBEES.NS,,ETF
2024-04-21,NIFTYBEES.NS,,ETF
2024-04-22,NIFTYBEES.NS,247.30999755859375,ETF
2024-04-23,NIFTYBEES.NS,247.82000732421875,ETF
2024-04-24,NIFTYBEES.NS,247.94000244140625,ETF
2024-04-25,NIFTYBEES.NS,249.27000427246094,ETF
2024-04-26,NIFTYBEES.NS,248.44000244140625,ETF
2024-04-27,NIFTYBEES.NS,,ETF
2024-04-28,NIFTYBEES.NS,,ETF
2024-04-29,NIFTYBEES.NS,250.58999633789062,ETF
2024-04-30,NIFTYBEES.NS,250.05999755859375,ETF
2024-05-01,NIFTYBEES.NS,,ETF
2024-05-02,NIFTYBEES.NS,250.83999633789062,ETF
2024-05-03,NIFTYBEES.NS,248.75,ETF
2024-05-04,NIFTYBEES.NS,,ETF
2024-05-05,NIFTYBEES.NS,,ETF
2024-05-06,NIFTYBEES.NS,248.3699951171875,ETF
2024-05-07,NIFTYBEES.NS,247.11000061035156,ETF
2024-05-08,NIFTYBEES.NS,247.24000549316406,ETF
2024-05-09,NIFTYBEES.NS,243.49000549316406,ETF
2024-05-10,NIFTYBEES.NS,244.97000122070312,ETF
2024-05-11,NIFTYBEES.NS,,ETF
2024-05-12,NIFTYBEES.NS,,ETF
2024-05-13,NIFTYBEES.NS,245.16000366210938,ETF
2024-05-14,NIFTYBEES.NS,246.61000061035156,ETF
2024-05-15,NIFTYBEES.NS,246.4199981689453,ETF
2024-05-16,NIFTYBEES.NS,248.17999267578125,ETF
2024-05-17,NIFTYBEES.NS,248.72999572753906,ETF
2024-05-18,NIFTYBEES.NS,,ETF
2024-05-19,NIFTYBEES.NS,,ETF
2024-05-20,NIFTYBEES.NS,,ETF
2024-05-21,NIFTYBEES.NS,249.74000549316406,ETF
2024-05-22,NIFTYBEES.NS,250.36000061035156,ETF
2024-05-23,NIFTYBEES.NS,254.2899932861328,ETF
2024-05-24,NIFTYBEES.NS,254.97999572753906,ETF
2024-05-25,NIFTYBEES.NS,,ETF
2024-05-26,NIFTYBEES.NS,,ETF
2024-05-27,NIFTYBEES.NS,254.72000122070312,ETF
2024-05-28,NIFTYBEES.NS,254.1999969482422,ETF
2024-05-29,NIFTYBEES.NS,252.3699951171875,ETF
2024-05-30,NIFTYBEES.NS,250.35000610351562,ETF
2024-05-31,NIFTYBEES.NS,251.14999389648438,ETF
2024-06-01,NIFTYBEES.NS,,ETF
2024-06-02,NIFTYBEES.NS,,ETF
2024-06-03,NIFTYBEES.NS,258.1400146484375,ETF
2024-06-04,NIFTYBEES.NS,250.47999572753906,ETF
2024-06-05,NIFTYBEES.NS,251.3000030517578,ETF
2024-06-06,NIFTYBEES.NS,252.97999572753906,ETF
2024-06-07,NIFTYBEES.NS,258.4200134277344,ETF
2024-06-08,NIFTYBEES.NS,,ETF
2024-06-09,NIFTYBEES.NS,,ETF
2024-06-10,NIFTYBEES.NS,257.94000244140625,ETF
2024-06-11,NIFTYBEES.NS,258.79998779296875,ETF
2024-06-12,NIFTYBEES.NS,259.3900146484375,ETF
2024-06-13,NIFTYBEES.NS,260.29998779296875,ETF
2024-06-14,NIFTYBEES.NS,260.6499938964844,ETF
2024-06-15,NIFTYBEES.NS,,ETF
2024-06-16,NIFTYBEES.NS,,ETF
2024-06-17,NIFTYBEES.NS,,ETF
2024-06-18,NIFTYBEES.NS,261.55999755859375,ETF
2024-06-19,NIFTYBEES.NS,261.3800048828125,ETF
2024-06-20,NIFTYBEES.NS,261.7200012207031,ETF
2024-06-21,NIFTYBEES.NS,260.8699951171875,ETF
2024-06-22,NIFTYBEES.NS,,ETF
2024-06-23,NIFTYBEES.NS,,ETF
2024-06-24,NIFTYBEES.NS,261.6600036621094,ETF
2024-06-25,NIFTYBEES.NS,263.5899963378906,ETF
2024-06-26,NIFTYBEES.NS,265.010009765625,ETF
2024-06-27,NIFTYBEES.NS,266.95001220703125,ETF
2024-06-28,NIFTYBEES.NS,267.4800109863281,ETF
2024-06-29,NIFTYBEES.NS,,ETF
2024-06-30,NIFTYBEES.NS,,ETF
2024-07-01,NIFTYBEES.NS,268.29998779296875,ETF
2024-07-02,NIFTYBEES.NS,269.0299987792969,ETF
2024-07-03,NIFTYBEES.NS,270.2300109863281,ETF
2024-07-04,NIFTYBEES.NS,270.5299987792969,ETF
2024-07-05,NIFTYBEES.NS,270.5299987792969,ETF
2024-07-06,NIFTYBEES.NS,,ETF
2024-07-07,NIFTYBEES.NS,,ETF
2024-07-08,NIFTYBEES.NS,270.0400085449219,ETF
2024-07-09,NIFTYBEES.NS,271.3800048828125,ETF
2024-07-10,NIFTYBEES.NS,270.9200134277344,ETF
2024-07-11,NIFTYBEES.NS,270.75,ETF
2024-07-12,NIFTYBEES.NS,271.94000244140625,ETF
2024-07-13,NIFTYBEES.NS,,ETF
2024-07-14,NIFTYBEES.NS,,ETF
2024-07-15,NIFTYBEES.NS,273.0899963378906,ETF
2024-07-16,NIFTYBEES.NS,273.54998779296875,ETF
2024-07-17,NIFTYBEES.NS,,ETF
2024-07-18,NIFTYBEES.NS,275.510009765625,ETF
2024-07-19,NIFTYBEES.NS,273.2900085449219,ETF
2024-07-20,NIFTYBEES.NS,,ETF
2024-07-21,NIFTYBEES.NS,,ETF
2024-07-22,NIFTYBEES.NS,272.45001220703125,ETF
2024-07-23,NIFTYBEES.NS,272.6400146484375,ETF
2024-07-24,NIFTYBEES.NS,271.8900146484375,ETF
2024-07-25,NIFTYBEES.NS,271.9200134277344,ETF
2024-07-26,NIFTYBEES.NS,276.05999755859375,ETF
2024-07-27,NIFTYBEES.NS,,ETF
2024-07-28,NIFTYBEES.NS,,ETF
2024-07-29,NIFTYBEES.NS,276.67999267578125,ETF
2024-07-30,NIFTYBEES.NS,277.1000061035156,ETF
2024-07-31,NIFTYBEES.NS,277.75,ETF
2024-08-01,NIFTYBEES.NS,278.3299865722656,ETF
2024-08-02,NIFTYBEES.NS,275.69000244140625,ETF
2024-08-03,NIFTYBEES.NS,,ETF
2024-08-04,NIFTYBEES.NS,,ETF
2024-08-05,NIFTYBEES.NS,269.4800109863281,ETF
2024-08-06,NIFTYBEES.NS,267.6099853515625,ETF
2024-08-07,NIFTYBEES.NS,271.1000061035156,ETF
2024-08-08,NIFTYBEES.NS,269.3299865722656,ETF
2024-08-09,NIFTYBEES.NS,271.5899963378906,ETF
2024-08-10,NIFTYBEES.NS,,ETF
2024-08-11,NIFTYBEES.NS,,ETF
2024-08-12,NIFTYBEES.NS,271.44000244140625,ETF
2024-08-13,NIFTYBEES.NS,269.5199890136719,ETF
2024-08-14,NIFTYBEES.NS,269.3399963378906,ETF
2024-08-15,NIFTYBEES.NS,,ETF
2024-08-16,NIFTYBEES.NS,273.80999755859375,ETF
2024-08-17,NIFTYBEES.NS,,ETF
2024-08-18,NIFTYBEES.NS,,ETF
2024-08-19,NIFTYBEES.NS,274.42999267578125,ETF
2024-08-20,NIFTYBEES.NS,275.8299865722656,ETF
2024-08-21,NIFTYBEES.NS,276.1199951171875,ETF
2024-08-22,NIFTYBEES.NS,276.4800109863281,ETF
2024-08-23,NIFTYBEES.NS,276.6000061035156,ETF
2024-08-24,NIFTYBEES.NS,,ETF
2024-08-25,NIFTYBEES.NS,,ETF
2024-08-26,NIFTYBEES.NS,278.8399963378906,ETF
2024-08-27,NIFTYBEES.NS,278.70001220703125,ETF
2024-08-28,NIFTYBEES.NS,278.94000244140625,ETF
2024-08-29,NIFTYBEES.NS,280.1000061035156,ETF
2024-08-30,NIFTYBEES.NS,281.0799865722656,ETF
2024-08-31,NIFTYBEES.NS,,ETF
2024-09-01,NIFTYBEES.NS,,ETF
2024-09-02,NIFTYBEES.NS,281.45001220703125,ETF
2024-09-03,NIFTYBEES.NS,281.7200012207031,ETF
2024-09-04,NIFTYBEES.NS,281.2799987792969,ETF
2024-09-05,NIFTYBEES.NS,280.42999267578125,ETF
2024-09-06,NIFTYBEES.NS,277.82000732421875,ETF
2024-09-07,NIFTYBEES.NS,,ETF
2024-09-08,NIFTYBEES.NS,,ETF
2024-09-09,NIFTYBEES.NS,277.67999267578125,ETF
2024-09-10,NIFTYBEES.NS,279.20001220703125,ETF
2024-09-11,NIFTYBEES.NS,277.5400085449219,ETF
2024-09-12,NIFTYBEES.NS,282.7099914550781,ETF
2024-09-13,NIFTYBEES.NS,283.19000244140625,ETF
2024-09-14,NIFTYBEES.NS,,ETF
2024-09-15,NIFTYBEES.NS,,ETF
2024-09-16,NIFTYBEES.NS,283.2699890136719,ETF
2024-09-17,NIFTYBEES.NS,283.8900146484375,ETF
2024-09-18,NIFTYBEES.NS,283.3599853515625,ETF
2024-09-19,NIFTYBEES.NS,283.9200134277344,ETF
2024-09-20,NIFTYBEES.NS,287.1000061035156,ETF
2024-09-21,NIFTYBEES.NS,,ETF
2024-09-22,NIFTYBEES.NS,,ETF
2024-09-23,NIFTYBEES.NS,289.3399963378906,ETF
2024-09-24,NIFTYBEES.NS,289.29998779296875,ETF
2024-09-25,NIFTYBEES.NS,290.0899963378906,ETF
2024-09-26,NIFTYBEES.NS,291.54998779296875,ETF
2024-09-27,NIFTYBEES.NS,291.9700012207031,ETF
2024-09-28,NIFTYBEES.NS,,ETF
2024-09-29,NIFTYBEES.NS,,ETF
2024-09-30,NIFTYBEES.NS,288.3800048828125,ETF
2024-10-01,NIFTYBEES.NS,288.2699890136719,ETF
2024-10-02,NIFTYBEES.NS,,ETF
2024-10-03,NIFTYBEES.NS,282.69000244140625,ETF
2024-10-04,NIFTYBEES.NS,280.1499938964844,ETF
2024-10-05,NIFTYBEES.NS,,ETF
2024-10-06,NIFTYBEES.NS,,ETF
2024-10-07,NIFTYBEES.NS,278.010009765625,ETF
2024-10-08,NIFTYBEES.NS,279.3999938964844,ETF
2024-10-09,NIFTYBEES.NS,278.7200012207031,ETF
2024-10-10,NIFTYBEES.NS,279.29998779296875,ETF
2024-10-11,NIFTYBEES.NS,278.7200012207031,ETF
2024-10-12,NIFTYBEES.NS,,ETF
2024-10-13,NIFTYBEES.NS,,ETF
2024-10-14,NIFTYBEES.NS,280.760009765625,ETF
2024-10-15,NIFTYBEES.NS,279.8299865722656,ETF
2024-10-16,NIFTYBEES.NS,278.5,ETF
2024-10-17,NIFTYBEES.NS,276.69000244140625,ETF
2024-10-18,NIFTYBEES.NS,277.5299987792969,ETF
2024-10-19,NIFTYBEES.NS,,ETF
2024-10-20,NIFTYBEES.NS,,ETF
2024-10-21,NIFTYBEES.NS,276.4700012207031,ETF
2024-10-22,NIFTYBEES.NS,273.55999755859375,ETF
2024-10-23,NIFTYBEES.NS,273.0899963378906,ETF
2024-10-24,NIFTYBEES.NS,272.1199951171875,ETF
2024-10-25,NIFTYBEES.NS,270.4800109863281,ETF
2024-10-26,NIFTYBEES.NS,,ETF
2024-10-27,NIFTYBEES.NS,,ETF
2024-10-28,NIFTYBEES.NS,271.9700012207031,ETF
2024-10-29,NIFTYBEES.NS,273.5899963378906,ETF
2024-10-30,NIFTYBEES.NS,272.1600036621094,ETF
2024-10-31,NIFTYBEES.NS,270.6400146484375,ETF
2024-11-01,NIFTYBEES.NS,270.6400146484375,ETF
2024-11-02,NIFTYBEES.NS,,ETF
2024-11-03,NIFTYBEES.NS,,ETF
2024-11-04,NIFTYBEES.NS,268.4700012207031,ETF
2024-11-05,NIFTYBEES.NS,270.7900085449219,ETF
2024-11-06,NIFTYBEES.NS,273.9100036621094,ETF
2024-11-07,NIFTYBEES.NS,270.70001220703125,ETF
2024-11-08,NIFTYBEES.NS,270.0299987792969,ETF
2024-11-09,NIFTYBEES.NS,,ETF
2024-11-10,NIFTYBEES.NS,,ETF
2024-11-11,NIFTYBEES.NS,269.9599914550781,ETF
2024-11-12,NIFTYBEES.NS,267.17999267578125,ETF
2024-11-13,NIFTYBEES.NS,263.6400146484375,ETF
2024-11-14,NIFTYBEES.NS,263.57000732421875,ETF
2024-11-15,NIFTYBEES.NS,,ETF
2024-11-16,NIFTYBEES.NS,,ETF
2024-11-17,NIFTYBEES.NS,,ETF
2024-11-18,NIFTYBEES.NS,262.4700012207031,ETF
2024-11-19,NIFTYBEES.NS,263.07000732421875,ETF
2024-11-20,NIFTYBEES.NS,,ETF
2024-11-21,NIFTYBEES.NS,261.2900085449219,ETF
2024-11-22,NIFTYBEES.NS,266.8599853515625,ETF
2024-11-23,NIFTYBEES.NS,,ETF
2024-11-24,NIFTYBEES.NS,,ETF
2024-11-25,NIFTYBEES.NS,270.7300109863281,ETF
2024-11-26,NIFTYBEES.NS,270.5400085449219,ETF
2024-11-27,NIFTYBEES.NS,271.5400085449219,ETF
2024-11-28,NIFTYBEES.NS,267.67999267578125,ETF
2024-11-29,NIFTYBEES.NS,269.8800048828125,ETF
2024-11-30,NIFTYBEES.NS,,ETF
2024-12-01,NIFTYBEES.NS,,ETF
2024-12-02,NIFTYBEES.NS,271.3800048828125,ETF
2024-12-03,NIFTYBEES.NS,272.9800109863281,ETF
2024-12-04,NIFTYBEES.NS,273.42999267578125,ETF
2024-12-05,NIFTYBEES.NS,275.9200134277344,ETF
2024-12-06,NIFTYBEES.NS,275.8800048828125,ETF
2024-12-07,NIFTYBEES.NS,,ETF
2024-12-08,NIFTYBEES.NS,,ETF
2024-12-09,NIFTYBEES.NS,275.1400146484375,ETF
2024-12-10,NIFTYBEES.NS,274.67999267578125,ETF
2024-12-11,NIFTYBEES.NS,274.9700012207031,ETF
2024-12-12,NIFTYBEES.NS,274.1000061035156,ETF
2024-12-13,NIFTYBEES.NS,276.0799865722656,ETF
2024-12-14,NIFTYBEES.NS,,ETF
2024-12-15,NIFTYBEES.NS,,ETF
2024-12-16,NIFTYBEES.NS,275.4800109863281,ETF
2024-12-17,NIFTYBEES.NS,272.2200012207031,ETF
2024-12-18,NIFTYBEES.NS,270.70001220703125,ETF
2024-12-19,NIFTYBEES.NS,268.3900146484375,ETF
2024-12-20,NIFTYBEES.NS,264.1499938964844,ETF
2024-12-21,NIFTYBEES.NS,,ETF
2024-12-22,NIFTYBEES.NS,,ETF
2024-12-23,NIFTYBEES.NS,265.6600036621094,ETF
2024-12-24,NIFTYBEES.NS,265.489990234375,ETF
2024-12-25,NIFTYBEES.NS,,ETF
2024-12-26,NIFTYBEES.NS,265.6700134277344,ETF
2024-12-27,NIFTYBEES.NS,266.3900146484375,ETF
2024-12-28,NIFTYBEES.NS,,ETF
2024-12-29,NIFTYBEES.NS,,ETF
2024-12-30,NIFTYBEES.NS,264.3699951171875,ETF
2024-12-31,NIFTYBEES.NS,264.4700012207031,ETF
2025-01-01,NIFTYBEES.NS,265.5899963378906,ETF
2025-01-02,NIFTYBEES.NS,269.8900146484375,ETF
2025-01-03,NIFTYBEES.NS,268.4100036621094,ETF
2025-01-04,NIFTYBEES.NS,,ETF
2025-01-05,NIFTYBEES.NS,,ETF
2025-01-06,NIFTYBEES.NS,264.4800109863281,ETF
2025-01-07,NIFTYBEES.NS,265.1600036621094,ETF
2025-01-08,NIFTYBEES.NS,264.9200134277344,ETF
2025-01-09,NIFTYBEES.NS,263.1499938964844,ETF
2025-01-10,NIFTYBEES.NS,262.2200012207031,ETF
2025-01-11,NIFTYBEES.NS,,ETF
2025-01-12,NIFTYBEES.NS,,ETF
2025-01-13,NIFTYBEES.NS,258.3999938964844,ETF
2025-01-14,NIFTYBEES.NS,259.260009765625,ETF
2025-01-15,NIFTYBEES.NS,259.5799865722656,ETF
2025-01-16,NIFTYBEES.NS,260.7200012207031,ETF
2025-01-17,NIFTYBEES.NS,259.7699890136719,ETF
2025-01-18,NIFTYBEES.NS,,ETF
2025-01-19,NIFTYBEES.NS,,ETF
2025-01-20,NIFTYBEES.NS,261.2900085449219,ETF
2025-01-21,NIFTYBEES.NS,257.9100036621094,ETF
2025-01-22,NIFTYBEES.NS,258.8500061035156,ETF
2025-01-23,NIFTYBEES.NS,259.510009765625,ETF
2025-01-24,NIFTYBEES.NS,258.19000244140625,ETF
2025-01-25,NIFTYBEES.NS,,ETF
2025-01-26,NIFTYBEES.NS,,ETF
2025-01-27,NIFTYBEES.NS,255.69000244140625,ETF
2025-01-28,NIFTYBEES.NS,257.3299865722656,ETF
2025-01-29,NIFTYBEES.NS,259.3800048828125,ETF
2025-01-30,NIFTYBEES.NS,260.2200012207031,ETF
2025-01-31,NIFTYBEES.NS,263.0,ETF
2025-02-01,NIFTYBEES.NS,262.1300048828125,ETF
2025-02-02,NIFTYBEES.NS,,ETF
2025-02-03,NIFTYBEES.NS,261.4700012207031,ETF
2025-02-04,NIFTYBEES.NS,265.04998779296875,ETF
2025-02-05,NIFTYBEES.NS,265.25,ETF
2025-02-06,NIFTYBEES.NS,264.3699951171875,ETF
2025-02-07,NIFTYBEES.NS,263.75,ETF
2025-02-08,NIFTYBEES.NS,,ETF
2025-02-09,NIFTYBEES.NS,,ETF
2025-02-10,NIFTYBEES.NS,261.8999938964844,ETF
2025-02-11,NIFTYBEES.NS,258.54998779296875,ETF
2025-02-12,NIFTYBEES.NS,258.2699890136719,ETF
2025-02-13,NIFTYBEES.NS,258.1700134277344,ETF
2025-02-14,NIFTYBEES.NS,256.95001220703125,ETF
2025-02-15,NIFTYBEES.NS,,ETF
2025-02-16,NIFTYBEES.NS,,ETF
2025-02-17,NIFTYBEES.NS,257.1099853515625,ETF
2025-02-18,NIFTYBEES.NS,256.8399963378906,ETF
2025-02-19,NIFTYBEES.NS,256.8900146484375,ETF
2025-02-20,NIFTYBEES.NS,256.8500061035156,ETF
2025-02-21,NIFTYBEES.NS,255.52999877929688,ETF
2025-02-22,NIFTYBEES.NS,,ETF
2025-02-23,NIFTYBEES.NS,,ETF
2025-02-24,NIFTYBEES.NS,252.8699951171875,ETF
2025-02-25,NIFTYBEES.NS,252.75,ETF
2025-02-26,NIFTYBEES.NS,,ETF
2025-02-27,NIFTYBEES.NS,252.55999755859375,ETF
2025-02-28,NIFTYBEES.NS,248.4499969482422,ETF
2025-03-01,NIFTYBEES.NS,,ETF
2025-03-02,NIFTYBEES.NS,,ETF
2025-03-03,NIFTYBEES.NS,248.0500030517578,ETF
2025-03-04,NIFTYBEES.NS,247.49000549316406,ETF
2025-03-05,NIFTYBEES.NS,250.47999572753906,ETF
2025-03-06,NIFTYBEES.NS,252.75,ETF
2025-03-07,NIFTYBEES.NS,252.83999633789062,ETF
2025-03-08,NIFTYBEES.NS,,ETF
2025-03-09,NIFTYBEES.NS,,ETF
2025-03-10,NIFTYBEES.NS,251.75,ETF
2025-03-11,NIFTYBEES.NS,252.0800018310547,ETF
2025-03-12,NIFTYBEES.NS,251.74000549316406,ETF
2025-03-13,NIFTYBEES.NS,251.05999755859375,ETF
2025-03-14,NIFTYBEES.NS,,ETF
2025-03-15,NIFTYBEES.NS,,ETF
2025-03-16,NIFTYBEES.NS,,ETF
2025-03-17,NIFTYBEES.NS,252.17999267578125,ETF
2025-03-18,NIFTYBEES.NS,252.17999267578125,ETF
2025-03-19,NIFTYBEES.NS,256.70001220703125,ETF
2025-03-20,NIFTYBEES.NS,259.32000732421875,ETF
2025-03-21,NIFTYBEES.NS,261.0899963378906,ETF
2025-03-22,NIFTYBEES.NS,,ETF
2025-03-23,NIFTYBEES.NS,,ETF
2025-03-24,NIFTYBEES.NS,264.8999938964844,ETF
2025-03-25,NIFTYBEES.NS,264.7300109863281,ETF
2025-03-26,NIFTYBEES.NS,262.8999938964844,ETF
2025-03-27,NIFTYBEES.NS,263.7300109863281,ETF
2025-03-28,NIFTYBEES.NS,263.2099914550781,ETF
2025-03-29,NIFTYBEES.NS,,ETF
2025-03-30,NIFTYBEES.NS,,ETF
2025-03-31,NIFTYBEES.NS,,ETF
2025-04-01,NIFTYBEES.NS,259.6000061035156,ETF
2025-04-02,NIFTYBEES.NS,261.6400146484375,ETF
2025-04-03,NIFTYBEES.NS,260.4599914550781,ETF
2025-04-04,NIFTYBEES.NS,257.1600036621094,ETF
2025-04-05,NIFTYBEES.NS,,ETF
2025-04-06,NIFTYBEES.NS,,ETF
2025-04-07,NIFTYBEES.NS,249.10000610351562,ETF
2025-04-08,NIFTYBEES.NS,252.72000122070312,ETF
2025-04-09,NIFTYBEES.NS,251.02999877929688,ETF
2025-04-10,NIFTYBEES.NS,,ETF
2025-04-11,NIFTYBEES.NS,255.97000122070312,ETF
2025-04-12,NIFTYBEES.NS,,ETF
2025-04-13,NIFTYBEES.NS,,ETF
2025-04-14,NIFTYBEES.NS,,ETF
2025-04-15,NIFTYBEES.NS,260.8699951171875,ETF
2025-04-16,NIFTYBEES.NS,261.9100036621094,ETF
2025-04-17,NIFTYBEES.NS,266.5400085449219,ETF
2025-04-18,NIFTYBEES.NS,,ETF
2025-04-19,NIFTYBEES.NS,,ETF
2025-04-20,NIFTYBEES.NS,,ETF
2025-04-21,NIFTYBEES.NS,269.70001220703125,ETF
2025-04-22,NIFTYBEES.NS,270.04998779296875,ETF
2025-04-23,NIFTYBEES.NS,271.82000732421875,ETF
2025-04-24,NIFTYBEES.NS,270.95001220703125,ETF
2025-04-25,NIFTYBEES.NS,268.6300048828125,ETF
2025-04-26,NIFTYBEES.NS,,ETF
2025-04-27,NIFTYBEES.NS,,ETF
2025-04-28,NIFTYBEES.NS,271.8999938964844,ETF
2025-04-29,NIFTYBEES.NS,271.9100036621094,ETF
2025-04-30,NIFTYBEES.NS,271.989990234375,ETF
2025-05-01,NIFTYBEES.NS,,ETF
2025-05-02,NIFTYBEES.NS,271.7699890136719,ETF
2025-05-03,NIFTYBEES.NS,,ETF
2025-05-04,NIFTYBEES.NS,,ETF
2025-05-05,NIFTYBEES.NS,274.3900146484375,ETF
2025-05-06,NIFTYBEES.NS,272.6000061035156,ETF
2025-05-07,NIFTYBEES.NS,272.7900085449219,ETF
2025-05-08,NIFTYBEES.NS,271.0400085449219,ETF
2025-05-09,NIFTYBEES.NS,268.489990234375,ETF
2025-05-10,NIFTYBEES.NS,,ETF
2025-05-11,NIFTYBEES.NS,,ETF
2025-05-12,NIFTYBEES.NS,278.94000244140625,ETF
2025-05-13,NIFTYBEES.NS,275.6499938964844,ETF
2025-05-14,NIFTYBEES.NS,276.57000732421875,ETF
2025-05-15,NIFTYBEES.NS,280.1700134277344,ETF
2025-05-16,NIFTYBEES.NS,280.2099914550781,ETF
2025-05-17,NIFTYBEES.NS,,ETF
2025-05-18,NIFTYBEES.NS,,ETF
2025-05-19,NIFTYBEES.NS,279.2099914550781,ETF
2025-05-20,NIFTYBEES.NS,276.8900146484375,ETF
2025-05-21,NIFTYBEES.NS,277.54998779296875,ETF
2025-05-22,NIFTYBEES.NS,275.9100036621094,ETF
2025-05-23,NIFTYBEES.NS,278.3699951171875,ETF
2025-05-24,NIFTYBEES.NS,,ETF
2025-05-25,NIFTYBEES.NS,,ETF
2025-05-26,NIFTYBEES.NS,279.8900146484375,ETF
2025-05-27,NIFTYBEES.NS,278.25,ETF
2025-05-28,NIFTYBEES.NS,277.69000244140625,ETF
2025-05-29,NIFTYBEES.NS,278.5400085449219,ETF
2025-05-30,NIFTYBEES.NS,277.9700012207031,ETF
2025-05-31,NIFTYBEES.NS,,ETF
2025-06-01,NIFTYBEES.NS,,ETF
2025-06-02,NIFTYBEES.NS,277.6000061035156,ETF
2025-06-03,NIFTYBEES.NS,275.7699890136719,ETF
2025-06-04,NIFTYBEES.NS,276.4599914550781,ETF
2025-06-05,NIFTYBEES.NS,278.04998779296875,ETF
2025-06-06,NIFTYBEES.NS,280.5,ETF
2025-06-07,NIFTYBEES.NS,,ETF
2025-06-08,NIFTYBEES.NS,,ETF
2025-06-09,NIFTYBEES.NS,281.3500061035156,ETF
2025-06-10,NIFTYBEES.NS,281.3900146484375,ETF
2025-06-11,NIFTYBEES.NS,281.8699951171875,ETF
2025-06-12,NIFTYBEES.NS,278.95001220703125,ETF
2025-06-13,NIFTYBEES.NS,277.1000061035156,ETF
2025-06-14,NIFTYBEES.NS,,ETF
2025-06-15,NIFTYBEES.NS,,ETF
2025-06-16,NIFTYBEES.NS,279.70001220703125,ETF
2025-06-17,NIFTYBEES.NS,278.5899963378906,ETF
2025-06-18,NIFTYBEES.NS,278.239990234375,ETF
2025-06-19,NIFTYBEES.NS,277.9100036621094,ETF
2025-06-20,NIFTYBEES.NS,281.5,ETF
2025-06-21,NIFTYBEES.NS,,ETF
2025-06-22,NIFTYBEES.NS,,ETF
2025-06-23,NIFTYBEES.NS,280.8599853515625,ETF
2025-06-24,NIFTYBEES.NS,281.42999267578125,ETF
2025-06-25,NIFTYBEES.NS,283.4100036621094,ETF
2025-06-26,NIFTYBEES.NS,286.3900146484375,ETF
2025-06-27,NIFTYBEES.NS,287.9599914550781,ETF
2025-06-28,NIFTYBEES.NS,,ETF
2025-06-29,NIFTYBEES.NS,,ETF
2025-06-30,NIFTYBEES.NS,286.510009765625,ETF
2025-07-01,NIFTYBEES.NS,286.8399963378906,ETF
2025-07-02,NIFTYBEES.NS,285.7799987792969,ETF
2025-07-03,NIFTYBEES.NS,285.3900146484375,ETF
2025-07-04,NIFTYBEES.NS,286.1099853515625,ETF
2025-07-05,NIFTYBEES.NS,,ETF
2025-07-06,NIFTYBEES.NS,,ETF
2025-07-07,NIFTYBEES.NS,286.07000732421875,ETF
2025-07-08,NIFTYBEES.NS,286.9100036621094,ETF
2025-07-09,NIFTYBEES.NS,286.5,ETF
2025-07-10,NIFTYBEES.NS,285.1600036621094,ETF
2025-07-11,NIFTYBEES.NS,283.1099853515625,ETF
2025-07-12,NIFTYBEES.NS,,ETF
2025-07-13,NIFTYBEES.NS,,ETF
2025-07-14,NIFTYBEES.NS,282.7099914550781,ETF
2025-07-15,NIFTYBEES.NS,283.69000244140625,ETF
2025-07-16,NIFTYBEES.NS,283.6400146484375,ETF
2025-07-17,NIFTYBEES.NS,282.8299865722656,ETF
2025-07-18,NIFTYBEES.NS,281.42999267578125,ETF
2025-07-19,NIFTYBEES.NS,,ETF
2025-07-20,NIFTYBEES.NS,,ETF
2025-07-21,NIFTYBEES.NS,282.260009765625,ETF
2025-07-22,NIFTYBEES.NS,282.07000732421875,ETF
2025-07-23,NIFTYBEES.NS,283.5299987792969,ETF
2025-07-24,NIFTYBEES.NS,282.1000061035156,ETF
2025-07-25,NIFTYBEES.NS,280.0299987792969,ETF
2025-07-26,NIFTYBEES.NS,,ETF
2025-07-27,NIFTYBEES.NS,,ETF
2025-07-28,NIFTYBEES.NS,278.489990234375,ETF
2025-07-29,NIFTYBEES.NS,280.0899963378906,ETF
2025-07-30,NIFTYBEES.NS,280.1300048828125,ETF
2025-07-31,NIFTYBEES.NS,279.260009765625,ETF
2025-08-01,NIFTYBEES.NS,277.3500061035156,ETF
2025-08-02,NIFTYBEES.NS,,ETF
2025-08-03,NIFTYBEES.NS,,ETF
2025-08-04,NIFTYBEES.NS,278.8500061035156,ETF
2025-08-05,NIFTYBEES.NS,278.1400146484375,ETF
2025-08-06,NIFTYBEES.NS,277.30999755859375,ETF
2025-08-07,NIFTYBEES.NS,277.2900085449219,ETF
2025-08-08,NIFTYBEES.NS,275.1400146484375,ETF
2025-08-09,NIFTYBEES.NS,,ETF
2025-08-10,NIFTYBEES.NS,,ETF
2025-08-11,NIFTYBEES.NS,277.2900085449219,ETF
2025-08-12,NIFTYBEES.NS,276.5400085449219,ETF
2025-08-13,NIFTYBEES.NS,278.0199890136719,ETF
2025-08-14,NIFTYBEES.NS,278.2300109863281,ETF
2025-08-15,NIFTYBEES.NS,,ETF
2025-08-16,NIFTYBEES.NS,,ETF
2025-08-17,NIFTYBEES.NS,,ETF
2025-08-18,NIFTYBEES.NS,281.07000732421875,ETF
2025-08-19,NIFTYBEES.NS,281.9599914550781,ETF
2025-08-20,NIFTYBEES.NS,282.5199890136719,ETF
2025-08-21,NIFTYBEES.NS,283.05999755859375,ETF
2025-08-22,NIFTYBEES.NS,280.75,ETF
2025-08-23,NIFTYBEES.NS,,ETF
2025-08-24,NIFTYBEES.NS,,ETF
2025-08-25,NIFTYBEES.NS,281.67999267578125,ETF
2025-08-26,NIFTYBEES.NS,279.04998779296875,ETF
2025-08-27,NIFTYBEES.NS,,ETF
2025-08-28,NIFTYBEES.NS,276.92999267578125,ETF
2025-08-29,NIFTYBEES.NS,276.05999755859375,ETF
2025-08-30,NIFTYBEES.NS,,ETF
2025-08-31,NIFTYBEES.NS,,ETF
2025-09-01,NIFTYBEES.NS,278.17999267578125,ETF
2025-09-02,NIFTYBEES.NS,277.67999267578125,ETF
2025-09-03,NIFTYBEES.NS,278.94000244140625,ETF
2025-09-04,NIFTYBEES.NS,279.32000732421875,ETF
2025-09-05,NIFTYBEES.NS,279.6000061035156,ETF
2025-09-06,NIFTYBEES.NS,,ETF
2025-09-07,NIFTYBEES.NS,,ETF
2025-09-08,NIFTYBEES.NS,279.989990234375,ETF
2025-09-09,NIFTYBEES.NS,280.5400085449219,ETF
2025-09-10,NIFTYBEES.NS,281.8399963378906,ETF
2025-09-11,NIFTYBEES.NS,282.5299987792969,ETF
2025-09-12,NIFTYBEES.NS,283.510009765625,ETF
2025-09-13,NIFTYBEES.NS,,ETF
2025-09-14,NIFTYBEES.NS,,ETF
2025-09-15,NIFTYBEES.NS,283.1199951171875,ETF
2025-09-16,NIFTYBEES.NS,284.8900146484375,ETF
2025-09-17,NIFTYBEES.NS,285.9800109863281,ETF
2025-09-18,NIFTYBEES.NS,286.70001220703125,ETF
2025-09-19,NIFTYBEES.NS,285.8999938964844,ETF
2025-09-20,NIFTYBEES.NS,,ETF
2025-09-21,NIFTYBEES.NS,,ETF
2025-09-22,NIFTYBEES.NS,284.489990234375,ETF
2025-09-23,NIFTYBEES.NS,284.3500061035156,ETF
2025-09-24,NIFTYBEES.NS,282.8800048828125,ETF
2025-09-25,NIFTYBEES.NS,281.239990234375,ETF
2025-09-26,NIFTYBEES.NS,278.739990234375,ETF
2025-09-27,NIFTYBEES.NS,,ETF
2025-09-28,NIFTYBEES.NS,,ETF
2025-09-29,NIFTYBEES.NS,278.5400085449219,ETF
2025-09-30,NIFTYBEES.NS,277.5199890136719,ETF
2025-10-01,NIFTYBEES.NS,280.510009765625,ETF
2025-10-02,NIFTYBEES.NS,,ETF
2025-10-03,NIFTYBEES.NS,281.1600036621094,ETF
2025-10-04,NIFTYBEES.NS,,ETF
2025-10-05,NIFTYBEES.NS,,ETF
2025-10-06,NIFTYBEES.NS,283.07000732421875,ETF
2025-10-07,NIFTYBEES.NS,283.4100036621094,ETF
2025-10-08,NIFTYBEES.NS,282.3800048828125,ETF
2025-10-09,NIFTYBEES.NS,284.04998779296875,ETF
2025-10-10,NIFTYBEES.NS,285.5199890136719,ETF
2025-10-11,NIFTYBEES.NS,,ETF
2025-10-12,NIFTYBEES.NS,,ETF
2025-10-13,NIFTYBEES.NS,284.6400146484375,ETF
2025-10-14,NIFTYBEES.NS,283.69000244140625,ETF
2025-10-15,NIFTYBEES.NS,286.07000732421875,ETF
2025-10-16,NIFTYBEES.NS,288.70001220703125,ETF
2025-10-17,NIFTYBEES.NS,290.1700134277344,ETF
2025-10-18,NIFTYBEES.NS,,ETF
2025-10-19,NIFTYBEES.NS,,ETF
2025-10-20,NIFTYBEES.NS,291.8599853515625,ETF
2025-10-21,NIFTYBEES.NS,291.8699951171875,ETF
2025-10-22,NIFTYBEES.NS,,ETF
2025-10-23,NIFTYBEES.NS,292.3900146484375,ETF
2025-10-24,NIFTYBEES.NS,,ETF
2025-10-25,NIFTYBEES.NS,,ETF
2025-10-26,NIFTYBEES.NS,,ETF
2025-10-27,NIFTYBEES.NS,293.3500061035156,ETF
2025-10-28,NIFTYBEES.NS,293.1000061035156,ETF
2025-10-29,NIFTYBEES.NS,294.5,ETF
2025-10-30,NIFTYBEES.NS,292.5799865722656,ETF
2025-10-31,NIFTYBEES.NS,291.0799865722656,ETF
2025-11-01,NIFTYBEES.NS,,ETF
2025-11-02,NIFTYBEES.NS,,ETF
2025-11-03,NIFTYBEES.NS,291.3500061035156,ETF
2025-11-04,NIFTYBEES.NS,289.5899963378906,ETF
2025-11-05,NIFTYBEES.NS,,ETF
2025-11-06,NIFTYBEES.NS,288.239990234375,ETF
2025-11-07,NIFTYBEES.NS,288.44000244140625,ETF
2025-11-08,NIFTYBEES.NS,,ETF
2025-11-09,NIFTYBEES.NS,,ETF
2025-11-10,NIFTYBEES.NS,289.489990234375,ETF
2025-11-11,NIFTYBEES.NS,290.82000732421875,ETF
2025-11-12,NIFTYBEES.NS,292.7200012207031,ETF
2025-11-13,NIFTYBEES.NS,292.3900146484375,ETF
2025-11-14,NIFTYBEES.NS,292.8299865722656,ETF
2025-11-15,NIFTYBEES.NS,,ETF
2025-11-16,NIFTYBEES.NS,,ETF
2025-11-17,NIFTYBEES.NS,293.9700012207031,ETF
2025-11-18,NIFTYBEES.NS,292.9700012207031,ETF
2025-11-19,NIFTYBEES.NS,294.3699951171875,ETF
2025-11-20,NIFTYBEES.NS,295.6400146484375,ETF
2025-11-21,NIFTYBEES.NS,294.32000732421875,ETF
2025-11-22,NIFTYBEES.NS,,ETF
2025-11-23,NIFTYBEES.NS,,ETF
2025-11-24,NIFTYBEES.NS,293.29998779296875,ETF
2025-11-25,NIFTYBEES.NS,292.67999267578125,ETF
2025-11-26,NIFTYBEES.NS,296.010009765625,ETF
2025-11-27,NIFTYBEES.NS,296.4200134277344,ETF
2025-11-28,NIFTYBEES.NS,296.489990234375,ETF
2025-11-29,NIFTYBEES.NS,,ETF
2025-11-30,NIFTYBEES.NS,,ETF
2025-12-01,NIFTYBEES.NS,296.1000061035156,ETF
2025-12-02,NIFTYBEES.NS,294.6600036621094,ETF
2025-12-03,NIFTYBEES.NS,293.79998779296875,ETF
2025-12-04,NIFTYBEES.NS,294.3699951171875,ETF
2025-12-05,NIFTYBEES.NS,296.010009765625,ETF
2025-12-06,NIFTYBEES.NS,,ETF
2025-12-07,NIFTYBEES.NS,,ETF
2025-12-08,NIFTYBEES.NS,293.45001220703125,ETF
2025-12-09,NIFTYBEES.NS,292.3500061035156,ETF
2025-12-10,NIFTYBEES.NS,291.55999755859375,ETF
2025-12-11,NIFTYBEES.NS,292.92999267578125,ETF
2025-12-12,NIFTYBEES.NS,294.69000244140625,ETF
2025-12-13,NIFTYBEES.NS,,ETF
2025-12-14,NIFTYBEES.NS,,ETF
2025-12-15,NIFTYBEES.NS,294.5400085449219,ETF
2025-12-16,NIFTYBEES.NS,292.6600036621094,ETF
2025-12-17,NIFTYBEES.NS,291.7099914550781,ETF
2025-12-18,NIFTYBEES.NS,291.8399963378906,ETF
2025-12-19,NIFTYBEES.NS,293.4494934082031,ETF
2025-12-20,NIFTYBEES.NS,,ETF
2025-12-21,NIFTYBEES.NS,,ETF
2025-12-22,NIFTYBEES.NS,295.69000244140625,ETF
2025-12-23,NIFTYBEES.NS,295.67999267578125,ETF
2025-12-24,NIFTYBEES.NS,295.5,ETF
2025-12-25,NIFTYBEES.NS,,ETF
2025-12-26,NIFTYBEES.NS,294.4599914550781,ETF
2025-12-27,NIFTYBEES.NS,,ETF
2025-12-28,NIFTYBEES.NS,,ETF
2025-12-29,NIFTYBEES.NS,293.1499938964844,ETF
2025-12-30,NIFTYBEES.NS,293.32000732421875,ETF
2025-12-31,NIFTYBEES.NS,295.30999755859375,ETF
2026-01-01,NIFTYBEES.NS,295.3299865722656,ETF
2026-01-02,NIFTYBEES.NS,297.54998779296875,ETF
2026-01-03,NIFTYBEES.NS,,ETF
2026-01-04,NIFTYBEES.NS,,ETF
2026-01-05,NIFTYBEES.NS,296.4100036621094,ETF
2026-01-06,NIFTYBEES.NS,296.0199890136719,ETF
2026-01-07,NIFTYBEES.NS,295.7200012207031,ETF
2026-01-08,NIFTYBEES.NS,292.92999267578125,ETF
2026-01-09,NIFTYBEES.NS,290.5899963378906,ETF
2026-01-10,NIFTYBEES.NS,,ETF
2026-01-11,NIFTYBEES.NS,,ETF
2026-01-12,NIFTYBEES.NS,291.8699951171875,ETF
2026-01-13,NIFTYBEES.NS,291.1300048828125,ETF
2026-01-14,NIFTYBEES.NS,290.6600036621094,ETF
2026-01-15,NIFTYBEES.NS,290.6600036621094,ETF
2026-01-16,NIFTYBEES.NS,291.0400085449219,ETF
2026-01-17,NIFTYBEES.NS,,ETF
2026-01-18,NIFTYBEES.NS,,ETF
2026-01-19,NIFTYBEES.NS,289.6300048828125,ETF
2026-01-20,NIFTYBEES.NS,286.2799987792969,ETF
2026-01-21,NIFTYBEES.NS,284.95001220703125,ETF
2026-01-22,NIFTYBEES.NS,286.6099853515625,ETF
2026-01-23,NIFTYBEES.NS,283.9100036621094,ETF
2026-01-24,NIFTYBEES.NS,,ETF
2026-01-25,NIFTYBEES.NS,,ETF
2026-01-26,NIFTYBEES.NS,,ETF
2026-01-27,NIFTYBEES.NS,285.2200012207031,ETF
2026-01-28,NIFTYBEES.NS,286.6099853515625,ETF
2026-01-29,NIFTYBEES.NS,287.3699951171875,ETF
2026-01-30,NIFTYBEES.NS,286.7300109863281,ETF
2026-01-31,NIFTYBEES.NS,,ETF
2026-02-01,NIFTYBEES.NS,,ETF
2026-02-02,NIFTYBEES.NS,283.94000244140625,ETF
2026-02-03,NIFTYBEES.NS,291.239990234375,ETF
2026-02-04,NIFTYBEES.NS,291.6499938964844,ETF
2026-02-05,NIFTYBEES.NS,290.3500061035156,ETF
2026-02-06,NIFTYBEES.NS,290.6499938964844,ETF
2026-02-07,NIFTYBEES.NS,,ETF
2026-02-08,NIFTYBEES.NS,,ETF
2026-02-09,NIFTYBEES.NS,292.55999755859375,ETF
2026-02-10,NIFTYBEES.NS,293.55999755859375,ETF
2026-02-11,NIFTYBEES.NS,293.8500061035156,ETF
2026-02-12,NIFTYBEES.NS,292.2699890136719,ETF
2026-02-13,NIFTYBEES.NS,288.8699951171875,ETF
2026-02-14,NIFTYBEES.NS,,ETF
2026-02-15,NIFTYBEES.NS,,ETF
2026-02-16,NIFTYBEES.NS,290.760009765625,ETF
2026-02-17,NIFTYBEES.NS,291.5199890136719,ETF
2026-02-18,NIFTYBEES.NS,292.20001220703125,ETF
2026-02-19,NIFTYBEES.NS,288.3800048828125,ETF
2026-02-20,NIFTYBEES.NS,289.2300109863281,ETF
2026-02-21,NIFTYBEES.NS,,ETF
2026-02-22,NIFTYBEES.NS,,ETF
2026-02-23,NIFTYBEES.NS,290.45001220703125,ETF
2026-02-24,NIFTYBEES.NS,287.8500061035156,ETF
2026-02-25,NIFTYBEES.NS,288.6300048828125,ETF
2026-02-26,NIFTYBEES.NS,288.5799865722656,ETF
2026-02-27,NIFTYBEES.NS,285.2900085449219,ETF
2026-02-28,NIFTYBEES.NS,,ETF
2026-03-01,NIFTYBEES.NS,,ETF
2026-03-02,NIFTYBEES.NS,281.92999267578125,ETF
2026-03-03,NIFTYBEES.NS,,ETF
2026-03-04,NIFTYBEES.NS,277.2900085449219,ETF
2026-03-05,NIFTYBEES.NS,280.3500061035156,ETF
2026-03-06,NIFTYBEES.NS,277.25,ETF
2026-03-07,NIFTYBEES.NS,,ETF
2026-03-08,NIFTYBEES.NS,,ETF
2026-03-09,NIFTYBEES.NS,272.4200134277344,ETF
2026-03-10,NIFTYBEES.NS,274.95001220703125,ETF
2026-03-11,NIFTYBEES.NS,270.55999755859375,ETF
2026-03-12,NIFTYBEES.NS,267.94000244140625,ETF
2026-03-13,NIFTYBEES.NS,262.69000244140625,ETF
2026-03-14,NIFTYBEES.NS,,ETF
2026-03-15,NIFTYBEES.NS,,ETF
2026-03-16,NIFTYBEES.NS,265.17999267578125,ETF
2026-03-17,NIFTYBEES.NS,267.1600036621094,ETF
2026-03-18,NIFTYBEES.NS,269.42999267578125,ETF
2026-03-19,NIFTYBEES.NS,262.1199951171875,ETF
2026-03-20,NIFTYBEES.NS,262.07000732421875,ETF
2026-03-21,NIFTYBEES.NS,,ETF
2026-03-22,NIFTYBEES.NS,,ETF
2026-03-23,NIFTYBEES.NS,255.14999389648438,ETF
2026-03-24,NIFTYBEES.NS,259.8299865722656,ETF
2026-03-25,NIFTYBEES.NS,264.05999755859375,ETF
2026-03-26,NIFTYBEES.NS,,ETF
2026-03-27,NIFTYBEES.NS,258.8900146484375,ETF
2026-03-28,NIFTYBEES.NS,,ETF
2026-03-29,NIFTYBEES.NS,,ETF
2026-03-30,NIFTYBEES.NS,253.44000244140625,ETF
2026-03-31,NIFTYBEES.NS,,ETF
2026-04-01,NIFTYBEES.NS,257.45001220703125,ETF
2026-04-02,NIFTYBEES.NS,257.6099853515625,ETF
2026-04-03,NIFTYBEES.NS,,ETF
2026-04-04,NIFTYBEES.NS,,ETF
2026-04-05,NIFTYBEES.NS,,ETF
2026-04-06,NIFTYBEES.NS,260.25,ETF
2026-04-07,NIFTYBEES.NS,261.4700012207031,ETF
2026-04-08,NIFTYBEES.NS,271.67999267578125,ETF
2026-04-09,NIFTYBEES.NS,269.489990234375,ETF
2026-04-10,NIFTYBEES.NS,271.95001220703125,ETF
2026-04-11,NIFTYBEES.NS,,ETF
2026-04-12,NIFTYBEES.NS,,ETF
2026-04-13,NIFTYBEES.NS,269.5199890136719,ETF
2026-04-14,NIFTYBEES.NS,,ETF
2026-04-15,NIFTYBEES.NS,273.7699890136719,ETF
2026-04-16,NIFTYBEES.NS,273.95001220703125,ETF
2026-04-17,NIFTYBEES.NS,275.8699951171875,ETF
2026-04-18,NIFTYBEES.NS,,ETF
2026-04-19,NIFTYBEES.NS,,ETF
2026-04-20,NIFTYBEES.NS,275.2099914550781,ETF
2026-04-21,NIFTYBEES.NS,277.6300048828125,ETF
2026-04-22,NIFTYBEES.NS,275.6400146484375,ETF
2026-04-23,NIFTYBEES.NS,273.760009765625,ETF
2026-04-24,NIFTYBEES.NS,271.0899963378906,ETF
2026-04-25,NIFTYBEES.NS,,ETF
2026-04-26,NIFTYBEES.NS,,ETF
2026-04-27,NIFTYBEES.NS,272.5199890136719,ETF
2026-04-28,NIFTYBEES.NS,271.4800109863281,ETF
2026-04-29,NIFTYBEES.NS,273.1300048828125,ETF
2026-04-30,NIFTYBEES.NS,272.010009765625,ETF
2026-05-01,NIFTYBEES.NS,272.010009765625,ETF
2026-05-02,NIFTYBEES.NS,,ETF
2026-05-03,NIFTYBEES.NS,,ETF
2026-05-04,NIFTYBEES.NS,273.1199951171875,ETF
2026-05-05,NIFTYBEES.NS,272.29998779296875,ETF
2026-05-06,NIFTYBEES.NS,275.7300109863281,ETF
2026-05-07,NIFTYBEES.NS,275.1700134277344,ETF
2026-05-08,NIFTYBEES.NS,273.94000244140625,ETF
2026-05-09,NIFTYBEES.NS,,ETF
2026-05-10,NIFTYBEES.NS,,ETF
2026-05-11,NIFTYBEES.NS,270.1000061035156,ETF
2026-05-12,NIFTYBEES.NS,265.04998779296875,ETF
2026-05-13,NIFTYBEES.NS,265.44000244140625,ETF
2026-05-14,NIFTYBEES.NS,268.0899963378906,ETF
2026-05-15,NIFTYBEES.NS,267.29998779296875,ETF
2026-05-16,NIFTYBEES.NS,,ETF
2026-05-17,NIFTYBEES.NS,,ETF
2026-05-18,NIFTYBEES.NS,267.5799865722656,ETF
2026-05-19,NIFTYBEES.NS,267.6099853515625,ETF
2026-05-20,NIFTYBEES.NS,268.04998779296875,ETF
2026-05-21,NIFTYBEES.NS,268.2099914550781,ETF
2026-05-22,NIFTYBEES.NS,269.1000061035156,ETF
2026-05-23,NIFTYBEES.NS,,ETF
2026-05-24,NIFTYBEES.NS,,ETF
2026-05-25,NIFTYBEES.NS,271.989990234375,ETF
2026-05-26,NIFTYBEES.NS,270.8299865722656,ETF
2026-05-27,NIFTYBEES.NS,270.94000244140625,ETF
2026-05-28,NIFTYBEES.NS,270.94000244140625,ETF
2026-05-29,NIFTYBEES.NS,267.7799987792969,ETF
2026-05-30,NIFTYBEES.NS,,ETF
2026-05-31,NIFTYBEES.NS,,ETF
2026-06-01,NIFTYBEES.NS,265.5199890136719,ETF
2026-06-02,NIFTYBEES.NS,266.0199890136719,ETF
2023-01-01,RELIANCE.NS,,Equity
2023-01-02,RELIANCE.NS,1175.8896484375,Equity
2023-01-03,RELIANCE.NS,1167.28466796875,Equity
2023-01-04,RELIANCE.NS,1149.7095947265625,Equity
2023-01-05,RELIANCE.NS,1147.6553955078125,Equity
2023-01-06,RELIANCE.NS,1158.0863037109375,Equity
2023-01-07,RELIANCE.NS,,Equity
2023-01-08,RELIANCE.NS,,Equity
2023-01-09,RELIANCE.NS,1185.4302978515625,Equity
2023-01-10,RELIANCE.NS,1167.9010009765625,Equity
2023-01-11,RELIANCE.NS,1153.178955078125,Equity
2023-01-12,RELIANCE.NS,1128.2769775390625,Equity
2023-01-13,RELIANCE.NS,1126.451171875,Equity
2023-01-14,RELIANCE.NS,,Equity
2023-01-15,RELIANCE.NS,,Equity
2023-01-16,RELIANCE.NS,1115.723388671875,Equity
2023-01-17,RELIANCE.NS,1131.563720703125,Equity
2023-01-18,RELIANCE.NS,1129.6922607421875,Equity
2023-01-19,RELIANCE.NS,1128.4825439453125,Equity
2023-01-20,RELIANCE.NS,1115.0615234375,Equity
2023-01-21,RELIANCE.NS,,Equity
2023-01-22,RELIANCE.NS,,Equity
2023-01-23,RELIANCE.NS,1109.4237060546875,Equity
2023-01-24,RELIANCE.NS,1102.873046875,Equity
2023-01-25,RELIANCE.NS,1087.6259765625,Equity
2023-01-26,RELIANCE.NS,,Equity
2023-01-27,RELIANCE.NS,1066.9923095703125,Equity
2023-01-28,RELIANCE.NS,,Equity
2023-01-29,RELIANCE.NS,,Equity
2023-01-30,RELIANCE.NS,1077.218017578125,Equity
2023-01-31,RELIANCE.NS,1074.5245361328125,Equity
2023-02-01,RELIANCE.NS,1068.156494140625,Equity
2023-02-02,RELIANCE.NS,1062.2447509765625,Equity
2023-02-03,RELIANCE.NS,1063.1806640625,Equity
2023-02-04,RELIANCE.NS,,Equity
2023-02-05,RELIANCE.NS,,Equity
2023-02-06,RELIANCE.NS,1055.1690673828125,Equity
2023-02-07,RELIANCE.NS,1052.635498046875,Equity
2023-02-08,RELIANCE.NS,1073.6572265625,Equity
2023-02-09,RELIANCE.NS,1075.52880859375,Equity
2023-02-10,RELIANCE.NS,1066.6729736328125,Equity
2023-02-11,RELIANCE.NS,,Equity
2023-02-12,RELIANCE.NS,,Equity
2023-02-13,RELIANCE.NS,1060.6014404296875,Equity
2023-02-14,RELIANCE.NS,1085.5946044921875,Equity
2023-02-15,RELIANCE.NS,1110.1768798828125,Equity
2023-02-16,RELIANCE.NS,1109.3096923828125,Equity
2023-02-17,RELIANCE.NS,1113.9429931640625,Equity
2023-02-18,RELIANCE.NS,,Equity
2023-02-19,RELIANCE.NS,,Equity
2023-02-20,RELIANCE.NS,1102.1654052734375,Equity
2023-02-21,RELIANCE.NS,1111.158447265625,Equity
2023-02-22,RELIANCE.NS,1085.9598388671875,Equity
2023-02-23,RELIANCE.NS,1080.7557373046875,Equity
2023-02-24,RELIANCE.NS,1088.1510009765625,Equity
2023-02-25,RELIANCE.NS,,Equity
2023-02-26,RELIANCE.NS,,Equity
2023-02-27,RELIANCE.NS,1080.91552734375,Equity
2023-02-28,RELIANCE.NS,1060.2362060546875,Equity
2023-03-01,RELIANCE.NS,1069.9822998046875,Equity
2023-03-02,RELIANCE.NS,1061.833984375,Equity
2023-03-03,RELIANCE.NS,1088.927001953125,Equity
2023-03-04,RELIANCE.NS,,Equity
2023-03-05,RELIANCE.NS,,Equity
2023-03-06,RELIANCE.NS,1099.5633544921875,Equity
2023-03-07,RELIANCE.NS,,Equity
2023-03-08,RELIANCE.NS,1103.5120849609375,Equity
2023-03-09,RELIANCE.NS,1076.9896240234375,Equity
2023-03-10,RELIANCE.NS,1060.3048095703125,Equity
2023-03-11,RELIANCE.NS,,Equity
2023-03-12,RELIANCE.NS,,Equity
2023-03-13,RELIANCE.NS,1042.866455078125,Equity
2023-03-14,RELIANCE.NS,1038.9635009765625,Equity
2023-03-15,RELIANCE.NS,1021.205810546875,Equity
2023-03-16,RELIANCE.NS,1016.1157836914062,Equity
2023-03-17,RELIANCE.NS,1014.837646484375,Equity
2023-03-18,RELIANCE.NS,,Equity
2023-03-19,RELIANCE.NS,,Equity
2023-03-20,RELIANCE.NS,1004.8632202148438,Equity
2023-03-21,RELIANCE.NS,1036.1102294921875,Equity
2023-03-22,RELIANCE.NS,1039.2601318359375,Equity
2023-03-23,RELIANCE.NS,1026.1131591796875,Equity
2023-03-24,RELIANCE.NS,1005.7989501953125,Equity
2023-03-25,RELIANCE.NS,,Equity
2023-03-26,RELIANCE.NS,,Equity
2023-03-27,RELIANCE.NS,1021.4338989257812,Equity
2023-03-28,RELIANCE.NS,1026.2044677734375,Equity
2023-03-29,RELIANCE.NS,1020.133056640625,Equity
2023-03-30,RELIANCE.NS,,Equity
2023-03-31,RELIANCE.NS,1064.116455078125,Equity
2023-04-01,RELIANCE.NS,,Equity
2023-04-02,RELIANCE.NS,,Equity
2023-04-03,RELIANCE.NS,1064.299072265625,Equity
2023-04-04,RELIANCE.NS,,Equity
2023-04-05,RELIANCE.NS,1061.74267578125,Equity
2023-04-06,RELIANCE.NS,1068.864013671875,Equity
2023-04-07,RELIANCE.NS,,Equity
2023-04-08,RELIANCE.NS,,Equity
2023-04-09,RELIANCE.NS,,Equity
2023-04-10,RELIANCE.NS,1061.2861328125,Equity
2023-04-11,RELIANCE.NS,1066.535888671875,Equity
2023-04-12,RELIANCE.NS,1071.23779296875,Equity
2023-04-13,RELIANCE.NS,1075.27783203125,Equity
2023-04-14,RELIANCE.NS,,Equity
2023-04-15,RELIANCE.NS,,Equity
2023-04-16,RELIANCE.NS,,Equity
2023-04-17,RELIANCE.NS,1080.73291015625,Equity
2023-04-18,RELIANCE.NS,1068.36181640625,Equity
2023-04-19,RELIANCE.NS,1073.6800537109375,Equity
2023-04-20,RELIANCE.NS,1070.9638671875,Equity
2023-04-21,RELIANCE.NS,1072.310546875,Equity
2023-04-22,RELIANCE.NS,,Equity
2023-04-23,RELIANCE.NS,,Equity
2023-04-24,RELIANCE.NS,1076.4190673828125,Equity
2023-04-25,RELIANCE.NS,1084.65869140625,Equity
2023-04-26,RELIANCE.NS,1078.2906494140625,Equity
2023-04-27,RELIANCE.NS,1085.115234375,Equity
2023-04-28,RELIANCE.NS,1104.949951171875,Equity
2023-04-29,RELIANCE.NS,,Equity
2023-04-30,RELIANCE.NS,,Equity
2023-05-01,RELIANCE.NS,,Equity
2023-05-02,RELIANCE.NS,1114.3310546875,Equity
2023-05-03,RELIANCE.NS,1104.7674560546875,Equity
2023-05-04,RELIANCE.NS,1117.503662109375,Equity
2023-05-05,RELIANCE.NS,1114.650634765625,Equity
2023-05-06,RELIANCE.NS,,Equity
2023-05-07,RELIANCE.NS,,Equity
2023-05-08,RELIANCE.NS,1128.4140625,Equity
2023-05-09,RELIANCE.NS,1131.9061279296875,Equity
2023-05-10,RELIANCE.NS,1139.6895751953125,Equity
2023-05-11,RELIANCE.NS,1132.24853515625,Equity
2023-05-12,RELIANCE.NS,1134.097412109375,Equity
2023-05-13,RELIANCE.NS,,Equity
2023-05-14,RELIANCE.NS,,Equity
2023-05-15,RELIANCE.NS,1136.334228515625,Equity
2023-05-16,RELIANCE.NS,1120.1514892578125,Equity
2023-05-17,RELIANCE.NS,1113.5321044921875,Equity
2023-05-18,RELIANCE.NS,1111.1357421875,Equity
2023-05-19,RELIANCE.NS,1114.741943359375,Equity
2023-05-20,RELIANCE.NS,,Equity
2023-05-21,RELIANCE.NS,,Equity
2023-05-22,RELIANCE.NS,1120.69921875,Equity
2023-05-23,RELIANCE.NS,1120.4937744140625,Equity
2023-05-24,RELIANCE.NS,1113.9658203125,Equity
2023-05-25,RELIANCE.NS,1113.8289794921875,Equity
2023-05-26,RELIANCE.NS,1144.2088623046875,Equity
2023-05-27,RELIANCE.NS,,Equity
2023-05-28,RELIANCE.NS,,Equity
2023-05-29,RELIANCE.NS,1150.6453857421875,Equity
2023-05-30,RELIANCE.NS,1150.3486328125,Equity
2023-05-31,RELIANCE.NS,1127.5008544921875,Equity
2023-06-01,RELIANCE.NS,1124.4652099609375,Equity
2023-06-02,RELIANCE.NS,1120.7904052734375,Equity
2023-06-03,RELIANCE.NS,,Equity
2023-06-04,RELIANCE.NS,,Equity
2023-06-05,RELIANCE.NS,1130.8563232421875,Equity
2023-06-06,RELIANCE.NS,1131.8148193359375,Equity
2023-06-07,RELIANCE.NS,1140.3970947265625,Equity
2023-06-08,RELIANCE.NS,1141.081787109375,Equity
2023-06-09,RELIANCE.NS,1133.001708984375,Equity
2023-06-10,RELIANCE.NS,,Equity
2023-06-11,RELIANCE.NS,,Equity
2023-06-12,RELIANCE.NS,1134.006103515625,Equity
2023-06-13,RELIANCE.NS,1150.759521484375,Equity
2023-06-14,RELIANCE.NS,1164.9107666015625,Equity
2023-06-15,RELIANCE.NS,1165.23046875,Equity
2023-06-16,RELIANCE.NS,1176.574462890625,Equity
2023-06-17,RELIANCE.NS,,Equity
2023-06-18,RELIANCE.NS,,Equity
2023-06-19,RELIANCE.NS,1164.8880615234375,Equity
2023-06-20,RELIANCE.NS,1167.3074951171875,Equity
2023-06-21,RELIANCE.NS,1170.59423828125,Equity
2023-06-22,RELIANCE.NS,1157.4471435546875,Equity
2023-06-23,RELIANCE.NS,1147.9749755859375,Equity
2023-06-24,RELIANCE.NS,,Equity
2023-06-25,RELIANCE.NS,,Equity
2023-06-26,RELIANCE.NS,1139.2100830078125,Equity
2023-06-27,RELIANCE.NS,1139.62109375,Equity
2023-06-28,RELIANCE.NS,1154.708251953125,Equity
2023-06-29,RELIANCE.NS,,Equity
2023-06-30,RELIANCE.NS,1164.1805419921875,Equity
2023-07-01,RELIANCE.NS,,Equity
2023-07-02,RELIANCE.NS,,Equity
2023-07-03,RELIANCE.NS,1194.058349609375,Equity
2023-07-04,RELIANCE.NS,1181.755615234375,Equity
2023-07-05,RELIANCE.NS,1179.8155517578125,Equity
2023-07-06,RELIANCE.NS,1204.5804443359375,Equity
2023-07-07,RELIANCE.NS,1202.2294921875,Equity
2023-07-08,RELIANCE.NS,,Equity
2023-07-09,RELIANCE.NS,,Equity
2023-07-10,RELIANCE.NS,1248.541015625,Equity
2023-07-11,RELIANCE.NS,1262.0760498046875,Equity
2023-07-12,RELIANCE.NS,1263.468505859375,Equity
2023-07-13,RELIANCE.NS,1252.170166015625,Equity
2023-07-14,RELIANCE.NS,1251.120361328125,Equity
2023-07-15,RELIANCE.NS,,Equity
2023-07-16,RELIANCE.NS,,Equity
2023-07-17,RELIANCE.NS,1276.68408203125,Equity
2023-07-18,RELIANCE.NS,1287.52587890625,Equity
2023-07-19,RELIANCE.NS,1297.294921875,Equity
2023-07-20,RELIANCE.NS,1295.723876953125,Equity
2023-07-21,RELIANCE.NS,1255.6134033203125,Equity
2023-07-22,RELIANCE.NS,,Equity
2023-07-23,RELIANCE.NS,,Equity
2023-07-24,RELIANCE.NS,1230.216796875,Equity
2023-07-25,RELIANCE.NS,1229.425537109375,Equity
2023-07-26,RELIANCE.NS,1249.406494140625,Equity
2023-07-27,RELIANCE.NS,1237.7838134765625,Equity
2023-07-28,RELIANCE.NS,1250.2225341796875,Equity
2023-07-29,RELIANCE.NS,,Equity
2023-07-30,RELIANCE.NS,,Equity
2023-07-31,RELIANCE.NS,1260.8065185546875,Equity
2023-08-01,RELIANCE.NS,1242.976806640625,Equity
2023-08-02,RELIANCE.NS,1229.697509765625,Equity
2023-08-03,RELIANCE.NS,1224.529052734375,Equity
2023-08-04,RELIANCE.NS,1241.1717529296875,Equity
2023-08-05,RELIANCE.NS,,Equity
2023-08-06,RELIANCE.NS,,Equity
2023-08-07,RELIANCE.NS,1248.2442626953125,Equity
2023-08-08,RELIANCE.NS,1240.7265625,Equity
2023-08-09,RELIANCE.NS,1248.911865234375,Equity
2023-08-10,RELIANCE.NS,1254.475830078125,Equity
2023-08-11,RELIANCE.NS,1259.767822265625,Equity
2023-08-12,RELIANCE.NS,,Equity
2023-08-13,RELIANCE.NS,,Equity
2023-08-14,RELIANCE.NS,1274.65478515625,Equity
2023-08-15,RELIANCE.NS,,Equity
2023-08-16,RELIANCE.NS,1273.6160888671875,Equity
2023-08-17,RELIANCE.NS,1255.2425537109375,Equity
2023-08-18,RELIANCE.NS,1264.5406494140625,Equity
2023-08-19,RELIANCE.NS,,Equity
2023-08-20,RELIANCE.NS,,Equity
2023-08-21,RELIANCE.NS,1250.74267578125,Equity
2023-08-22,RELIANCE.NS,1250.44482421875,Equity
2023-08-23,RELIANCE.NS,1251.8345947265625,Equity
2023-08-24,RELIANCE.NS,1230.7904052734375,Equity
2023-08-25,RELIANCE.NS,1225.1075439453125,Equity
2023-08-26,RELIANCE.NS,,Equity
2023-08-27,RELIANCE.NS,,Equity
2023-08-28,RELIANCE.NS,1212.897705078125,Equity
2023-08-29,RELIANCE.NS,1201.2838134765625,Equity
2023-08-30,RELIANCE.NS,1200.142333984375,Equity
2023-08-31,RELIANCE.NS,1194.6578369140625,Equity
2023-09-01,RELIANCE.NS,1197.4619140625,Equity
2023-09-02,RELIANCE.NS,,Equity
2023-09-03,RELIANCE.NS,,Equity
2023-09-04,RELIANCE.NS,1196.494140625,Equity
2023-09-05,RELIANCE.NS,1202.89697265625,Equity
2023-09-06,RELIANCE.NS,1205.4281005859375,Equity
2023-09-07,RELIANCE.NS,1207.06591796875,Equity
2023-09-08,RELIANCE.NS,1215.1064453125,Equity
2023-09-09,RELIANCE.NS,,Equity
2023-09-10,RELIANCE.NS,,Equity
2023-09-11,RELIANCE.NS,1228.20947265625,Equity
2023-09-12,RELIANCE.NS,1210.4658203125,Equity
2023-09-13,RELIANCE.NS,1216.52099609375,Equity
2023-09-14,RELIANCE.NS,1217.6376953125,Equity
2023-09-15,RELIANCE.NS,1219.89599609375,Equity
2023-09-16,RELIANCE.NS,,Equity
2023-09-17,RELIANCE.NS,,Equity
2023-09-18,RELIANCE.NS,1209.274658203125,Equity
2023-09-19,RELIANCE.NS,,Equity
2023-09-20,RELIANCE.NS,1182.3240966796875,Equity
2023-09-21,RELIANCE.NS,1173.7127685546875,Equity
2023-09-22,RELIANCE.NS,1168.823974609375,Equity
2023-09-23,RELIANCE.NS,,Equity
2023-09-24,RELIANCE.NS,,Equity
2023-09-25,RELIANCE.NS,1161.6273193359375,Equity
2023-09-26,RELIANCE.NS,1162.644775390625,Equity
2023-09-27,RELIANCE.NS,1175.747802734375,Equity
2023-09-28,RELIANCE.NS,1158.4757080078125,Equity
2023-09-29,RELIANCE.NS,1163.8856201171875,Equity
2023-09-30,RELIANCE.NS,,Equity
2023-10-01,RELIANCE.NS,,Equity
2023-10-02,RELIANCE.NS,,Equity
2023-10-03,RELIANCE.NS,1150.5592041015625,Equity
2023-10-04,RELIANCE.NS,1148.5738525390625,Equity
2023-10-05,RELIANCE.NS,1148.5491943359375,Equity
2023-10-06,RELIANCE.NS,1150.4847412109375,Equity
2023-10-07,RELIANCE.NS,,Equity
2023-10-08,RELIANCE.NS,,Equity
2023-10-09,RELIANCE.NS,1140.6822509765625,Equity
2023-10-10,RELIANCE.NS,1145.719970703125,Equity
2023-10-11,RELIANCE.NS,1163.910400390625,Equity
2023-10-12,RELIANCE.NS,1166.0693359375,Equity
2023-10-13,RELIANCE.NS,1166.019775390625,Equity
2023-10-14,RELIANCE.NS,,Equity
2023-10-15,RELIANCE.NS,,Equity
2023-10-16,RELIANCE.NS,1163.4140625,Equity
2023-10-17,RELIANCE.NS,1168.972900390625,Equity
2023-10-18,RELIANCE.NS,1153.4627685546875,Equity
2023-10-19,RELIANCE.NS,1144.603271484375,Equity
2023-10-20,RELIANCE.NS,1141.104248046875,Equity
2023-10-21,RELIANCE.NS,,Equity
2023-10-22,RELIANCE.NS,,Equity
2023-10-23,RELIANCE.NS,1123.2860107421875,Equity
2023-10-24,RELIANCE.NS,,Equity
2023-10-25,RELIANCE.NS,1120.680419921875,Equity
2023-10-26,RELIANCE.NS,1105.07080078125,Equity
2023-10-27,RELIANCE.NS,1124.5765380859375,Equity
2023-10-28,RELIANCE.NS,,Equity
2023-10-29,RELIANCE.NS,,Equity
2023-10-30,RELIANCE.NS,1147.7550048828125,Equity
2023-10-31,RELIANCE.NS,1135.5452880859375,Equity
2023-11-01,RELIANCE.NS,1140.2603759765625,Equity
2023-11-02,RELIANCE.NS,1151.57666015625,Equity
2023-11-03,RELIANCE.NS,1151.3284912109375,Equity
2023-11-04,RELIANCE.NS,,Equity
2023-11-05,RELIANCE.NS,,Equity
2023-11-06,RELIANCE.NS,1160.9075927734375,Equity
2023-11-07,RELIANCE.NS,1153.3634033203125,Equity
2023-11-08,RELIANCE.NS,1159.3690185546875,Equity
2023-11-09,RELIANCE.NS,1146.787109375,Equity
2023-11-10,RELIANCE.NS,1148.9461669921875,Equity
2023-11-11,RELIANCE.NS,,Equity
2023-11-12,RELIANCE.NS,,Equity
2023-11-13,RELIANCE.NS,1148.79736328125,Equity
2023-11-14,RELIANCE.NS,,Equity
2023-11-15,RELIANCE.NS,1169.5684814453125,Equity
2023-11-16,RELIANCE.NS,1171.6778564453125,Equity
2023-11-17,RELIANCE.NS,1169.121826171875,Equity
2023-11-18,RELIANCE.NS,,Equity
2023-11-19,RELIANCE.NS,,Equity
2023-11-20,RELIANCE.NS,1166.0445556640625,Equity
2023-11-21,RELIANCE.NS,1180.7109375,Equity
2023-11-22,RELIANCE.NS,1185.3267822265625,Equity
2023-11-23,RELIANCE.NS,1188.9500732421875,Equity
2023-11-24,RELIANCE.NS,1188.1558837890625,Equity
2023-11-25,RELIANCE.NS,,Equity
2023-11-26,RELIANCE.NS,,Equity
2023-11-27,RELIANCE.NS,,Equity
2023-11-28,RELIANCE.NS,1188.404052734375,Equity
2023-11-29,RELIANCE.NS,1191.5308837890625,Equity
2023-11-30,RELIANCE.NS,1179.9913330078125,Equity
2023-12-01,RELIANCE.NS,1188.3544921875,Equity
2023-12-02,RELIANCE.NS,,Equity
2023-12-03,RELIANCE.NS,,Equity
2023-12-04,RELIANCE.NS,1201.2093505859375,Equity
2023-12-05,RELIANCE.NS,1209.919921875,Equity
2023-12-06,RELIANCE.NS,1221.5091552734375,Equity
2023-12-07,RELIANCE.NS,1219.4989013671875,Equity
2023-12-08,RELIANCE.NS,1218.8536376953125,Equity
2023-12-09,RELIANCE.NS,,Equity
2023-12-10,RELIANCE.NS,,Equity
2023-12-11,RELIANCE.NS,1220.6405029296875,Equity
2023-12-12,RELIANCE.NS,1203.1201171875,Equity
2023-12-13,RELIANCE.NS,1208.03369140625,Equity
2023-12-14,RELIANCE.NS,1223.0228271484375,Equity
2023-12-15,RELIANCE.NS,1238.63232421875,Equity
2023-12-16,RELIANCE.NS,,Equity
2023-12-17,RELIANCE.NS,,Equity
2023-12-18,RELIANCE.NS,1251.239013671875,Equity
2023-12-19,RELIANCE.NS,1269.6527099609375,Equity
2023-12-20,RELIANCE.NS,1254.2913818359375,Equity
2023-12-21,RELIANCE.NS,1271.8614501953125,Equity
2023-12-22,RELIANCE.NS,1273.102294921875,Equity
2023-12-23,RELIANCE.NS,,Equity
2023-12-24,RELIANCE.NS,,Equity
2023-12-25,RELIANCE.NS,,Equity
2023-12-26,RELIANCE.NS,1279.554443359375,Equity
2023-12-27,RELIANCE.NS,1283.9222412109375,Equity
2023-12-28,RELIANCE.NS,1293.2034912109375,Equity
2023-12-29,RELIANCE.NS,1282.97900390625,Equity
2023-12-30,RELIANCE.NS,,Equity
2023-12-31,RELIANCE.NS,,Equity
2024-01-01,RELIANCE.NS,1285.609619140625,Equity
2024-01-02,RELIANCE.NS,1296.255859375,Equity
2024-01-03,RELIANCE.NS,1282.16015625,Equity
2024-01-04,RELIANCE.NS,1288.7860107421875,Equity
2024-01-05,RELIANCE.NS,1294.2705078125,Equity
2024-01-06,RELIANCE.NS,,Equity
2024-01-07,RELIANCE.NS,,Equity
2024-01-08,RELIANCE.NS,1284.1702880859375,Equity
2024-01-09,RELIANCE.NS,1280.7705078125,Equity
2024-01-10,RELIANCE.NS,1315.3148193359375,Equity
2024-01-11,RELIANCE.NS,1349.9088134765625,Equity
2024-01-12,RELIANCE.NS,1360.6541748046875,Equity
2024-01-13,RELIANCE.NS,,Equity
2024-01-14,RELIANCE.NS,,Equity
2024-01-15,RELIANCE.NS,1383.88232421875,Equity
2024-01-16,RELIANCE.NS,1364.5255126953125,Equity
2024-01-17,RELIANCE.NS,1351.5712890625,Equity
2024-01-18,RELIANCE.NS,1357.8995361328125,Equity
2024-01-19,RELIANCE.NS,1357.4031982421875,Equity
2024-01-20,RELIANCE.NS,,Equity
2024-01-21,RELIANCE.NS,,Equity
2024-01-22,RELIANCE.NS,,Equity
2024-01-23,RELIANCE.NS,1318.8138427734375,Equity
2024-01-24,RELIANCE.NS,1334.00146484375,Equity
2024-01-25,RELIANCE.NS,1343.1337890625,Equity
2024-01-26,RELIANCE.NS,,Equity
2024-01-27,RELIANCE.NS,,Equity
2024-01-28,RELIANCE.NS,,Equity
2024-01-29,RELIANCE.NS,1437.4111328125,Equity
2024-01-30,RELIANCE.NS,1397.2830810546875,Equity
2024-01-31,RELIANCE.NS,1416.1435546875,Equity
2024-02-01,RELIANCE.NS,1416.1683349609375,Equity
2024-02-02,RELIANCE.NS,1446.9901123046875,Equity
2024-02-03,RELIANCE.NS,,Equity
2024-02-04,RELIANCE.NS,,Equity
2024-02-05,RELIANCE.NS,1428.452392578125,Equity
2024-02-06,RELIANCE.NS,1417.309814453125,Equity
2024-02-07,RELIANCE.NS,1431.554443359375,Equity
2024-02-08,RELIANCE.NS,1439.4708251953125,Equity
2024-02-09,RELIANCE.NS,1450.0177001953125,Equity
2024-02-10,RELIANCE.NS,,Equity
2024-02-11,RELIANCE.NS,,Equity
2024-02-12,RELIANCE.NS,1441.679443359375,Equity
2024-02-13,RELIANCE.NS,1454.3358154296875,Equity
2024-02-14,RELIANCE.NS,1470.4912109375,Equity
2024-02-15,RELIANCE.NS,1459.7952880859375,Equity
2024-02-16,RELIANCE.NS,1449.843994140625,Equity
2024-02-17,RELIANCE.NS,,Equity
2024-02-18,RELIANCE.NS,,Equity
2024-02-19,RELIANCE.NS,1463.17041015625,Equity
2024-02-20,RELIANCE.NS,1460.2174072265625,Equity
2024-02-21,RELIANCE.NS,1456.916748046875,Equity
2024-02-22,RELIANCE.NS,1470.8634033203125,Equity
2024-02-23,RELIANCE.NS,1482.6512451171875,Equity
2024-02-24,RELIANCE.NS,,Equity
2024-02-25,RELIANCE.NS,,Equity
2024-02-26,RELIANCE.NS,1476.3974609375,Equity
2024-02-27,RELIANCE.NS,1474.73486328125,Equity
2024-02-28,RELIANCE.NS,1444.930419921875,Equity
2024-02-29,RELIANCE.NS,1450.0675048828125,Equity
2024-03-01,RELIANCE.NS,1481.1622314453125,Equity
2024-03-02,RELIANCE.NS,,Equity
2024-03-03,RELIANCE.NS,,Equity
2024-03-04,RELIANCE.NS,1496.3250732421875,Equity
2024-03-05,RELIANCE.NS,1489.1778564453125,Equity
2024-03-06,RELIANCE.NS,1491.9573974609375,Equity
2024-03-07,RELIANCE.NS,1468.059326171875,Equity
2024-03-08,RELIANCE.NS,,Equity
2024-03-09,RELIANCE.NS,,Equity
2024-03-10,RELIANCE.NS,,Equity
2024-03-11,RELIANCE.NS,1455.82470703125,Equity
2024-03-12,RELIANCE.NS,1464.5850830078125,Equity
2024-03-13,RELIANCE.NS,1421.6527099609375,Equity
2024-03-14,RELIANCE.NS,1420.9578857421875,Equity
2024-03-15,RELIANCE.NS,1407.80517578125,Equity
2024-03-16,RELIANCE.NS,,Equity
2024-03-17,RELIANCE.NS,,Equity
2024-03-18,RELIANCE.NS,1428.8990478515625,Equity
2024-03-19,RELIANCE.NS,1414.778564453125,Equity
2024-03-20,RELIANCE.NS,1433.142578125,Equity
2024-03-21,RELIANCE.NS,1440.3145751953125,Equity
2024-03-22,RELIANCE.NS,1444.3348388671875,Equity
2024-03-23,RELIANCE.NS,,Equity
2024-03-24,RELIANCE.NS,,Equity
2024-03-25,RELIANCE.NS,,Equity
2024-03-26,RELIANCE.NS,1430.983642578125,Equity
2024-03-27,RELIANCE.NS,1481.8819580078125,Equity
2024-03-28,RELIANCE.NS,1474.933349609375,Equity
2024-03-29,RELIANCE.NS,,Equity
2024-03-30,RELIANCE.NS,,Equity
2024-03-31,RELIANCE.NS,,Equity
2024-04-01,RELIANCE.NS,1473.8663330078125,Equity
2024-04-02,RELIANCE.NS,1476.025146484375,Equity
2024-04-03,RELIANCE.NS,1460.7880859375,Equity
2024-04-04,RELIANCE.NS,1452.1768798828125,Equity
2024-04-05,RELIANCE.NS,1449.3724365234375,Equity
2024-04-06,RELIANCE.NS,,Equity
2024-04-07,RELIANCE.NS,,Equity
2024-04-08,RELIANCE.NS,1475.057373046875,Equity
2024-04-09,RELIANCE.NS,1452.896484375,Equity
2024-04-10,RELIANCE.NS,1468.7044677734375,Equity
2024-04-11,RELIANCE.NS,,Equity
2024-04-12,RELIANCE.NS,1456.3707275390625,Equity
2024-04-13,RELIANCE.NS,,Equity
2024-04-14,RELIANCE.NS,,Equity
2024-04-15,RELIANCE.NS,1454.062744140625,Equity
2024-04-16,RELIANCE.NS,1454.9810791015625,Equity
2024-04-17,RELIANCE.NS,,Equity
2024-04-18,RELIANCE.NS,1453.56640625,Equity
2024-04-19,RELIANCE.NS,1459.323974609375,Equity
2024-04-20,RELIANCE.NS,,Equity
2024-04-21,RELIANCE.NS,,Equity
2024-04-22,RELIANCE.NS,1468.9774169921875,Equity
2024-04-23,RELIANCE.NS,1448.603271484375,Equity
2024-04-24,RELIANCE.NS,1439.5205078125,Equity
2024-04-25,RELIANCE.NS,1449.2484130859375,Equity
2024-04-26,RELIANCE.NS,1441.878173828125,Equity
2024-04-27,RELIANCE.NS,,Equity
2024-04-28,RELIANCE.NS,,Equity
2024-04-29,RELIANCE.NS,1454.2613525390625,Equity
2024-04-30,RELIANCE.NS,1456.2218017578125,Equity
2024-05-01,RELIANCE.NS,,Equity
2024-05-02,RELIANCE.NS,1455.7752685546875,Equity
2024-05-03,RELIANCE.NS,1423.46435546875,Equity
2024-05-04,RELIANCE.NS,,Equity
2024-05-05,RELIANCE.NS,,Equity
2024-05-06,RELIANCE.NS,1409.095703125,Equity
2024-05-07,RELIANCE.NS,1391.17822265625,Equity
2024-05-08,RELIANCE.NS,1408.1279296875,Equity
2024-05-09,RELIANCE.NS,1383.88232421875,Equity
2024-05-10,RELIANCE.NS,1397.0845947265625,Equity
2024-05-11,RELIANCE.NS,,Equity
2024-05-12,RELIANCE.NS,,Equity
2024-05-13,RELIANCE.NS,1392.394287109375,Equity
2024-05-14,RELIANCE.NS,1409.6414794921875,Equity
2024-05-15,RELIANCE.NS,1405.86962890625,Equity
2024-05-16,RELIANCE.NS,1414.8778076171875,Equity
2024-05-17,RELIANCE.NS,1425.15185546875,Equity
2024-05-18,RELIANCE.NS,,Equity
2024-05-19,RELIANCE.NS,,Equity
2024-05-20,RELIANCE.NS,,Equity
2024-05-21,RELIANCE.NS,1425.57373046875,Equity
2024-05-22,RELIANCE.NS,1449.9185791015625,Equity
2024-05-23,RELIANCE.NS,1475.1319580078125,Equity
2024-05-24,RELIANCE.NS,1469.37451171875,Equity
2024-05-25,RELIANCE.NS,,Equity
2024-05-26,RELIANCE.NS,,Equity
2024-05-27,RELIANCE.NS,1455.4774169921875,Equity
2024-05-28,RELIANCE.NS,1445.5010986328125,Equity
2024-05-29,RELIANCE.NS,1430.1895751953125,Equity
2024-05-30,RELIANCE.NS,1414.3814697265625,Equity
2024-05-31,RELIANCE.NS,1419.8907470703125,Equity
2024-06-01,RELIANCE.NS,,Equity
2024-06-02,RELIANCE.NS,,Equity
2024-06-03,RELIANCE.NS,1499.228515625,Equity
2024-06-04,RELIANCE.NS,1387.0091552734375,Equity
2024-06-05,RELIANCE.NS,1410.3116455078125,Equity
2024-06-06,RELIANCE.NS,1421.0819091796875,Equity
2024-06-07,RELIANCE.NS,1459.1500244140625,Equity
2024-06-08,RELIANCE.NS,,Equity
2024-06-09,RELIANCE.NS,,Equity
2024-06-10,RELIANCE.NS,1460.5894775390625,Equity
2024-06-11,RELIANCE.NS,1445.9727783203125,Equity
2024-06-12,RELIANCE.NS,1452.5738525390625,Equity
2024-06-13,RELIANCE.NS,1454.4847412109375,Equity
2024-06-14,RELIANCE.NS,1466.6944580078125,Equity
2024-06-15,RELIANCE.NS,,Equity
2024-06-16,RELIANCE.NS,,Equity
2024-06-17,RELIANCE.NS,,Equity
2024-06-18,RELIANCE.NS,1470.1439208984375,Equity
2024-06-19,RELIANCE.NS,1447.9332275390625,Equity
2024-06-20,RELIANCE.NS,1462.8726806640625,Equity
2024-06-21,RELIANCE.NS,1443.515869140625,Equity
2024-06-22,RELIANCE.NS,,Equity
2024-06-23,RELIANCE.NS,,Equity
2024-06-24,RELIANCE.NS,1430.88427734375,Equity
2024-06-25,RELIANCE.NS,1443.46630859375,Equity
2024-06-26,RELIANCE.NS,1502.9013671875,Equity
2024-06-27,RELIANCE.NS,1519.304931640625,Equity
2024-06-28,RELIANCE.NS,1553.89892578125,Equity
2024-06-29,RELIANCE.NS,,Equity
2024-06-30,RELIANCE.NS,,Equity
2024-07-01,RELIANCE.NS,1548.6875,Equity
2024-07-02,RELIANCE.NS,1553.6756591796875,Equity
2024-07-03,RELIANCE.NS,1541.019287109375,Equity
2024-07-04,RELIANCE.NS,1542.6075439453125,Equity
2024-07-05,RELIANCE.NS,1576.9532470703125,Equity
2024-07-06,RELIANCE.NS,,Equity
2024-07-07,RELIANCE.NS,,Equity
2024-07-08,RELIANCE.NS,1589.13818359375,Equity
2024-07-09,RELIANCE.NS,1578.5911865234375,Equity
2024-07-10,RELIANCE.NS,1572.5855712890625,Equity
2024-07-11,RELIANCE.NS,1569.036865234375,Equity
2024-07-12,RELIANCE.NS,1584.9937744140625,Equity
2024-07-13,RELIANCE.NS,,Equity
2024-07-14,RELIANCE.NS,,Equity
2024-07-15,RELIANCE.NS,1585.4901123046875,Equity
2024-07-16,RELIANCE.NS,1564.669189453125,Equity
2024-07-17,RELIANCE.NS,,Equity
2024-07-18,RELIANCE.NS,1575.0177001953125,Equity
2024-07-19,RELIANCE.NS,1543.7242431640625,Equity
2024-07-20,RELIANCE.NS,,Equity
2024-07-21,RELIANCE.NS,,Equity
2024-07-22,RELIANCE.NS,1489.6495361328125,Equity
2024-07-23,RELIANCE.NS,1476.96826171875,Equity
2024-07-24,RELIANCE.NS,1484.7109375,Equity
2024-07-25,RELIANCE.NS,1481.4351806640625,Equity
2024-07-26,RELIANCE.NS,1497.9381103515625,Equity
2024-07-27,RELIANCE.NS,,Equity
2024-07-28,RELIANCE.NS,,Equity
2024-07-29,RELIANCE.NS,1508.9317626953125,Equity
2024-07-30,RELIANCE.NS,1502.03271484375,Equity
2024-07-31,RELIANCE.NS,1494.364501953125,Equity
2024-08-01,RELIANCE.NS,1504.1671142578125,Equity
2024-08-02,RELIANCE.NS,1488.3092041015625,Equity
2024-08-03,RELIANCE.NS,,Equity
2024-08-04,RELIANCE.NS,,Equity
2024-08-05,RELIANCE.NS,1436.6912841796875,Equity
2024-08-06,RELIANCE.NS,1445.3524169921875,Equity
2024-08-07,RELIANCE.NS,1454.062744140625,Equity
2024-08-08,RELIANCE.NS,1438.478271484375,Equity
2024-08-09,RELIANCE.NS,1463.46826171875,Equity
2024-08-10,RELIANCE.NS,,Equity
2024-08-11,RELIANCE.NS,,Equity
2024-08-12,RELIANCE.NS,1449.8936767578125,Equity
2024-08-13,RELIANCE.NS,1452.8717041015625,Equity
2024-08-14,RELIANCE.NS,1451.1097412109375,Equity
2024-08-15,RELIANCE.NS,,Equity
2024-08-16,RELIANCE.NS,1467.339599609375,Equity
2024-08-17,RELIANCE.NS,,Equity
2024-08-18,RELIANCE.NS,,Equity
2024-08-19,RELIANCE.NS,1482.4791259765625,Equity
2024-08-20,RELIANCE.NS,1489.9990234375,Equity
2024-08-21,RELIANCE.NS,1492.7132568359375,Equity
2024-08-22,RELIANCE.NS,1492.1654052734375,Equity
2024-08-23,RELIANCE.NS,1494.008056640625,Equity
2024-08-24,RELIANCE.NS,,Equity
2024-08-25,RELIANCE.NS,,Equity
2024-08-26,RELIANCE.NS,1506.5828857421875,Equity
2024-08-27,RELIANCE.NS,1494.481201171875,Equity
2024-08-28,RELIANCE.NS,1492.33984375,Equity
2024-08-29,RELIANCE.NS,1514.874755859375,Equity
2024-08-30,RELIANCE.NS,1503.6197509765625,Equity
2024-08-31,RELIANCE.NS,,Equity
2024-09-01,RELIANCE.NS,,Equity
2024-09-02,RELIANCE.NS,1510.2183837890625,Equity
2024-09-03,RELIANCE.NS,1503.1217041015625,Equity
2024-09-04,RELIANCE.NS,1508.525146484375,Equity
2024-09-05,RELIANCE.NS,1487.035888671875,Equity
2024-09-06,RELIANCE.NS,1458.997802734375,Equity
2024-09-07,RELIANCE.NS,,Equity
2024-09-08,RELIANCE.NS,,Equity
2024-09-09,RELIANCE.NS,1456.63232421875,Equity
2024-09-10,RELIANCE.NS,1455.7110595703125,Equity
2024-09-11,RELIANCE.NS,1445.7259521484375,Equity
2024-09-12,RELIANCE.NS,1473.913330078125,Equity
2024-09-13,RELIANCE.NS,1466.766845703125,Equity
2024-09-14,RELIANCE.NS,,Equity
2024-09-15,RELIANCE.NS,,Equity
2024-09-16,RELIANCE.NS,1465.4969482421875,Equity
2024-09-17,RELIANCE.NS,1466.4432373046875,Equity
2024-09-18,RELIANCE.NS,1457.6282958984375,Equity
2024-09-19,RELIANCE.NS,1463.82861328125,Equity
2024-09-20,RELIANCE.NS,1480.0140380859375,Equity
2024-09-21,RELIANCE.NS,,Equity
2024-09-22,RELIANCE.NS,,Equity
2024-09-23,RELIANCE.NS,1487.434326171875,Equity
2024-09-24,RELIANCE.NS,1483.4501953125,Equity
2024-09-25,RELIANCE.NS,1488.0069580078125,Equity
2024-09-26,RELIANCE.NS,1491.9910888671875,Equity
2024-09-27,RELIANCE.NS,1520.1038818359375,Equity
2024-09-28,RELIANCE.NS,,Equity
2024-09-29,RELIANCE.NS,,Equity
2024-09-30,RELIANCE.NS,1470.701171875,Equity
2024-10-01,RELIANCE.NS,1458.997802734375,Equity
2024-10-02,RELIANCE.NS,,Equity
2024-10-03,RELIANCE.NS,1401.3780517578125,Equity
2024-10-04,RELIANCE.NS,1381.0093994140625,Equity
2024-10-05,RELIANCE.NS,,Equity
2024-10-06,RELIANCE.NS,,Equity
2024-10-07,RELIANCE.NS,1365.272216796875,Equity
2024-10-08,RELIANCE.NS,1391.791259765625,Equity
2024-10-09,RELIANCE.NS,1369.1318359375,Equity
2024-10-10,RELIANCE.NS,1365.595947265625,Equity
2024-10-11,RELIANCE.NS,1366.6417236328125,Equity
2024-10-12,RELIANCE.NS,,Equity
2024-10-13,RELIANCE.NS,,Equity
2024-10-14,RELIANCE.NS,1367.0650634765625,Equity
2024-10-15,RELIANCE.NS,1338.678466796875,Equity
2024-10-16,RELIANCE.NS,1348.6884765625,Equity
2024-10-17,RELIANCE.NS,1351.0291748046875,Equity
2024-10-18,RELIANCE.NS,1353.8927001953125,Equity
2024-10-19,RELIANCE.NS,,Equity
2024-10-20,RELIANCE.NS,,Equity
2024-10-21,RELIANCE.NS,1363.7532958984375,Equity
2024-10-22,RELIANCE.NS,1338.006103515625,Equity
2024-10-23,RELIANCE.NS,1333.2003173828125,Equity
2024-10-24,RELIANCE.NS,1334.4703369140625,Equity
2024-10-25,RELIANCE.NS,1322.5677490234375,Equity
2024-10-26,RELIANCE.NS,,Equity
2024-10-27,RELIANCE.NS,,Equity
2024-10-28,RELIANCE.NS,1329.0418701171875,Equity
2024-10-29,RELIANCE.NS,1334.66943359375,Equity
2024-10-30,RELIANCE.NS,1338.553955078125,Equity
2024-10-31,RELIANCE.NS,1326.7510986328125,Equity
2024-11-01,RELIANCE.NS,1333.3248291015625,Equity
2024-11-02,RELIANCE.NS,,Equity
2024-11-03,RELIANCE.NS,,Equity
2024-11-04,RELIANCE.NS,1296.9700927734375,Equity
2024-11-05,RELIANCE.NS,1300.1075439453125,Equity
2024-11-06,RELIANCE.NS,1320.0777587890625,Equity
2024-11-07,RELIANCE.NS,1300.4561767578125,Equity
2024-11-08,RELIANCE.NS,1278.6431884765625,Equity
2024-11-09,RELIANCE.NS,,Equity
2024-11-10,RELIANCE.NS,,Equity
2024-11-11,RELIANCE.NS,1267.6370849609375,Equity
2024-11-12,RELIANCE.NS,1269.1810302734375,Equity
2024-11-13,RELIANCE.NS,1247.0693359375,Equity
2024-11-14,RELIANCE.NS,1262.5574951171875,Equity
2024-11-15,RELIANCE.NS,,Equity
2024-11-16,RELIANCE.NS,,Equity
2024-11-17,RELIANCE.NS,,Equity
2024-11-18,RELIANCE.NS,1255.7347412109375,Equity
2024-11-19,RELIANCE.NS,1236.710693359375,Equity
2024-11-20,RELIANCE.NS,,Equity
2024-11-21,RELIANCE.NS,1218.1348876953125,Equity
2024-11-22,RELIANCE.NS,1260.3662109375,Equity
2024-11-23,RELIANCE.NS,,Equity
2024-11-24,RELIANCE.NS,,Equity
2024-11-25,RELIANCE.NS,1281.8802490234375,Equity
2024-11-26,RELIANCE.NS,1290.545654296875,Equity
2024-11-27,RELIANCE.NS,1288.0555419921875,Equity
2024-11-28,RELIANCE.NS,1265.7447509765625,Equity
2024-11-29,RELIANCE.NS,1287.0595703125,Equity
2024-11-30,RELIANCE.NS,,Equity
2024-12-01,RELIANCE.NS,,Equity
2024-12-02,RELIANCE.NS,1303.9422607421875,Equity
2024-12-03,RELIANCE.NS,1318.035888671875,Equity
2024-12-04,RELIANCE.NS,1303.742919921875,Equity
2024-12-05,RELIANCE.NS,1316.7908935546875,Equity
2024-12-06,RELIANCE.NS,1306.3326416015625,Equity
2024-12-07,RELIANCE.NS,,Equity
2024-12-08,RELIANCE.NS,,Equity
2024-12-09,RELIANCE.NS,1289.9979248046875,Equity
2024-12-10,RELIANCE.NS,1279.73876953125,Equity
2024-12-11,RELIANCE.NS,1273.115234375,Equity
2024-12-12,RELIANCE.NS,1257.876220703125,Equity
2024-12-13,RELIANCE.NS,1267.78662109375,Equity
2024-12-14,RELIANCE.NS,,Equity
2024-12-15,RELIANCE.NS,,Equity
2024-12-16,RELIANCE.NS,1263.2547607421875,Equity
2024-12-17,RELIANCE.NS,1240.34619140625,Equity
2024-12-18,RELIANCE.NS,1248.2645263671875,Equity
2024-12-19,RELIANCE.NS,1225.55517578125,Equity
2024-12-20,RELIANCE.NS,1200.50537109375,Equity
2024-12-21,RELIANCE.NS,,Equity
2024-12-22,RELIANCE.NS,,Equity
2024-12-23,RELIANCE.NS,1217.437744140625,Equity
2024-12-24,RELIANCE.NS,1217.8858642578125,Equity
2024-12-25,RELIANCE.NS,,Equity
2024-12-26,RELIANCE.NS,1211.7105712890625,Equity
2024-12-27,RELIANCE.NS,1216.1927490234375,Equity
2024-12-28,RELIANCE.NS,,Equity
2024-12-29,RELIANCE.NS,,Equity
2024-12-30,RELIANCE.NS,1205.8837890625,Equity
2024-12-31,RELIANCE.NS,1210.6148681640625,Equity
2025-01-01,RELIANCE.NS,1216.391845703125,Equity
2025-01-02,RELIANCE.NS,1236.860107421875,Equity
2025-01-03,RELIANCE.NS,1246.1729736328125,Equity
2025-01-04,RELIANCE.NS,,Equity
2025-01-05,RELIANCE.NS,,Equity
2025-01-06,RELIANCE.NS,1213.15478515625,Equity
2025-01-07,RELIANCE.NS,1235.913818359375,Equity
2025-01-08,RELIANCE.NS,1260.4658203125,Equity
2025-01-09,RELIANCE.NS,1249.758544921875,Equity
2025-01-10,RELIANCE.NS,1236.959716796875,Equity
2025-01-11,RELIANCE.NS,,Equity
2025-01-12,RELIANCE.NS,,Equity
2025-01-13,RELIANCE.NS,1234.9178466796875,Equity
2025-01-14,RELIANCE.NS,1233.822265625,Equity
2025-01-15,RELIANCE.NS,1247.2186279296875,Equity
2025-01-16,RELIANCE.NS,1261.4119873046875,Equity
2025-01-17,RELIANCE.NS,1297.169189453125,Equity
2025-01-18,RELIANCE.NS,,Equity
2025-01-19,RELIANCE.NS,,Equity
2025-01-20,RELIANCE.NS,1300.2568359375,Equity
2025-01-21,RELIANCE.NS,1268.6331787109375,Equity
2025-01-22,RELIANCE.NS,1272.0196533203125,Equity
2025-01-23,RELIANCE.NS,1258.6231689453125,Equity
2025-01-24,RELIANCE.NS,1241.34228515625,Equity
2025-01-25,RELIANCE.NS,,Equity
2025-01-26,RELIANCE.NS,,Equity
2025-01-27,RELIANCE.NS,1224.4595947265625,Equity
2025-01-28,RELIANCE.NS,1229.4896240234375,Equity
2025-01-29,RELIANCE.NS,1230.585205078125,Equity
2025-01-30,RELIANCE.NS,1248.0654296875,Equity
2025-01-31,RELIANCE.NS,1260.0673828125,Equity
2025-02-01,RELIANCE.NS,1259.5693359375,Equity
2025-02-02,RELIANCE.NS,,Equity
2025-02-03,RELIANCE.NS,1240.94384765625,Equity
2025-02-04,RELIANCE.NS,1280.08740234375,Equity
2025-02-05,RELIANCE.NS,1273.115234375,Equity
2025-02-06,RELIANCE.NS,1276.4520263671875,Equity
2025-02-07,RELIANCE.NS,1261.6610107421875,Equity
2025-02-08,RELIANCE.NS,,Equity
2025-02-09,RELIANCE.NS,,Equity
2025-02-10,RELIANCE.NS,1248.6629638671875,Equity
2025-02-11,RELIANCE.NS,1229.937744140625,Equity
2025-02-12,RELIANCE.NS,1211.7105712890625,Equity
2025-02-13,RELIANCE.NS,1211.2623291015625,Equity
2025-02-14,RELIANCE.NS,1212.40771484375,Equity
2025-02-15,RELIANCE.NS,,Equity
2025-02-16,RELIANCE.NS,,Equity
2025-02-17,RELIANCE.NS,1220.02734375,Equity
2025-02-18,RELIANCE.NS,1220.525390625,Equity
2025-02-19,RELIANCE.NS,1222.567138671875,Equity
2025-02-20,RELIANCE.NS,1228.0950927734375,Equity
2025-02-21,RELIANCE.NS,1223.264404296875,Equity
2025-02-22,RELIANCE.NS,,Equity
2025-02-23,RELIANCE.NS,,Equity
2025-02-24,RELIANCE.NS,1209.718505859375,Equity
2025-02-25,RELIANCE.NS,1199.21044921875,Equity
2025-02-26,RELIANCE.NS,,Equity
2025-02-27,RELIANCE.NS,1202.298095703125,Equity
2025-02-28,RELIANCE.NS,1195.325927734375,Equity
2025-03-01,RELIANCE.NS,,Equity
2025-03-02,RELIANCE.NS,,Equity
2025-03-03,RELIANCE.NS,1166.5906982421875,Equity
2025-03-04,RELIANCE.NS,1157.2779541015625,Equity
2025-03-05,RELIANCE.NS,1170.9234619140625,Equity
2025-03-06,RELIANCE.NS,1204.7882080078125,Equity
2025-03-07,RELIANCE.NS,1244.828369140625,Equity
2025-03-08,RELIANCE.NS,,Equity
2025-03-09,RELIANCE.NS,,Equity
2025-03-10,RELIANCE.NS,1233.4736328125,Equity
2025-03-11,RELIANCE.NS,1242.3382568359375,Equity
2025-03-12,RELIANCE.NS,1252.0494384765625,Equity
2025-03-13,RELIANCE.NS,1242.9359130859375,Equity
2025-03-14,RELIANCE.NS,,Equity
2025-03-15,RELIANCE.NS,,Equity
2025-03-16,RELIANCE.NS,,Equity
2025-03-17,RELIANCE.NS,1233.9217529296875,Equity
2025-03-18,RELIANCE.NS,1233.9217529296875,Equity
2025-03-19,RELIANCE.NS,1242.1888427734375,Equity
2025-03-20,RELIANCE.NS,1264.101318359375,Equity
2025-03-21,RELIANCE.NS,1271.2725830078125,Equity
2025-03-22,RELIANCE.NS,,Equity
2025-03-23,RELIANCE.NS,,Equity
2025-03-24,RELIANCE.NS,1296.920166015625,Equity
2025-03-25,RELIANCE.NS,1280.33642578125,Equity
2025-03-26,RELIANCE.NS,1267.98583984375,Equity
2025-03-27,RELIANCE.NS,1273.115234375,Equity
2025-03-28,RELIANCE.NS,1270.027587890625,Equity
2025-03-29,RELIANCE.NS,,Equity
2025-03-30,RELIANCE.NS,,Equity
2025-03-31,RELIANCE.NS,,Equity
2025-04-01,RELIANCE.NS,1247.6170654296875,Equity
2025-04-02,RELIANCE.NS,1246.1729736328125,Equity
2025-04-03,RELIANCE.NS,1243.732666015625,Equity
2025-04-04,RELIANCE.NS,1199.9075927734375,Equity
2025-04-05,RELIANCE.NS,,Equity
2025-04-06,RELIANCE.NS,,Equity
2025-04-07,RELIANCE.NS,1161.062744140625,Equity
2025-04-08,RELIANCE.NS,1177.4971923828125,Equity
2025-04-09,RELIANCE.NS,1180.6346435546875,Equity
2025-04-10,RELIANCE.NS,,Equity
2025-04-11,RELIANCE.NS,1214.1009521484375,Equity
2025-04-12,RELIANCE.NS,,Equity
2025-04-13,RELIANCE.NS,,Equity
2025-04-14,RELIANCE.NS,,Equity
2025-04-15,RELIANCE.NS,1235.1668701171875,Equity
2025-04-16,RELIANCE.NS,1234.3701171875,Equity
2025-04-17,RELIANCE.NS,1269.4300537109375,Equity
2025-04-18,RELIANCE.NS,,Equity
2025-04-19,RELIANCE.NS,,Equity
2025-04-20,RELIANCE.NS,,Equity
2025-04-21,RELIANCE.NS,1290.346435546875,Equity
2025-04-22,RELIANCE.NS,1286.0635986328125,Equity
2025-04-23,RELIANCE.NS,1294.82861328125,Equity
2025-04-24,RELIANCE.NS,1296.4222412109375,Equity
2025-04-25,RELIANCE.NS,1295.22705078125,Equity
2025-04-26,RELIANCE.NS,,Equity
2025-04-27,RELIANCE.NS,,Equity
2025-04-28,RELIANCE.NS,1363.35498046875,Equity
2025-04-29,RELIANCE.NS,1394.1319580078125,Equity
2025-04-30,RELIANCE.NS,1399.410888671875,Equity
2025-05-01,RELIANCE.NS,,Equity
2025-05-02,RELIANCE.NS,1414.152099609375,Equity
2025-05-03,RELIANCE.NS,,Equity
2025-05-04,RELIANCE.NS,,Equity
2025-05-05,RELIANCE.NS,1425.6063232421875,Equity
2025-05-06,RELIANCE.NS,1415.2476806640625,Equity
2025-05-07,RELIANCE.NS,1400.4068603515625,Equity
2025-05-08,RELIANCE.NS,1401.4029541015625,Equity
2025-05-09,RELIANCE.NS,1371.721435546875,Equity
2025-05-10,RELIANCE.NS,,Equity
2025-05-11,RELIANCE.NS,,Equity
2025-05-12,RELIANCE.NS,1430.7855224609375,Equity
2025-05-13,RELIANCE.NS,1410.0682373046875,Equity
2025-05-14,RELIANCE.NS,1418.7337646484375,Equity
2025-05-15,RELIANCE.NS,1448.4151611328125,Equity
2025-05-16,RELIANCE.NS,1450.6064453125,Equity
2025-05-17,RELIANCE.NS,,Equity
2025-05-18,RELIANCE.NS,,Equity
2025-05-19,RELIANCE.NS,1435.0684814453125,Equity
2025-05-20,RELIANCE.NS,1418.932861328125,Equity
2025-05-21,RELIANCE.NS,1423.5145263671875,Equity
2025-05-22,RELIANCE.NS,1403.79345703125,Equity
2025-05-23,RELIANCE.NS,1421.124267578125,Equity
2025-05-24,RELIANCE.NS,,Equity
2025-05-25,RELIANCE.NS,,Equity
2025-05-26,RELIANCE.NS,1429.0924072265625,Equity
2025-05-27,RELIANCE.NS,1416.44287109375,Equity
2025-05-28,RELIANCE.NS,1407.279541015625,Equity
2025-05-29,RELIANCE.NS,1412.1600341796875,Equity
2025-05-30,RELIANCE.NS,1415.2476806640625,Equity
2025-05-31,RELIANCE.NS,,Equity
2025-06-01,RELIANCE.NS,,Equity
2025-06-02,RELIANCE.NS,1408.0762939453125,Equity
2025-06-03,RELIANCE.NS,1399.908935546875,Equity
2025-06-04,RELIANCE.NS,1417.8372802734375,Equity
2025-06-05,RELIANCE.NS,1436.662109375,Equity
2025-06-06,RELIANCE.NS,1437.7576904296875,Equity
2025-06-07,RELIANCE.NS,,Equity
2025-06-08,RELIANCE.NS,,Equity
2025-06-09,RELIANCE.NS,1443.0367431640625,Equity
2025-06-10,RELIANCE.NS,1432.777587890625,Equity
2025-06-11,RELIANCE.NS,1443.13623046875,Equity
2025-06-12,RELIANCE.NS,1435.865234375,Equity
2025-06-13,RELIANCE.NS,1422.2198486328125,Equity
2025-06-14,RELIANCE.NS,,Equity
2025-06-15,RELIANCE.NS,,Equity
2025-06-16,RELIANCE.NS,1432.0804443359375,Equity
2025-06-17,RELIANCE.NS,1425.506591796875,Equity
2025-06-18,RELIANCE.NS,1424.4110107421875,Equity
2025-06-19,RELIANCE.NS,1427.598388671875,Equity
2025-06-20,RELIANCE.NS,1460.367431640625,Equity
2025-06-21,RELIANCE.NS,,Equity
2025-06-22,RELIANCE.NS,,Equity
2025-06-23,RELIANCE.NS,1451.0048828125,Equity
2025-06-24,RELIANCE.NS,1445.0286865234375,Equity
2025-06-25,RELIANCE.NS,1461.463134765625,Equity
2025-06-26,RELIANCE.NS,1489.3516845703125,Equity
2025-06-27,RELIANCE.NS,1509.3717041015625,Equity
2025-06-28,RELIANCE.NS,,Equity
2025-06-29,RELIANCE.NS,,Equity
2025-06-30,RELIANCE.NS,1494.630615234375,Equity
2025-07-01,RELIANCE.NS,1522.320068359375,Equity
2025-07-02,RELIANCE.NS,1512.75830078125,Equity
2025-07-03,RELIANCE.NS,1511.76220703125,Equity
2025-07-04,RELIANCE.NS,1521.2244873046875,Equity
2025-07-05,RELIANCE.NS,,Equity
2025-07-06,RELIANCE.NS,,Equity
2025-07-07,RELIANCE.NS,1535.367919921875,Equity
2025-07-08,RELIANCE.NS,1531.4833984375,Equity
2025-07-09,RELIANCE.NS,1512.9573974609375,Equity
2025-07-10,RELIANCE.NS,1511.16455078125,Equity
2025-07-11,RELIANCE.NS,1489.2520751953125,Equity
2025-07-12,RELIANCE.NS,,Equity
2025-07-13,RELIANCE.NS,,Equity
2025-07-14,RELIANCE.NS,1477.7977294921875,Equity
2025-07-15,RELIANCE.NS,1479.4910888671875,Equity
2025-07-16,RELIANCE.NS,1479.690185546875,Equity
2025-07-17,RELIANCE.NS,1470.52685546875,Equity
2025-07-18,RELIANCE.NS,1470.12841796875,Equity
2025-07-19,RELIANCE.NS,,Equity
2025-07-20,RELIANCE.NS,,Equity
2025-07-21,RELIANCE.NS,1422.9169921875,Equity
2025-07-22,RELIANCE.NS,1407.179931640625,Equity
2025-07-23,RELIANCE.NS,1418.932861328125,Equity
2025-07-24,RELIANCE.NS,1397.3192138671875,Equity
2025-07-25,RELIANCE.NS,1386.1636962890625,Equity
2025-07-26,RELIANCE.NS,,Equity
2025-07-27,RELIANCE.NS,,Equity
2025-07-28,RELIANCE.NS,1382.080078125,Equity
2025-07-29,RELIANCE.NS,1411.4627685546875,Equity
2025-07-30,RELIANCE.NS,1404.4906005859375,Equity
2025-07-31,RELIANCE.NS,1384.669677734375,Equity
2025-08-01,RELIANCE.NS,1388.15576171875,Equity
2025-08-02,RELIANCE.NS,,Equity
2025-08-03,RELIANCE.NS,,Equity
2025-08-04,RELIANCE.NS,1405.885009765625,Equity
2025-08-05,RELIANCE.NS,1386.1636962890625,Equity
2025-08-06,RELIANCE.NS,1387.259521484375,Equity
2025-08-07,RELIANCE.NS,1383.8729248046875,Equity
2025-08-08,RELIANCE.NS,1362.35888671875,Equity
2025-08-09,RELIANCE.NS,,Equity
2025-08-10,RELIANCE.NS,,Equity
2025-08-11,RELIANCE.NS,1380.6856689453125,Equity
2025-08-12,RELIANCE.NS,1374.9088134765625,Equity
2025-08-13,RELIANCE.NS,1377.0999755859375,Equity
2025-08-14,RELIANCE.NS,1373.800048828125,Equity
2025-08-15,RELIANCE.NS,,Equity
2025-08-16,RELIANCE.NS,,Equity
2025-08-17,RELIANCE.NS,,Equity
2025-08-18,RELIANCE.NS,1381.699951171875,Equity
2025-08-19,RELIANCE.NS,1420.0999755859375,Equity
2025-08-20,RELIANCE.NS,1413.0,Equity
2025-08-21,RELIANCE.NS,1424.800048828125,Equity
2025-08-22,RELIANCE.NS,1409.199951171875,Equity
2025-08-23,RELIANCE.NS,,Equity
2025-08-24,RELIANCE.NS,,Equity
2025-08-25,RELIANCE.NS,1412.5999755859375,Equity
2025-08-26,RELIANCE.NS,1384.9000244140625,Equity
2025-08-27,RELIANCE.NS,,Equity
2025-08-28,RELIANCE.NS,1385.9000244140625,Equity
2025-08-29,RELIANCE.NS,1357.199951171875,Equity
2025-08-30,RELIANCE.NS,,Equity
2025-08-31,RELIANCE.NS,,Equity
2025-09-01,RELIANCE.NS,1353.9000244140625,Equity
2025-09-02,RELIANCE.NS,1366.5,Equity
2025-09-03,RELIANCE.NS,1372.5999755859375,Equity
2025-09-04,RELIANCE.NS,1359.300048828125,Equity
2025-09-05,RELIANCE.NS,1375.0,Equity
2025-09-06,RELIANCE.NS,,Equity
2025-09-07,RELIANCE.NS,,Equity
2025-09-08,RELIANCE.NS,1378.5,Equity
2025-09-09,RELIANCE.NS,1376.199951171875,Equity
2025-09-10,RELIANCE.NS,1377.0,Equity
2025-09-11,RELIANCE.NS,1383.300048828125,Equity
2025-09-12,RELIANCE.NS,1395.0,Equity
2025-09-13,RELIANCE.NS,,Equity
2025-09-14,RELIANCE.NS,,Equity
2025-09-15,RELIANCE.NS,1399.300048828125,Equity
2025-09-16,RELIANCE.NS,1405.300048828125,Equity
2025-09-17,RELIANCE.NS,1413.800048828125,Equity
2025-09-18,RELIANCE.NS,1415.0,Equity
2025-09-19,RELIANCE.NS,1407.4000244140625,Equity
2025-09-20,RELIANCE.NS,,Equity
2025-09-21,RELIANCE.NS,,Equity
2025-09-22,RELIANCE.NS,1390.5999755859375,Equity
2025-09-23,RELIANCE.NS,1389.800048828125,Equity
2025-09-24,RELIANCE.NS,1383.0,Equity
2025-09-25,RELIANCE.NS,1372.4000244140625,Equity
2025-09-26,RELIANCE.NS,1377.5999755859375,Equity
2025-09-27,RELIANCE.NS,,Equity
2025-09-28,RELIANCE.NS,,Equity
2025-09-29,RELIANCE.NS,1372.800048828125,Equity
2025-09-30,RELIANCE.NS,1364.0,Equity
2025-10-01,RELIANCE.NS,1368.699951171875,Equity
2025-10-02,RELIANCE.NS,,Equity
2025-10-03,RELIANCE.NS,1363.4000244140625,Equity
2025-10-04,RELIANCE.NS,,Equity
2025-10-05,RELIANCE.NS,,Equity
2025-10-06,RELIANCE.NS,1375.0,Equity
2025-10-07,RELIANCE.NS,1384.800048828125,Equity
2025-10-08,RELIANCE.NS,1367.4000244140625,Equity
2025-10-09,RELIANCE.NS,1377.800048828125,Equity
2025-10-10,RELIANCE.NS,1381.699951171875,Equity
2025-10-11,RELIANCE.NS,,Equity
2025-10-12,RELIANCE.NS,,Equity
2025-10-13,RELIANCE.NS,1375.0,Equity
2025-10-14,RELIANCE.NS,1375.9000244140625,Equity
2025-10-15,RELIANCE.NS,1374.300048828125,Equity
2025-10-16,RELIANCE.NS,1398.300048828125,Equity
2025-10-17,RELIANCE.NS,1416.800048828125,Equity
2025-10-18,RELIANCE.NS,,Equity
2025-10-19,RELIANCE.NS,,Equity
2025-10-20,RELIANCE.NS,1466.800048828125,Equity
2025-10-21,RELIANCE.NS,1465.199951171875,Equity
2025-10-22,RELIANCE.NS,,Equity
2025-10-23,RELIANCE.NS,1448.4000244140625,Equity
2025-10-24,RELIANCE.NS,1451.5999755859375,Equity
2025-10-25,RELIANCE.NS,,Equity
2025-10-26,RELIANCE.NS,,Equity
2025-10-27,RELIANCE.NS,1484.0999755859375,Equity
2025-10-28,RELIANCE.NS,1486.9000244140625,Equity
2025-10-29,RELIANCE.NS,1504.199951171875,Equity
2025-10-30,RELIANCE.NS,1488.5,Equity
2025-10-31,RELIANCE.NS,1486.4000244140625,Equity
2025-11-01,RELIANCE.NS,,Equity
2025-11-02,RELIANCE.NS,,Equity
2025-11-03,RELIANCE.NS,1484.699951171875,Equity
2025-11-04,RELIANCE.NS,1473.0999755859375,Equity
2025-11-05,RELIANCE.NS,,Equity
2025-11-06,RELIANCE.NS,1496.0999755859375,Equity
2025-11-07,RELIANCE.NS,1478.0,Equity
2025-11-08,RELIANCE.NS,,Equity
2025-11-09,RELIANCE.NS,,Equity
2025-11-10,RELIANCE.NS,1489.300048828125,Equity
2025-11-11,RELIANCE.NS,1493.4000244140625,Equity
2025-11-12,RELIANCE.NS,1511.5,Equity
2025-11-13,RELIANCE.NS,1510.9000244140625,Equity
2025-11-14,RELIANCE.NS,1518.9000244140625,Equity
2025-11-15,RELIANCE.NS,,Equity
2025-11-16,RELIANCE.NS,,Equity
2025-11-17,RELIANCE.NS,1518.300048828125,Equity
2025-11-18,RELIANCE.NS,1519.4000244140625,Equity
2025-11-19,RELIANCE.NS,1518.9000244140625,Equity
2025-11-20,RELIANCE.NS,1549.0999755859375,Equity
2025-11-21,RELIANCE.NS,1546.5999755859375,Equity
2025-11-22,RELIANCE.NS,,Equity
2025-11-23,RELIANCE.NS,,Equity
2025-11-24,RELIANCE.NS,1535.9000244140625,Equity
2025-11-25,RELIANCE.NS,1539.699951171875,Equity
2025-11-26,RELIANCE.NS,1569.9000244140625,Equity
2025-11-27,RELIANCE.NS,1563.4000244140625,Equity
2025-11-28,RELIANCE.NS,1567.5,Equity
2025-11-29,RELIANCE.NS,,Equity
2025-11-30,RELIANCE.NS,,Equity
2025-12-01,RELIANCE.NS,1566.0999755859375,Equity
2025-12-02,RELIANCE.NS,1546.300048828125,Equity
2025-12-03,RELIANCE.NS,1538.800048828125,Equity
2025-12-04,RELIANCE.NS,1535.5999755859375,Equity
2025-12-05,RELIANCE.NS,1540.5999755859375,Equity
2025-12-06,RELIANCE.NS,,Equity
2025-12-07,RELIANCE.NS,,Equity
2025-12-08,RELIANCE.NS,1543.0,Equity
2025-12-09,RELIANCE.NS,1529.4000244140625,Equity
2025-12-10,RELIANCE.NS,1536.9000244140625,Equity
2025-12-11,RELIANCE.NS,1545.0,Equity
2025-12-12,RELIANCE.NS,1556.5,Equity
2025-12-13,RELIANCE.NS,,Equity
2025-12-14,RELIANCE.NS,,Equity
2025-12-15,RELIANCE.NS,1556.199951171875,Equity
2025-12-16,RELIANCE.NS,1542.300048828125,Equity
2025-12-17,RELIANCE.NS,1544.4000244140625,Equity
2025-12-18,RELIANCE.NS,1544.4000244140625,Equity
2025-12-19,RELIANCE.NS,1565.0999755859375,Equity
2025-12-20,RELIANCE.NS,,Equity
2025-12-21,RELIANCE.NS,,Equity
2025-12-22,RELIANCE.NS,1575.4000244140625,Equity
2025-12-23,RELIANCE.NS,1570.699951171875,Equity
2025-12-24,RELIANCE.NS,1558.199951171875,Equity
2025-12-25,RELIANCE.NS,,Equity
2025-12-26,RELIANCE.NS,1559.199951171875,Equity
2025-12-27,RELIANCE.NS,,Equity
2025-12-28,RELIANCE.NS,,Equity
2025-12-29,RELIANCE.NS,1545.5999755859375,Equity
2025-12-30,RELIANCE.NS,1539.800048828125,Equity
2025-12-31,RELIANCE.NS,1570.4000244140625,Equity
2026-01-01,RELIANCE.NS,1575.5999755859375,Equity
2026-01-02,RELIANCE.NS,1592.300048828125,Equity
2026-01-03,RELIANCE.NS,,Equity
2026-01-04,RELIANCE.NS,,Equity
2026-01-05,RELIANCE.NS,1578.0999755859375,Equity
2026-01-06,RELIANCE.NS,1507.5999755859375,Equity
2026-01-07,RELIANCE.NS,1504.199951171875,Equity
2026-01-08,RELIANCE.NS,1470.5999755859375,Equity
2026-01-09,RELIANCE.NS,1475.300048828125,Equity
2026-01-10,RELIANCE.NS,,Equity
2026-01-11,RELIANCE.NS,,Equity
2026-01-12,RELIANCE.NS,1483.199951171875,Equity
2026-01-13,RELIANCE.NS,1452.800048828125,Equity
2026-01-14,RELIANCE.NS,1458.800048828125,Equity
2026-01-15,RELIANCE.NS,1458.800048828125,Equity
2026-01-16,RELIANCE.NS,1457.9000244140625,Equity
2026-01-17,RELIANCE.NS,,Equity
2026-01-18,RELIANCE.NS,,Equity
2026-01-19,RELIANCE.NS,1413.5999755859375,Equity
2026-01-20,RELIANCE.NS,1394.0,Equity
2026-01-21,RELIANCE.NS,1404.5999755859375,Equity
2026-01-22,RELIANCE.NS,1402.5,Equity
2026-01-23,RELIANCE.NS,1386.0999755859375,Equity
2026-01-24,RELIANCE.NS,,Equity
2026-01-25,RELIANCE.NS,,Equity
2026-01-26,RELIANCE.NS,,Equity
2026-01-27,RELIANCE.NS,1380.5,Equity
2026-01-28,RELIANCE.NS,1396.699951171875,Equity
2026-01-29,RELIANCE.NS,1391.0,Equity
2026-01-30,RELIANCE.NS,1395.4000244140625,Equity
2026-01-31,RELIANCE.NS,,Equity
2026-02-01,RELIANCE.NS,,Equity
2026-02-02,RELIANCE.NS,1390.4000244140625,Equity
2026-02-03,RELIANCE.NS,1437.0999755859375,Equity
2026-02-04,RELIANCE.NS,1456.800048828125,Equity
2026-02-05,RELIANCE.NS,1443.4000244140625,Equity
2026-02-06,RELIANCE.NS,1450.800048828125,Equity
2026-02-07,RELIANCE.NS,,Equity
2026-02-08,RELIANCE.NS,,Equity
2026-02-09,RELIANCE.NS,1461.5999755859375,Equity
2026-02-10,RELIANCE.NS,1458.5,Equity
2026-02-11,RELIANCE.NS,1468.699951171875,Equity
2026-02-12,RELIANCE.NS,1448.9000244140625,Equity
2026-02-13,RELIANCE.NS,1419.5999755859375,Equity
2026-02-14,RELIANCE.NS,,Equity
2026-02-15,RELIANCE.NS,,Equity
2026-02-16,RELIANCE.NS,1437.0999755859375,Equity
2026-02-17,RELIANCE.NS,1423.0,Equity
2026-02-18,RELIANCE.NS,1441.300048828125,Equity
2026-02-19,RELIANCE.NS,1409.5,Equity
2026-02-20,RELIANCE.NS,1419.4000244140625,Equity
2026-02-21,RELIANCE.NS,,Equity
2026-02-22,RELIANCE.NS,,Equity
2026-02-23,RELIANCE.NS,1428.0,Equity
2026-02-24,RELIANCE.NS,1428.800048828125,Equity
2026-02-25,RELIANCE.NS,1398.5,Equity
2026-02-26,RELIANCE.NS,1406.800048828125,Equity
2026-02-27,RELIANCE.NS,1393.9000244140625,Equity
2026-02-28,RELIANCE.NS,,Equity
2026-03-01,RELIANCE.NS,,Equity
2026-03-02,RELIANCE.NS,1358.0,Equity
2026-03-03,RELIANCE.NS,,Equity
2026-03-04,RELIANCE.NS,1345.0,Equity
2026-03-05,RELIANCE.NS,1389.4000244140625,Equity
2026-03-06,RELIANCE.NS,1404.800048828125,Equity
2026-03-07,RELIANCE.NS,,Equity
2026-03-08,RELIANCE.NS,,Equity
2026-03-09,RELIANCE.NS,1424.0,Equity
2026-03-10,RELIANCE.NS,1408.800048828125,Equity
2026-03-11,RELIANCE.NS,1390.199951171875,Equity
2026-03-12,RELIANCE.NS,1392.199951171875,Equity
2026-03-13,RELIANCE.NS,1380.699951171875,Equity
2026-03-14,RELIANCE.NS,,Equity
2026-03-15,RELIANCE.NS,,Equity
2026-03-16,RELIANCE.NS,1395.0999755859375,Equity
2026-03-17,RELIANCE.NS,1397.5999755859375,Equity
2026-03-18,RELIANCE.NS,1408.0999755859375,Equity
2026-03-19,RELIANCE.NS,1384.800048828125,Equity
2026-03-20,RELIANCE.NS,1414.4000244140625,Equity
2026-03-21,RELIANCE.NS,,Equity
2026-03-22,RELIANCE.NS,,Equity
2026-03-23,RELIANCE.NS,1407.800048828125,Equity
2026-03-24,RELIANCE.NS,1411.800048828125,Equity
2026-03-25,RELIANCE.NS,1413.0999755859375,Equity
2026-03-26,RELIANCE.NS,,Equity
2026-03-27,RELIANCE.NS,1348.0999755859375,Equity
2026-03-28,RELIANCE.NS,,Equity
2026-03-29,RELIANCE.NS,,Equity
2026-03-30,RELIANCE.NS,1343.9000244140625,Equity
2026-03-31,RELIANCE.NS,,Equity
2026-04-01,RELIANCE.NS,1369.199951171875,Equity
2026-04-02,RELIANCE.NS,1350.5,Equity
2026-04-03,RELIANCE.NS,,Equity
2026-04-04,RELIANCE.NS,,Equity
2026-04-05,RELIANCE.NS,,Equity
2026-04-06,RELIANCE.NS,1304.699951171875,Equity
2026-04-07,RELIANCE.NS,1304.5999755859375,Equity
2026-04-08,RELIANCE.NS,1347.800048828125,Equity
2026-04-09,RELIANCE.NS,1330.0,Equity
2026-04-10,RELIANCE.NS,1350.199951171875,Equity
2026-04-11,RELIANCE.NS,,Equity
2026-04-12,RELIANCE.NS,,Equity
2026-04-13,RELIANCE.NS,1315.0999755859375,Equity
2026-04-14,RELIANCE.NS,,Equity
2026-04-15,RELIANCE.NS,1344.0999755859375,Equity
2026-04-16,RELIANCE.NS,1343.300048828125,Equity
2026-04-17,RELIANCE.NS,1365.0,Equity
2026-04-18,RELIANCE.NS,,Equity
2026-04-19,RELIANCE.NS,,Equity
2026-04-20,RELIANCE.NS,1363.300048828125,Equity
2026-04-21,RELIANCE.NS,1353.300048828125,Equity
2026-04-22,RELIANCE.NS,1362.0999755859375,Equity
2026-04-23,RELIANCE.NS,1343.4000244140625,Equity
2026-04-24,RELIANCE.NS,1327.800048828125,Equity
2026-04-25,RELIANCE.NS,,Equity
2026-04-26,RELIANCE.NS,,Equity
2026-04-27,RELIANCE.NS,1365.800048828125,Equity
2026-04-28,RELIANCE.NS,1388.9000244140625,Equity
2026-04-29,RELIANCE.NS,1425.4000244140625,Equity
2026-04-30,RELIANCE.NS,1430.800048828125,Equity
2026-05-01,RELIANCE.NS,1430.800048828125,Equity
2026-05-02,RELIANCE.NS,,Equity
2026-05-03,RELIANCE.NS,,Equity
2026-05-04,RELIANCE.NS,1463.0999755859375,Equity
2026-05-05,RELIANCE.NS,1463.5999755859375,Equity
2026-05-06,RELIANCE.NS,1437.9000244140625,Equity
2026-05-07,RELIANCE.NS,1436.199951171875,Equity
2026-05-08,RELIANCE.NS,1435.199951171875,Equity
2026-05-09,RELIANCE.NS,,Equity
2026-05-10,RELIANCE.NS,,Equity
2026-05-11,RELIANCE.NS,1388.199951171875,Equity
2026-05-12,RELIANCE.NS,1364.0,Equity
2026-05-13,RELIANCE.NS,1358.800048828125,Equity
2026-05-14,RELIANCE.NS,1361.800048828125,Equity
2026-05-15,RELIANCE.NS,1336.4000244140625,Equity
2026-05-16,RELIANCE.NS,,Equity
2026-05-17,RELIANCE.NS,,Equity
2026-05-18,RELIANCE.NS,1335.9000244140625,Equity
2026-05-19,RELIANCE.NS,1322.699951171875,Equity
2026-05-20,RELIANCE.NS,1359.699951171875,Equity
2026-05-21,RELIANCE.NS,1349.5999755859375,Equity
2026-05-22,RELIANCE.NS,1354.5,Equity
2026-05-23,RELIANCE.NS,,Equity
2026-05-24,RELIANCE.NS,,Equity
2026-05-25,RELIANCE.NS,1367.0,Equity
2026-05-26,RELIANCE.NS,1356.300048828125,Equity
2026-05-27,RELIANCE.NS,1350.5,Equity
2026-05-28,RELIANCE.NS,1350.5,Equity
2026-05-29,RELIANCE.NS,1321.199951171875,Equity
2026-05-30,RELIANCE.NS,,Equity
2026-05-31,RELIANCE.NS,,Equity
2026-06-01,RELIANCE.NS,1320.0,Equity
2026-06-02,RELIANCE.NS,1314.5999755859375,Equity
2023-01-01,SILVERBEES.NS,,ETF
2023-01-02,SILVERBEES.NS,67.66999816894531,ETF
2023-01-03,SILVERBEES.NS,68.66999816894531,ETF
2023-01-04,SILVERBEES.NS,68.7300033569336,ETF
2023-01-05,SILVERBEES.NS,66.91999816894531,ETF
2023-01-06,SILVERBEES.NS,66.87999725341797,ETF
2023-01-07,SILVERBEES.NS,,ETF
2023-01-08,SILVERBEES.NS,,ETF
2023-01-09,SILVERBEES.NS,67.94999694824219,ETF
2023-01-10,SILVERBEES.NS,67.08000183105469,ETF
2023-01-11,SILVERBEES.NS,67.54000091552734,ETF
2023-01-12,SILVERBEES.NS,67.1500015258789,ETF
2023-01-13,SILVERBEES.NS,67.18000030517578,ETF
2023-01-14,SILVERBEES.NS,,ETF
2023-01-15,SILVERBEES.NS,,ETF
2023-01-16,SILVERBEES.NS,68.26000213623047,ETF
2023-01-17,SILVERBEES.NS,68.05000305175781,ETF
2023-01-18,SILVERBEES.NS,68.19999694824219,ETF
2023-01-19,SILVERBEES.NS,66.73999786376953,ETF
2023-01-20,SILVERBEES.NS,67.58999633789062,ETF
2023-01-21,SILVERBEES.NS,,ETF
2023-01-22,SILVERBEES.NS,,ETF
2023-01-23,SILVERBEES.NS,67.5199966430664,ETF
2023-01-24,SILVERBEES.NS,67.30999755859375,ETF
2023-01-25,SILVERBEES.NS,67.25,ETF
2023-01-26,SILVERBEES.NS,,ETF
2023-01-27,SILVERBEES.NS,67.47000122070312,ETF
2023-01-28,SILVERBEES.NS,,ETF
2023-01-29,SILVERBEES.NS,,ETF
2023-01-30,SILVERBEES.NS,67.44999694824219,ETF
2023-01-31,SILVERBEES.NS,66.9800033569336,ETF
2023-02-01,SILVERBEES.NS,68.70999908447266,ETF
2023-02-02,SILVERBEES.NS,70.5999984741211,ETF
2023-02-03,SILVERBEES.NS,68.87999725341797,ETF
2023-02-04,SILVERBEES.NS,,ETF
2023-02-05,SILVERBEES.NS,,ETF
2023-02-06,SILVERBEES.NS,66.91999816894531,ETF
2023-02-07,SILVERBEES.NS,66.80999755859375,ETF
2023-02-08,SILVERBEES.NS,66.83999633789062,ETF
2023-02-09,SILVERBEES.NS,66.73999786376953,ETF
2023-02-10,SILVERBEES.NS,66.04000091552734,ETF
2023-02-11,SILVERBEES.NS,,ETF
2023-02-12,SILVERBEES.NS,,ETF
2023-02-13,SILVERBEES.NS,65.62000274658203,ETF
2023-02-14,SILVERBEES.NS,65.55999755859375,ETF
2023-02-15,SILVERBEES.NS,64.80000305175781,ETF
2023-02-16,SILVERBEES.NS,64.9800033569336,ETF
2023-02-17,SILVERBEES.NS,64.11000061035156,ETF
2023-02-18,SILVERBEES.NS,,ETF
2023-02-19,SILVERBEES.NS,,ETF
2023-02-20,SILVERBEES.NS,65.33000183105469,ETF
2023-02-21,SILVERBEES.NS,65.12000274658203,ETF
2023-02-22,SILVERBEES.NS,65.22000122070312,ETF
2023-02-23,SILVERBEES.NS,64.52999877929688,ETF
2023-02-24,SILVERBEES.NS,63.900001525878906,ETF
2023-02-25,SILVERBEES.NS,,ETF
2023-02-26,SILVERBEES.NS,,ETF
2023-02-27,SILVERBEES.NS,62.90999984741211,ETF
2023-02-28,SILVERBEES.NS,62.47999954223633,ETF
2023-03-01,SILVERBEES.NS,63.7599983215332,ETF
2023-03-02,SILVERBEES.NS,63.209999084472656,ETF
2023-03-03,SILVERBEES.NS,63.540000915527344,ETF
2023-03-04,SILVERBEES.NS,,ETF
2023-03-05,SILVERBEES.NS,,ETF
2023-03-06,SILVERBEES.NS,63.720001220703125,ETF
2023-03-07,SILVERBEES.NS,,ETF
2023-03-08,SILVERBEES.NS,61.29999923706055,ETF
2023-03-09,SILVERBEES.NS,60.939998626708984,ETF
2023-03-10,SILVERBEES.NS,61.2599983215332,ETF
2023-03-11,SILVERBEES.NS,,ETF
2023-03-12,SILVERBEES.NS,,ETF
2023-03-13,SILVERBEES.NS,63.099998474121094,ETF
2023-03-14,SILVERBEES.NS,64.91000366210938,ETF
2023-03-15,SILVERBEES.NS,65.4000015258789,ETF
2023-03-16,SILVERBEES.NS,66.23999786376953,ETF
2023-03-17,SILVERBEES.NS,65.88999938964844,ETF
2023-03-18,SILVERBEES.NS,,ETF
2023-03-19,SILVERBEES.NS,,ETF
2023-03-20,SILVERBEES.NS,67.58999633789062,ETF
2023-03-21,SILVERBEES.NS,67.36000061035156,ETF
2023-03-22,SILVERBEES.NS,67.43000030517578,ETF
2023-03-23,SILVERBEES.NS,68.26000213623047,ETF
2023-03-24,SILVERBEES.NS,68.9800033569336,ETF
2023-03-25,SILVERBEES.NS,,ETF
2023-03-26,SILVERBEES.NS,,ETF
2023-03-27,SILVERBEES.NS,68.41999816894531,ETF
2023-03-28,SILVERBEES.NS,68.30999755859375,ETF
2023-03-29,SILVERBEES.NS,69.19999694824219,ETF
2023-03-30,SILVERBEES.NS,,ETF
2023-03-31,SILVERBEES.NS,70.66999816894531,ETF
2023-04-01,SILVERBEES.NS,,ETF
2023-04-02,SILVERBEES.NS,,ETF
2023-04-03,SILVERBEES.NS,70.38999938964844,ETF
2023-04-04,SILVERBEES.NS,,ETF
2023-04-05,SILVERBEES.NS,72.94999694824219,ETF
2023-04-06,SILVERBEES.NS,73.22000122070312,ETF
2023-04-07,SILVERBEES.NS,,ETF
2023-04-08,SILVERBEES.NS,,ETF
2023-04-09,SILVERBEES.NS,,ETF
2023-04-10,SILVERBEES.NS,73.23999786376953,ETF
2023-04-11,SILVERBEES.NS,73.56999969482422,ETF
2023-04-12,SILVERBEES.NS,73.8499984741211,ETF
2023-04-13,SILVERBEES.NS,74.86000061035156,ETF
2023-04-14,SILVERBEES.NS,,ETF
2023-04-15,SILVERBEES.NS,,ETF
2023-04-16,SILVERBEES.NS,,ETF
2023-04-17,SILVERBEES.NS,74.62000274658203,ETF
2023-04-18,SILVERBEES.NS,73.68000030517578,ETF
2023-04-19,SILVERBEES.NS,73.0,ETF
2023-04-20,SILVERBEES.NS,74.56999969482422,ETF
2023-04-21,SILVERBEES.NS,73.94000244140625,ETF
2023-04-22,SILVERBEES.NS,,ETF
2023-04-23,SILVERBEES.NS,,ETF
2023-04-24,SILVERBEES.NS,73.66999816894531,ETF
2023-04-25,SILVERBEES.NS,73.7300033569336,ETF
2023-04-26,SILVERBEES.NS,73.51000213623047,ETF
2023-04-27,SILVERBEES.NS,73.44999694824219,ETF
2023-04-28,SILVERBEES.NS,73.08000183105469,ETF
2023-04-29,SILVERBEES.NS,,ETF
2023-04-30,SILVERBEES.NS,,ETF
2023-05-01,SILVERBEES.NS,,ETF
2023-05-02,SILVERBEES.NS,72.98999786376953,ETF
2023-05-03,SILVERBEES.NS,74.41000366210938,ETF
2023-05-04,SILVERBEES.NS,75.1500015258789,ETF
2023-05-05,SILVERBEES.NS,75.93000030517578,ETF
2023-05-06,SILVERBEES.NS,,ETF
2023-05-07,SILVERBEES.NS,,ETF
2023-05-08,SILVERBEES.NS,75.25,ETF
2023-05-09,SILVERBEES.NS,75.2300033569336,ETF
2023-05-10,SILVERBEES.NS,75.41999816894531,ETF
2023-05-11,SILVERBEES.NS,73.88999938964844,ETF
2023-05-12,SILVERBEES.NS,71.08999633789062,ETF
2023-05-13,SILVERBEES.NS,,ETF
2023-05-14,SILVERBEES.NS,,ETF
2023-05-15,SILVERBEES.NS,71.83000183105469,ETF
2023-05-16,SILVERBEES.NS,71.25,ETF
2023-05-17,SILVERBEES.NS,70.94999694824219,ETF
2023-05-18,SILVERBEES.NS,70.66999816894531,ETF
2023-05-19,SILVERBEES.NS,71.20999908447266,ETF
2023-05-20,SILVERBEES.NS,,ETF
2023-05-21,SILVERBEES.NS,,ETF
2023-05-22,SILVERBEES.NS,71.68000030517578,ETF
2023-05-23,SILVERBEES.NS,69.91999816894531,ETF
2023-05-24,SILVERBEES.NS,70.41999816894531,ETF
2023-05-25,SILVERBEES.NS,69.72000122070312,ETF
2023-05-26,SILVERBEES.NS,69.75,ETF
2023-05-27,SILVERBEES.NS,,ETF
2023-05-28,SILVERBEES.NS,,ETF
2023-05-29,SILVERBEES.NS,70.19999694824219,ETF
2023-05-30,SILVERBEES.NS,69.95999908447266,ETF
2023-05-31,SILVERBEES.NS,70.18000030517578,ETF
2023-06-01,SILVERBEES.NS,70.30000305175781,ETF
2023-06-02,SILVERBEES.NS,71.4800033569336,ETF
2023-06-03,SILVERBEES.NS,,ETF
2023-06-04,SILVERBEES.NS,,ETF
2023-06-05,SILVERBEES.NS,70.62999725341797,ETF
2023-06-06,SILVERBEES.NS,70.7300033569336,ETF
2023-06-07,SILVERBEES.NS,70.70999908447266,ETF
2023-06-08,SILVERBEES.NS,71.05999755859375,ETF
2023-06-09,SILVERBEES.NS,72.66000366210938,ETF
2023-06-10,SILVERBEES.NS,,ETF
2023-06-11,SILVERBEES.NS,,ETF
2023-06-12,SILVERBEES.NS,72.3499984741211,ETF
2023-06-13,SILVERBEES.NS,72.2699966430664,ETF
2023-06-14,SILVERBEES.NS,71.4800033569336,ETF
2023-06-15,SILVERBEES.NS,70.12000274658203,ETF
2023-06-16,SILVERBEES.NS,71.48999786376953,ETF
2023-06-17,SILVERBEES.NS,,ETF
2023-06-18,SILVERBEES.NS,,ETF
2023-06-19,SILVERBEES.NS,71.73999786376953,ETF
2023-06-20,SILVERBEES.NS,71.44999694824219,ETF
2023-06-21,SILVERBEES.NS,69.36000061035156,ETF
2023-06-22,SILVERBEES.NS,68.08999633789062,ETF
2023-06-23,SILVERBEES.NS,67.41000366210938,ETF
2023-06-24,SILVERBEES.NS,,ETF
2023-06-25,SILVERBEES.NS,,ETF
2023-06-26,SILVERBEES.NS,68.4800033569336,ETF
2023-06-27,SILVERBEES.NS,68.80000305175781,ETF
2023-06-28,SILVERBEES.NS,68.37999725341797,ETF
2023-06-29,SILVERBEES.NS,,ETF
2023-06-30,SILVERBEES.NS,67.56999969482422,ETF
2023-07-01,SILVERBEES.NS,,ETF
2023-07-02,SILVERBEES.NS,,ETF
2023-07-03,SILVERBEES.NS,68.5,ETF
2023-07-04,SILVERBEES.NS,69.0199966430664,ETF
2023-07-05,SILVERBEES.NS,68.91999816894531,ETF
2023-07-06,SILVERBEES.NS,69.73999786376953,ETF
2023-07-07,SILVERBEES.NS,68.94000244140625,ETF
2023-07-08,SILVERBEES.NS,,ETF
2023-07-09,SILVERBEES.NS,,ETF
2023-07-10,SILVERBEES.NS,69.6500015258789,ETF
2023-07-11,SILVERBEES.NS,70.0,ETF
2023-07-12,SILVERBEES.NS,69.88999938964844,ETF
2023-07-13,SILVERBEES.NS,72.1500015258789,ETF
2023-07-14,SILVERBEES.NS,73.61000061035156,ETF
2023-07-15,SILVERBEES.NS,,ETF
2023-07-16,SILVERBEES.NS,,ETF
2023-07-17,SILVERBEES.NS,73.80999755859375,ETF
2023-07-18,SILVERBEES.NS,74.05000305175781,ETF
2023-07-19,SILVERBEES.NS,74.41999816894531,ETF
2023-07-20,SILVERBEES.NS,74.76000213623047,ETF
2023-07-21,SILVERBEES.NS,73.44999694824219,ETF
2023-07-22,SILVERBEES.NS,,ETF
2023-07-23,SILVERBEES.NS,,ETF
2023-07-24,SILVERBEES.NS,73.2300033569336,ETF
2023-07-25,SILVERBEES.NS,73.16999816894531,ETF
2023-07-26,SILVERBEES.NS,73.58000183105469,ETF
2023-07-27,SILVERBEES.NS,74.1500015258789,ETF
2023-07-28,SILVERBEES.NS,72.4000015258789,ETF
2023-07-29,SILVERBEES.NS,,ETF
2023-07-30,SILVERBEES.NS,,ETF
2023-07-31,SILVERBEES.NS,72.68000030517578,ETF
2023-08-01,SILVERBEES.NS,73.37000274658203,ETF
2023-08-02,SILVERBEES.NS,72.97000122070312,ETF
2023-08-03,SILVERBEES.NS,71.13999938964844,ETF
2023-08-04,SILVERBEES.NS,71.13999938964844,ETF
2023-08-05,SILVERBEES.NS,,ETF
2023-08-06,SILVERBEES.NS,,ETF
2023-08-07,SILVERBEES.NS,71.04000091552734,ETF
2023-08-08,SILVERBEES.NS,70.31999969482422,ETF
2023-08-09,SILVERBEES.NS,69.41000366210938,ETF
2023-08-10,SILVERBEES.NS,69.4800033569336,ETF
2023-08-11,SILVERBEES.NS,69.25,ETF
2023-08-12,SILVERBEES.NS,,ETF
2023-08-13,SILVERBEES.NS,,ETF
2023-08-14,SILVERBEES.NS,69.31999969482422,ETF
2023-08-15,SILVERBEES.NS,,ETF
2023-08-16,SILVERBEES.NS,69.68000030517578,ETF
2023-08-17,SILVERBEES.NS,69.16999816894531,ETF
2023-08-18,SILVERBEES.NS,69.62999725341797,ETF
2023-08-19,SILVERBEES.NS,,ETF
2023-08-20,SILVERBEES.NS,,ETF
2023-08-21,SILVERBEES.NS,69.7300033569336,ETF
2023-08-22,SILVERBEES.NS,70.94999694824219,ETF
2023-08-23,SILVERBEES.NS,71.62000274658203,ETF
2023-08-24,SILVERBEES.NS,72.54000091552734,ETF
2023-08-25,SILVERBEES.NS,72.55000305175781,ETF
2023-08-26,SILVERBEES.NS,,ETF
2023-08-27,SILVERBEES.NS,,ETF
2023-08-28,SILVERBEES.NS,72.4800033569336,ETF
2023-08-29,SILVERBEES.NS,72.69000244140625,ETF
2023-08-30,SILVERBEES.NS,73.4800033569336,ETF
2023-08-31,SILVERBEES.NS,73.29000091552734,ETF
2023-09-01,SILVERBEES.NS,73.55000305175781,ETF
2023-09-02,SILVERBEES.NS,,ETF
2023-09-03,SILVERBEES.NS,,ETF
2023-09-04,SILVERBEES.NS,72.43000030517578,ETF
2023-09-05,SILVERBEES.NS,71.2300033569336,ETF
2023-09-06,SILVERBEES.NS,71.12000274658203,ETF
2023-09-07,SILVERBEES.NS,70.4000015258789,ETF
2023-09-08,SILVERBEES.NS,70.16999816894531,ETF
2023-09-09,SILVERBEES.NS,,ETF
2023-09-10,SILVERBEES.NS,,ETF
2023-09-11,SILVERBEES.NS,70.61000061035156,ETF
2023-09-12,SILVERBEES.NS,70.29000091552734,ETF
2023-09-13,SILVERBEES.NS,70.05000305175781,ETF
2023-09-14,SILVERBEES.NS,69.26000213623047,ETF
2023-09-15,SILVERBEES.NS,70.7300033569336,ETF
2023-09-16,SILVERBEES.NS,,ETF
2023-09-17,SILVERBEES.NS,,ETF
2023-09-18,SILVERBEES.NS,71.08000183105469,ETF
2023-09-19,SILVERBEES.NS,,ETF
2023-09-20,SILVERBEES.NS,71.08000183105469,ETF
2023-09-21,SILVERBEES.NS,70.93000030517578,ETF
2023-09-22,SILVERBEES.NS,71.83000183105469,ETF
2023-09-23,SILVERBEES.NS,,ETF
2023-09-24,SILVERBEES.NS,,ETF
2023-09-25,SILVERBEES.NS,71.70999908447266,ETF
2023-09-26,SILVERBEES.NS,70.52999877929688,ETF
2023-09-27,SILVERBEES.NS,69.97000122070312,ETF
2023-09-28,SILVERBEES.NS,69.55000305175781,ETF
2023-09-29,SILVERBEES.NS,70.55999755859375,ETF
2023-09-30,SILVERBEES.NS,,ETF
2023-10-01,SILVERBEES.NS,,ETF
2023-10-02,SILVERBEES.NS,,ETF
2023-10-03,SILVERBEES.NS,67.7300033569336,ETF
2023-10-04,SILVERBEES.NS,67.05999755859375,ETF
2023-10-05,SILVERBEES.NS,67.38999938964844,ETF
2023-10-06,SILVERBEES.NS,68.25,ETF
2023-10-07,SILVERBEES.NS,,ETF
2023-10-08,SILVERBEES.NS,,ETF
2023-10-09,SILVERBEES.NS,69.30999755859375,ETF
2023-10-10,SILVERBEES.NS,69.44999694824219,ETF
2023-10-11,SILVERBEES.NS,69.5199966430664,ETF
2023-10-12,SILVERBEES.NS,68.9000015258789,ETF
2023-10-13,SILVERBEES.NS,68.69000244140625,ETF
2023-10-14,SILVERBEES.NS,,ETF
2023-10-15,SILVERBEES.NS,,ETF
2023-10-16,SILVERBEES.NS,69.72000122070312,ETF
2023-10-17,SILVERBEES.NS,69.80000305175781,ETF
2023-10-18,SILVERBEES.NS,70.8499984741211,ETF
2023-10-19,SILVERBEES.NS,70.27999877929688,ETF
2023-10-20,SILVERBEES.NS,70.76000213623047,ETF
2023-10-21,SILVERBEES.NS,,ETF
2023-10-22,SILVERBEES.NS,,ETF
2023-10-23,SILVERBEES.NS,70.91999816894531,ETF
2023-10-24,SILVERBEES.NS,,ETF
2023-10-25,SILVERBEES.NS,70.01000213623047,ETF
2023-10-26,SILVERBEES.NS,70.58999633789062,ETF
2023-10-27,SILVERBEES.NS,70.16999816894531,ETF
2023-10-28,SILVERBEES.NS,,ETF
2023-10-29,SILVERBEES.NS,,ETF
2023-10-30,SILVERBEES.NS,70.8499984741211,ETF
2023-10-31,SILVERBEES.NS,71.04000091552734,ETF
2023-11-01,SILVERBEES.NS,69.70999908447266,ETF
2023-11-02,SILVERBEES.NS,70.68000030517578,ETF
2023-11-03,SILVERBEES.NS,69.81999969482422,ETF
2023-11-04,SILVERBEES.NS,,ETF
2023-11-05,SILVERBEES.NS,,ETF
2023-11-06,SILVERBEES.NS,70.7699966430664,ETF
2023-11-07,SILVERBEES.NS,70.04000091552734,ETF
2023-11-08,SILVERBEES.NS,69.37000274658203,ETF
2023-11-09,SILVERBEES.NS,69.22000122070312,ETF
2023-11-10,SILVERBEES.NS,69.69000244140625,ETF
2023-11-11,SILVERBEES.NS,,ETF
2023-11-12,SILVERBEES.NS,,ETF
2023-11-13,SILVERBEES.NS,68.62999725341797,ETF
2023-11-14,SILVERBEES.NS,,ETF
2023-11-15,SILVERBEES.NS,70.86000061035156,ETF
2023-11-16,SILVERBEES.NS,71.41999816894531,ETF
2023-11-17,SILVERBEES.NS,72.2699966430664,ETF
2023-11-18,SILVERBEES.NS,,ETF
2023-11-19,SILVERBEES.NS,,ETF
2023-11-20,SILVERBEES.NS,71.58000183105469,ETF
2023-11-21,SILVERBEES.NS,71.58000183105469,ETF
2023-11-22,SILVERBEES.NS,72.18000030517578,ETF
2023-11-23,SILVERBEES.NS,71.9000015258789,ETF
2023-11-24,SILVERBEES.NS,71.87000274658203,ETF
2023-11-25,SILVERBEES.NS,,ETF
2023-11-26,SILVERBEES.NS,,ETF
2023-11-27,SILVERBEES.NS,,ETF
2023-11-28,SILVERBEES.NS,73.41000366210938,ETF
2023-11-29,SILVERBEES.NS,74.08000183105469,ETF
2023-11-30,SILVERBEES.NS,74.61000061035156,ETF
2023-12-01,SILVERBEES.NS,75.20999908447266,ETF
2023-12-02,SILVERBEES.NS,,ETF
2023-12-03,SILVERBEES.NS,,ETF
2023-12-04,SILVERBEES.NS,75.1500015258789,ETF
2023-12-05,SILVERBEES.NS,73.63999938964844,ETF
2023-12-06,SILVERBEES.NS,73.04000091552734,ETF
2023-12-07,SILVERBEES.NS,72.81999969482422,ETF
2023-12-08,SILVERBEES.NS,72.44000244140625,ETF
2023-12-09,SILVERBEES.NS,,ETF
2023-12-10,SILVERBEES.NS,,ETF
2023-12-11,SILVERBEES.NS,70.3499984741211,ETF
2023-12-12,SILVERBEES.NS,70.26000213623047,ETF
2023-12-13,SILVERBEES.NS,69.69000244140625,ETF
2023-12-14,SILVERBEES.NS,72.56999969482422,ETF
2023-12-15,SILVERBEES.NS,72.81999969482422,ETF
2023-12-16,SILVERBEES.NS,,ETF
2023-12-17,SILVERBEES.NS,,ETF
2023-12-18,SILVERBEES.NS,72.51000213623047,ETF
2023-12-19,SILVERBEES.NS,72.37999725341797,ETF
2023-12-20,SILVERBEES.NS,72.66000366210938,ETF
2023-12-21,SILVERBEES.NS,73.13999938964844,ETF
2023-12-22,SILVERBEES.NS,73.4800033569336,ETF
2023-12-23,SILVERBEES.NS,,ETF
2023-12-24,SILVERBEES.NS,,ETF
2023-12-25,SILVERBEES.NS,,ETF
2023-12-26,SILVERBEES.NS,73.30999755859375,ETF
2023-12-27,SILVERBEES.NS,73.05999755859375,ETF
2023-12-28,SILVERBEES.NS,73.38999938964844,ETF
2023-12-29,SILVERBEES.NS,72.18000030517578,ETF
2023-12-30,SILVERBEES.NS,,ETF
2023-12-31,SILVERBEES.NS,,ETF
2024-01-01,SILVERBEES.NS,72.4800033569336,ETF
2024-01-02,SILVERBEES.NS,73.01000213623047,ETF
2024-01-03,SILVERBEES.NS,71.58999633789062,ETF
2024-01-04,SILVERBEES.NS,70.69000244140625,ETF
2024-01-05,SILVERBEES.NS,70.52999877929688,ETF
2024-01-06,SILVERBEES.NS,,ETF
2024-01-07,SILVERBEES.NS,,ETF
2024-01-08,SILVERBEES.NS,70.41999816894531,ETF
2024-01-09,SILVERBEES.NS,70.87000274658203,ETF
2024-01-10,SILVERBEES.NS,70.48999786376953,ETF
2024-01-11,SILVERBEES.NS,70.43000030517578,ETF
2024-01-12,SILVERBEES.NS,70.25,ETF
2024-01-13,SILVERBEES.NS,,ETF
2024-01-14,SILVERBEES.NS,,ETF
2024-01-15,SILVERBEES.NS,70.25,ETF
2024-01-16,SILVERBEES.NS,70.69999694824219,ETF
2024-01-17,SILVERBEES.NS,70.06999969482422,ETF
2024-01-18,SILVERBEES.NS,69.8499984741211,ETF
2024-01-19,SILVERBEES.NS,70.16000366210938,ETF
2024-01-20,SILVERBEES.NS,,ETF
2024-01-21,SILVERBEES.NS,,ETF
2024-01-22,SILVERBEES.NS,,ETF
2024-01-23,SILVERBEES.NS,69.43000030517578,ETF
2024-01-24,SILVERBEES.NS,70.12999725341797,ETF
2024-01-25,SILVERBEES.NS,70.12000274658203,ETF
2024-01-26,SILVERBEES.NS,,ETF
2024-01-27,SILVERBEES.NS,,ETF
2024-01-28,SILVERBEES.NS,,ETF
2024-01-29,SILVERBEES.NS,70.43000030517578,ETF
2024-01-30,SILVERBEES.NS,70.77999877929688,ETF
2024-01-31,SILVERBEES.NS,70.58999633789062,ETF
2024-02-01,SILVERBEES.NS,69.9800033569336,ETF
2024-02-02,SILVERBEES.NS,70.79000091552734,ETF
2024-02-03,SILVERBEES.NS,,ETF
2024-02-04,SILVERBEES.NS,,ETF
2024-02-05,SILVERBEES.NS,69.22000122070312,ETF
2024-02-06,SILVERBEES.NS,69.0,ETF
2024-02-07,SILVERBEES.NS,68.8499984741211,ETF
2024-02-08,SILVERBEES.NS,68.9000015258789,ETF
2024-02-09,SILVERBEES.NS,69.54000091552734,ETF
2024-02-10,SILVERBEES.NS,,ETF
2024-02-11,SILVERBEES.NS,,ETF
2024-02-12,SILVERBEES.NS,69.87000274658203,ETF
2024-02-13,SILVERBEES.NS,70.0199966430664,ETF
2024-02-14,SILVERBEES.NS,67.91999816894531,ETF
2024-02-15,SILVERBEES.NS,69.12999725341797,ETF
2024-02-16,SILVERBEES.NS,69.91000366210938,ETF
2024-02-17,SILVERBEES.NS,,ETF
2024-02-18,SILVERBEES.NS,,ETF
2024-02-19,SILVERBEES.NS,70.01000213623047,ETF
2024-02-20,SILVERBEES.NS,69.80000305175781,ETF
2024-02-21,SILVERBEES.NS,69.66999816894531,ETF
2024-02-22,SILVERBEES.NS,69.66000366210938,ETF
2024-02-23,SILVERBEES.NS,68.7699966430664,ETF
2024-02-24,SILVERBEES.NS,,ETF
2024-02-25,SILVERBEES.NS,,ETF
2024-02-26,SILVERBEES.NS,68.86000061035156,ETF
2024-02-27,SILVERBEES.NS,68.68000030517578,ETF
2024-02-28,SILVERBEES.NS,68.01000213623047,ETF
2024-02-29,SILVERBEES.NS,68.29000091552734,ETF
2024-03-01,SILVERBEES.NS,68.83999633789062,ETF
2024-03-02,SILVERBEES.NS,,ETF
2024-03-03,SILVERBEES.NS,,ETF
2024-03-04,SILVERBEES.NS,69.6500015258789,ETF
2024-03-05,SILVERBEES.NS,71.05999755859375,ETF
2024-03-06,SILVERBEES.NS,70.66000366210938,ETF
2024-03-07,SILVERBEES.NS,71.2699966430664,ETF
2024-03-08,SILVERBEES.NS,,ETF
2024-03-09,SILVERBEES.NS,,ETF
2024-03-10,SILVERBEES.NS,,ETF
2024-03-11,SILVERBEES.NS,71.7699966430664,ETF
2024-03-12,SILVERBEES.NS,71.94999694824219,ETF
2024-03-13,SILVERBEES.NS,71.26000213623047,ETF
2024-03-14,SILVERBEES.NS,72.55000305175781,ETF
2024-03-15,SILVERBEES.NS,72.7300033569336,ETF
2024-03-16,SILVERBEES.NS,,ETF
2024-03-17,SILVERBEES.NS,,ETF
2024-03-18,SILVERBEES.NS,72.66000366210938,ETF
2024-03-19,SILVERBEES.NS,72.43000030517578,ETF
2024-03-20,SILVERBEES.NS,72.48999786376953,ETF
2024-03-21,SILVERBEES.NS,73.77999877929688,ETF
2024-03-22,SILVERBEES.NS,72.47000122070312,ETF
2024-03-23,SILVERBEES.NS,,ETF
2024-03-24,SILVERBEES.NS,,ETF
2024-03-25,SILVERBEES.NS,,ETF
2024-03-26,SILVERBEES.NS,72.83000183105469,ETF
2024-03-27,SILVERBEES.NS,72.33999633789062,ETF
2024-03-28,SILVERBEES.NS,72.41999816894531,ETF
2024-03-29,SILVERBEES.NS,,ETF
2024-03-30,SILVERBEES.NS,,ETF
2024-03-31,SILVERBEES.NS,,ETF
2024-04-01,SILVERBEES.NS,74.02999877929688,ETF
2024-04-02,SILVERBEES.NS,75.04000091552734,ETF
2024-04-03,SILVERBEES.NS,76.16999816894531,ETF
2024-04-04,SILVERBEES.NS,78.02999877929688,ETF
2024-04-05,SILVERBEES.NS,77.87000274658203,ETF
2024-04-06,SILVERBEES.NS,,ETF
2024-04-07,SILVERBEES.NS,,ETF
2024-04-08,SILVERBEES.NS,80.52999877929688,ETF
2024-04-09,SILVERBEES.NS,81.01000213623047,ETF
2024-04-10,SILVERBEES.NS,80.91999816894531,ETF
2024-04-11,SILVERBEES.NS,,ETF
2024-04-12,SILVERBEES.NS,82.86000061035156,ETF
2024-04-13,SILVERBEES.NS,,ETF
2024-04-14,SILVERBEES.NS,,ETF
2024-04-15,SILVERBEES.NS,81.45999908447266,ETF
2024-04-16,SILVERBEES.NS,81.83000183105469,ETF
2024-04-17,SILVERBEES.NS,,ETF
2024-04-18,SILVERBEES.NS,81.79000091552734,ETF
2024-04-19,SILVERBEES.NS,81.55000305175781,ETF
2024-04-20,SILVERBEES.NS,,ETF
2024-04-21,SILVERBEES.NS,,ETF
2024-04-22,SILVERBEES.NS,80.27999877929688,ETF
2024-04-23,SILVERBEES.NS,78.56999969482422,ETF
2024-04-24,SILVERBEES.NS,79.11000061035156,ETF
2024-04-25,SILVERBEES.NS,79.33999633789062,ETF
2024-04-26,SILVERBEES.NS,79.77999877929688,ETF
2024-04-27,SILVERBEES.NS,,ETF
2024-04-28,SILVERBEES.NS,,ETF
2024-04-29,SILVERBEES.NS,79.43000030517578,ETF
2024-04-30,SILVERBEES.NS,78.55999755859375,ETF
2024-05-01,SILVERBEES.NS,,ETF
2024-05-02,SILVERBEES.NS,78.43000030517578,ETF
2024-05-03,SILVERBEES.NS,78.66000366210938,ETF
2024-05-04,SILVERBEES.NS,,ETF
2024-05-05,SILVERBEES.NS,,ETF
2024-05-06,SILVERBEES.NS,79.77999877929688,ETF
2024-05-07,SILVERBEES.NS,80.05999755859375,ETF
2024-05-08,SILVERBEES.NS,79.77999877929688,ETF
2024-05-09,SILVERBEES.NS,80.55000305175781,ETF
2024-05-10,SILVERBEES.NS,83.01000213623047,ETF
2024-05-11,SILVERBEES.NS,,ETF
2024-05-12,SILVERBEES.NS,,ETF
2024-05-13,SILVERBEES.NS,81.97000122070312,ETF
2024-05-14,SILVERBEES.NS,82.56999969482422,ETF
2024-05-15,SILVERBEES.NS,83.08999633789062,ETF
2024-05-16,SILVERBEES.NS,84.33999633789062,ETF
2024-05-17,SILVERBEES.NS,84.80000305175781,ETF
2024-05-18,SILVERBEES.NS,,ETF
2024-05-19,SILVERBEES.NS,,ETF
2024-05-20,SILVERBEES.NS,,ETF
2024-05-21,SILVERBEES.NS,91.02999877929688,ETF
2024-05-22,SILVERBEES.NS,90.80999755859375,ETF
2024-05-23,SILVERBEES.NS,88.05999755859375,ETF
2024-05-24,SILVERBEES.NS,88.01000213623047,ETF
2024-05-25,SILVERBEES.NS,,ETF
2024-05-26,SILVERBEES.NS,,ETF
2024-05-27,SILVERBEES.NS,88.97000122070312,ETF
2024-05-28,SILVERBEES.NS,91.19999694824219,ETF
2024-05-29,SILVERBEES.NS,92.45999908447266,ETF
2024-05-30,SILVERBEES.NS,90.8499984741211,ETF
2024-05-31,SILVERBEES.NS,90.5999984741211,ETF
2024-06-01,SILVERBEES.NS,,ETF
2024-06-02,SILVERBEES.NS,,ETF
2024-06-03,SILVERBEES.NS,88.12000274658203,ETF
2024-06-04,SILVERBEES.NS,87.30999755859375,ETF
2024-06-05,SILVERBEES.NS,86.7699966430664,ETF
2024-06-06,SILVERBEES.NS,88.83999633789062,ETF
2024-06-07,SILVERBEES.NS,89.37999725341797,ETF
2024-06-08,SILVERBEES.NS,,ETF
2024-06-09,SILVERBEES.NS,,ETF
2024-06-10,SILVERBEES.NS,87.33999633789062,ETF
2024-06-11,SILVERBEES.NS,86.20999908447266,ETF
2024-06-12,SILVERBEES.NS,86.81999969482422,ETF
2024-06-13,SILVERBEES.NS,86.58000183105469,ETF
2024-06-14,SILVERBEES.NS,86.11000061035156,ETF
2024-06-15,SILVERBEES.NS,,ETF
2024-06-16,SILVERBEES.NS,,ETF
2024-06-17,SILVERBEES.NS,,ETF
2024-06-18,SILVERBEES.NS,86.26000213623047,ETF
2024-06-19,SILVERBEES.NS,86.91999816894531,ETF
2024-06-20,SILVERBEES.NS,88.5,ETF
2024-06-21,SILVERBEES.NS,88.69999694824219,ETF
2024-06-22,SILVERBEES.NS,,ETF
2024-06-23,SILVERBEES.NS,,ETF
2024-06-24,SILVERBEES.NS,86.98999786376953,ETF
2024-06-25,SILVERBEES.NS,86.80999755859375,ETF
2024-06-26,SILVERBEES.NS,85.2699966430664,ETF
2024-06-27,SILVERBEES.NS,85.05999755859375,ETF
2024-06-28,SILVERBEES.NS,85.9000015258789,ETF
2024-06-29,SILVERBEES.NS,,ETF
2024-06-30,SILVERBEES.NS,,ETF
2024-07-01,SILVERBEES.NS,85.58000183105469,ETF
2024-07-02,SILVERBEES.NS,85.94999694824219,ETF
2024-07-03,SILVERBEES.NS,87.44000244140625,ETF
2024-07-04,SILVERBEES.NS,87.88999938964844,ETF
2024-07-05,SILVERBEES.NS,88.68000030517578,ETF
2024-07-06,SILVERBEES.NS,,ETF
2024-07-07,SILVERBEES.NS,,ETF
2024-07-08,SILVERBEES.NS,89.44000244140625,ETF
2024-07-09,SILVERBEES.NS,89.86000061035156,ETF
2024-07-10,SILVERBEES.NS,89.69999694824219,ETF
2024-07-11,SILVERBEES.NS,90.02999877929688,ETF
2024-07-12,SILVERBEES.NS,89.61000061035156,ETF
2024-07-13,SILVERBEES.NS,,ETF
2024-07-14,SILVERBEES.NS,,ETF
2024-07-15,SILVERBEES.NS,89.4000015258789,ETF
2024-07-16,SILVERBEES.NS,89.77999877929688,ETF
2024-07-17,SILVERBEES.NS,,ETF
2024-07-18,SILVERBEES.NS,89.43000030517578,ETF
2024-07-19,SILVERBEES.NS,86.91000366210938,ETF
2024-07-20,SILVERBEES.NS,,ETF
2024-07-21,SILVERBEES.NS,,ETF
2024-07-22,SILVERBEES.NS,86.30000305175781,ETF
2024-07-23,SILVERBEES.NS,83.51000213623047,ETF
2024-07-24,SILVERBEES.NS,82.91000366210938,ETF
2024-07-25,SILVERBEES.NS,79.87000274658203,ETF
2024-07-26,SILVERBEES.NS,79.80000305175781,ETF
2024-07-27,SILVERBEES.NS,,ETF
2024-07-28,SILVERBEES.NS,,ETF
2024-07-29,SILVERBEES.NS,80.36000061035156,ETF
2024-07-30,SILVERBEES.NS,80.0,ETF
2024-07-31,SILVERBEES.NS,81.83999633789062,ETF
2024-08-01,SILVERBEES.NS,82.33999633789062,ETF
2024-08-02,SILVERBEES.NS,82.04000091552734,ETF
2024-08-03,SILVERBEES.NS,,ETF
2024-08-04,SILVERBEES.NS,,ETF
2024-08-05,SILVERBEES.NS,78.94000244140625,ETF
2024-08-06,SILVERBEES.NS,77.29000091552734,ETF
2024-08-07,SILVERBEES.NS,78.56999969482422,ETF
2024-08-08,SILVERBEES.NS,77.3499984741211,ETF
2024-08-09,SILVERBEES.NS,78.69999694824219,ETF
2024-08-10,SILVERBEES.NS,,ETF
2024-08-11,SILVERBEES.NS,,ETF
2024-08-12,SILVERBEES.NS,79.83999633789062,ETF
2024-08-13,SILVERBEES.NS,79.30999755859375,ETF
2024-08-14,SILVERBEES.NS,79.62000274658203,ETF
2024-08-15,SILVERBEES.NS,,ETF
2024-08-16,SILVERBEES.NS,80.01000213623047,ETF
2024-08-17,SILVERBEES.NS,,ETF
2024-08-18,SILVERBEES.NS,,ETF
2024-08-19,SILVERBEES.NS,82.0,ETF
2024-08-20,SILVERBEES.NS,83.37000274658203,ETF
2024-08-21,SILVERBEES.NS,82.94999694824219,ETF
2024-08-22,SILVERBEES.NS,82.9000015258789,ETF
2024-08-23,SILVERBEES.NS,82.4800033569336,ETF
2024-08-24,SILVERBEES.NS,,ETF
2024-08-25,SILVERBEES.NS,,ETF
2024-08-26,SILVERBEES.NS,84.12999725341797,ETF
2024-08-27,SILVERBEES.NS,83.98999786376953,ETF
2024-08-28,SILVERBEES.NS,83.29000091552734,ETF
2024-08-29,SILVERBEES.NS,83.27999877929688,ETF
2024-08-30,SILVERBEES.NS,83.06999969482422,ETF
2024-08-31,SILVERBEES.NS,,ETF
2024-09-01,SILVERBEES.NS,,ETF
2024-09-02,SILVERBEES.NS,80.88999938964844,ETF
2024-09-03,SILVERBEES.NS,80.5199966430664,ETF
2024-09-04,SILVERBEES.NS,79.38999938964844,ETF
2024-09-05,SILVERBEES.NS,81.08000183105469,ETF
2024-09-06,SILVERBEES.NS,81.31999969482422,ETF
2024-09-07,SILVERBEES.NS,,ETF
2024-09-08,SILVERBEES.NS,,ETF
2024-09-09,SILVERBEES.NS,79.7699966430664,ETF
2024-09-10,SILVERBEES.NS,80.33999633789062,ETF
2024-09-11,SILVERBEES.NS,81.29000091552734,ETF
2024-09-12,SILVERBEES.NS,81.2300033569336,ETF
2024-09-13,SILVERBEES.NS,84.12000274658203,ETF
2024-09-14,SILVERBEES.NS,,ETF
2024-09-15,SILVERBEES.NS,,ETF
2024-09-16,SILVERBEES.NS,86.23999786376953,ETF
2024-09-17,SILVERBEES.NS,85.37999725341797,ETF
2024-09-18,SILVERBEES.NS,84.95999908447266,ETF
2024-09-19,SILVERBEES.NS,86.61000061035156,ETF
2024-09-20,SILVERBEES.NS,86.4800033569336,ETF
2024-09-21,SILVERBEES.NS,,ETF
2024-09-22,SILVERBEES.NS,,ETF
2024-09-23,SILVERBEES.NS,85.3499984741211,ETF
2024-09-24,SILVERBEES.NS,86.12999725341797,ETF
2024-09-25,SILVERBEES.NS,88.11000061035156,ETF
2024-09-26,SILVERBEES.NS,88.98999786376953,ETF
2024-09-27,SILVERBEES.NS,88.33999633789062,ETF
2024-09-28,SILVERBEES.NS,,ETF
2024-09-29,SILVERBEES.NS,,ETF
2024-09-30,SILVERBEES.NS,88.04000091552734,ETF
2024-10-01,SILVERBEES.NS,87.66999816894531,ETF
2024-10-02,SILVERBEES.NS,,ETF
2024-10-03,SILVERBEES.NS,88.44999694824219,ETF
2024-10-04,SILVERBEES.NS,89.86000061035156,ETF
2024-10-05,SILVERBEES.NS,,ETF
2024-10-06,SILVERBEES.NS,,ETF
2024-10-07,SILVERBEES.NS,89.43000030517578,ETF
2024-10-08,SILVERBEES.NS,87.66000366210938,ETF
2024-10-09,SILVERBEES.NS,86.33000183105469,ETF
2024-10-10,SILVERBEES.NS,86.25,ETF
2024-10-11,SILVERBEES.NS,87.70999908447266,ETF
2024-10-12,SILVERBEES.NS,,ETF
2024-10-13,SILVERBEES.NS,,ETF
2024-10-14,SILVERBEES.NS,88.38999938964844,ETF
2024-10-15,SILVERBEES.NS,87.62999725341797,ETF
2024-10-16,SILVERBEES.NS,89.26000213623047,ETF
2024-10-17,SILVERBEES.NS,88.58999633789062,ETF
2024-10-18,SILVERBEES.NS,89.80999755859375,ETF
2024-10-19,SILVERBEES.NS,,ETF
2024-10-20,SILVERBEES.NS,,ETF
2024-10-21,SILVERBEES.NS,94.63999938964844,ETF
2024-10-22,SILVERBEES.NS,94.87999725341797,ETF
2024-10-23,SILVERBEES.NS,96.11000061035156,ETF
2024-10-24,SILVERBEES.NS,95.12000274658203,ETF
2024-10-25,SILVERBEES.NS,92.6500015258789,ETF
2024-10-26,SILVERBEES.NS,,ETF
2024-10-27,SILVERBEES.NS,,ETF
2024-10-28,SILVERBEES.NS,93.62999725341797,ETF
2024-10-29,SILVERBEES.NS,95.33999633789062,ETF
2024-10-30,SILVERBEES.NS,95.66999816894531,ETF
2024-10-31,SILVERBEES.NS,94.2699966430664,ETF
2024-11-01,SILVERBEES.NS,94.2699966430664,ETF
2024-11-02,SILVERBEES.NS,,ETF
2024-11-03,SILVERBEES.NS,,ETF
2024-11-04,SILVERBEES.NS,92.25,ETF
2024-11-05,SILVERBEES.NS,91.70999908447266,ETF
2024-11-06,SILVERBEES.NS,90.70999908447266,ETF
2024-11-07,SILVERBEES.NS,87.98999786376953,ETF
2024-11-08,SILVERBEES.NS,89.12999725341797,ETF
2024-11-09,SILVERBEES.NS,,ETF
2024-11-10,SILVERBEES.NS,,ETF
2024-11-11,SILVERBEES.NS,88.4800033569336,ETF
2024-11-12,SILVERBEES.NS,85.86000061035156,ETF
2024-11-13,SILVERBEES.NS,87.61000061035156,ETF
2024-11-14,SILVERBEES.NS,84.66000366210938,ETF
2024-11-15,SILVERBEES.NS,,ETF
2024-11-16,SILVERBEES.NS,,ETF
2024-11-17,SILVERBEES.NS,,ETF
2024-11-18,SILVERBEES.NS,86.91999816894531,ETF
2024-11-19,SILVERBEES.NS,88.81999969482422,ETF
2024-11-20,SILVERBEES.NS,,ETF
2024-11-21,SILVERBEES.NS,88.0999984741211,ETF
2024-11-22,SILVERBEES.NS,88.44000244140625,ETF
2024-11-23,SILVERBEES.NS,,ETF
2024-11-24,SILVERBEES.NS,,ETF
2024-11-25,SILVERBEES.NS,86.87000274658203,ETF
2024-11-26,SILVERBEES.NS,86.01000213623047,ETF
2024-11-27,SILVERBEES.NS,86.58999633789062,ETF
2024-11-28,SILVERBEES.NS,85.1500015258789,ETF
2024-11-29,SILVERBEES.NS,86.91999816894531,ETF
2024-11-30,SILVERBEES.NS,,ETF
2024-12-01,SILVERBEES.NS,,ETF
2024-12-02,SILVERBEES.NS,86.04000091552734,ETF
2024-12-03,SILVERBEES.NS,87.62999725341797,ETF
2024-12-04,SILVERBEES.NS,87.54000091552734,ETF
2024-12-05,SILVERBEES.NS,88.55000305175781,ETF
2024-12-06,SILVERBEES.NS,88.48999786376953,ETF
2024-12-07,SILVERBEES.NS,,ETF
2024-12-08,SILVERBEES.NS,,ETF
2024-12-09,SILVERBEES.NS,88.70999908447266,ETF
2024-12-10,SILVERBEES.NS,90.11000061035156,ETF
2024-12-11,SILVERBEES.NS,90.05000305175781,ETF
2024-12-12,SILVERBEES.NS,91.2699966430664,ETF
2024-12-13,SILVERBEES.NS,87.25,ETF
2024-12-14,SILVERBEES.NS,,ETF
2024-12-15,SILVERBEES.NS,,ETF
2024-12-16,SILVERBEES.NS,87.2699966430664,ETF
2024-12-17,SILVERBEES.NS,86.37999725341797,ETF
2024-12-18,SILVERBEES.NS,86.7300033569336,ETF
2024-12-19,SILVERBEES.NS,84.68000030517578,ETF
2024-12-20,SILVERBEES.NS,82.94999694824219,ETF
2024-12-21,SILVERBEES.NS,,ETF
2024-12-22,SILVERBEES.NS,,ETF
2024-12-23,SILVERBEES.NS,85.48999786376953,ETF
2024-12-24,SILVERBEES.NS,85.30000305175781,ETF
2024-12-25,SILVERBEES.NS,,ETF
2024-12-26,SILVERBEES.NS,85.43000030517578,ETF
2024-12-27,SILVERBEES.NS,85.70999908447266,ETF
2024-12-28,SILVERBEES.NS,,ETF
2024-12-29,SILVERBEES.NS,,ETF
2024-12-30,SILVERBEES.NS,84.94999694824219,ETF
2024-12-31,SILVERBEES.NS,83.7300033569336,ETF
2025-01-01,SILVERBEES.NS,83.8499984741211,ETF
2025-01-02,SILVERBEES.NS,84.83999633789062,ETF
2025-01-03,SILVERBEES.NS,85.86000061035156,ETF
2025-01-04,SILVERBEES.NS,,ETF
2025-01-05,SILVERBEES.NS,,ETF
2025-01-06,SILVERBEES.NS,85.93000030517578,ETF
2025-01-07,SILVERBEES.NS,87.06999969482422,ETF
2025-01-08,SILVERBEES.NS,87.19999694824219,ETF
2025-01-09,SILVERBEES.NS,87.2699966430664,ETF
2025-01-10,SILVERBEES.NS,87.54000091552734,ETF
2025-01-11,SILVERBEES.NS,,ETF
2025-01-12,SILVERBEES.NS,,ETF
2025-01-13,SILVERBEES.NS,87.29000091552734,ETF
2025-01-14,SILVERBEES.NS,86.2699966430664,ETF
2025-01-15,SILVERBEES.NS,87.31999969482422,ETF
2025-01-16,SILVERBEES.NS,88.94999694824219,ETF
2025-01-17,SILVERBEES.NS,87.6500015258789,ETF
2025-01-18,SILVERBEES.NS,,ETF
2025-01-19,SILVERBEES.NS,,ETF
2025-01-20,SILVERBEES.NS,87.7300033569336,ETF
2025-01-21,SILVERBEES.NS,87.80999755859375,ETF
2025-01-22,SILVERBEES.NS,88.61000061035156,ETF
2025-01-23,SILVERBEES.NS,87.8499984741211,ETF
2025-01-24,SILVERBEES.NS,88.66999816894531,ETF
2025-01-25,SILVERBEES.NS,,ETF
2025-01-26,SILVERBEES.NS,,ETF
2025-01-27,SILVERBEES.NS,87.58999633789062,ETF
2025-01-28,SILVERBEES.NS,87.0999984741211,ETF
2025-01-29,SILVERBEES.NS,88.01000213623047,ETF
2025-01-30,SILVERBEES.NS,89.5,ETF
2025-01-31,SILVERBEES.NS,90.66999816894531,ETF
2025-02-01,SILVERBEES.NS,90.11000061035156,ETF
2025-02-02,SILVERBEES.NS,,ETF
2025-02-03,SILVERBEES.NS,90.52999877929688,ETF
2025-02-04,SILVERBEES.NS,91.08999633789062,ETF
2025-02-05,SILVERBEES.NS,93.02999877929688,ETF
2025-02-06,SILVERBEES.NS,91.83999633789062,ETF
2025-02-07,SILVERBEES.NS,92.7300033569336,ETF
2025-02-08,SILVERBEES.NS,,ETF
2025-02-09,SILVERBEES.NS,,ETF
2025-02-10,SILVERBEES.NS,92.94999694824219,ETF
2025-02-11,SILVERBEES.NS,91.37000274658203,ETF
2025-02-12,SILVERBEES.NS,91.29000091552734,ETF
2025-02-13,SILVERBEES.NS,92.75,ETF
2025-02-14,SILVERBEES.NS,94.70999908447266,ETF
2025-02-15,SILVERBEES.NS,,ETF
2025-02-16,SILVERBEES.NS,,ETF
2025-02-17,SILVERBEES.NS,92.86000061035156,ETF
2025-02-18,SILVERBEES.NS,93.20999908447266,ETF
2025-02-19,SILVERBEES.NS,94.55999755859375,ETF
2025-02-20,SILVERBEES.NS,94.55999755859375,ETF
2025-02-21,SILVERBEES.NS,94.05999755859375,ETF
2025-02-22,SILVERBEES.NS,,ETF
2025-02-23,SILVERBEES.NS,,ETF
2025-02-24,SILVERBEES.NS,93.20999908447266,ETF
2025-02-25,SILVERBEES.NS,92.91000366210938,ETF
2025-02-26,SILVERBEES.NS,,ETF
2025-02-27,SILVERBEES.NS,91.97000122070312,ETF
2025-02-28,SILVERBEES.NS,90.45999908447266,ETF
2025-03-01,SILVERBEES.NS,,ETF
2025-03-02,SILVERBEES.NS,,ETF
2025-03-03,SILVERBEES.NS,91.41000366210938,ETF
2025-03-04,SILVERBEES.NS,92.52999877929688,ETF
2025-03-05,SILVERBEES.NS,93.29000091552734,ETF
2025-03-06,SILVERBEES.NS,93.5199966430664,ETF
2025-03-07,SILVERBEES.NS,94.08999633789062,ETF
2025-03-08,SILVERBEES.NS,,ETF
2025-03-09,SILVERBEES.NS,,ETF
2025-03-10,SILVERBEES.NS,94.0999984741211,ETF
2025-03-11,SILVERBEES.NS,93.6500015258789,ETF
2025-03-12,SILVERBEES.NS,94.97000122070312,ETF
2025-03-13,SILVERBEES.NS,95.20999908447266,ETF
2025-03-14,SILVERBEES.NS,,ETF
2025-03-15,SILVERBEES.NS,,ETF
2025-03-16,SILVERBEES.NS,,ETF
2025-03-17,SILVERBEES.NS,96.4800033569336,ETF
2025-03-18,SILVERBEES.NS,96.4800033569336,ETF
2025-03-19,SILVERBEES.NS,96.41000366210938,ETF
2025-03-20,SILVERBEES.NS,95.83999633789062,ETF
2025-03-21,SILVERBEES.NS,94.18000030517578,ETF
2025-03-22,SILVERBEES.NS,,ETF
2025-03-23,SILVERBEES.NS,,ETF
2025-03-24,SILVERBEES.NS,94.18000030517578,ETF
2025-03-25,SILVERBEES.NS,94.56999969482422,ETF
2025-03-26,SILVERBEES.NS,95.73999786376953,ETF
2025-03-27,SILVERBEES.NS,95.9000015258789,ETF
2025-03-28,SILVERBEES.NS,97.5999984741211,ETF
2025-03-29,SILVERBEES.NS,,ETF
2025-03-30,SILVERBEES.NS,,ETF
2025-03-31,SILVERBEES.NS,,ETF
2025-04-01,SILVERBEES.NS,96.72000122070312,ETF
2025-04-02,SILVERBEES.NS,96.8499984741211,ETF
2025-04-03,SILVERBEES.NS,93.29000091552734,ETF
2025-04-04,SILVERBEES.NS,89.72000122070312,ETF
2025-04-05,SILVERBEES.NS,,ETF
2025-04-06,SILVERBEES.NS,,ETF
2025-04-07,SILVERBEES.NS,87.02999877929688,ETF
2025-04-08,SILVERBEES.NS,87.44000244140625,ETF
2025-04-09,SILVERBEES.NS,87.97000122070312,ETF
2025-04-10,SILVERBEES.NS,,ETF
2025-04-11,SILVERBEES.NS,90.37000274658203,ETF
2025-04-12,SILVERBEES.NS,,ETF
2025-04-13,SILVERBEES.NS,,ETF
2025-04-14,SILVERBEES.NS,,ETF
2025-04-15,SILVERBEES.NS,92.22000122070312,ETF
2025-04-16,SILVERBEES.NS,93.80000305175781,ETF
2025-04-17,SILVERBEES.NS,92.16000366210938,ETF
2025-04-18,SILVERBEES.NS,,ETF
2025-04-19,SILVERBEES.NS,,ETF
2025-04-20,SILVERBEES.NS,,ETF
2025-04-21,SILVERBEES.NS,93.0,ETF
2025-04-22,SILVERBEES.NS,92.3499984741211,ETF
2025-04-23,SILVERBEES.NS,93.54000091552734,ETF
2025-04-24,SILVERBEES.NS,94.6500015258789,ETF
2025-04-25,SILVERBEES.NS,94.6500015258789,ETF
2025-04-26,SILVERBEES.NS,,ETF
2025-04-27,SILVERBEES.NS,,ETF
2025-04-28,SILVERBEES.NS,93.16000366210938,ETF
2025-04-29,SILVERBEES.NS,94.66999816894531,ETF
2025-04-30,SILVERBEES.NS,91.62000274658203,ETF
2025-05-01,SILVERBEES.NS,,ETF
2025-05-02,SILVERBEES.NS,91.5199966430664,ETF
2025-05-03,SILVERBEES.NS,,ETF
2025-05-04,SILVERBEES.NS,,ETF
2025-05-05,SILVERBEES.NS,91.41000366210938,ETF
2025-05-06,SILVERBEES.NS,93.0199966430664,ETF
2025-05-07,SILVERBEES.NS,92.77999877929688,ETF
2025-05-08,SILVERBEES.NS,92.58999633789062,ETF
2025-05-09,SILVERBEES.NS,93.02999877929688,ETF
2025-05-10,SILVERBEES.NS,,ETF
2025-05-11,SILVERBEES.NS,,ETF
2025-05-12,SILVERBEES.NS,91.44000244140625,ETF
2025-05-13,SILVERBEES.NS,93.91000366210938,ETF
2025-05-14,SILVERBEES.NS,93.33000183105469,ETF
2025-05-15,SILVERBEES.NS,91.5,ETF
2025-05-16,SILVERBEES.NS,92.2699966430664,ETF
2025-05-17,SILVERBEES.NS,,ETF
2025-05-18,SILVERBEES.NS,,ETF
2025-05-19,SILVERBEES.NS,92.80999755859375,ETF
2025-05-20,SILVERBEES.NS,92.51000213623047,ETF
2025-05-21,SILVERBEES.NS,94.26000213623047,ETF
2025-05-22,SILVERBEES.NS,94.44999694824219,ETF
2025-05-23,SILVERBEES.NS,94.0199966430664,ETF
2025-05-24,SILVERBEES.NS,,ETF
2025-05-25,SILVERBEES.NS,,ETF
2025-05-26,SILVERBEES.NS,94.55000305175781,ETF
2025-05-27,SILVERBEES.NS,94.05000305175781,ETF
2025-05-28,SILVERBEES.NS,94.88999938964844,ETF
2025-05-29,SILVERBEES.NS,94.62999725341797,ETF
2025-05-30,SILVERBEES.NS,94.3499984741211,ETF
2025-05-31,SILVERBEES.NS,,ETF
2025-06-01,SILVERBEES.NS,,ETF
2025-06-02,SILVERBEES.NS,94.62000274658203,ETF
2025-06-03,SILVERBEES.NS,97.16000366210938,ETF
2025-06-04,SILVERBEES.NS,98.0999984741211,ETF
2025-06-05,SILVERBEES.NS,100.72000122070312,ETF
2025-06-06,SILVERBEES.NS,102.41000366210938,ETF
2025-06-07,SILVERBEES.NS,,ETF
2025-06-08,SILVERBEES.NS,,ETF
2025-06-09,SILVERBEES.NS,102.98999786376953,ETF
2025-06-10,SILVERBEES.NS,103.87000274658203,ETF
2025-06-11,SILVERBEES.NS,102.77999877929688,ETF
2025-06-12,SILVERBEES.NS,102.05999755859375,ETF
2025-06-13,SILVERBEES.NS,103.70999908447266,ETF
2025-06-14,SILVERBEES.NS,,ETF
2025-06-15,SILVERBEES.NS,,ETF
2025-06-16,SILVERBEES.NS,103.56999969482422,ETF
2025-06-17,SILVERBEES.NS,104.19000244140625,ETF
2025-06-18,SILVERBEES.NS,106.2300033569336,ETF
2025-06-19,SILVERBEES.NS,104.12999725341797,ETF
2025-06-20,SILVERBEES.NS,103.30999755859375,ETF
2025-06-21,SILVERBEES.NS,,ETF
2025-06-22,SILVERBEES.NS,,ETF
2025-06-23,SILVERBEES.NS,103.76000213623047,ETF
2025-06-24,SILVERBEES.NS,102.70999908447266,ETF
2025-06-25,SILVERBEES.NS,101.87999725341797,ETF
2025-06-26,SILVERBEES.NS,103.93000030517578,ETF
2025-06-27,SILVERBEES.NS,101.66000366210938,ETF
2025-06-28,SILVERBEES.NS,,ETF
2025-06-29,SILVERBEES.NS,,ETF
2025-06-30,SILVERBEES.NS,102.47000122070312,ETF
2025-07-01,SILVERBEES.NS,103.41999816894531,ETF
2025-07-02,SILVERBEES.NS,102.69999694824219,ETF
2025-07-03,SILVERBEES.NS,103.87000274658203,ETF
2025-07-04,SILVERBEES.NS,103.9000015258789,ETF
2025-07-05,SILVERBEES.NS,,ETF
2025-07-06,SILVERBEES.NS,,ETF
2025-07-07,SILVERBEES.NS,103.79000091552734,ETF
2025-07-08,SILVERBEES.NS,104.08999633789062,ETF
2025-07-09,SILVERBEES.NS,103.58999633789062,ETF
2025-07-10,SILVERBEES.NS,103.70999908447266,ETF
2025-07-11,SILVERBEES.NS,106.69000244140625,ETF
2025-07-12,SILVERBEES.NS,,ETF
2025-07-13,SILVERBEES.NS,,ETF
2025-07-14,SILVERBEES.NS,110.0199966430664,ETF
2025-07-15,SILVERBEES.NS,108.2300033569336,ETF
2025-07-16,SILVERBEES.NS,107.79000091552734,ETF
2025-07-17,SILVERBEES.NS,107.13999938964844,ETF
2025-07-18,SILVERBEES.NS,109.11000061035156,ETF
2025-07-19,SILVERBEES.NS,,ETF
2025-07-20,SILVERBEES.NS,,ETF
2025-07-21,SILVERBEES.NS,109.37000274658203,ETF
2025-07-22,SILVERBEES.NS,110.19999694824219,ETF
2025-07-23,SILVERBEES.NS,112.01000213623047,ETF
2025-07-24,SILVERBEES.NS,110.91000366210938,ETF
2025-07-25,SILVERBEES.NS,110.68000030517578,ETF
2025-07-26,SILVERBEES.NS,,ETF
2025-07-27,SILVERBEES.NS,,ETF
2025-07-28,SILVERBEES.NS,109.05000305175781,ETF
2025-07-29,SILVERBEES.NS,109.5199966430664,ETF
2025-07-30,SILVERBEES.NS,109.87999725341797,ETF
2025-07-31,SILVERBEES.NS,106.9000015258789,ETF
2025-08-01,SILVERBEES.NS,105.70999908447266,ETF
2025-08-02,SILVERBEES.NS,,ETF
2025-08-03,SILVERBEES.NS,,ETF
2025-08-04,SILVERBEES.NS,108.08999633789062,ETF
2025-08-05,SILVERBEES.NS,108.66000366210938,ETF
2025-08-06,SILVERBEES.NS,109.18000030517578,ETF
2025-08-07,SILVERBEES.NS,110.58000183105469,ETF
2025-08-08,SILVERBEES.NS,110.97000122070312,ETF
2025-08-09,SILVERBEES.NS,,ETF
2025-08-10,SILVERBEES.NS,,ETF
2025-08-11,SILVERBEES.NS,109.5199966430664,ETF
2025-08-12,SILVERBEES.NS,109.26000213623047,ETF
2025-08-13,SILVERBEES.NS,111.25,ETF
2025-08-14,SILVERBEES.NS,110.83000183105469,ETF
2025-08-15,SILVERBEES.NS,,ETF
2025-08-16,SILVERBEES.NS,,ETF
2025-08-17,SILVERBEES.NS,,ETF
2025-08-18,SILVERBEES.NS,110.05999755859375,ETF
2025-08-19,SILVERBEES.NS,109.41000366210938,ETF
2025-08-20,SILVERBEES.NS,106.98999786376953,ETF
2025-08-21,SILVERBEES.NS,109.12000274658203,ETF
2025-08-22,SILVERBEES.NS,109.93000030517578,ETF
2025-08-23,SILVERBEES.NS,,ETF
2025-08-24,SILVERBEES.NS,,ETF
2025-08-25,SILVERBEES.NS,112.05000305175781,ETF
2025-08-26,SILVERBEES.NS,111.91000366210938,ETF
2025-08-27,SILVERBEES.NS,,ETF
2025-08-28,SILVERBEES.NS,112.77999877929688,ETF
2025-08-29,SILVERBEES.NS,113.58000183105469,ETF
2025-08-30,SILVERBEES.NS,,ETF
2025-08-31,SILVERBEES.NS,,ETF
2025-09-01,SILVERBEES.NS,118.58999633789062,ETF
2025-09-02,SILVERBEES.NS,117.91000366210938,ETF
2025-09-03,SILVERBEES.NS,118.95999908447266,ETF
2025-09-04,SILVERBEES.NS,119.02999877929688,ETF
2025-09-05,SILVERBEES.NS,119.01000213623047,ETF
2025-09-06,SILVERBEES.NS,,ETF
2025-09-07,SILVERBEES.NS,,ETF
2025-09-08,SILVERBEES.NS,120.25,ETF
2025-09-09,SILVERBEES.NS,120.19000244140625,ETF
2025-09-10,SILVERBEES.NS,119.33999633789062,ETF
2025-09-11,SILVERBEES.NS,119.30000305175781,ETF
2025-09-12,SILVERBEES.NS,123.66000366210938,ETF
2025-09-13,SILVERBEES.NS,,ETF
2025-09-14,SILVERBEES.NS,,ETF
2025-09-15,SILVERBEES.NS,123.08000183105469,ETF
2025-09-16,SILVERBEES.NS,124.62000274658203,ETF
2025-09-17,SILVERBEES.NS,121.76000213623047,ETF
2025-09-18,SILVERBEES.NS,123.04000091552734,ETF
2025-09-19,SILVERBEES.NS,123.6500015258789,ETF
2025-09-20,SILVERBEES.NS,,ETF
2025-09-21,SILVERBEES.NS,,ETF
2025-09-22,SILVERBEES.NS,128.22000122070312,ETF
2025-09-23,SILVERBEES.NS,129.74000549316406,ETF
2025-09-24,SILVERBEES.NS,129.99000549316406,ETF
2025-09-25,SILVERBEES.NS,132.3699951171875,ETF
2025-09-26,SILVERBEES.NS,133.00999450683594,ETF
2025-09-27,SILVERBEES.NS,,ETF
2025-09-28,SILVERBEES.NS,,ETF
2025-09-29,SILVERBEES.NS,139.05999755859375,ETF
2025-09-30,SILVERBEES.NS,136.07000732421875,ETF
2025-10-01,SILVERBEES.NS,139.8699951171875,ETF
2025-10-02,SILVERBEES.NS,,ETF
2025-10-03,SILVERBEES.NS,139.75999450683594,ETF
2025-10-04,SILVERBEES.NS,,ETF
2025-10-05,SILVERBEES.NS,,ETF
2025-10-06,SILVERBEES.NS,143.6699981689453,ETF
2025-10-07,SILVERBEES.NS,143.82000732421875,ETF
2025-10-08,SILVERBEES.NS,150.92999267578125,ETF
2025-10-09,SILVERBEES.NS,156.16000366210938,ETF
2025-10-10,SILVERBEES.NS,153.9199981689453,ETF
2025-10-11,SILVERBEES.NS,,ETF
2025-10-12,SILVERBEES.NS,,ETF
2025-10-13,SILVERBEES.NS,164.33999633789062,ETF
2025-10-14,SILVERBEES.NS,174.30999755859375,ETF
2025-10-15,SILVERBEES.NS,168.55999755859375,ETF
2025-10-16,SILVERBEES.NS,157.2100067138672,ETF
2025-10-17,SILVERBEES.NS,160.60000610351562,ETF
2025-10-18,SILVERBEES.NS,,ETF
2025-10-19,SILVERBEES.NS,,ETF
2025-10-20,SILVERBEES.NS,148.82000732421875,ETF
2025-10-21,SILVERBEES.NS,145.3000030517578,ETF
2025-10-22,SILVERBEES.NS,,ETF
2025-10-23,SILVERBEES.NS,141.94000244140625,ETF
2025-10-24,SILVERBEES.NS,,ETF
2025-10-25,SILVERBEES.NS,,ETF
2025-10-26,SILVERBEES.NS,,ETF
2025-10-27,SILVERBEES.NS,138.85000610351562,ETF
2025-10-28,SILVERBEES.NS,133.80999755859375,ETF
2025-10-29,SILVERBEES.NS,141.1300048828125,ETF
2025-10-30,SILVERBEES.NS,140.52000427246094,ETF
2025-10-31,SILVERBEES.NS,142.47000122070312,ETF
2025-11-01,SILVERBEES.NS,,ETF
2025-11-02,SILVERBEES.NS,,ETF
2025-11-03,SILVERBEES.NS,142.47000122070312,ETF
2025-11-04,SILVERBEES.NS,139.9499969482422,ETF
2025-11-05,SILVERBEES.NS,,ETF
2025-11-06,SILVERBEES.NS,141.8300018310547,ETF
2025-11-07,SILVERBEES.NS,142.0500030517578,ETF
2025-11-08,SILVERBEES.NS,,ETF
2025-11-09,SILVERBEES.NS,,ETF
2025-11-10,SILVERBEES.NS,145.33999633789062,ETF
2025-11-11,SILVERBEES.NS,148.0500030517578,ETF
2025-11-12,SILVERBEES.NS,150.27000427246094,ETF
2025-11-13,SILVERBEES.NS,157.08999633789062,ETF
2025-11-14,SILVERBEES.NS,153.25999450683594,ETF
2025-11-15,SILVERBEES.NS,,ETF
2025-11-16,SILVERBEES.NS,,ETF
2025-11-17,SILVERBEES.NS,148.9199981689453,ETF
2025-11-18,SILVERBEES.NS,146.5800018310547,ETF
2025-11-19,SILVERBEES.NS,150.36000061035156,ETF
2025-11-20,SILVERBEES.NS,147.99000549316406,ETF
2025-11-21,SILVERBEES.NS,144.69000244140625,ETF
2025-11-22,SILVERBEES.NS,,ETF
2025-11-23,SILVERBEES.NS,,ETF
2025-11-24,SILVERBEES.NS,147.0800018310547,ETF
2025-11-25,SILVERBEES.NS,149.32000732421875,ETF
2025-11-26,SILVERBEES.NS,151.63999938964844,ETF
2025-11-27,SILVERBEES.NS,155.6999969482422,ETF
2025-11-28,SILVERBEES.NS,156.77000427246094,ETF
2025-11-29,SILVERBEES.NS,,ETF
2025-11-30,SILVERBEES.NS,,ETF
2025-12-01,SILVERBEES.NS,166.2100067138672,ETF
2025-12-02,SILVERBEES.NS,165.33999633789062,ETF
2025-12-03,SILVERBEES.NS,169.77999877929688,ETF
2025-12-04,SILVERBEES.NS,167.22000122070312,ETF
2025-12-05,SILVERBEES.NS,170.17999267578125,ETF
2025-12-06,SILVERBEES.NS,,ETF
2025-12-07,SILVERBEES.NS,,ETF
2025-12-08,SILVERBEES.NS,170.83999633789062,ETF
2025-12-09,SILVERBEES.NS,171.11000061035156,ETF
2025-12-10,SILVERBEES.NS,175.2899932861328,ETF
2025-12-11,SILVERBEES.NS,178.85000610351562,ETF
2025-12-12,SILVERBEES.NS,184.1300048828125,ETF
2025-12-13,SILVERBEES.NS,,ETF
2025-12-14,SILVERBEES.NS,,ETF
2025-12-15,SILVERBEES.NS,184.8699951171875,ETF
2025-12-16,SILVERBEES.NS,184.69000244140625,ETF
2025-12-17,SILVERBEES.NS,192.16000366210938,ETF
2025-12-18,SILVERBEES.NS,193.25999450683594,ETF
2025-12-19,SILVERBEES.NS,192.55999755859375,ETF
2025-12-20,SILVERBEES.NS,,ETF
2025-12-21,SILVERBEES.NS,,ETF
2025-12-22,SILVERBEES.NS,199.9499969482422,ETF
2025-12-23,SILVERBEES.NS,201.7899932861328,ETF
2025-12-24,SILVERBEES.NS,209.22999572753906,ETF
2025-12-25,SILVERBEES.NS,,ETF
2025-12-26,SILVERBEES.NS,219.85000610351562,ETF
2025-12-27,SILVERBEES.NS,,ETF
2025-12-28,SILVERBEES.NS,,ETF
2025-12-29,SILVERBEES.NS,218.25,ETF
2025-12-30,SILVERBEES.NS,218.2100067138672,ETF
2025-12-31,SILVERBEES.NS,215.42999267578125,ETF
2026-01-01,SILVERBEES.NS,214.9499969482422,ETF
2026-01-02,SILVERBEES.NS,221.8699951171875,ETF
2026-01-03,SILVERBEES.NS,,ETF
2026-01-04,SILVERBEES.NS,,ETF
2026-01-05,SILVERBEES.NS,225.5399932861328,ETF
2026-01-06,SILVERBEES.NS,231.64999389648438,ETF
2026-01-07,SILVERBEES.NS,234.36000061035156,ETF
2026-01-08,SILVERBEES.NS,223.52999877929688,ETF
2026-01-09,SILVERBEES.NS,230.3699951171875,ETF
2026-01-10,SILVERBEES.NS,,ETF
2026-01-11,SILVERBEES.NS,,ETF
2026-01-12,SILVERBEES.NS,243.35000610351562,ETF
2026-01-13,SILVERBEES.NS,249.50999450683594,ETF
2026-01-14,SILVERBEES.NS,262.80999755859375,ETF
2026-01-15,SILVERBEES.NS,262.80999755859375,ETF
2026-01-16,SILVERBEES.NS,269.44000244140625,ETF
2026-01-17,SILVERBEES.NS,,ETF
2026-01-18,SILVERBEES.NS,,ETF
2026-01-19,SILVERBEES.NS,282.95001220703125,ETF
2026-01-20,SILVERBEES.NS,297.6199951171875,ETF
2026-01-21,SILVERBEES.NS,310.67999267578125,ETF
2026-01-22,SILVERBEES.NS,276.2699890136719,ETF
2026-01-23,SILVERBEES.NS,292.7300109863281,ETF
2026-01-24,SILVERBEES.NS,,ETF
2026-01-25,SILVERBEES.NS,,ETF
2026-01-26,SILVERBEES.NS,,ETF
2026-01-27,SILVERBEES.NS,317.8500061035156,ETF
2026-01-28,SILVERBEES.NS,332.0299987792969,ETF
2026-01-29,SILVERBEES.NS,351.9100036621094,ETF
2026-01-30,SILVERBEES.NS,286.4800109863281,ETF
2026-01-31,SILVERBEES.NS,,ETF
2026-02-01,SILVERBEES.NS,,ETF
2026-02-02,SILVERBEES.NS,219.94000244140625,ETF
2026-02-03,SILVERBEES.NS,247.33999633789062,ETF
2026-02-04,SILVERBEES.NS,265.57000732421875,ETF
2026-02-05,SILVERBEES.NS,236.4199981689453,ETF
2026-02-06,SILVERBEES.NS,224.4600067138672,ETF
2026-02-07,SILVERBEES.NS,,ETF
2026-02-08,SILVERBEES.NS,,ETF
2026-02-09,SILVERBEES.NS,243.6999969482422,ETF
2026-02-10,SILVERBEES.NS,243.82000732421875,ETF
2026-02-11,SILVERBEES.NS,247.3699951171875,ETF
2026-02-12,SILVERBEES.NS,245.38999938964844,ETF
2026-02-13,SILVERBEES.NS,232.5800018310547,ETF
2026-02-14,SILVERBEES.NS,,ETF
2026-02-15,SILVERBEES.NS,,ETF
2026-02-16,SILVERBEES.NS,227.33999633789062,ETF
2026-02-17,SILVERBEES.NS,220.0399932861328,ETF
2026-02-18,SILVERBEES.NS,223.7899932861328,ETF
2026-02-19,SILVERBEES.NS,233.2100067138672,ETF
2026-02-20,SILVERBEES.NS,236.6199951171875,ETF
2026-02-21,SILVERBEES.NS,,ETF
2026-02-22,SILVERBEES.NS,,ETF
2026-02-23,SILVERBEES.NS,250.1699981689453,ETF
2026-02-24,SILVERBEES.NS,250.6699981689453,ETF
2026-02-25,SILVERBEES.NS,253.25,ETF
2026-02-26,SILVERBEES.NS,246.05999755859375,ETF
2026-02-27,SILVERBEES.NS,252.80999755859375,ETF
2026-02-28,SILVERBEES.NS,,ETF
2026-03-01,SILVERBEES.NS,,ETF
2026-03-02,SILVERBEES.NS,274.6499938964844,ETF
2026-03-03,SILVERBEES.NS,,ETF
2026-03-04,SILVERBEES.NS,255.57000732421875,ETF
2026-03-05,SILVERBEES.NS,247.92999267578125,ETF
2026-03-06,SILVERBEES.NS,246.75999450683594,ETF
2026-03-07,SILVERBEES.NS,,ETF
2026-03-08,SILVERBEES.NS,,ETF
2026-03-09,SILVERBEES.NS,247.0,ETF
2026-03-10,SILVERBEES.NS,256.3500061035156,ETF
2026-03-11,SILVERBEES.NS,251.69000244140625,ETF
2026-03-12,SILVERBEES.NS,253.5,ETF
2026-03-13,SILVERBEES.NS,244.49000549316406,ETF
2026-03-14,SILVERBEES.NS,,ETF
2026-03-15,SILVERBEES.NS,,ETF
2026-03-16,SILVERBEES.NS,233.47999572753906,ETF
2026-03-17,SILVERBEES.NS,240.88999938964844,ETF
2026-03-18,SILVERBEES.NS,237.1300048828125,ETF
2026-03-19,SILVERBEES.NS,218.97999572753906,ETF
2026-03-20,SILVERBEES.NS,219.89999389648438,ETF
2026-03-21,SILVERBEES.NS,,ETF
2026-03-22,SILVERBEES.NS,,ETF
2026-03-23,SILVERBEES.NS,193.52000427246094,ETF
2026-03-24,SILVERBEES.NS,212.30999755859375,ETF
2026-03-25,SILVERBEES.NS,221.4199981689453,ETF
2026-03-26,SILVERBEES.NS,,ETF
2026-03-27,SILVERBEES.NS,212.5,ETF
2026-03-28,SILVERBEES.NS,,ETF
2026-03-29,SILVERBEES.NS,,ETF
2026-03-30,SILVERBEES.NS,216.0800018310547,ETF
2026-03-31,SILVERBEES.NS,,ETF
2026-04-01,SILVERBEES.NS,224.80999755859375,ETF
2026-04-02,SILVERBEES.NS,215.9499969482422,ETF
2026-04-03,SILVERBEES.NS,,ETF
2026-04-04,SILVERBEES.NS,,ETF
2026-04-05,SILVERBEES.NS,,ETF
2026-04-06,SILVERBEES.NS,222.3800048828125,ETF
2026-04-07,SILVERBEES.NS,220.02999877929688,ETF
2026-04-08,SILVERBEES.NS,230.5800018310547,ETF
2026-04-09,SILVERBEES.NS,223.8300018310547,ETF
2026-04-10,SILVERBEES.NS,226.5399932861328,ETF
2026-04-11,SILVERBEES.NS,,ETF
2026-04-12,SILVERBEES.NS,,ETF
2026-04-13,SILVERBEES.NS,224.97000122070312,ETF
2026-04-14,SILVERBEES.NS,,ETF
2026-04-15,SILVERBEES.NS,235.0800018310547,ETF
2026-04-16,SILVERBEES.NS,237.97000122070312,ETF
2026-04-17,SILVERBEES.NS,238.13999938964844,ETF
2026-04-18,SILVERBEES.NS,,ETF
2026-04-19,SILVERBEES.NS,,ETF
2026-04-20,SILVERBEES.NS,237.27000427246094,ETF
2026-04-21,SILVERBEES.NS,237.41000366210938,ETF
2026-04-22,SILVERBEES.NS,236.02999877929688,ETF
2026-04-23,SILVERBEES.NS,229.6699981689453,ETF
2026-04-24,SILVERBEES.NS,227.88999938964844,ETF
2026-04-25,SILVERBEES.NS,,ETF
2026-04-26,SILVERBEES.NS,,ETF
2026-04-27,SILVERBEES.NS,230.72000122070312,ETF
2026-04-28,SILVERBEES.NS,224.72999572753906,ETF
2026-04-29,SILVERBEES.NS,224.1999969482422,ETF
2026-04-30,SILVERBEES.NS,227.5,ETF
2026-05-01,SILVERBEES.NS,227.5,ETF
2026-05-02,SILVERBEES.NS,,ETF
2026-05-03,SILVERBEES.NS,,ETF
2026-05-04,SILVERBEES.NS,230.36000061035156,ETF
2026-05-05,SILVERBEES.NS,228.88999938964844,ETF
2026-05-06,SILVERBEES.NS,234.49000549316406,ETF
2026-05-07,SILVERBEES.NS,239.44000244140625,ETF
2026-05-08,SILVERBEES.NS,240.1699981689453,ETF
2026-05-09,SILVERBEES.NS,,ETF
2026-05-10,SILVERBEES.NS,,ETF
2026-05-11,SILVERBEES.NS,241.2899932861328,ETF
2026-05-12,SILVERBEES.NS,252.00999450683594,ETF
2026-05-13,SILVERBEES.NS,269.4200134277344,ETF
2026-05-14,SILVERBEES.NS,270.92999267578125,ETF
2026-05-15,SILVERBEES.NS,249.85000610351562,ETF
2026-05-16,SILVERBEES.NS,,ETF
2026-05-17,SILVERBEES.NS,,ETF
2026-05-18,SILVERBEES.NS,253.16000366210938,ETF
2026-05-19,SILVERBEES.NS,253.25,ETF
2026-05-20,SILVERBEES.NS,252.66000366210938,ETF
2026-05-21,SILVERBEES.NS,251.97000122070312,ETF
2026-05-22,SILVERBEES.NS,252.5399932861328,ETF
2026-05-23,SILVERBEES.NS,,ETF
2026-05-24,SILVERBEES.NS,,ETF
2026-05-25,SILVERBEES.NS,256.0299987792969,ETF
2026-05-26,SILVERBEES.NS,251.2899932861328,ETF
2026-05-27,SILVERBEES.NS,249.8699951171875,ETF
2026-05-28,SILVERBEES.NS,249.8699951171875,ETF
2026-05-29,SILVERBEES.NS,249.3699951171875,ETF
2026-05-30,SILVERBEES.NS,,ETF
2026-05-31,SILVERBEES.NS,,ETF
2026-06-01,SILVERBEES.NS,249.5399932861328,ETF
2026-06-02,SILVERBEES.NS,251.55999755859375,ETF
2023-01-01,TCS.NS,,Equity
2023-01-02,TCS.NS,2893.560302734375,Equity
2023-01-03,TCS.NS,2937.831787109375,Equity
2023-01-04,TCS.NS,2940.759033203125,Equity
2023-01-05,TCS.NS,2937.60986328125,Equity
2023-01-06,TCS.NS,2849.28857421875,Equity
2023-01-07,TCS.NS,,Equity
2023-01-08,TCS.NS,,Equity
2023-01-09,TCS.NS,2945.461669921875,Equity
2023-01-10,TCS.NS,2915.6953125,Equity
2023-01-11,TCS.NS,2953.224365234375,Equity
2023-01-12,TCS.NS,2958.23681640625,Equity
2023-01-13,TCS.NS,2993.90234375,Equity
2023-01-14,TCS.NS,,Equity
2023-01-15,TCS.NS,,Equity
2023-01-16,TCS.NS,3025.206298828125,Equity
2023-01-17,TCS.NS,3065.447998046875,Equity
2023-01-18,TCS.NS,3075.9736328125,Equity
2023-01-19,TCS.NS,3060.6396484375,Equity
2023-01-20,TCS.NS,3051.565673828125,Equity
2023-01-21,TCS.NS,,Equity
2023-01-22,TCS.NS,,Equity
2023-01-23,TCS.NS,3098.566650390625,Equity
2023-01-24,TCS.NS,3117.98486328125,Equity
2023-01-25,TCS.NS,3112.04150390625,Equity
2023-01-26,TCS.NS,,Equity
2023-01-27,TCS.NS,3095.073486328125,Equity
2023-01-28,TCS.NS,,Equity
2023-01-29,TCS.NS,,Equity
2023-01-30,TCS.NS,3115.579833984375,Equity
2023-01-31,TCS.NS,3047.572998046875,Equity
2023-02-01,TCS.NS,3092.6240234375,Equity
2023-02-02,TCS.NS,3139.852294921875,Equity
2023-02-03,TCS.NS,3159.7236328125,Equity
2023-02-04,TCS.NS,,Equity
2023-02-05,TCS.NS,,Equity
2023-02-06,TCS.NS,3139.444091796875,Equity
2023-02-07,TCS.NS,3150.876953125,Equity
2023-02-08,TCS.NS,3194.022216796875,Equity
2023-02-09,TCS.NS,3212.85009765625,Equity
2023-02-10,TCS.NS,3209.855712890625,Equity
2023-02-11,TCS.NS,,Equity
2023-02-12,TCS.NS,,Equity
2023-02-13,TCS.NS,3159.81494140625,Equity
2023-02-14,TCS.NS,3175.875,Equity
2023-02-15,TCS.NS,3194.521484375,Equity
2023-02-16,TCS.NS,3228.45654296875,Equity
2023-02-17,TCS.NS,3176.82763671875,Equity
2023-02-18,TCS.NS,,Equity
2023-02-19,TCS.NS,,Equity
2023-02-20,TCS.NS,3164.2607421875,Equity
2023-02-21,TCS.NS,3131.323486328125,Equity
2023-02-22,TCS.NS,3086.45361328125,Equity
2023-02-23,TCS.NS,3097.569091796875,Equity
2023-02-24,TCS.NS,3085.45556640625,Equity
2023-02-25,TCS.NS,,Equity
2023-02-26,TCS.NS,,Equity
2023-02-27,TCS.NS,3023.21044921875,Equity
2023-02-28,TCS.NS,3005.970458984375,Equity
2023-03-01,TCS.NS,3072.072265625,Equity
2023-03-02,TCS.NS,3013.773681640625,Equity
2023-03-03,TCS.NS,3032.556396484375,Equity
2023-03-04,TCS.NS,,Equity
2023-03-05,TCS.NS,,Equity
2023-03-06,TCS.NS,3059.50537109375,Equity
2023-03-07,TCS.NS,,Equity
2023-03-08,TCS.NS,3076.33642578125,Equity
2023-03-09,TCS.NS,3027.746826171875,Equity
2023-03-10,TCS.NS,3022.439453125,Equity
2023-03-11,TCS.NS,,Equity
2023-03-12,TCS.NS,,Equity
2023-03-13,TCS.NS,2977.932861328125,Equity
2023-03-14,TCS.NS,2917.139404296875,Equity
2023-03-15,TCS.NS,2902.575927734375,Equity
2023-03-16,TCS.NS,2889.963623046875,Equity
2023-03-17,TCS.NS,2884.79150390625,Equity
2023-03-18,TCS.NS,,Equity
2023-03-19,TCS.NS,,Equity
2023-03-20,TCS.NS,2852.126708984375,Equity
2023-03-21,TCS.NS,2818.37255859375,Equity
2023-03-22,TCS.NS,2840.784423828125,Equity
2023-03-23,TCS.NS,2835.204345703125,Equity
2023-03-24,TCS.NS,2831.4384765625,Equity
2023-03-25,TCS.NS,,Equity
2023-03-26,TCS.NS,,Equity
2023-03-27,TCS.NS,2833.071533203125,Equity
2023-03-28,TCS.NS,2827.26416015625,Equity
2023-03-29,TCS.NS,2848.133544921875,Equity
2023-03-30,TCS.NS,,Equity
2023-03-31,TCS.NS,2908.92724609375,Equity
2023-04-01,TCS.NS,,Equity
2023-04-02,TCS.NS,,Equity
2023-04-03,TCS.NS,2903.574462890625,Equity
2023-04-04,TCS.NS,,Equity
2023-04-05,TCS.NS,2939.687255859375,Equity
2023-04-06,TCS.NS,2922.356201171875,Equity
2023-04-07,TCS.NS,,Equity
2023-04-08,TCS.NS,,Equity
2023-04-09,TCS.NS,,Equity
2023-04-10,TCS.NS,2961.100830078125,Equity
2023-04-11,TCS.NS,2916.09521484375,Equity
2023-04-12,TCS.NS,2941.36572265625,Equity
2023-04-13,TCS.NS,2893.45751953125,Equity
2023-04-14,TCS.NS,,Equity
2023-04-15,TCS.NS,,Equity
2023-04-16,TCS.NS,,Equity
2023-04-17,TCS.NS,2848.677978515625,Equity
2023-04-18,TCS.NS,2840.73876953125,Equity
2023-04-19,TCS.NS,2803.400634765625,Equity
2023-04-20,TCS.NS,2817.192626953125,Equity
2023-04-21,TCS.NS,2868.050537109375,Equity
2023-04-22,TCS.NS,,Equity
2023-04-23,TCS.NS,,Equity
2023-04-24,TCS.NS,2880.70849609375,Equity
2023-04-25,TCS.NS,2881.797119140625,Equity
2023-04-26,TCS.NS,2901.8955078125,Equity
2023-04-27,TCS.NS,2892.640380859375,Equity
2023-04-28,TCS.NS,2921.040771484375,Equity
2023-04-29,TCS.NS,,Equity
2023-04-30,TCS.NS,,Equity
2023-05-01,TCS.NS,,Equity
2023-05-02,TCS.NS,2921.177001953125,Equity
2023-05-03,TCS.NS,2885.336181640625,Equity
2023-05-04,TCS.NS,2922.356201171875,Equity
2023-05-05,TCS.NS,2931.43017578125,Equity
2023-05-06,TCS.NS,,Equity
2023-05-07,TCS.NS,,Equity
2023-05-08,TCS.NS,2949.487060546875,Equity
2023-05-09,TCS.NS,2979.112060546875,Equity
2023-05-10,TCS.NS,2982.33349609375,Equity
2023-05-11,TCS.NS,2978.1142578125,Equity
2023-05-12,TCS.NS,2970.9912109375,Equity
2023-05-13,TCS.NS,,Equity
2023-05-14,TCS.NS,,Equity
2023-05-15,TCS.NS,2953.5244140625,Equity
2023-05-16,TCS.NS,2956.337158203125,Equity
2023-05-17,TCS.NS,2911.4677734375,Equity
2023-05-18,TCS.NS,2903.438232421875,Equity
2023-05-19,TCS.NS,2924.307373046875,Equity
2023-05-20,TCS.NS,,Equity
2023-05-21,TCS.NS,,Equity
2023-05-22,TCS.NS,2993.131591796875,Equity
2023-05-23,TCS.NS,2991.63427734375,Equity
2023-05-24,TCS.NS,2997.3505859375,Equity
2023-05-25,TCS.NS,2988.412841796875,Equity
2023-05-26,TCS.NS,3020.533935546875,Equity
2023-05-27,TCS.NS,,Equity
2023-05-28,TCS.NS,,Equity
2023-05-29,TCS.NS,3012.776123046875,Equity
2023-05-30,TCS.NS,3009.010009765625,Equity
2023-05-31,TCS.NS,2984.783447265625,Equity
2023-06-01,TCS.NS,3016.087646484375,Equity
2023-06-02,TCS.NS,2999.39208984375,Equity
2023-06-03,TCS.NS,,Equity
2023-06-04,TCS.NS,,Equity
2023-06-05,TCS.NS,2984.23876953125,Equity
2023-06-06,TCS.NS,2932.88232421875,Equity
2023-06-07,TCS.NS,2971.53564453125,Equity
2023-06-08,TCS.NS,2936.647705078125,Equity
2023-06-09,TCS.NS,2912.01220703125,Equity
2023-06-10,TCS.NS,,Equity
2023-06-11,TCS.NS,,Equity
2023-06-12,TCS.NS,2946.129638671875,Equity
2023-06-13,TCS.NS,2943.2255859375,Equity
2023-06-14,TCS.NS,2949.89501953125,Equity
2023-06-15,TCS.NS,2940.06787109375,Equity
2023-06-16,TCS.NS,2902.224365234375,Equity
2023-06-17,TCS.NS,,Equity
2023-06-18,TCS.NS,,Equity
2023-06-19,TCS.NS,2934.67529296875,Equity
2023-06-20,TCS.NS,2950.4892578125,Equity
2023-06-21,TCS.NS,2978.369384765625,Equity
2023-06-22,TCS.NS,2960.361572265625,Equity
2023-06-23,TCS.NS,2940.114990234375,Equity
2023-06-24,TCS.NS,,Equity
2023-06-25,TCS.NS,,Equity
2023-06-26,TCS.NS,2915.707275390625,Equity
2023-06-27,TCS.NS,2922.745849609375,Equity
2023-06-28,TCS.NS,2939.291259765625,Equity
2023-06-29,TCS.NS,,Equity
2023-06-30,TCS.NS,3018.636474609375,Equity
2023-07-01,TCS.NS,,Equity
2023-07-02,TCS.NS,,Equity
2023-07-03,TCS.NS,2991.25927734375,Equity
2023-07-04,TCS.NS,3024.67041015625,Equity
2023-07-05,TCS.NS,3034.816162109375,Equity
2023-07-06,TCS.NS,3037.5126953125,Equity
2023-07-07,TCS.NS,3043.3173828125,Equity
2023-07-08,TCS.NS,,Equity
2023-07-09,TCS.NS,,Equity
2023-07-10,TCS.NS,2990.93896484375,Equity
2023-07-11,TCS.NS,2991.3505859375,Equity
2023-07-12,TCS.NS,2979.923095703125,Equity
2023-07-13,TCS.NS,3053.6474609375,Equity
2023-07-14,TCS.NS,3212.794921875,Equity
2023-07-15,TCS.NS,,Equity
2023-07-16,TCS.NS,,Equity
2023-07-17,TCS.NS,3191.8154296875,Equity
2023-07-18,TCS.NS,3196.523193359375,Equity
2023-07-19,TCS.NS,3172.025390625,Equity
2023-07-20,TCS.NS,3174.087158203125,Equity
2023-07-21,TCS.NS,3087.0205078125,Equity
2023-07-22,TCS.NS,,Equity
2023-07-23,TCS.NS,,Equity
2023-07-24,TCS.NS,3111.26171875,Equity
2023-07-25,TCS.NS,3115.294189453125,Equity
2023-07-26,TCS.NS,3105.350341796875,Equity
2023-07-27,TCS.NS,3113.232177734375,Equity
2023-07-28,TCS.NS,3075.197509765625,Equity
2023-07-29,TCS.NS,,Equity
2023-07-30,TCS.NS,,Equity
2023-07-31,TCS.NS,3135.732421875,Equity
2023-08-01,TCS.NS,3163.776611328125,Equity
2023-08-02,TCS.NS,3153.32861328125,Equity
2023-08-03,TCS.NS,3116.02685546875,Equity
2023-08-04,TCS.NS,3155.986328125,Equity
2023-08-05,TCS.NS,,Equity
2023-08-06,TCS.NS,,Equity
2023-08-07,TCS.NS,3193.1044921875,Equity
2023-08-08,TCS.NS,3180.777099609375,Equity
2023-08-09,TCS.NS,3173.354248046875,Equity
2023-08-10,TCS.NS,3154.657470703125,Equity
2023-08-11,TCS.NS,3160.79833984375,Equity
2023-08-12,TCS.NS,,Equity
2023-08-13,TCS.NS,,Equity
2023-08-14,TCS.NS,3161.760498046875,Equity
2023-08-15,TCS.NS,,Equity
2023-08-16,TCS.NS,3169.59619140625,Equity
2023-08-17,TCS.NS,3148.837890625,Equity
2023-08-18,TCS.NS,3085.920654296875,Equity
2023-08-19,TCS.NS,,Equity
2023-08-20,TCS.NS,,Equity
2023-08-21,TCS.NS,3117.585205078125,Equity
2023-08-22,TCS.NS,3099.7138671875,Equity
2023-08-23,TCS.NS,3114.469482421875,Equity
2023-08-24,TCS.NS,3104.846435546875,Equity
2023-08-25,TCS.NS,3098.93505859375,Equity
2023-08-26,TCS.NS,,Equity
2023-08-27,TCS.NS,,Equity
2023-08-28,TCS.NS,3093.66455078125,Equity
2023-08-29,TCS.NS,3094.21484375,Equity
2023-08-30,TCS.NS,3107.779052734375,Equity
2023-08-31,TCS.NS,3076.481201171875,Equity
2023-09-01,TCS.NS,3097.010009765625,Equity
2023-09-02,TCS.NS,,Equity
2023-09-03,TCS.NS,,Equity
2023-09-04,TCS.NS,3133.028564453125,Equity
2023-09-05,TCS.NS,3142.97216796875,Equity
2023-09-06,TCS.NS,3143.476318359375,Equity
2023-09-07,TCS.NS,3166.709228515625,Equity
2023-09-08,TCS.NS,3154.474609375,Equity
2023-09-09,TCS.NS,,Equity
2023-09-10,TCS.NS,,Equity
2023-09-11,TCS.NS,3189.988037109375,Equity
2023-09-12,TCS.NS,3281.77490234375,Equity
2023-09-13,TCS.NS,3269.906494140625,Equity
2023-09-14,TCS.NS,3262.7578125,Equity
2023-09-15,TCS.NS,3297.8134765625,Equity
2023-09-16,TCS.NS,,Equity
2023-09-17,TCS.NS,,Equity
2023-09-18,TCS.NS,3305.008544921875,Equity
2023-09-19,TCS.NS,,Equity
2023-09-20,TCS.NS,3304.91650390625,Equity
2023-09-21,TCS.NS,3285.899169921875,Equity
2023-09-22,TCS.NS,3302.716552734375,Equity
2023-09-23,TCS.NS,,Equity
2023-09-24,TCS.NS,,Equity
2023-09-25,TCS.NS,3278.429931640625,Equity
2023-09-26,TCS.NS,3286.26611328125,Equity
2023-09-27,TCS.NS,3289.5654296875,Equity
2023-09-28,TCS.NS,3241.403564453125,Equity
2023-09-29,TCS.NS,3233.93408203125,Equity
2023-09-30,TCS.NS,,Equity
2023-10-01,TCS.NS,,Equity
2023-10-02,TCS.NS,,Equity
2023-10-03,TCS.NS,3220.415771484375,Equity
2023-10-04,TCS.NS,3242.320068359375,Equity
2023-10-05,TCS.NS,3289.611083984375,Equity
2023-10-06,TCS.NS,3318.98486328125,Equity
2023-10-07,TCS.NS,,Equity
2023-10-08,TCS.NS,,Equity
2023-10-09,TCS.NS,3334.519287109375,Equity
2023-10-10,TCS.NS,3325.85791015625,Equity
2023-10-11,TCS.NS,3308.444580078125,Equity
2023-10-12,TCS.NS,3246.71923828125,Equity
2023-10-13,TCS.NS,3272.65625,Equity
2023-10-14,TCS.NS,,Equity
2023-10-15,TCS.NS,,Equity
2023-10-16,TCS.NS,3229.763916015625,Equity
2023-10-17,TCS.NS,3214.18359375,Equity
2023-10-18,TCS.NS,3196.037109375,Equity
2023-10-19,TCS.NS,3175.27099609375,Equity
2023-10-20,TCS.NS,3211.0146484375,Equity
2023-10-21,TCS.NS,,Equity
2023-10-22,TCS.NS,,Equity
2023-10-23,TCS.NS,3133.46240234375,Equity
2023-10-24,TCS.NS,,Equity
2023-10-25,TCS.NS,3115.03955078125,Equity
2023-10-26,TCS.NS,3066.01806640625,Equity
2023-10-27,TCS.NS,3079.06591796875,Equity
2023-10-28,TCS.NS,,Equity
2023-10-29,TCS.NS,,Equity
2023-10-30,TCS.NS,3104.4267578125,Equity
2023-10-31,TCS.NS,3095.42138671875,Equity
2023-11-01,TCS.NS,3060.4130859375,Equity
2023-11-02,TCS.NS,3087.4736328125,Equity
2023-11-03,TCS.NS,3079.019775390625,Equity
2023-11-04,TCS.NS,,Equity
2023-11-05,TCS.NS,,Equity
2023-11-06,TCS.NS,3105.98828125,Equity
2023-11-07,TCS.NS,3096.983642578125,Equity
2023-11-08,TCS.NS,3107.182861328125,Equity
2023-11-09,TCS.NS,3075.85009765625,Equity
2023-11-10,TCS.NS,3062.985595703125,Equity
2023-11-11,TCS.NS,,Equity
2023-11-12,TCS.NS,,Equity
2023-11-13,TCS.NS,3061.239990234375,Equity
2023-11-14,TCS.NS,,Equity
2023-11-15,TCS.NS,3128.08740234375,Equity
2023-11-16,TCS.NS,3214.047119140625,Equity
2023-11-17,TCS.NS,3218.2734375,Equity
2023-11-18,TCS.NS,,Equity
2023-11-19,TCS.NS,,Equity
2023-11-20,TCS.NS,3234.03271484375,Equity
2023-11-21,TCS.NS,3225.39501953125,Equity
2023-11-22,TCS.NS,3243.726318359375,Equity
2023-11-23,TCS.NS,3223.60302734375,Equity
2023-11-24,TCS.NS,3176.603271484375,Equity
2023-11-25,TCS.NS,,Equity
2023-11-26,TCS.NS,,Equity
2023-11-27,TCS.NS,,Equity
2023-11-28,TCS.NS,3188.593994140625,Equity
2023-11-29,TCS.NS,3228.65673828125,Equity
2023-11-30,TCS.NS,3204.62890625,Equity
2023-12-01,TCS.NS,3226.726806640625,Equity
2023-12-02,TCS.NS,,Equity
2023-12-03,TCS.NS,,Equity
2023-12-04,TCS.NS,3227.4619140625,Equity
2023-12-05,TCS.NS,3245.05859375,Equity
2023-12-06,TCS.NS,3311.67626953125,Equity
2023-12-07,TCS.NS,3321.599853515625,Equity
2023-12-08,TCS.NS,3332.442626953125,Equity
2023-12-09,TCS.NS,,Equity
2023-12-10,TCS.NS,,Equity
2023-12-11,TCS.NS,3347.32763671875,Equity
2023-12-12,TCS.NS,3374.1591796875,Equity
2023-12-13,TCS.NS,3301.982177734375,Equity
2023-12-14,TCS.NS,3369.7021484375,Equity
2023-12-15,TCS.NS,3547.732421875,Equity
2023-12-16,TCS.NS,,Equity
2023-12-17,TCS.NS,,Equity
2023-12-18,TCS.NS,3546.077880859375,Equity
2023-12-19,TCS.NS,3506.56689453125,Equity
2023-12-20,TCS.NS,3473.350341796875,Equity
2023-12-21,TCS.NS,3480.19580078125,Equity
2023-12-22,TCS.NS,3513.734619140625,Equity
2023-12-23,TCS.NS,,Equity
2023-12-24,TCS.NS,,Equity
2023-12-25,TCS.NS,,Equity
2023-12-26,TCS.NS,3487.5927734375,Equity
2023-12-27,TCS.NS,3501.972900390625,Equity
2023-12-28,TCS.NS,3491.58984375,Equity
2023-12-29,TCS.NS,3485.61669921875,Equity
2023-12-30,TCS.NS,,Equity
2023-12-31,TCS.NS,,Equity
2024-01-01,TCS.NS,3501.88134765625,Equity
2024-01-02,TCS.NS,3476.244873046875,Equity
2024-01-03,TCS.NS,3392.21435546875,Equity
2024-01-04,TCS.NS,3369.28857421875,Equity
2024-01-05,TCS.NS,3434.6201171875,Equity
2024-01-06,TCS.NS,,Equity
2024-01-07,TCS.NS,,Equity
2024-01-08,TCS.NS,3379.8564453125,Equity
2024-01-09,TCS.NS,3390.514404296875,Equity
2024-01-10,TCS.NS,3411.78662109375,Equity
2024-01-11,TCS.NS,3432.4609375,Equity
2024-01-12,TCS.NS,3567.76318359375,Equity
2024-01-13,TCS.NS,,Equity
2024-01-14,TCS.NS,,Equity
2024-01-15,TCS.NS,3587.059326171875,Equity
2024-01-16,TCS.NS,3548.008056640625,Equity
2024-01-17,TCS.NS,3569.41748046875,Equity
2024-01-18,TCS.NS,3585.957275390625,Equity
2024-01-19,TCS.NS,3648.366455078125,Equity
2024-01-20,TCS.NS,,Equity
2024-01-21,TCS.NS,,Equity
2024-01-22,TCS.NS,,Equity
2024-01-23,TCS.NS,3569.904052734375,Equity
2024-01-24,TCS.NS,3554.683349609375,Equity
2024-01-25,TCS.NS,3525.537109375,Equity
2024-01-26,TCS.NS,,Equity
2024-01-27,TCS.NS,,Equity
2024-01-28,TCS.NS,,Equity
2024-01-29,TCS.NS,3516.932373046875,Equity
2024-01-30,TCS.NS,3516.515380859375,Equity
2024-01-31,TCS.NS,3530.76513671875,Equity
2024-02-01,TCS.NS,3566.110107421875,Equity
2024-02-02,TCS.NS,3669.878662109375,Equity
2024-02-03,TCS.NS,,Equity
2024-02-04,TCS.NS,,Equity
2024-02-05,TCS.NS,3676.355712890625,Equity
2024-02-06,TCS.NS,3826.89599609375,Equity
2024-02-07,TCS.NS,3778.227294921875,Equity
2024-02-08,TCS.NS,3825.137939453125,Equity
2024-02-09,TCS.NS,3824.767578125,Equity
2024-02-10,TCS.NS,,Equity
2024-02-11,TCS.NS,,Equity
2024-02-12,TCS.NS,3812.739501953125,Equity
2024-02-13,TCS.NS,3839.386962890625,Equity
2024-02-14,TCS.NS,3793.678955078125,Equity
2024-02-15,TCS.NS,3796.54736328125,Equity
2024-02-16,TCS.NS,3819.771240234375,Equity
2024-02-17,TCS.NS,,Equity
2024-02-18,TCS.NS,,Equity
2024-02-19,TCS.NS,3797.102294921875,Equity
2024-02-20,TCS.NS,3729.419189453125,Equity
2024-02-21,TCS.NS,3693.1953125,Equity
2024-02-22,TCS.NS,3781.650634765625,Equity
2024-02-23,TCS.NS,3749.2666015625,Equity
2024-02-24,TCS.NS,,Equity
2024-02-25,TCS.NS,,Equity
2024-02-26,TCS.NS,3702.031982421875,Equity
2024-02-27,TCS.NS,3797.65771484375,Equity
2024-02-28,TCS.NS,3811.12060546875,Equity
2024-02-29,TCS.NS,3789.052978515625,Equity
2024-03-01,TCS.NS,3788.35888671875,Equity
2024-03-02,TCS.NS,,Equity
2024-03-03,TCS.NS,,Equity
2024-03-04,TCS.NS,3775.728759765625,Equity
2024-03-05,TCS.NS,3712.25537109375,Equity
2024-03-06,TCS.NS,3760.554443359375,Equity
2024-03-07,TCS.NS,3801.5439453125,Equity
2024-03-08,TCS.NS,,Equity
2024-03-09,TCS.NS,,Equity
2024-03-10,TCS.NS,,Equity
2024-03-11,TCS.NS,3814.26611328125,Equity
2024-03-12,TCS.NS,3878.94189453125,Equity
2024-03-13,TCS.NS,3838.924560546875,Equity
2024-03-14,TCS.NS,3893.145263671875,Equity
2024-03-15,TCS.NS,3903.92431640625,Equity
2024-03-16,TCS.NS,,Equity
2024-03-17,TCS.NS,,Equity
2024-03-18,TCS.NS,3842.162841796875,Equity
2024-03-19,TCS.NS,3680.056640625,Equity
2024-03-20,TCS.NS,3674.13427734375,Equity
2024-03-21,TCS.NS,3676.031494140625,Equity
2024-03-22,TCS.NS,3618.61865234375,Equity
2024-03-23,TCS.NS,,Equity
2024-03-24,TCS.NS,,Equity
2024-03-25,TCS.NS,,Equity
2024-03-26,TCS.NS,3587.71484375,Equity
2024-03-27,TCS.NS,3553.850341796875,Equity
2024-03-28,TCS.NS,3586.60498046875,Equity
2024-03-29,TCS.NS,,Equity
2024-03-30,TCS.NS,,Equity
2024-03-31,TCS.NS,,Equity
2024-04-01,TCS.NS,3624.03173828125,Equity
2024-04-02,TCS.NS,3593.544189453125,Equity
2024-04-03,TCS.NS,3652.29833984375,Equity
2024-04-04,TCS.NS,3704.113037109375,Equity
2024-04-05,TCS.NS,3681.86083984375,Equity
2024-04-06,TCS.NS,,Equity
2024-04-07,TCS.NS,,Equity
2024-04-08,TCS.NS,3675.66162109375,Equity
2024-04-09,TCS.NS,3651.6044921875,Equity
2024-04-10,TCS.NS,3686.856689453125,Equity
2024-04-11,TCS.NS,,Equity
2024-04-12,TCS.NS,3702.355224609375,Equity
2024-04-13,TCS.NS,,Equity
2024-04-14,TCS.NS,,Equity
2024-04-15,TCS.NS,3646.654052734375,Equity
2024-04-16,TCS.NS,3583.3662109375,Equity
2024-04-17,TCS.NS,,Equity
2024-04-18,TCS.NS,3573.37353515625,Equity
2024-04-19,TCS.NS,3540.248779296875,Equity
2024-04-20,TCS.NS,,Equity
2024-04-21,TCS.NS,,Equity
2024-04-22,TCS.NS,3575.779296875,Equity
2024-04-23,TCS.NS,3585.12451171875,Equity
2024-04-24,TCS.NS,3544.736083984375,Equity
2024-04-25,TCS.NS,3564.3056640625,Equity
2024-04-26,TCS.NS,3535.761474609375,Equity
2024-04-27,TCS.NS,,Equity
2024-04-28,TCS.NS,,Equity
2024-04-29,TCS.NS,3580.960693359375,Equity
2024-04-30,TCS.NS,3535.11376953125,Equity
2024-05-01,TCS.NS,,Equity
2024-05-02,TCS.NS,3574.576416015625,Equity
2024-05-03,TCS.NS,3556.1630859375,Equity
2024-05-04,TCS.NS,,Equity
2024-05-05,TCS.NS,,Equity
2024-05-06,TCS.NS,3628.010498046875,Equity
2024-05-07,TCS.NS,3681.5830078125,Equity
2024-05-08,TCS.NS,3679.732666015625,Equity
2024-05-09,TCS.NS,3664.234375,Equity
2024-05-10,TCS.NS,3602.88916015625,Equity
2024-05-11,TCS.NS,,Equity
2024-05-12,TCS.NS,,Equity
2024-05-13,TCS.NS,3652.76123046875,Equity
2024-05-14,TCS.NS,3609.643798828125,Equity
2024-05-15,TCS.NS,3590.398193359375,Equity
2024-05-16,TCS.NS,3635.64599609375,Equity
2024-05-17,TCS.NS,3573.343017578125,Equity
2024-05-18,TCS.NS,,Equity
2024-05-19,TCS.NS,,Equity
2024-05-20,TCS.NS,,Equity
2024-05-21,TCS.NS,3560.3876953125,Equity
2024-05-22,TCS.NS,3571.385498046875,Equity
2024-05-23,TCS.NS,3628.656494140625,Equity
2024-05-24,TCS.NS,3587.6953125,Equity
2024-05-25,TCS.NS,,Equity
2024-05-26,TCS.NS,,Equity
2024-05-27,TCS.NS,3585.412109375,Equity
2024-05-28,TCS.NS,3578.748291015625,Equity
2024-05-29,TCS.NS,3544.963623046875,Equity
2024-05-30,TCS.NS,3482.008056640625,Equity
2024-05-31,TCS.NS,3421.288330078125,Equity
2024-06-01,TCS.NS,,Equity
2024-06-02,TCS.NS,,Equity
2024-06-03,TCS.NS,3451.01953125,Equity
2024-06-04,TCS.NS,3462.3427734375,Equity
2024-06-05,TCS.NS,3491.65380859375,Equity
2024-06-06,TCS.NS,3569.894287109375,Equity
2024-06-07,TCS.NS,3629.1220703125,Equity
2024-06-08,TCS.NS,,Equity
2024-06-09,TCS.NS,,Equity
2024-06-10,TCS.NS,3596.269775390625,Equity
2024-06-11,TCS.NS,3590.11865234375,Equity
2024-06-12,TCS.NS,3571.059326171875,Equity
2024-06-13,TCS.NS,3614.39697265625,Equity
2024-06-14,TCS.NS,3571.431884765625,Equity
2024-06-15,TCS.NS,,Equity
2024-06-16,TCS.NS,,Equity
2024-06-17,TCS.NS,,Equity
2024-06-18,TCS.NS,3555.635009765625,Equity
2024-06-19,TCS.NS,3543.146484375,Equity
2024-06-20,TCS.NS,3529.67919921875,Equity
2024-06-21,TCS.NS,3551.58056640625,Equity
2024-06-22,TCS.NS,,Equity
2024-06-23,TCS.NS,,Equity
2024-06-24,TCS.NS,3557.21923828125,Equity
2024-06-25,TCS.NS,3577.39697265625,Equity
2024-06-26,TCS.NS,3593.61376953125,Equity
2024-06-27,TCS.NS,3666.58837890625,Equity
2024-06-28,TCS.NS,3638.628662109375,Equity
2024-06-29,TCS.NS,,Equity
2024-06-30,TCS.NS,,Equity
2024-07-01,TCS.NS,3707.642578125,Equity
2024-07-02,TCS.NS,3744.1767578125,Equity
2024-07-03,TCS.NS,3695.5732421875,Equity
2024-07-04,TCS.NS,3747.48486328125,Equity
2024-07-05,TCS.NS,3738.95751953125,Equity
2024-07-06,TCS.NS,,Equity
2024-07-07,TCS.NS,,Equity
2024-07-08,TCS.NS,3721.622314453125,Equity
2024-07-09,TCS.NS,3714.4462890625,Equity
2024-07-10,TCS.NS,3643.28857421875,Equity
2024-07-11,TCS.NS,3656.849365234375,Equity
2024-07-12,TCS.NS,3899.39990234375,Equity
2024-07-13,TCS.NS,,Equity
2024-07-14,TCS.NS,,Equity
2024-07-15,TCS.NS,3885.65283203125,Equity
2024-07-16,TCS.NS,3894.273681640625,Equity
2024-07-17,TCS.NS,,Equity
2024-07-18,TCS.NS,4022.04931640625,Equity
2024-07-19,TCS.NS,4019.106689453125,Equity
2024-07-20,TCS.NS,,Equity
2024-07-21,TCS.NS,,Equity
2024-07-22,TCS.NS,4005.048095703125,Equity
2024-07-23,TCS.NS,4019.059814453125,Equity
2024-07-24,TCS.NS,4022.703125,Equity
2024-07-25,TCS.NS,4037.8828125,Equity
2024-07-26,TCS.NS,4098.93017578125,Equity
2024-07-27,TCS.NS,,Equity
2024-07-28,TCS.NS,,Equity
2024-07-29,TCS.NS,4092.62451171875,Equity
2024-07-30,TCS.NS,4077.911865234375,Equity
2024-07-31,TCS.NS,4096.5947265625,Equity
2024-08-01,TCS.NS,4107.57080078125,Equity
2024-08-02,TCS.NS,4001.031005859375,Equity
2024-08-03,TCS.NS,,Equity
2024-08-04,TCS.NS,,Equity
2024-08-05,TCS.NS,3881.458740234375,Equity
2024-08-06,TCS.NS,3896.545654296875,Equity
2024-08-07,TCS.NS,3923.8701171875,Equity
2024-08-08,TCS.NS,3897.80615234375,Equity
2024-08-09,TCS.NS,3950.30615234375,Equity
2024-08-10,TCS.NS,,Equity
2024-08-11,TCS.NS,,Equity
2024-08-12,TCS.NS,3919.385498046875,Equity
2024-08-13,TCS.NS,3920.600341796875,Equity
2024-08-14,TCS.NS,4012.42724609375,Equity
2024-08-15,TCS.NS,,Equity
2024-08-16,TCS.NS,4125.2724609375,Equity
2024-08-17,TCS.NS,,Equity
2024-08-18,TCS.NS,,Equity
2024-08-19,TCS.NS,4194.353515625,Equity
2024-08-20,TCS.NS,4225.4609375,Equity
2024-08-21,TCS.NS,4251.80517578125,Equity
2024-08-22,TCS.NS,4205.5634765625,Equity
2024-08-23,TCS.NS,4169.97265625,Equity
2024-08-24,TCS.NS,,Equity
2024-08-25,TCS.NS,,Equity
2024-08-26,TCS.NS,4205.984375,Equity
2024-08-27,TCS.NS,4201.03369140625,Equity
2024-08-28,TCS.NS,4209.34716796875,Equity
2024-08-29,TCS.NS,4214.71875,Equity
2024-08-30,TCS.NS,4253.90673828125,Equity
2024-08-31,TCS.NS,,Equity
2024-09-01,TCS.NS,,Equity
2024-09-02,TCS.NS,4223.35986328125,Equity
2024-09-03,TCS.NS,4215.232421875,Equity
2024-09-04,TCS.NS,4184.3115234375,Equity
2024-09-05,TCS.NS,4181.2294921875,Equity
2024-09-06,TCS.NS,4163.2939453125,Equity
2024-09-07,TCS.NS,,Equity
2024-09-08,TCS.NS,,Equity
2024-09-09,TCS.NS,4156.56787109375,Equity
2024-09-10,TCS.NS,4211.02880859375,Equity
2024-09-11,TCS.NS,4184.40625,Equity
2024-09-12,TCS.NS,4220.23046875,Equity
2024-09-13,TCS.NS,4224.8076171875,Equity
2024-09-14,TCS.NS,,Equity
2024-09-15,TCS.NS,,Equity
2024-09-16,TCS.NS,4216.07275390625,Equity
2024-09-17,TCS.NS,4208.97412109375,Equity
2024-09-18,TCS.NS,4059.975341796875,Equity
2024-09-19,TCS.NS,4013.26806640625,Equity
2024-09-20,TCS.NS,4002.758544921875,Equity
2024-09-21,TCS.NS,,Equity
2024-09-22,TCS.NS,,Equity
2024-09-23,TCS.NS,3987.43896484375,Equity
2024-09-24,TCS.NS,3990.0537109375,Equity
2024-09-25,TCS.NS,3993.277099609375,Equity
2024-09-26,TCS.NS,4009.858642578125,Equity
2024-09-27,TCS.NS,4024.99267578125,Equity
2024-09-28,TCS.NS,,Equity
2024-09-29,TCS.NS,,Equity
2024-09-30,TCS.NS,3987.43896484375,Equity
2024-10-01,TCS.NS,4005.56201171875,Equity
2024-10-02,TCS.NS,,Equity
2024-10-03,TCS.NS,3954.042724609375,Equity
2024-10-04,TCS.NS,3972.2587890625,Equity
2024-10-05,TCS.NS,,Equity
2024-10-06,TCS.NS,,Equity
2024-10-07,TCS.NS,3991.502685546875,Equity
2024-10-08,TCS.NS,3973.193115234375,Equity
2024-10-09,TCS.NS,3972.912841796875,Equity
2024-10-10,TCS.NS,3949.045166015625,Equity
2024-10-11,TCS.NS,3875.994140625,Equity
2024-10-12,TCS.NS,,Equity
2024-10-13,TCS.NS,,Equity
2024-10-14,TCS.NS,3864.270263671875,Equity
2024-10-15,TCS.NS,3845.727294921875,Equity
2024-10-16,TCS.NS,3825.316162109375,Equity
2024-10-17,TCS.NS,3838.44140625,Equity
2024-10-18,TCS.NS,3860.962158203125,Equity
2024-10-19,TCS.NS,,Equity
2024-10-20,TCS.NS,,Equity
2024-10-21,TCS.NS,3820.508544921875,Equity
2024-10-22,TCS.NS,3760.2490234375,Equity
2024-10-23,TCS.NS,3807.77294921875,Equity
2024-10-24,TCS.NS,3790.58935546875,Equity
2024-10-25,TCS.NS,3799.6259765625,Equity
2024-10-26,TCS.NS,,Equity
2024-10-27,TCS.NS,,Equity
2024-10-28,TCS.NS,3830.809326171875,Equity
2024-10-29,TCS.NS,3816.20068359375,Equity
2024-10-30,TCS.NS,3825.00341796875,Equity
2024-10-31,TCS.NS,3716.190185546875,Equity
2024-11-01,TCS.NS,3730.9384765625,Equity
2024-11-02,TCS.NS,,Equity
2024-11-03,TCS.NS,,Equity
2024-11-04,TCS.NS,3712.1630859375,Equity
2024-11-05,TCS.NS,3718.905029296875,Equity
2024-11-06,TCS.NS,3876.507080078125,Equity
2024-11-07,TCS.NS,3887.042236328125,Equity
2024-11-08,TCS.NS,3883.39013671875,Equity
2024-11-09,TCS.NS,,Equity
2024-11-10,TCS.NS,,Equity
2024-11-11,TCS.NS,3931.803466796875,Equity
2024-11-12,TCS.NS,3930.5859375,Equity
2024-11-13,TCS.NS,3886.527099609375,Equity
2024-11-14,TCS.NS,3882.359619140625,Equity
2024-11-15,TCS.NS,,Equity
2024-11-16,TCS.NS,,Equity
2024-11-17,TCS.NS,,Equity
2024-11-18,TCS.NS,3763.994873046875,Equity
2024-11-19,TCS.NS,3782.7705078125,Equity
2024-11-20,TCS.NS,,Equity
2024-11-21,TCS.NS,3813.953369140625,Equity
2024-11-22,TCS.NS,3974.785888671875,Equity
2024-11-23,TCS.NS,,Equity
2024-11-24,TCS.NS,,Equity
2024-11-25,TCS.NS,4040.8046875,Equity
2024-11-26,TCS.NS,4076.015380859375,Equity
2024-11-27,TCS.NS,4057.14501953125,Equity
2024-11-28,TCS.NS,3975.06689453125,Equity
2024-11-29,TCS.NS,3999.3671875,Equity
2024-11-30,TCS.NS,,Equity
2024-12-01,TCS.NS,,Equity
2024-12-02,TCS.NS,4004.798583984375,Equity
2024-12-03,TCS.NS,4029.240234375,Equity
2024-12-04,TCS.NS,4077.6064453125,Equity
2024-12-05,TCS.NS,4180.28564453125,Equity
2024-12-06,TCS.NS,4162.91552734375,Equity
2024-12-07,TCS.NS,,Equity
2024-12-08,TCS.NS,,Equity
2024-12-09,TCS.NS,4169.14306640625,Equity
2024-12-10,TCS.NS,4150.7880859375,Equity
2024-12-11,TCS.NS,4146.0126953125,Equity
2024-12-12,TCS.NS,4171.7646484375,Equity
2024-12-13,TCS.NS,4189.51025390625,Equity
2024-12-14,TCS.NS,,Equity
2024-12-15,TCS.NS,,Equity
2024-12-16,TCS.NS,4134.541015625,Equity
2024-12-17,TCS.NS,4053.3525390625,Equity
2024-12-18,TCS.NS,4071.473388671875,Equity
2024-12-19,TCS.NS,4000.350341796875,Equity
2024-12-20,TCS.NS,3905.208740234375,Equity
2024-12-21,TCS.NS,,Equity
2024-12-22,TCS.NS,,Equity
2024-12-23,TCS.NS,3893.971435546875,Equity
2024-12-24,TCS.NS,3913.82421875,Equity
2024-12-25,TCS.NS,,Equity
2024-12-26,TCS.NS,3904.08544921875,Equity
2024-12-27,TCS.NS,3900.105224609375,Equity
2024-12-28,TCS.NS,,Equity
2024-12-29,TCS.NS,,Equity
2024-12-30,TCS.NS,3894.439697265625,Equity
2024-12-31,TCS.NS,3834.5078125,Equity
2025-01-01,TCS.NS,3851.036376953125,Equity
2025-01-02,TCS.NS,3910.312255859375,Equity
2025-01-03,TCS.NS,3839.28369140625,Equity
2025-01-04,TCS.NS,,Equity
2025-01-05,TCS.NS,,Equity
2025-01-06,TCS.NS,3834.695556640625,Equity
2025-01-07,TCS.NS,3772.2353515625,Equity
2025-01-08,TCS.NS,3847.243408203125,Equity
2025-01-09,TCS.NS,3782.114501953125,Equity
2025-01-10,TCS.NS,3994.497802734375,Equity
2025-01-11,TCS.NS,,Equity
2025-01-12,TCS.NS,,Equity
2025-01-13,TCS.NS,4018.330078125,Equity
2025-01-14,TCS.NS,3963.97021484375,Equity
2025-01-15,TCS.NS,3979.468505859375,Equity
2025-01-16,TCS.NS,3938.920166015625,Equity
2025-01-17,TCS.NS,3933.198486328125,Equity
2025-01-18,TCS.NS,,Equity
2025-01-19,TCS.NS,,Equity
2025-01-20,TCS.NS,3888.853271484375,Equity
2025-01-21,TCS.NS,3848.846923828125,Equity
2025-01-22,TCS.NS,3964.001708984375,Equity
2025-01-23,TCS.NS,3953.368408203125,Equity
2025-01-24,TCS.NS,3959.94921875,Equity
2025-01-25,TCS.NS,,Equity
2025-01-26,TCS.NS,,Equity
2025-01-27,TCS.NS,3876.7890625,Equity
2025-01-28,TCS.NS,3853.0908203125,Equity
2025-01-29,TCS.NS,3909.83349609375,Equity
2025-01-30,TCS.NS,3910.072021484375,Equity
2025-01-31,TCS.NS,3921.85009765625,Equity
2025-02-01,TCS.NS,3884.41845703125,Equity
2025-02-02,TCS.NS,,Equity
2025-02-03,TCS.NS,3880.127197265625,Equity
2025-02-04,TCS.NS,3916.74755859375,Equity
2025-02-05,TCS.NS,3901.536865234375,Equity
2025-02-06,TCS.NS,3893.57373046875,Equity
2025-02-07,TCS.NS,3842.69580078125,Equity
2025-02-08,TCS.NS,,Equity
2025-02-09,TCS.NS,,Equity
2025-02-10,TCS.NS,3849.89599609375,Equity
2025-02-11,TCS.NS,3779.89697265625,Equity
2025-02-12,TCS.NS,3767.11767578125,Equity
2025-02-13,TCS.NS,3728.97119140625,Equity
2025-02-14,TCS.NS,3752.527099609375,Equity
2025-02-15,TCS.NS,,Equity
2025-02-16,TCS.NS,,Equity
2025-02-17,TCS.NS,3723.5830078125,Equity
2025-02-18,TCS.NS,3693.7333984375,Equity
2025-02-19,TCS.NS,3608.761962890625,Equity
2025-02-20,TCS.NS,3604.279541015625,Equity
2025-02-21,TCS.NS,3610.57373046875,Equity
2025-02-22,TCS.NS,,Equity
2025-02-23,TCS.NS,,Equity
2025-02-24,TCS.NS,3505.2890625,Equity
2025-02-25,TCS.NS,3461.372802734375,Equity
2025-02-26,TCS.NS,,Equity
2025-02-27,TCS.NS,3445.160888671875,Equity
2025-02-28,TCS.NS,3321.851806640625,Equity
2025-03-01,TCS.NS,,Equity
2025-03-02,TCS.NS,,Equity
2025-03-03,TCS.NS,3331.19775390625,Equity
2025-03-04,TCS.NS,3368.390380859375,Equity
2025-03-05,TCS.NS,3382.69580078125,Equity
2025-03-06,TCS.NS,3434.71826171875,Equity
2025-03-07,TCS.NS,3443.873291015625,Equity
2025-03-08,TCS.NS,,Equity
2025-03-09,TCS.NS,,Equity
2025-03-10,TCS.NS,3423.32177734375,Equity
2025-03-11,TCS.NS,3409.63671875,Equity
2025-03-12,TCS.NS,3343.738525390625,Equity
2025-03-13,TCS.NS,3348.36376953125,Equity
2025-03-14,TCS.NS,,Equity
2025-03-15,TCS.NS,,Equity
2025-03-16,TCS.NS,,Equity
2025-03-17,TCS.NS,3335.632080078125,Equity
2025-03-18,TCS.NS,3335.632080078125,Equity
2025-03-19,TCS.NS,3335.060302734375,Equity
2025-03-20,TCS.NS,3398.0498046875,Equity
2025-03-21,TCS.NS,3412.30712890625,Equity
2025-03-22,TCS.NS,,Equity
2025-03-23,TCS.NS,,Equity
2025-03-24,TCS.NS,3460.80078125,Equity
2025-03-25,TCS.NS,3488.266357421875,Equity
2025-03-26,TCS.NS,3467.33349609375,Equity
2025-03-27,TCS.NS,3482.019775390625,Equity
2025-03-28,TCS.NS,3439.05712890625,Equity
2025-03-29,TCS.NS,,Equity
2025-03-30,TCS.NS,,Equity
2025-03-31,TCS.NS,,Equity
2025-04-01,TCS.NS,3386.27197265625,Equity
2025-04-02,TCS.NS,3379.7392578125,Equity
2025-04-03,TCS.NS,3245.462890625,Equity
2025-04-04,TCS.NS,3146.5205078125,Equity
2025-04-05,TCS.NS,,Equity
2025-04-06,TCS.NS,,Equity
2025-04-07,TCS.NS,3122.345458984375,Equity
2025-04-08,TCS.NS,3140.369384765625,Equity
2025-04-09,TCS.NS,3096.167236328125,Equity
2025-04-10,TCS.NS,,Equity
2025-04-11,TCS.NS,3081.766845703125,Equity
2025-04-12,TCS.NS,,Equity
2025-04-13,TCS.NS,,Equity
2025-04-14,TCS.NS,,Equity
2025-04-15,TCS.NS,3097.69287109375,Equity
2025-04-16,TCS.NS,3122.106689453125,Equity
2025-04-17,TCS.NS,3146.04345703125,Equity
2025-04-18,TCS.NS,,Equity
2025-04-19,TCS.NS,,Equity
2025-04-20,TCS.NS,,Equity
2025-04-21,TCS.NS,3167.69189453125,Equity
2025-04-22,TCS.NS,3160.825439453125,Equity
2025-04-23,TCS.NS,3254.856689453125,Equity
2025-04-24,TCS.NS,3243.985107421875,Equity
2025-04-25,TCS.NS,3288.235107421875,Equity
2025-04-26,TCS.NS,,Equity
2025-04-27,TCS.NS,,Equity
2025-04-28,TCS.NS,3283.94384765625,Equity
2025-04-29,TCS.NS,3311.60009765625,Equity
2025-04-30,TCS.NS,3293.671142578125,Equity
2025-05-01,TCS.NS,,Equity
2025-05-02,TCS.NS,3272.022705078125,Equity
2025-05-03,TCS.NS,,Equity
2025-05-04,TCS.NS,,Equity
2025-05-05,TCS.NS,3294.24365234375,Equity
2025-05-06,TCS.NS,3299.67919921875,Equity
2025-05-07,TCS.NS,3285.469482421875,Equity
2025-05-08,TCS.NS,3289.093505859375,Equity
2025-05-09,TCS.NS,3280.89208984375,Equity
2025-05-10,TCS.NS,,Equity
2025-05-11,TCS.NS,,Equity
2025-05-12,TCS.NS,3452.64697265625,Equity
2025-05-13,TCS.NS,3352.130859375,Equity
2025-05-14,TCS.NS,3384.26953125,Equity
2025-05-15,TCS.NS,3414.0234375,Equity
2025-05-16,TCS.NS,3396.28564453125,Equity
2025-05-17,TCS.NS,,Equity
2025-05-18,TCS.NS,,Equity
2025-05-19,TCS.NS,3355.754638671875,Equity
2025-05-20,TCS.NS,3336.204833984375,Equity
2025-05-21,TCS.NS,3362.430419921875,Equity
2025-05-22,TCS.NS,3315.89111328125,Equity
2025-05-23,TCS.NS,3351.74951171875,Equity
2025-05-24,TCS.NS,,Equity
2025-05-25,TCS.NS,,Equity
2025-05-26,TCS.NS,3373.3974609375,Equity
2025-05-27,TCS.NS,3336.5859375,Equity
2025-05-28,TCS.NS,3335.632080078125,Equity
2025-05-29,TCS.NS,3336.01416015625,Equity
2025-05-30,TCS.NS,3302.92138671875,Equity
2025-05-31,TCS.NS,,Equity
2025-06-01,TCS.NS,,Equity
2025-06-02,TCS.NS,3289.951904296875,Equity
2025-06-03,TCS.NS,3247.41845703125,Equity
2025-06-04,TCS.NS,3252.90234375,Equity
2025-06-05,TCS.NS,3243.473388671875,Equity
2025-06-06,TCS.NS,3256.07763671875,Equity
2025-06-07,TCS.NS,,Equity
2025-06-08,TCS.NS,,Equity
2025-06-09,TCS.NS,3292.350341796875,Equity
2025-06-10,TCS.NS,3331.798095703125,Equity
2025-06-11,TCS.NS,3340.457275390625,Equity
2025-06-12,TCS.NS,3304.184814453125,Equity
2025-06-13,TCS.NS,3315.24951171875,Equity
2025-06-14,TCS.NS,,Equity
2025-06-15,TCS.NS,,Equity
2025-06-16,TCS.NS,3363.933349609375,Equity
2025-06-17,TCS.NS,3382.21435546875,Equity
2025-06-18,TCS.NS,3320.733642578125,Equity
2025-06-19,TCS.NS,3294.370849609375,Equity
2025-06-20,TCS.NS,3305.6279296875,Equity
2025-06-21,TCS.NS,,Equity
2025-06-22,TCS.NS,,Equity
2025-06-23,TCS.NS,3265.121826171875,Equity
2025-06-24,TCS.NS,3262.04296875,Equity
2025-06-25,TCS.NS,3314.38330078125,Equity
2025-06-26,TCS.NS,3311.4970703125,Equity
2025-06-27,TCS.NS,3310.823486328125,Equity
2025-06-28,TCS.NS,,Equity
2025-06-29,TCS.NS,,Equity
2025-06-30,TCS.NS,3330.93212890625,Equity
2025-07-01,TCS.NS,3299.854736328125,Equity
2025-07-02,TCS.NS,3293.697509765625,Equity
2025-07-03,TCS.NS,3272.04931640625,Equity
2025-07-04,TCS.NS,3290.329833984375,Equity
2025-07-05,TCS.NS,,Equity
2025-07-06,TCS.NS,,Equity
2025-07-07,TCS.NS,3282.53662109375,Equity
2025-07-08,TCS.NS,3277.24462890625,Equity
2025-07-09,TCS.NS,3255.69287109375,Equity
2025-07-10,TCS.NS,3253.960693359375,Equity
2025-07-11,TCS.NS,3142.352783203125,Equity
2025-07-12,TCS.NS,,Equity
2025-07-13,TCS.NS,,Equity
2025-07-14,TCS.NS,3100.69189453125,Equity
2025-07-15,TCS.NS,3129.171142578125,Equity
2025-07-16,TCS.NS,3121.2548828125,Equity
2025-07-17,TCS.NS,3098.181640625,Equity
2025-07-18,TCS.NS,3079.549072265625,Equity
2025-07-19,TCS.NS,,Equity
2025-07-20,TCS.NS,,Equity
2025-07-21,TCS.NS,3048.94580078125,Equity
2025-07-22,TCS.NS,3050.29736328125,Equity
2025-07-23,TCS.NS,3069.123046875,Equity
2025-07-24,TCS.NS,3039.098876953125,Equity
2025-07-25,TCS.NS,3027.32080078125,Equity
2025-07-26,TCS.NS,,Equity
2025-07-27,TCS.NS,,Equity
2025-07-28,TCS.NS,2972.775390625,Equity
2025-07-29,TCS.NS,2950.281494140625,Equity
2025-07-30,TCS.NS,2947.96435546875,Equity
2025-07-31,TCS.NS,2931.74560546875,Equity
2025-08-01,TCS.NS,2899.11474609375,Equity
2025-08-02,TCS.NS,,Equity
2025-08-03,TCS.NS,,Equity
2025-08-04,TCS.NS,2968.044677734375,Equity
2025-08-05,TCS.NS,2957.908203125,Equity
2025-08-06,TCS.NS,2927.401123046875,Equity
2025-08-07,TCS.NS,2941.5927734375,Equity
2025-08-08,TCS.NS,2931.359375,Equity
2025-08-09,TCS.NS,,Equity
2025-08-10,TCS.NS,,Equity
2025-08-11,TCS.NS,2935.607177734375,Equity
2025-08-12,TCS.NS,2930.39404296875,Equity
2025-08-13,TCS.NS,2931.166259765625,Equity
2025-08-14,TCS.NS,2917.747314453125,Equity
2025-08-15,TCS.NS,,Equity
2025-08-16,TCS.NS,,Equity
2025-08-17,TCS.NS,,Equity
2025-08-18,TCS.NS,2907.03125,Equity
2025-08-19,TCS.NS,2911.8583984375,Equity
2025-08-20,TCS.NS,2991.407470703125,Equity
2025-08-21,TCS.NS,2995.26953125,Equity
2025-08-22,TCS.NS,2948.350341796875,Equity
2025-08-23,TCS.NS,,Equity
2025-08-24,TCS.NS,,Equity
2025-08-25,TCS.NS,3031.954833984375,Equity
2025-08-26,TCS.NS,3047.98046875,Equity
2025-08-27,TCS.NS,,Equity
2025-08-28,TCS.NS,2986.67724609375,Equity
2025-08-29,TCS.NS,2977.988525390625,Equity
2025-08-30,TCS.NS,,Equity
2025-08-31,TCS.NS,,Equity
2025-09-01,TCS.NS,3004.92333984375,Equity
2025-09-02,TCS.NS,3003.861328125,Equity
2025-09-03,TCS.NS,2990.345458984375,Equity
2025-09-04,TCS.NS,2988.608154296875,Equity
2025-09-05,TCS.NS,2942.84765625,Equity
2025-09-06,TCS.NS,,Equity
2025-09-07,TCS.NS,,Equity
2025-09-08,TCS.NS,2914.561279296875,Equity
2025-09-09,TCS.NS,2943.909423828125,Equity
2025-09-10,TCS.NS,3002.413330078125,Equity
2025-09-11,TCS.NS,3016.1220703125,Equity
2025-09-12,TCS.NS,3025.00390625,Equity
2025-09-13,TCS.NS,,Equity
2025-09-14,TCS.NS,,Equity
2025-09-15,TCS.NS,3004.247314453125,Equity
2025-09-16,TCS.NS,3036.87841796875,Equity
2025-09-17,TCS.NS,3063.041015625,Equity
2025-09-18,TCS.NS,3066.805908203125,Equity
2025-09-19,TCS.NS,3059.565185546875,Equity
2025-09-20,TCS.NS,,Equity
2025-09-21,TCS.NS,,Equity
2025-09-22,TCS.NS,2967.465576171875,Equity
2025-09-23,TCS.NS,2956.4599609375,Equity
2025-09-24,TCS.NS,2930.39404296875,Equity
2025-09-25,TCS.NS,2855.09228515625,Equity
2025-09-26,TCS.NS,2798.80908203125,Equity
2025-09-27,TCS.NS,,Equity
2025-09-28,TCS.NS,,Equity
2025-09-29,TCS.NS,2795.912841796875,Equity
2025-09-30,TCS.NS,2788.479248046875,Equity
2025-10-01,TCS.NS,2813.38671875,Equity
2025-10-02,TCS.NS,,Equity
2025-10-03,TCS.NS,2801.511962890625,Equity
2025-10-04,TCS.NS,,Equity
2025-10-05,TCS.NS,,Equity
2025-10-06,TCS.NS,2885.019775390625,Equity
2025-10-07,TCS.NS,2870.828369140625,Equity
2025-10-08,TCS.NS,2922.4775390625,Equity
2025-10-09,TCS.NS,2955.7841796875,Equity
2025-10-10,TCS.NS,2923.53955078125,Equity
2025-10-11,TCS.NS,,Equity
2025-10-12,TCS.NS,,Equity
2025-10-13,TCS.NS,2903.169677734375,Equity
2025-10-14,TCS.NS,2857.891845703125,Equity
2025-10-15,TCS.NS,2877.756591796875,Equity
2025-10-16,TCS.NS,2878.628662109375,Equity
2025-10-17,TCS.NS,2870.391845703125,Equity
2025-10-18,TCS.NS,,Equity
2025-10-19,TCS.NS,,Equity
2025-10-20,TCS.NS,2921.749267578125,Equity
2025-10-21,TCS.NS,2913.512939453125,Equity
2025-10-22,TCS.NS,,Equity
2025-10-23,TCS.NS,2977.95166015625,Equity
2025-10-24,TCS.NS,2968.26171875,Equity
2025-10-25,TCS.NS,,Equity
2025-10-26,TCS.NS,,Equity
2025-10-27,TCS.NS,2989.2890625,Equity
2025-10-28,TCS.NS,2963.1259765625,Equity
2025-10-29,TCS.NS,2962.83544921875,Equity
2025-10-30,TCS.NS,2941.2265625,Equity
2025-10-31,TCS.NS,2963.222900390625,Equity
2025-11-01,TCS.NS,,Equity
2025-11-02,TCS.NS,,Equity
2025-11-03,TCS.NS,2923.300048828125,Equity
2025-11-04,TCS.NS,2897.524169921875,Equity
2025-11-05,TCS.NS,,Equity
2025-11-06,TCS.NS,2917.58251953125,Equity
2025-11-07,TCS.NS,2899.074951171875,Equity
2025-11-08,TCS.NS,,Equity
2025-11-09,TCS.NS,,Equity
2025-11-10,TCS.NS,2931.439453125,Equity
2025-11-11,TCS.NS,2952.56396484375,Equity
2025-11-12,TCS.NS,3034.735595703125,Equity
2025-11-13,TCS.NS,3009.4443359375,Equity
2025-11-14,TCS.NS,3009.7353515625,Equity
2025-11-15,TCS.NS,,Equity
2025-11-16,TCS.NS,,Equity
2025-11-17,TCS.NS,3006.052978515625,Equity
2025-11-18,TCS.NS,2991.421142578125,Equity
2025-11-19,TCS.NS,3050.142822265625,Equity
2025-11-20,TCS.NS,3047.332763671875,Equity
2025-11-21,TCS.NS,3052.953125,Equity
2025-11-22,TCS.NS,,Equity
2025-11-23,TCS.NS,,Equity
2025-11-24,TCS.NS,3043.84423828125,Equity
2025-11-25,TCS.NS,3022.526123046875,Equity
2025-11-26,TCS.NS,3064.87158203125,Equity
2025-11-27,TCS.NS,3039.386962890625,Equity
2025-11-28,TCS.NS,3040.259033203125,Equity
2025-11-29,TCS.NS,,Equity
2025-11-30,TCS.NS,,Equity
2025-12-01,TCS.NS,3036.2861328125,Equity
2025-12-02,TCS.NS,3038.514892578125,Equity
2025-12-03,TCS.NS,3081.441650390625,Equity
2025-12-04,TCS.NS,3129.11669921875,Equity
2025-12-05,TCS.NS,3137.837890625,Equity
2025-12-06,TCS.NS,,Equity
2025-12-07,TCS.NS,,Equity
2025-12-08,TCS.NS,3136.190673828125,Equity
2025-12-09,TCS.NS,3108.864501953125,Equity
2025-12-10,TCS.NS,3090.356689453125,Equity
2025-12-11,TCS.NS,3092.972900390625,Equity
2025-12-12,TCS.NS,3120.6865234375,Equity
2025-12-13,TCS.NS,,Equity
2025-12-14,TCS.NS,,Equity
2025-12-15,TCS.NS,3130.085693359375,Equity
2025-12-16,TCS.NS,3105.763916015625,Equity
2025-12-17,TCS.NS,3118.0703125,Equity
2025-12-18,TCS.NS,3179.11767578125,Equity
2025-12-19,TCS.NS,3180.280517578125,Equity
2025-12-20,TCS.NS,,Equity
2025-12-21,TCS.NS,,Equity
2025-12-22,TCS.NS,3221.8505859375,Equity
2025-12-23,TCS.NS,3207.41259765625,Equity
2025-12-24,TCS.NS,3216.1337890625,Equity
2025-12-25,TCS.NS,,Equity
2025-12-26,TCS.NS,3178.342529296875,Equity
2025-12-27,TCS.NS,,Equity
2025-12-28,TCS.NS,,Equity
2025-12-29,TCS.NS,3150.7255859375,Equity
2025-12-30,TCS.NS,3146.171630859375,Equity
2025-12-31,TCS.NS,3106.829833984375,Equity
2026-01-01,TCS.NS,3127.37255859375,Equity
2026-01-02,TCS.NS,3149.950439453125,Equity
2026-01-03,TCS.NS,,Equity
2026-01-04,TCS.NS,,Equity
2026-01-05,TCS.NS,3116.423095703125,Equity
2026-01-06,TCS.NS,3154.892578125,Equity
2026-01-07,TCS.NS,3193.458984375,Equity
2026-01-08,TCS.NS,3104.60107421875,Equity
2026-01-09,TCS.NS,3108.38037109375,Equity
2026-01-10,TCS.NS,,Equity
2026-01-11,TCS.NS,,Equity
2026-01-12,TCS.NS,3139.194580078125,Equity
2026-01-13,TCS.NS,3166.71435546875,Equity
2026-01-14,TCS.NS,3093.55419921875,Equity
2026-01-15,TCS.NS,3093.55419921875,Equity
2026-01-16,TCS.NS,3163.8017578125,Equity
2026-01-17,TCS.NS,,Equity
2026-01-18,TCS.NS,,Equity
2026-01-19,TCS.NS,3121.278564453125,Equity
2026-01-20,TCS.NS,3060.798583984375,Equity
2026-01-21,TCS.NS,3080.826904296875,Equity
2026-01-22,TCS.NS,3108.2548828125,Equity
2026-01-23,TCS.NS,3120.193115234375,Equity
2026-01-24,TCS.NS,,Equity
2026-01-25,TCS.NS,,Equity
2026-01-26,TCS.NS,,Equity
2026-01-27,TCS.NS,3115.75341796875,Equity
2026-01-28,TCS.NS,3157.290283203125,Equity
2026-01-29,TCS.NS,3102.335205078125,Equity
2026-01-30,TCS.NS,3082.109375,Equity
2026-01-31,TCS.NS,,Equity
2026-02-01,TCS.NS,,Equity
2026-02-02,TCS.NS,3127.1982421875,Equity
2026-02-03,TCS.NS,3182.153076171875,Equity
2026-02-04,TCS.NS,2958.979248046875,Equity
2026-02-05,TCS.NS,2951.480712890625,Equity
2026-02-06,TCS.NS,2902.248291015625,Equity
2026-02-07,TCS.NS,,Equity
2026-02-08,TCS.NS,,Equity
2026-02-09,TCS.NS,2908.760009765625,Equity
2026-02-10,TCS.NS,2944.673095703125,Equity
2026-02-11,TCS.NS,2870.873779296875,Equity
2026-02-12,TCS.NS,2713.31005859375,Equity
2026-02-13,TCS.NS,2656.1845703125,Equity
2026-02-14,TCS.NS,,Equity
2026-02-15,TCS.NS,,Equity
2026-02-16,TCS.NS,2670.39208984375,Equity
2026-02-17,TCS.NS,2681.04736328125,Equity
2026-02-18,TCS.NS,2658.848388671875,Equity
2026-02-19,TCS.NS,2642.075927734375,Equity
2026-02-20,TCS.NS,2650.264892578125,Equity
2026-02-21,TCS.NS,,Equity
2026-02-22,TCS.NS,,Equity
2026-02-23,TCS.NS,2640.497314453125,Equity
2026-02-24,TCS.NS,2539.269775390625,Equity
2026-02-25,TCS.NS,2594.126220703125,Equity
2026-02-26,TCS.NS,2612.27978515625,Equity
2026-02-27,TCS.NS,2602.11767578125,Equity
2026-02-28,TCS.NS,,Equity
2026-03-01,TCS.NS,,Equity
2026-03-02,TCS.NS,2578.537353515625,Equity
2026-03-03,TCS.NS,,Equity
2026-03-04,TCS.NS,2553.181396484375,Equity
2026-03-05,TCS.NS,2544.3017578125,Equity
2026-03-06,TCS.NS,2523.385498046875,Equity
2026-03-07,TCS.NS,,Equity
2026-03-08,TCS.NS,,Equity
2026-03-09,TCS.NS,2493.589111328125,Equity
2026-03-10,TCS.NS,2479.480712890625,Equity
2026-03-11,TCS.NS,2431.92529296875,Equity
2026-03-12,TCS.NS,2409.726318359375,Equity
2026-03-13,TCS.NS,2378.253173828125,Equity
2026-03-14,TCS.NS,,Equity
2026-03-15,TCS.NS,,Equity
2026-03-16,TCS.NS,2376.970458984375,Equity
2026-03-17,TCS.NS,2359.70458984375,Equity
2026-03-18,TCS.NS,2408.14794921875,Equity
2026-03-19,TCS.NS,2324.482177734375,Equity
2026-03-20,TCS.NS,2358.619384765625,Equity
2026-03-21,TCS.NS,,Equity
2026-03-22,TCS.NS,,Equity
2026-03-23,TCS.NS,2351.910400390625,Equity
2026-03-24,TCS.NS,2366.709716796875,Equity
2026-03-25,TCS.NS,2345.595947265625,Equity
2026-03-26,TCS.NS,,Equity
2026-03-27,TCS.NS,2357.830078125,Equity
2026-03-28,TCS.NS,,Equity
2026-03-29,TCS.NS,,Equity
2026-03-30,TCS.NS,2327.34326171875,Equity
2026-03-31,TCS.NS,,Equity
2026-04-01,TCS.NS,2375.98388671875,Equity
2026-04-02,TCS.NS,2417.915283203125,Equity
2026-04-03,TCS.NS,,Equity
2026-04-04,TCS.NS,,Equity
2026-04-05,TCS.NS,,Equity
2026-04-06,TCS.NS,2440.804931640625,Equity
2026-04-07,TCS.NS,2505.823486328125,Equity
2026-04-08,TCS.NS,2524.9638671875,Equity
2026-04-09,TCS.NS,2554.365234375,Equity
2026-04-10,TCS.NS,2490.53076171875,Equity
2026-04-11,TCS.NS,,Equity
2026-04-12,TCS.NS,,Equity
2026-04-13,TCS.NS,2439.5224609375,Equity
2026-04-14,TCS.NS,,Equity
2026-04-15,TCS.NS,2520.72119140625,Equity
2026-04-16,TCS.NS,2542.427001953125,Equity
2026-04-17,TCS.NS,2546.965576171875,Equity
2026-04-18,TCS.NS,,Equity
2026-04-19,TCS.NS,,Equity
2026-04-20,TCS.NS,2545.091064453125,Equity
2026-04-21,TCS.NS,2575.57763671875,Equity
2026-04-22,TCS.NS,2504.540771484375,Equity
2026-04-23,TCS.NS,2488.064208984375,Equity
2026-04-24,TCS.NS,2364.8349609375,Equity
2026-04-25,TCS.NS,,Equity
2026-04-26,TCS.NS,,Equity
2026-04-27,TCS.NS,2414.85693359375,Equity
2026-04-28,TCS.NS,2411.99560546875,Equity
2026-04-29,TCS.NS,2441.59423828125,Equity
2026-04-30,TCS.NS,2440.804931640625,Equity
2026-05-01,TCS.NS,2440.804931640625,Equity
2026-05-02,TCS.NS,,Equity
2026-05-03,TCS.NS,,Equity
2026-05-04,TCS.NS,2398.77490234375,Equity
2026-05-05,TCS.NS,2394.828369140625,Equity
2026-05-06,TCS.NS,2402.81982421875,Equity
2026-05-07,TCS.NS,2369.274658203125,Equity
2026-05-08,TCS.NS,2362.368408203125,Equity
2026-05-09,TCS.NS,,Equity
2026-05-10,TCS.NS,,Equity
2026-05-11,TCS.NS,2360.888427734375,Equity
2026-05-12,TCS.NS,2269.52734375,Equity
2026-05-13,TCS.NS,2242.395263671875,Equity
2026-05-14,TCS.NS,2215.953857421875,Equity
2026-05-15,TCS.NS,2233.712890625,Equity
2026-05-16,TCS.NS,,Equity
2026-05-17,TCS.NS,,Equity
2026-05-18,TCS.NS,2252.656005859375,Equity
2026-05-19,TCS.NS,2295.968994140625,Equity
2026-05-20,TCS.NS,2296.2646484375,Equity
2026-05-21,TCS.NS,2296.0673828125,Equity
2026-05-22,TCS.NS,2286.300048828125,Equity
2026-05-23,TCS.NS,,Equity
2026-05-24,TCS.NS,,Equity
2026-05-25,TCS.NS,2308.199951171875,Equity
2026-05-26,TCS.NS,2276.199951171875,Equity
2026-05-27,TCS.NS,2284.199951171875,Equity
2026-05-28,TCS.NS,2284.199951171875,Equity
2026-05-29,TCS.NS,2258.89990234375,Equity
2026-05-30,TCS.NS,,Equity
2026-05-31,TCS.NS,,Equity
2026-06-01,TCS.NS,2297.39990234375,Equity
2026-06-02,TCS.NS,2446.89990234375,Equity
